actual,bias_offset,prediction_corrected,prediction_original,timestamp
0.0,-6.567941353825137,-6.521224353825137,0.046717,2020-11-01 00:00:00
0.0,-6.567941353825137,-6.521224353825137,0.046717,2020-11-01 01:00:00
0.0,-6.567941353825137,-6.521224353825137,0.046717,2020-11-01 02:00:00
0.0,-6.567941353825137,-6.521224353825137,0.046717,2020-11-01 03:00:00
0.0,-6.567941353825137,-6.521224353825137,0.046717,2020-11-01 04:00:00
0.0,-6.567941353825137,-6.521224353825137,0.046717,2020-11-01 05:00:00
136.241667,-6.567941353825137,165.80182364617485,172.369765,2020-11-01 06:00:00
732.608333,-6.567941353825137,614.1784256461748,620.746367,2020-11-01 07:00:00
1016.258333,-6.567941353825137,953.6095866461749,960.177528,2020-11-01 08:00:00
1139.916667,-6.567941353825137,1032.7283686461749,1039.29631,2020-11-01 09:00:00
1163.425,-6.567941353825137,1085.038451646175,1091.606393,2020-11-01 10:00:00
1153.441667,-6.567941353825137,1086.923116646175,1093.491058,2020-11-01 11:00:00
1145.241667,-6.567941353825137,1089.634872646175,1096.202814,2020-11-01 12:00:00
1119.741667,-6.567941353825137,1068.963177646175,1075.531119,2020-11-01 13:00:00
1019.8,-6.567941353825137,982.7975886461749,989.36553,2020-11-01 14:00:00
777.116667,-6.567941353825137,746.4715566461748,753.039498,2020-11-01 15:00:00
185.508333,-6.567941353825137,257.6035206461749,264.171462,2020-11-01 16:00:00
0.0,-6.567941353825137,-6.240628353825137,0.327313,2020-11-01 17:00:00
0.0,-6.567941353825137,-6.521224353825137,0.046717,2020-11-01 18:00:00
0.0,-6.567941353825137,-6.521224353825137,0.046717,2020-11-01 19:00:00
0.0,-6.567941353825137,-6.521224353825137,0.046717,2020-11-01 20:00:00
0.0,-6.567941353825137,-6.521224353825137,0.046717,2020-11-01 21:00:00
0.0,-6.567941353825137,-6.521224353825137,0.046717,2020-11-01 22:00:00
0.0,-6.567941353825137,-6.521224353825137,0.046717,2020-11-01 23:00:00
0.0,-6.567941353825137,-6.521224353825137,0.046717,2020-11-02 00:00:00
0.0,-6.567941353825137,-6.521224353825137,0.046717,2020-11-02 01:00:00
0.0,-6.567941353825137,-6.521224353825137,0.046717,2020-11-02 02:00:00
0.0,-6.567941353825137,-6.521224353825137,0.046717,2020-11-02 03:00:00
0.0,-6.567941353825137,-6.521224353825137,0.046717,2020-11-02 04:00:00
0.0,-6.567941353825137,-6.521224353825137,0.046717,2020-11-02 05:00:00
142.008333,-6.567941353825137,169.40975564617486,175.977697,2020-11-02 06:00:00
751.233333,-6.567941353825137,594.1399276461748,600.707869,2020-11-02 07:00:00
1020.258333,-6.567941353825137,929.3336246461748,935.901566,2020-11-02 08:00:00
1100.291667,-6.567941353825137,1040.874590646175,1047.442532,2020-11-02 09:00:00
1143.8,-6.567941353825137,1076.0469106461749,1082.614852,2020-11-02 10:00:00
1167.425,-6.567941353825137,1094.2262656461749,1100.794207,2020-11-02 11:00:00
1161.666667,-6.567941353825137,1076.6279276461748,1083.195869,2020-11-02 12:00:00
1123.733333,-6.567941353825137,1068.814045646175,1075.381987,2020-11-02 13:00:00
985.658333,-6.567941353825137,989.5345096461748,996.102451,2020-11-02 14:00:00
697.408333,-6.567941353825137,731.9396306461748,738.507572,2020-11-02 15:00:00
143.0,-6.567941353825137,245.46302064617484,252.030962,2020-11-02 16:00:00
0.0,-6.567941353825137,-6.166361353825137,0.40158,2020-11-02 17:00:00
0.0,-6.567941353825137,-6.521224353825137,0.046717,2020-11-02 18:00:00
0.0,-6.567941353825137,-6.521224353825137,0.046717,2020-11-02 19:00:00
0.0,-6.567941353825137,-6.521224353825137,0.046717,2020-11-02 20:00:00
0.0,-6.567941353825137,-6.521224353825137,0.046717,2020-11-02 21:00:00
0.0,-6.567941353825137,-6.521224353825137,0.046717,2020-11-02 22:00:00
0.0,-6.567941353825137,-6.521224353825137,0.046717,2020-11-02 23:00:00
0.0,-6.567941353825137,-6.521224353825137,0.046717,2020-11-03 00:00:00
0.0,-6.567941353825137,-6.521224353825137,0.046717,2020-11-03 01:00:00
0.0,-6.567941353825137,-6.521224353825137,0.046717,2020-11-03 02:00:00
0.0,-6.567941353825137,-6.521224353825137,0.046717,2020-11-03 03:00:00
0.0,-6.567941353825137,-6.521224353825137,0.046717,2020-11-03 04:00:00
0.0,-6.567941353825137,-6.521224353825137,0.046717,2020-11-03 05:00:00
132.55,-6.567941353825137,95.24275064617487,101.810692,2020-11-03 06:00:00
753.408333,-6.567941353825137,576.1213746461748,582.689316,2020-11-03 07:00:00
1013.358333,-6.567941353825137,959.9526726461748,966.520614,2020-11-03 08:00:00
1100.666667,-6.567941353825137,1056.488418646175,1063.05636,2020-11-03 09:00:00
1119.491667,-6.567941353825137,1084.120732646175,1090.688674,2020-11-03 10:00:00
1131.85,-6.567941353825137,1085.528132646175,1092.096074,2020-11-03 11:00:00
1128.5,-6.567941353825137,1083.953241646175,1090.521183,2020-11-03 12:00:00
1108.125,-6.567941353825137,1082.3018586461749,1088.8698,2020-11-03 13:00:00
1033.908333,-6.567941353825137,987.3258176461749,993.893759,2020-11-03 14:00:00
756.9,-6.567941353825137,761.8922296461748,768.460171,2020-11-03 15:00:00
129.766667,-6.567941353825137,234.40924964617486,240.977191,2020-11-03 16:00:00
0.0,-6.567941353825137,-4.888656353825137,1.679285,2020-11-03 17:00:00
0.0,-6.567941353825137,-6.521224353825137,0.046717,2020-11-03 18:00:00
0.0,-6.567941353825137,-6.521224353825137,0.046717,2020-11-03 19:00:00
0.0,-6.567941353825137,-6.521224353825137,0.046717,2020-11-03 20:00:00
0.0,-6.567941353825137,-6.521224353825137,0.046717,2020-11-03 21:00:00
0.0,-6.567941353825137,-6.521224353825137,0.046717,2020-11-03 22:00:00
0.0,-6.567941353825137,-6.521224353825137,0.046717,2020-11-03 23:00:00
0.0,-6.567941353825137,-6.521224353825137,0.046717,2020-11-04 00:00:00
0.0,-6.567941353825137,-6.521224353825137,0.046717,2020-11-04 01:00:00
0.0,-6.567941353825137,-6.521224353825137,0.046717,2020-11-04 02:00:00
0.0,-6.567941353825137,-6.521224353825137,0.046717,2020-11-04 03:00:00
0.0,-6.567941353825137,-6.521224353825137,0.046717,2020-11-04 04:00:00
0.0,-6.567941353825137,-6.521224353825137,0.046717,2020-11-04 05:00:00
91.866667,-6.567941353825137,140.34470464617485,146.912646,2020-11-04 06:00:00
536.416667,-6.567941353825137,587.0648106461748,593.632752,2020-11-04 07:00:00
859.25,-6.567941353825137,939.8120936461748,946.380035,2020-11-04 08:00:00
970.691667,-6.567941353825137,1029.350397646175,1035.918339,2020-11-04 09:00:00
1027.283333,-6.567941353825137,1061.307975646175,1067.875917,2020-11-04 10:00:00
1017.6,-6.567941353825137,1077.0048606461748,1083.572802,2020-11-04 11:00:00
1026.258333,-6.567941353825137,1076.113980646175,1082.681922,2020-11-04 12:00:00
1017.125,-6.567941353825137,1071.628855646175,1078.196797,2020-11-04 13:00:00
996.2,-6.567941353825137,969.9016526461749,976.469594,2020-11-04 14:00:00
753.883333,-6.567941353825137,793.7112036461748,800.279145,2020-11-04 15:00:00
142.475,-6.567941353825137,227.98315464617485,234.551096,2020-11-04 16:00:00
0.0,-6.567941353825137,-6.262572353825138,0.305369,2020-11-04 17:00:00
0.0,-6.567941353825137,-6.521224353825137,0.046717,2020-11-04 18:00:00
0.0,-6.567941353825137,-6.521224353825137,0.046717,2020-11-04 19:00:00
0.0,-6.567941353825137,-6.521224353825137,0.046717,2020-11-04 20:00:00
0.0,-6.567941353825137,-6.521224353825137,0.046717,2020-11-04 21:00:00
0.0,-6.567941353825137,-6.521224353825137,0.046717,2020-11-04 22:00:00
0.0,-6.567941353825137,-6.521224353825137,0.046717,2020-11-04 23:00:00
0.0,-6.567941353825137,-6.521224353825137,0.046717,2020-11-05 00:00:00
0.0,-6.567941353825137,-6.521224353825137,0.046717,2020-11-05 01:00:00
0.0,-6.567941353825137,-6.521224353825137,0.046717,2020-11-05 02:00:00
0.0,-6.567941353825137,-6.521224353825137,0.046717,2020-11-05 03:00:00
0.0,-6.567941353825137,-6.521224353825137,0.046717,2020-11-05 04:00:00
0.0,-6.567941353825137,-6.521224353825137,0.046717,2020-11-05 05:00:00
59.0,-6.567941353825137,150.97670164617486,157.544643,2020-11-05 06:00:00
484.133333,-6.567941353825137,603.2209396461748,609.788881,2020-11-05 07:00:00
726.35,-6.567941353825137,842.0851586461748,848.6531,2020-11-05 08:00:00
905.091667,-6.567941353825137,1013.9392546461748,1020.507196,2020-11-05 09:00:00
960.9,-6.567941353825137,1041.126629646175,1047.694571,2020-11-05 10:00:00
1051.1,-6.567941353825137,1054.504550646175,1061.072492,2020-11-05 11:00:00
1092.041667,-6.567941353825137,1059.248702646175,1065.816644,2020-11-05 12:00:00
1054.283333,-6.567941353825137,1056.557197646175,1063.125139,2020-11-05 13:00:00
983.45,-6.567941353825137,1011.3336016461748,1017.901543,2020-11-05 14:00:00
727.516667,-6.567941353825137,762.8103866461748,769.378328,2020-11-05 15:00:00
173.458333,-6.567941353825137,235.32200564617486,241.889947,2020-11-05 16:00:00
0.0,-6.567941353825137,-4.888656353825137,1.679285,2020-11-05 17:00:00
0.0,-6.567941353825137,-6.521224353825137,0.046717,2020-11-05 18:00:00
0.0,-6.567941353825137,-6.521224353825137,0.046717,2020-11-05 19:00:00
0.0,-6.567941353825137,-6.521224353825137,0.046717,2020-11-05 20:00:00
0.0,-6.567941353825137,-6.521224353825137,0.046717,2020-11-05 21:00:00
0.0,-6.567941353825137,-6.521224353825137,0.046717,2020-11-05 22:00:00
0.0,-6.567941353825137,-6.521224353825137,0.046717,2020-11-05 23:00:00
0.0,-6.567941353825137,-6.521224353825137,0.046717,2020-11-06 00:00:00
0.0,-6.567941353825137,-6.521224353825137,0.046717,2020-11-06 01:00:00
0.0,-6.567941353825137,-6.521224353825137,0.046717,2020-11-06 02:00:00
0.0,-6.567941353825137,-6.521224353825137,0.046717,2020-11-06 03:00:00
0.0,-6.567941353825137,-6.521224353825137,0.046717,2020-11-06 04:00:00
0.0,-6.567941353825137,-6.521224353825137,0.046717,2020-11-06 05:00:00
120.333333,-6.567941353825137,116.41440564617487,122.982347,2020-11-06 06:00:00
730.925,-6.567941353825137,596.4242826461748,602.992224,2020-11-06 07:00:00
986.558333,-6.567941353825137,852.0865416461749,858.654483,2020-11-06 08:00:00
1058.425,-6.567941353825137,1031.356961646175,1037.924903,2020-11-06 09:00:00
1074.8,-6.567941353825137,1027.910012646175,1034.477954,2020-11-06 10:00:00
1009.341667,-6.567941353825137,991.8687586461748,998.4367,2020-11-06 11:00:00
845.05,-6.567941353825137,1007.0129926461748,1013.580934,2020-11-06 12:00:00
695.808333,-6.567941353825137,1033.155208646175,1039.72315,2020-11-06 13:00:00
704.858333,-6.567941353825137,974.8426846461748,981.410626,2020-11-06 14:00:00
579.291667,-6.567941353825137,773.9801856461748,780.548127,2020-11-06 15:00:00
108.25,-6.567941353825137,231.92623464617486,238.494176,2020-11-06 16:00:00
0.0,-6.567941353825137,-3.2051723538251373,3.362769,2020-11-06 17:00:00
0.0,-6.567941353825137,-6.521224353825137,0.046717,2020-11-06 18:00:00
0.0,-6.567941353825137,-6.521224353825137,0.046717,2020-11-06 19:00:00
0.0,-6.567941353825137,-6.521224353825137,0.046717,2020-11-06 20:00:00
0.0,-6.567941353825137,-6.521224353825137,0.046717,2020-11-06 21:00:00
0.0,-6.567941353825137,-6.521224353825137,0.046717,2020-11-06 22:00:00
0.0,-6.567941353825137,-6.521224353825137,0.046717,2020-11-06 23:00:00
0.0,-6.567941353825137,-6.521224353825137,0.046717,2020-11-07 00:00:00
0.0,-6.567941353825137,-6.521224353825137,0.046717,2020-11-07 01:00:00
0.0,-6.567941353825137,-6.521224353825137,0.046717,2020-11-07 02:00:00
0.0,-6.567941353825137,-6.521224353825137,0.046717,2020-11-07 03:00:00
0.0,-6.567941353825137,-6.521224353825137,0.046717,2020-11-07 04:00:00
0.0,-6.567941353825137,-6.521224353825137,0.046717,2020-11-07 05:00:00
123.75,-6.567941353825137,104.43588164617486,111.003823,2020-11-07 06:00:00
729.058333,-6.567941353825137,614.3349046461748,620.902846,2020-11-07 07:00:00
997.158333,-6.567941353825137,870.9243826461749,877.492324,2020-11-07 08:00:00
1090.666667,-6.567941353825137,950.9254386461748,957.49338,2020-11-07 09:00:00
1120.158333,-6.567941353825137,1004.0471096461748,1010.615051,2020-11-07 10:00:00
1127.366667,-6.567941353825137,1058.5263316461749,1065.094273,2020-11-07 11:00:00
1110.225,-6.567941353825137,1025.210434646175,1031.778376,2020-11-07 12:00:00
1088.508333,-6.567941353825137,1001.4800096461748,1008.047951,2020-11-07 13:00:00
1011.858333,-6.567941353825137,933.6522186461748,940.22016,2020-11-07 14:00:00
697.716667,-6.567941353825137,734.5969436461749,741.164885,2020-11-07 15:00:00
113.808333,-6.567941353825137,192.06106164617486,198.629003,2020-11-07 16:00:00
0.0,-6.567941353825137,-6.516942353825137,0.050999,2020-11-07 17:00:00
0.0,-6.567941353825137,-6.521224353825137,0.046717,2020-11-07 18:00:00
0.0,-6.567941353825137,-6.521224353825137,0.046717,2020-11-07 19:00:00
0.0,-6.567941353825137,-6.521224353825137,0.046717,2020-11-07 20:00:00
0.0,-6.567941353825137,-6.521224353825137,0.046717,2020-11-07 21:00:00
0.0,-6.567941353825137,-6.521224353825137,0.046717,2020-11-07 22:00:00
0.0,-6.567941353825137,-6.521224353825137,0.046717,2020-11-07 23:00:00
0.0,-6.567941353825137,-6.521224353825137,0.046717,2020-11-08 00:00:00
0.0,-6.567941353825137,-6.521224353825137,0.046717,2020-11-08 01:00:00
0.0,-6.567941353825137,-6.521224353825137,0.046717,2020-11-08 02:00:00
0.0,-6.567941353825137,-6.521224353825137,0.046717,2020-11-08 03:00:00
0.0,-6.567941353825137,-6.521224353825137,0.046717,2020-11-08 04:00:00
0.0,-6.567941353825137,-6.521224353825137,0.046717,2020-11-08 05:00:00
94.541667,-6.567941353825137,134.91119464617486,141.479136,2020-11-08 06:00:00
673.816667,-6.567941353825137,610.3480166461749,616.915958,2020-11-08 07:00:00
931.141667,-6.567941353825137,934.3152236461748,940.883165,2020-11-08 08:00:00
1041.616667,-6.567941353825137,1029.995800646175,1036.563742,2020-11-08 09:00:00
1062.708333,-6.567941353825137,1062.0472806461748,1068.615222,2020-11-08 10:00:00
1089.566667,-6.567941353825137,1042.215493646175,1048.783435,2020-11-08 11:00:00
1073.575,-6.567941353825137,1054.4500576461749,1061.017999,2020-11-08 12:00:00
1001.35,-6.567941353825137,995.6408946461748,1002.208836,2020-11-08 13:00:00
933.383333,-6.567941353825137,1002.8440776461748,1009.412019,2020-11-08 14:00:00
650.891667,-6.567941353825137,761.0258936461748,767.593835,2020-11-08 15:00:00
89.325,-6.567941353825137,182.03953864617486,188.60748,2020-11-08 16:00:00
0.0,-6.567941353825137,-5.383162353825138,1.184779,2020-11-08 17:00:00
0.0,-6.567941353825137,-6.521224353825137,0.046717,2020-11-08 18:00:00
0.0,-6.567941353825137,-6.521224353825137,0.046717,2020-11-08 19:00:00
0.0,-6.567941353825137,-6.521224353825137,0.046717,2020-11-08 20:00:00
0.0,-6.567941353825137,-6.521224353825137,0.046717,2020-11-08 21:00:00
0.0,-6.567941353825137,-6.521224353825137,0.046717,2020-11-08 22:00:00
0.0,-6.567941353825137,-6.521224353825137,0.046717,2020-11-08 23:00:00
0.0,-6.567941353825137,-6.521224353825137,0.046717,2020-11-09 00:00:00
0.0,-6.567941353825137,-6.521224353825137,0.046717,2020-11-09 01:00:00
0.0,-6.567941353825137,-6.521224353825137,0.046717,2020-11-09 02:00:00
0.0,-6.567941353825137,-6.521224353825137,0.046717,2020-11-09 03:00:00
0.0,-6.567941353825137,-6.521224353825137,0.046717,2020-11-09 04:00:00
0.0,-6.567941353825137,-6.521224353825137,0.046717,2020-11-09 05:00:00
118.091667,-6.567941353825137,136.38107664617485,142.949018,2020-11-09 06:00:00
719.858333,-6.567941353825137,609.4939956461748,616.061937,2020-11-09 07:00:00
986.375,-6.567941353825137,876.3676966461749,882.935638,2020-11-09 08:00:00
1078.033333,-6.567941353825137,1017.3383896461748,1023.906331,2020-11-09 09:00:00
1112.758333,-6.567941353825137,1050.7994466461748,1057.367388,2020-11-09 10:00:00
1115.175,-6.567941353825137,1084.757954646175,1091.325896,2020-11-09 11:00:00
1081.866667,-6.567941353825137,1083.148980646175,1089.716922,2020-11-09 12:00:00
1045.591667,-6.567941353825137,1071.757563646175,1078.325505,2020-11-09 13:00:00
956.7,-6.567941353825137,967.6891846461748,974.257126,2020-11-09 14:00:00
699.75,-6.567941353825137,709.3543736461748,715.922315,2020-11-09 15:00:00
106.9,-6.567941353825137,215.16231264617485,221.730254,2020-11-09 16:00:00
0.0,-6.567941353825137,-6.517068353825137,0.050873,2020-11-09 17:00:00
0.0,-6.567941353825137,-6.521224353825137,0.046717,2020-11-09 18:00:00
0.0,-6.567941353825137,-6.521224353825137,0.046717,2020-11-09 19:00:00
0.0,-6.567941353825137,-6.521224353825137,0.046717,2020-11-09 20:00:00
0.0,-6.567941353825137,-6.521224353825137,0.046717,2020-11-09 21:00:00
0.0,-6.567941353825137,-6.521224353825137,0.046717,2020-11-09 22:00:00
0.0,-6.567941353825137,-6.521224353825137,0.046717,2020-11-09 23:00:00
0.0,-6.567941353825137,-6.521224353825137,0.046717,2020-11-10 00:00:00
0.0,-6.567941353825137,-6.521224353825137,0.046717,2020-11-10 01:00:00
0.0,-6.567941353825137,-6.521224353825137,0.046717,2020-11-10 02:00:00
0.0,-6.567941353825137,-6.521224353825137,0.046717,2020-11-10 03:00:00
0.0,-6.567941353825137,-6.521224353825137,0.046717,2020-11-10 04:00:00
0.0,-6.567941353825137,-6.521224353825137,0.046717,2020-11-10 05:00:00
103.45,-6.567941353825137,116.59957264617486,123.167514,2020-11-10 06:00:00
701.191667,-6.567941353825137,606.6356966461748,613.203638,2020-11-10 07:00:00
958.283333,-6.567941353825137,870.8434106461748,877.411352,2020-11-10 08:00:00
1061.1,-6.567941353825137,1013.6878076461749,1020.255749,2020-11-10 09:00:00
1070.608333,-6.567941353825137,1066.887889646175,1073.455831,2020-11-10 10:00:00
1053.041667,-6.567941353825137,1078.775972646175,1085.343914,2020-11-10 11:00:00
1051.008333,-6.567941353825137,1071.617810646175,1078.185752,2020-11-10 12:00:00
972.383333,-6.567941353825137,1018.6912146461749,1025.259156,2020-11-10 13:00:00
928.008333,-6.567941353825137,966.3094026461748,972.877344,2020-11-10 14:00:00
683.05,-6.567941353825137,739.6200896461748,746.188031,2020-11-10 15:00:00
121.383333,-6.567941353825137,179.74012364617485,186.308065,2020-11-10 16:00:00
0.0,-6.567941353825137,-6.516942353825137,0.050999,2020-11-10 17:00:00
0.0,-6.567941353825137,-6.521224353825137,0.046717,2020-11-10 18:00:00
0.0,-6.567941353825137,-6.521224353825137,0.046717,2020-11-10 19:00:00
0.0,-6.567941353825137,-6.521224353825137,0.046717,2020-11-10 20:00:00
0.0,-6.567941353825137,-6.521224353825137,0.046717,2020-11-10 21:00:00
0.0,-6.567941353825137,-6.521224353825137,0.046717,2020-11-10 22:00:00
0.0,-6.567941353825137,-6.521224353825137,0.046717,2020-11-10 23:00:00
0.0,-6.567941353825137,-6.521224353825137,0.046717,2020-11-11 00:00:00
0.0,-6.567941353825137,-6.521224353825137,0.046717,2020-11-11 01:00:00
0.0,-6.567941353825137,-6.521224353825137,0.046717,2020-11-11 02:00:00
0.0,-6.567941353825137,-6.521224353825137,0.046717,2020-11-11 03:00:00
0.0,-6.567941353825137,-6.521224353825137,0.046717,2020-11-11 04:00:00
0.0,-6.567941353825137,-6.521224353825137,0.046717,2020-11-11 05:00:00
86.225,-6.567941353825137,127.00903564617487,133.576977,2020-11-11 06:00:00
686.25,-6.567941353825137,606.4979806461748,613.065922,2020-11-11 07:00:00
972.725,-6.567941353825137,935.5229916461748,942.090933,2020-11-11 08:00:00
1078.116667,-6.567941353825137,1018.4792056461748,1025.047147,2020-11-11 09:00:00
1115.166667,-6.567941353825137,1074.322491646175,1080.890433,2020-11-11 10:00:00
1117.991667,-6.567941353825137,1085.714685646175,1092.282627,2020-11-11 11:00:00
1104.516667,-6.567941353825137,1061.7745436461748,1068.342485,2020-11-11 12:00:00
1067.8,-6.567941353825137,1044.777713646175,1051.345655,2020-11-11 13:00:00
948.258333,-6.567941353825137,958.6483946461748,965.216336,2020-11-11 14:00:00
690.966667,-6.567941353825137,709.4587076461748,716.026649,2020-11-11 15:00:00
125.316667,-6.567941353825137,138.98190664617485,145.549848,2020-11-11 16:00:00
0.0,-6.567941353825137,-6.290045353825137,0.277896,2020-11-11 17:00:00
0.0,-6.567941353825137,-6.521224353825137,0.046717,2020-11-11 18:00:00
0.0,-6.567941353825137,-6.521224353825137,0.046717,2020-11-11 19:00:00
0.0,-6.567941353825137,-6.521224353825137,0.046717,2020-11-11 20:00:00
0.0,-6.567941353825137,-6.521224353825137,0.046717,2020-11-11 21:00:00
0.0,-6.567941353825137,-6.521224353825137,0.046717,2020-11-11 22:00:00
0.0,-6.567941353825137,-6.521224353825137,0.046717,2020-11-11 23:00:00
0.0,-6.567941353825137,-6.521224353825137,0.046717,2020-11-12 00:00:00
0.0,-6.567941353825137,-6.521224353825137,0.046717,2020-11-12 01:00:00
0.0,-6.567941353825137,-6.521224353825137,0.046717,2020-11-12 02:00:00
0.0,-6.567941353825137,-6.521224353825137,0.046717,2020-11-12 03:00:00
0.0,-6.567941353825137,-6.521224353825137,0.046717,2020-11-12 04:00:00
0.0,-6.567941353825137,-6.521224353825137,0.046717,2020-11-12 05:00:00
93.825,-6.567941353825137,91.13369564617487,97.701637,2020-11-12 06:00:00
710.825,-6.567941353825137,568.2040056461748,574.771947,2020-11-12 07:00:00
1015.658333,-6.567941353825137,888.6990836461748,895.267025,2020-11-12 08:00:00
1123.225,-6.567941353825137,1027.789423646175,1034.357365,2020-11-12 09:00:00
1142.658333,-6.567941353825137,1039.715202646175,1046.283144,2020-11-12 10:00:00
1139.291667,-6.567941353825137,1007.5168256461749,1014.084767,2020-11-12 11:00:00
1117.783333,-6.567941353825137,1012.1466766461748,1018.714618,2020-11-12 12:00:00
1064.733333,-6.567941353825137,981.1115416461748,987.679483,2020-11-12 13:00:00
982.925,-6.567941353825137,970.5038586461749,977.0718,2020-11-12 14:00:00
713.55,-6.567941353825137,750.9485866461748,757.516528,2020-11-12 15:00:00
108.025,-6.567941353825137,228.03856964617486,234.606511,2020-11-12 16:00:00
0.0,-6.567941353825137,-6.262764353825138,0.305177,2020-11-12 17:00:00
0.0,-6.567941353825137,-6.521224353825137,0.046717,2020-11-12 18:00:00
0.0,-6.567941353825137,-6.521224353825137,0.046717,2020-11-12 19:00:00
0.0,-6.567941353825137,-6.521224353825137,0.046717,2020-11-12 20:00:00
0.0,-6.567941353825137,-6.521224353825137,0.046717,2020-11-12 21:00:00
0.0,-6.567941353825137,-6.521224353825137,0.046717,2020-11-12 22:00:00
0.0,-6.567941353825137,-6.521224353825137,0.046717,2020-11-12 23:00:00
0.0,-6.567941353825137,-6.521224353825137,0.046717,2020-11-13 00:00:00
0.0,-6.567941353825137,-6.521224353825137,0.046717,2020-11-13 01:00:00
0.0,-6.567941353825137,-6.521224353825137,0.046717,2020-11-13 02:00:00
0.0,-6.567941353825137,-6.521224353825137,0.046717,2020-11-13 03:00:00
0.0,-6.567941353825137,-6.521224353825137,0.046717,2020-11-13 04:00:00
0.0,-6.567941353825137,-6.521224353825137,0.046717,2020-11-13 05:00:00
91.641667,-6.567941353825137,71.48667864617487,78.05462,2020-11-13 06:00:00
717.491667,-6.567941353825137,587.4184196461748,593.986361,2020-11-13 07:00:00
1012.333333,-6.567941353825137,922.3907096461749,928.958651,2020-11-13 08:00:00
1118.716667,-6.567941353825137,1032.732821646175,1039.300763,2020-11-13 09:00:00
1144.925,-6.567941353825137,1075.340178646175,1081.90812,2020-11-13 10:00:00
1153.3,-6.567941353825137,1083.1716506461748,1089.739592,2020-11-13 11:00:00
1138.966667,-6.567941353825137,1092.7638276461748,1099.331769,2020-11-13 12:00:00
1078.216667,-6.567941353825137,1041.248285646175,1047.816227,2020-11-13 13:00:00
992.316667,-6.567941353825137,972.0375566461748,978.605498,2020-11-13 14:00:00
709.45,-6.567941353825137,752.4360116461748,759.003953,2020-11-13 15:00:00
89.45,-6.567941353825137,230.44204964617487,237.009991,2020-11-13 16:00:00
0.0,-6.567941353825137,-6.516942353825137,0.050999,2020-11-13 17:00:00
0.0,-6.567941353825137,-6.521224353825137,0.046717,2020-11-13 18:00:00
0.0,-6.567941353825137,-6.521224353825137,0.046717,2020-11-13 19:00:00
0.0,-6.567941353825137,-6.521224353825137,0.046717,2020-11-13 20:00:00
0.0,-6.567941353825137,-6.521224353825137,0.046717,2020-11-13 21:00:00
0.0,-6.567941353825137,-6.521224353825137,0.046717,2020-11-13 22:00:00
0.0,-6.567941353825137,-6.521224353825137,0.046717,2020-11-13 23:00:00
0.0,-6.567941353825137,-6.521224353825137,0.046717,2020-11-14 00:00:00
0.0,-6.567941353825137,-6.521224353825137,0.046717,2020-11-14 01:00:00
0.0,-6.567941353825137,-6.521224353825137,0.046717,2020-11-14 02:00:00
0.0,-6.567941353825137,-6.521224353825137,0.046717,2020-11-14 03:00:00
0.0,-6.567941353825137,-6.521224353825137,0.046717,2020-11-14 04:00:00
0.0,-6.567941353825137,-6.521224353825137,0.046717,2020-11-14 05:00:00
45.05,-6.567941353825137,91.33895364617487,97.906895,2020-11-14 06:00:00
401.958333,-6.567941353825137,604.2691366461748,610.837078,2020-11-14 07:00:00
563.0,-6.567941353825137,950.6351136461748,957.203055,2020-11-14 08:00:00
808.0,-6.567941353825137,1041.148349646175,1047.716291,2020-11-14 09:00:00
864.575,-6.567941353825137,1092.184236646175,1098.752178,2020-11-14 10:00:00
780.908333,-6.567941353825137,1073.2250366461749,1079.792978,2020-11-14 11:00:00
618.983333,-6.567941353825137,1048.103304646175,1054.671246,2020-11-14 12:00:00
526.841667,-6.567941353825137,1028.264971646175,1034.832913,2020-11-14 13:00:00
380.525,-6.567941353825137,967.2934346461748,973.861376,2020-11-14 14:00:00
256.441667,-6.567941353825137,725.7252296461749,732.293171,2020-11-14 15:00:00
42.866667,-6.567941353825137,111.42340664617487,117.991348,2020-11-14 16:00:00
0.0,-6.567941353825137,-6.517068353825137,0.050873,2020-11-14 17:00:00
0.0,-6.567941353825137,-6.521224353825137,0.046717,2020-11-14 18:00:00
0.0,-6.567941353825137,-6.521224353825137,0.046717,2020-11-14 19:00:00
0.0,-6.567941353825137,-6.521224353825137,0.046717,2020-11-14 20:00:00
0.0,-6.567941353825137,-6.521224353825137,0.046717,2020-11-14 21:00:00
0.0,-6.567941353825137,-6.521224353825137,0.046717,2020-11-14 22:00:00
0.0,-6.567941353825137,-6.521224353825137,0.046717,2020-11-14 23:00:00
0.0,-6.567941353825137,-6.521224353825137,0.046717,2020-11-15 00:00:00
0.0,-6.567941353825137,-6.521224353825137,0.046717,2020-11-15 01:00:00
0.0,-6.567941353825137,-6.521224353825137,0.046717,2020-11-15 02:00:00
0.0,-6.567941353825137,-6.521224353825137,0.046717,2020-11-15 03:00:00
0.0,-6.567941353825137,-6.521224353825137,0.046717,2020-11-15 04:00:00
0.0,-6.567941353825137,-6.521224353825137,0.046717,2020-11-15 05:00:00
59.958333,-6.567941353825137,91.70491264617486,98.272854,2020-11-15 06:00:00
644.175,-6.567941353825137,620.4814606461748,627.049402,2020-11-15 07:00:00
939.0,-6.567941353825137,878.9020116461749,885.469953,2020-11-15 08:00:00
1046.241667,-6.567941353825137,918.3939176461748,924.961859,2020-11-15 09:00:00
1133.616667,-6.567941353825137,989.8471846461748,996.415126,2020-11-15 10:00:00
1144.883333,-6.567941353825137,997.2997256461748,1003.867667,2020-11-15 11:00:00
1128.091667,-6.567941353825137,980.2083996461748,986.776341,2020-11-15 12:00:00
1068.516667,-6.567941353825137,935.8395136461749,942.407455,2020-11-15 13:00:00
960.791667,-6.567941353825137,865.4702806461748,872.038222,2020-11-15 14:00:00
627.608333,-6.567941353825137,673.4381636461749,680.006105,2020-11-15 15:00:00
55.116667,-6.567941353825137,112.67396064617486,119.241902,2020-11-15 16:00:00
0.0,-6.567941353825137,-6.517068353825137,0.050873,2020-11-15 17:00:00
0.0,-6.567941353825137,-6.521224353825137,0.046717,2020-11-15 18:00:00
0.0,-6.567941353825137,-6.521224353825137,0.046717,2020-11-15 19:00:00
0.0,-6.567941353825137,-6.521224353825137,0.046717,2020-11-15 20:00:00
0.0,-6.567941353825137,-6.521224353825137,0.046717,2020-11-15 21:00:00
0.0,-6.567941353825137,-6.521224353825137,0.046717,2020-11-15 22:00:00
0.0,-6.567941353825137,-6.521224353825137,0.046717,2020-11-15 23:00:00
0.0,-6.567941353825137,-6.521224353825137,0.046717,2020-11-16 00:00:00
0.0,-6.567941353825137,-6.521224353825137,0.046717,2020-11-16 01:00:00
0.0,-6.567941353825137,-6.521224353825137,0.046717,2020-11-16 02:00:00
0.0,-6.567941353825137,-6.521224353825137,0.046717,2020-11-16 03:00:00
0.0,-6.567941353825137,-6.521224353825137,0.046717,2020-11-16 04:00:00
0.0,-6.567941353825137,-6.521224353825137,0.046717,2020-11-16 05:00:00
29.525,-6.567941353825137,74.96625364617486,81.534195,2020-11-16 06:00:00
448.833333,-6.567941353825137,562.0732886461748,568.64123,2020-11-16 07:00:00
778.816667,-6.567941353825137,794.5437346461748,801.111676,2020-11-16 08:00:00
1007.775,-6.567941353825137,920.0445276461749,926.612469,2020-11-16 09:00:00
1112.833333,-6.567941353825137,973.2558776461748,979.823819,2020-11-16 10:00:00
1118.1,-6.567941353825137,1078.669882646175,1085.237824,2020-11-16 11:00:00
1044.908333,-6.567941353825137,1060.673985646175,1067.241927,2020-11-16 12:00:00
873.258333,-6.567941353825137,985.5987346461749,992.166676,2020-11-16 13:00:00
785.725,-6.567941353825137,931.4167046461748,937.984646,2020-11-16 14:00:00
553.425,-6.567941353825137,758.7232576461748,765.291199,2020-11-16 15:00:00
58.766667,-6.567941353825137,52.87917764617487,59.447119,2020-11-16 16:00:00
0.0,-6.567941353825137,-6.517068353825137,0.050873,2020-11-16 17:00:00
0.0,-6.567941353825137,-6.521224353825137,0.046717,2020-11-16 18:00:00
0.0,-6.567941353825137,-6.521224353825137,0.046717,2020-11-16 19:00:00
0.0,-6.567941353825137,-6.521224353825137,0.046717,2020-11-16 20:00:00
0.0,-6.567941353825137,-6.521224353825137,0.046717,2020-11-16 21:00:00
0.0,-6.567941353825137,-6.521224353825137,0.046717,2020-11-16 22:00:00
0.0,-6.567941353825137,-6.521224353825137,0.046717,2020-11-16 23:00:00
0.0,-6.567941353825137,-6.521224353825137,0.046717,2020-11-17 00:00:00
0.0,-6.567941353825137,-6.521224353825137,0.046717,2020-11-17 01:00:00
0.0,-6.567941353825137,-6.521224353825137,0.046717,2020-11-17 02:00:00
0.0,-6.567941353825137,-6.521224353825137,0.046717,2020-11-17 03:00:00
0.0,-6.567941353825137,-6.521224353825137,0.046717,2020-11-17 04:00:00
0.0,-6.567941353825137,-6.521224353825137,0.046717,2020-11-17 05:00:00
50.358333,-6.567941353825137,84.33264764617486,90.900589,2020-11-17 06:00:00
550.616667,-6.567941353825137,614.9746736461748,621.542615,2020-11-17 07:00:00
902.008333,-6.567941353825137,829.0209306461749,835.588872,2020-11-17 08:00:00
1027.233333,-6.567941353825137,961.0407606461748,967.608702,2020-11-17 09:00:00
1018.5,-6.567941353825137,1031.267122646175,1037.835064,2020-11-17 10:00:00
1110.566667,-6.567941353825137,1092.008805646175,1098.576747,2020-11-17 11:00:00
1130.858333,-6.567941353825137,1092.445376646175,1099.013318,2020-11-17 12:00:00
1093.591667,-6.567941353825137,1034.513928646175,1041.08187,2020-11-17 13:00:00
985.241667,-6.567941353825137,951.6936106461749,958.261552,2020-11-17 14:00:00
689.133333,-6.567941353825137,696.5899446461748,703.157886,2020-11-17 15:00:00
71.616667,-6.567941353825137,45.454989646174866,52.022931,2020-11-17 16:00:00
0.0,-6.567941353825137,-6.517068353825137,0.050873,2020-11-17 17:00:00
0.0,-6.567941353825137,-6.521224353825137,0.046717,2020-11-17 18:00:00
0.0,-6.567941353825137,-6.521224353825137,0.046717,2020-11-17 19:00:00
0.0,-6.567941353825137,-6.521224353825137,0.046717,2020-11-17 20:00:00
0.0,-6.567941353825137,-6.521224353825137,0.046717,2020-11-17 21:00:00
0.0,-6.567941353825137,-6.521224353825137,0.046717,2020-11-17 22:00:00
0.0,-6.567941353825137,-6.521224353825137,0.046717,2020-11-17 23:00:00
0.0,-6.567941353825137,-6.521224353825137,0.046717,2020-11-18 00:00:00
0.0,-6.567941353825137,-6.521224353825137,0.046717,2020-11-18 01:00:00
0.0,-6.567941353825137,-6.521224353825137,0.046717,2020-11-18 02:00:00
0.0,-6.567941353825137,-6.521224353825137,0.046717,2020-11-18 03:00:00
0.0,-6.567941353825137,-6.521224353825137,0.046717,2020-11-18 04:00:00
0.0,-6.567941353825137,-6.521224353825137,0.046717,2020-11-18 05:00:00
61.766667,-6.567941353825137,68.89249364617487,75.460435,2020-11-18 06:00:00
660.316667,-6.567941353825137,578.9417146461748,585.509656,2020-11-18 07:00:00
961.1,-6.567941353825137,818.4617186461749,825.02966,2020-11-18 08:00:00
1060.616667,-6.567941353825137,973.7564776461749,980.324419,2020-11-18 09:00:00
1088.533333,-6.567941353825137,1057.103309646175,1063.671251,2020-11-18 10:00:00
1100.516667,-6.567941353825137,1055.706926646175,1062.274868,2020-11-18 11:00:00
1079.258333,-6.567941353825137,1023.1826806461748,1029.750622,2020-11-18 12:00:00
1036.95,-6.567941353825137,981.6852876461749,988.253229,2020-11-18 13:00:00
961.716667,-6.567941353825137,922.1748216461748,928.742763,2020-11-18 14:00:00
668.816667,-6.567941353825137,771.3769556461748,777.944897,2020-11-18 15:00:00
73.508333,-6.567941353825137,111.16961964617487,117.737561,2020-11-18 16:00:00
0.0,-6.567941353825137,-6.517068353825137,0.050873,2020-11-18 17:00:00
0.0,-6.567941353825137,-6.521224353825137,0.046717,2020-11-18 18:00:00
0.0,-6.567941353825137,-6.521224353825137,0.046717,2020-11-18 19:00:00
0.0,-6.567941353825137,-6.521224353825137,0.046717,2020-11-18 20:00:00
0.0,-6.567941353825137,-6.521224353825137,0.046717,2020-11-18 21:00:00
0.0,-6.567941353825137,-6.521224353825137,0.046717,2020-11-18 22:00:00
0.0,-6.567941353825137,-6.521224353825137,0.046717,2020-11-18 23:00:00
0.0,-6.567941353825137,-6.521224353825137,0.046717,2020-11-19 00:00:00
0.0,-6.567941353825137,-6.521224353825137,0.046717,2020-11-19 01:00:00
0.0,-6.567941353825137,-6.521224353825137,0.046717,2020-11-19 02:00:00
0.0,-6.567941353825137,-6.521224353825137,0.046717,2020-11-19 03:00:00
0.0,-6.567941353825137,-6.521224353825137,0.046717,2020-11-19 04:00:00
0.0,-6.567941353825137,-6.521224353825137,0.046717,2020-11-19 05:00:00
55.733333,-6.567941353825137,61.052612646174865,67.620554,2020-11-19 06:00:00
657.05,-6.567941353825137,547.2784126461748,553.846354,2020-11-19 07:00:00
955.808333,-6.567941353825137,854.2333976461748,860.801339,2020-11-19 08:00:00
1063.058333,-6.567941353825137,995.0307836461748,1001.598725,2020-11-19 09:00:00
1103.575,-6.567941353825137,1014.6557816461748,1021.223723,2020-11-19 10:00:00
1131.875,-6.567941353825137,1082.338086646175,1088.906028,2020-11-19 11:00:00
1106.608333,-6.567941353825137,1084.468859646175,1091.036801,2020-11-19 12:00:00
1067.875,-6.567941353825137,1029.857586646175,1036.425528,2020-11-19 13:00:00
980.358333,-6.567941353825137,969.3386046461749,975.906546,2020-11-19 14:00:00
690.891667,-6.567941353825137,752.6376876461749,759.205629,2020-11-19 15:00:00
71.816667,-6.567941353825137,111.29525664617486,117.863198,2020-11-19 16:00:00
0.0,-6.567941353825137,-6.517068353825137,0.050873,2020-11-19 17:00:00
0.0,-6.567941353825137,-6.521224353825137,0.046717,2020-11-19 18:00:00
0.0,-6.567941353825137,-6.521224353825137,0.046717,2020-11-19 19:00:00
0.0,-6.567941353825137,-6.521224353825137,0.046717,2020-11-19 20:00:00
0.0,-6.567941353825137,-6.521224353825137,0.046717,2020-11-19 21:00:00
0.0,-6.567941353825137,-6.521224353825137,0.046717,2020-11-19 22:00:00
0.0,-6.567941353825137,-6.521224353825137,0.046717,2020-11-19 23:00:00
0.0,-6.567941353825137,-6.521224353825137,0.046717,2020-11-20 00:00:00
0.0,-6.567941353825137,-6.521224353825137,0.046717,2020-11-20 01:00:00
0.0,-6.567941353825137,-6.521224353825137,0.046717,2020-11-20 02:00:00
0.0,-6.567941353825137,-6.521224353825137,0.046717,2020-11-20 03:00:00
0.0,-6.567941353825137,-6.521224353825137,0.046717,2020-11-20 04:00:00
0.0,-6.567941353825137,-6.521224353825137,0.046717,2020-11-20 05:00:00
54.858333,-6.567941353825137,74.00488364617486,80.572825,2020-11-20 06:00:00
643.233333,-6.567941353825137,615.8202746461749,622.388216,2020-11-20 07:00:00
951.75,-6.567941353825137,871.8520216461749,878.419963,2020-11-20 08:00:00
1048.325,-6.567941353825137,1004.7662696461748,1011.334211,2020-11-20 09:00:00
1078.408333,-6.567941353825137,1072.334257646175,1078.902199,2020-11-20 10:00:00
1094.225,-6.567941353825137,1089.489177646175,1096.057119,2020-11-20 11:00:00
1095.658333,-6.567941353825137,1072.9876156461748,1079.555557,2020-11-20 12:00:00
1051.883333,-6.567941353825137,1018.7358026461749,1025.303744,2020-11-20 13:00:00
963.816667,-6.567941353825137,973.3358126461749,979.903754,2020-11-20 14:00:00
670.733333,-6.567941353825137,749.9161786461748,756.48412,2020-11-20 15:00:00
69.266667,-6.567941353825137,112.09489564617486,118.662837,2020-11-20 16:00:00
0.0,-6.567941353825137,-6.517068353825137,0.050873,2020-11-20 17:00:00
0.0,-6.567941353825137,-6.521224353825137,0.046717,2020-11-20 18:00:00
0.0,-6.567941353825137,-6.521224353825137,0.046717,2020-11-20 19:00:00
0.0,-6.567941353825137,-6.521224353825137,0.046717,2020-11-20 20:00:00
0.0,-6.567941353825137,-6.521224353825137,0.046717,2020-11-20 21:00:00
0.0,-6.567941353825137,-6.521224353825137,0.046717,2020-11-20 22:00:00
0.0,-6.567941353825137,-6.521224353825137,0.046717,2020-11-20 23:00:00
0.0,-6.567941353825137,-6.521224353825137,0.046717,2020-11-21 00:00:00
0.0,-6.567941353825137,-6.521224353825137,0.046717,2020-11-21 01:00:00
0.0,-6.567941353825137,-6.521224353825137,0.046717,2020-11-21 02:00:00
0.0,-6.567941353825137,-6.521224353825137,0.046717,2020-11-21 03:00:00
0.0,-6.567941353825137,-6.521224353825137,0.046717,2020-11-21 04:00:00
0.0,-6.567941353825137,-6.521224353825137,0.046717,2020-11-21 05:00:00
45.475,-6.567941353825137,66.99475864617487,73.5627,2020-11-21 06:00:00
625.125,-6.567941353825137,616.5227576461748,623.090699,2020-11-21 07:00:00
933.05,-6.567941353825137,875.8158576461748,882.383799,2020-11-21 08:00:00
1035.666667,-6.567941353825137,1008.2639236461748,1014.831865,2020-11-21 09:00:00
1062.775,-6.567941353825137,1066.620061646175,1073.188003,2020-11-21 10:00:00
1064.691667,-6.567941353825137,1085.453415646175,1092.021357,2020-11-21 11:00:00
1042.541667,-6.567941353825137,1082.2647276461748,1088.832669,2020-11-21 12:00:00
1021.266667,-6.567941353825137,1063.3189276461749,1069.886869,2020-11-21 13:00:00
948.333333,-6.567941353825137,973.4130906461749,979.981032,2020-11-21 14:00:00
650.733333,-6.567941353825137,752.9971436461748,759.565085,2020-11-21 15:00:00
54.383333,-6.567941353825137,98.40002764617486,104.967969,2020-11-21 16:00:00
0.0,-6.567941353825137,-6.517068353825137,0.050873,2020-11-21 17:00:00
0.0,-6.567941353825137,-6.521224353825137,0.046717,2020-11-21 18:00:00
0.0,-6.567941353825137,-6.521224353825137,0.046717,2020-11-21 19:00:00
0.0,-6.567941353825137,-6.521224353825137,0.046717,2020-11-21 20:00:00
0.0,-6.567941353825137,-6.521224353825137,0.046717,2020-11-21 21:00:00
0.0,-6.567941353825137,-6.521224353825137,0.046717,2020-11-21 22:00:00
0.0,-6.567941353825137,-6.521224353825137,0.046717,2020-11-21 23:00:00
0.0,-6.567941353825137,-6.521224353825137,0.046717,2020-11-22 00:00:00
0.0,-6.567941353825137,-6.521224353825137,0.046717,2020-11-22 01:00:00
0.0,-6.567941353825137,-6.521224353825137,0.046717,2020-11-22 02:00:00
0.0,-6.567941353825137,-6.521224353825137,0.046717,2020-11-22 03:00:00
0.0,-6.567941353825137,-6.521224353825137,0.046717,2020-11-22 04:00:00
0.0,-6.567941353825137,-6.521224353825137,0.046717,2020-11-22 05:00:00
44.25,-6.567941353825137,51.14860764617487,57.716549,2020-11-22 06:00:00
624.808333,-6.567941353825137,597.6171156461749,604.185057,2020-11-22 07:00:00
940.766667,-6.567941353825137,780.3147556461748,786.882697,2020-11-22 08:00:00
1037.416667,-6.567941353825137,989.7482666461748,996.316208,2020-11-22 09:00:00
1065.975,-6.567941353825137,1024.729615646175,1031.297557,2020-11-22 10:00:00
1073.625,-6.567941353825137,993.8976416461749,1000.465583,2020-11-22 11:00:00
1072.325,-6.567941353825137,972.2136736461748,978.781615,2020-11-22 12:00:00
1014.308333,-6.567941353825137,855.4928016461748,862.060743,2020-11-22 13:00:00
936.666667,-6.567941353825137,851.8375746461749,858.405516,2020-11-22 14:00:00
652.783333,-6.567941353825137,571.0690886461748,577.63703,2020-11-22 15:00:00
56.808333,-6.567941353825137,71.86637864617487,78.43432,2020-11-22 16:00:00
0.0,-6.567941353825137,-6.517068353825137,0.050873,2020-11-22 17:00:00
0.0,-6.567941353825137,-6.521224353825137,0.046717,2020-11-22 18:00:00
0.0,-6.567941353825137,-6.521224353825137,0.046717,2020-11-22 19:00:00
0.0,-6.567941353825137,-6.521224353825137,0.046717,2020-11-22 20:00:00
0.0,-6.567941353825137,-6.521224353825137,0.046717,2020-11-22 21:00:00
0.0,-6.567941353825137,-6.521224353825137,0.046717,2020-11-22 22:00:00
0.0,-6.567941353825137,-6.521224353825137,0.046717,2020-11-22 23:00:00
0.0,-6.567941353825137,-6.521224353825137,0.046717,2020-11-23 00:00:00
0.0,-6.567941353825137,-6.521224353825137,0.046717,2020-11-23 01:00:00
0.0,-6.567941353825137,-6.521224353825137,0.046717,2020-11-23 02:00:00
0.0,-6.567941353825137,-6.521224353825137,0.046717,2020-11-23 03:00:00
0.0,-6.567941353825137,-6.521224353825137,0.046717,2020-11-23 04:00:00
0.0,-6.567941353825137,-6.521224353825137,0.046717,2020-11-23 05:00:00
38.133333,-6.567941353825137,44.83060664617486,51.398548,2020-11-23 06:00:00
626.616667,-6.567941353825137,558.2536696461748,564.821611,2020-11-23 07:00:00
949.45,-6.567941353825137,819.4107796461748,825.978721,2020-11-23 08:00:00
1049.716667,-6.567941353825137,1001.3322496461748,1007.900191,2020-11-23 09:00:00
1064.25,-6.567941353825137,1047.794827646175,1054.362769,2020-11-23 10:00:00
1058.05,-6.567941353825137,1065.955859646175,1072.523801,2020-11-23 11:00:00
1042.291667,-6.567941353825137,1053.4664596461748,1060.034401,2020-11-23 12:00:00
1003.833333,-6.567941353825137,1017.7329296461747,1024.300871,2020-11-23 13:00:00
915.341667,-6.567941353825137,956.7866656461748,963.354607,2020-11-23 14:00:00
642.016667,-6.567941353825137,660.1546546461748,666.722596,2020-11-23 15:00:00
52.1,-6.567941353825137,57.87853964617487,64.446481,2020-11-23 16:00:00
0.0,-6.567941353825137,-6.517068353825137,0.050873,2020-11-23 17:00:00
0.0,-6.567941353825137,-6.521224353825137,0.046717,2020-11-23 18:00:00
0.0,-6.567941353825137,-6.521224353825137,0.046717,2020-11-23 19:00:00
0.0,-6.567941353825137,-6.521224353825137,0.046717,2020-11-23 20:00:00
0.0,-6.567941353825137,-6.521224353825137,0.046717,2020-11-23 21:00:00
0.0,-6.567941353825137,-6.521224353825137,0.046717,2020-11-23 22:00:00
0.0,-6.567941353825137,-6.521224353825137,0.046717,2020-11-23 23:00:00
0.0,-6.567941353825137,-6.521224353825137,0.046717,2020-11-24 00:00:00
0.0,-6.567941353825137,-6.521224353825137,0.046717,2020-11-24 01:00:00
0.0,-6.567941353825137,-6.521224353825137,0.046717,2020-11-24 02:00:00
0.0,-6.567941353825137,-6.521224353825137,0.046717,2020-11-24 03:00:00
0.0,-6.567941353825137,-6.521224353825137,0.046717,2020-11-24 04:00:00
0.0,-6.567941353825137,-6.521224353825137,0.046717,2020-11-24 05:00:00
33.533333,-6.567941353825137,41.365044646174866,47.932986,2020-11-24 06:00:00
578.875,-6.567941353825137,541.0663806461748,547.634322,2020-11-24 07:00:00
874.425,-6.567941353825137,825.7509266461748,832.318868,2020-11-24 08:00:00
980.091667,-6.567941353825137,1001.6532186461749,1008.22116,2020-11-24 09:00:00
1040.833333,-6.567941353825137,1056.542649646175,1063.110591,2020-11-24 10:00:00
1042.791667,-6.567941353825137,1063.820046646175,1070.387988,2020-11-24 11:00:00
1023.508333,-6.567941353825137,1040.870802646175,1047.438744,2020-11-24 12:00:00
966.433333,-6.567941353825137,980.8483786461749,987.41632,2020-11-24 13:00:00
801.383333,-6.567941353825137,895.0290456461748,901.596987,2020-11-24 14:00:00
479.6,-6.567941353825137,646.7700716461749,653.338013,2020-11-24 15:00:00
19.583333,-6.567941353825137,62.69316364617487,69.261105,2020-11-24 16:00:00
0.0,-6.567941353825137,-6.517068353825137,0.050873,2020-11-24 17:00:00
0.0,-6.567941353825137,-6.521224353825137,0.046717,2020-11-24 18:00:00
0.0,-6.567941353825137,-6.521224353825137,0.046717,2020-11-24 19:00:00
0.0,-6.567941353825137,-6.521224353825137,0.046717,2020-11-24 20:00:00
0.0,-6.567941353825137,-6.521224353825137,0.046717,2020-11-24 21:00:00
0.0,-6.567941353825137,-6.521224353825137,0.046717,2020-11-24 22:00:00
0.0,-6.567941353825137,-6.521224353825137,0.046717,2020-11-24 23:00:00
0.0,-6.567941353825137,-6.521224353825137,0.046717,2020-11-25 00:00:00
0.0,-6.567941353825137,-6.521224353825137,0.046717,2020-11-25 01:00:00
0.0,-6.567941353825137,-6.521224353825137,0.046717,2020-11-25 02:00:00
0.0,-6.567941353825137,-6.521224353825137,0.046717,2020-11-25 03:00:00
0.0,-6.567941353825137,-6.521224353825137,0.046717,2020-11-25 04:00:00
0.0,-6.567941353825137,-6.521224353825137,0.046717,2020-11-25 05:00:00
29.266667,-6.567941353825137,39.79928364617486,46.367225,2020-11-25 06:00:00
404.858333,-6.567941353825137,522.7365646461748,529.304506,2020-11-25 07:00:00
635.083333,-6.567941353825137,808.2704956461748,814.838437,2020-11-25 08:00:00
716.733333,-6.567941353825137,996.4182076461748,1002.986149,2020-11-25 09:00:00
836.45,-6.567941353825137,1030.241251646175,1036.809193,2020-11-25 10:00:00
844.3,-6.567941353825137,1046.126443646175,1052.694385,2020-11-25 11:00:00
807.116667,-6.567941353825137,1035.367682646175,1041.935624,2020-11-25 12:00:00
760.308333,-6.567941353825137,980.1950816461748,986.763023,2020-11-25 13:00:00
654.75,-6.567941353825137,952.2336056461749,958.801547,2020-11-25 14:00:00
313.408333,-6.567941353825137,714.3469296461748,720.914871,2020-11-25 15:00:00
9.3,-6.567941353825137,51.21551464617487,57.783456,2020-11-25 16:00:00
0.0,-6.567941353825137,-6.517068353825137,0.050873,2020-11-25 17:00:00
0.0,-6.567941353825137,-6.521224353825137,0.046717,2020-11-25 18:00:00
0.0,-6.567941353825137,-6.521224353825137,0.046717,2020-11-25 19:00:00
0.0,-6.567941353825137,-6.521224353825137,0.046717,2020-11-25 20:00:00
0.0,-6.567941353825137,-6.521224353825137,0.046717,2020-11-25 21:00:00
0.0,-6.567941353825137,-6.521224353825137,0.046717,2020-11-25 22:00:00
0.0,-6.567941353825137,-6.521224353825137,0.046717,2020-11-25 23:00:00
0.0,-6.567941353825137,-6.521224353825137,0.046717,2020-11-26 00:00:00
0.0,-6.567941353825137,-6.521224353825137,0.046717,2020-11-26 01:00:00
0.0,-6.567941353825137,-6.521224353825137,0.046717,2020-11-26 02:00:00
0.0,-6.567941353825137,-6.521224353825137,0.046717,2020-11-26 03:00:00
0.0,-6.567941353825137,-6.521224353825137,0.046717,2020-11-26 04:00:00
0.0,-6.567941353825137,-6.521224353825137,0.046717,2020-11-26 05:00:00
11.366667,-6.567941353825137,40.67936764617487,47.247309,2020-11-26 06:00:00
469.275,-6.567941353825137,532.4707216461749,539.038663,2020-11-26 07:00:00
771.458333,-6.567941353825137,814.7975516461748,821.365493,2020-11-26 08:00:00
903.775,-6.567941353825137,882.8087056461749,889.376647,2020-11-26 09:00:00
1004.708333,-6.567941353825137,969.4378586461748,976.0058,2020-11-26 10:00:00
996.366667,-6.567941353825137,1001.9779186461748,1008.54586,2020-11-26 11:00:00
1017.558333,-6.567941353825137,984.5607246461748,991.128666,2020-11-26 12:00:00
818.575,-6.567941353825137,957.2252606461748,963.793202,2020-11-26 13:00:00
634.075,-6.567941353825137,874.6542346461748,881.222176,2020-11-26 14:00:00
403.808333,-6.567941353825137,670.1034586461748,676.6714,2020-11-26 15:00:00
13.775,-6.567941353825137,38.78595264617486,45.353894,2020-11-26 16:00:00
0.0,-6.567941353825137,-6.511720353825138,0.056221,2020-11-26 17:00:00
0.0,-6.567941353825137,-6.521224353825137,0.046717,2020-11-26 18:00:00
0.0,-6.567941353825137,-6.521224353825137,0.046717,2020-11-26 19:00:00
0.0,-6.567941353825137,-6.521224353825137,0.046717,2020-11-26 20:00:00
0.0,-6.567941353825137,-6.521224353825137,0.046717,2020-11-26 21:00:00
0.0,-6.567941353825137,-6.521224353825137,0.046717,2020-11-26 22:00:00
0.0,-6.567941353825137,-6.521224353825137,0.046717,2020-11-26 23:00:00
0.0,-6.567941353825137,-6.521224353825137,0.046717,2020-11-27 00:00:00
0.0,-6.567941353825137,-6.521224353825137,0.046717,2020-11-27 01:00:00
0.0,-6.567941353825137,-6.521224353825137,0.046717,2020-11-27 02:00:00
0.0,-6.567941353825137,-6.521224353825137,0.046717,2020-11-27 03:00:00
0.0,-6.567941353825137,-6.521224353825137,0.046717,2020-11-27 04:00:00
0.0,-6.567941353825137,-6.521224353825137,0.046717,2020-11-27 05:00:00
10.9,-6.567941353825137,42.91576264617487,49.483704,2020-11-27 06:00:00
490.016667,-6.567941353825137,533.8176196461749,540.385561,2020-11-27 07:00:00
841.633333,-6.567941353825137,800.4350726461748,807.003014,2020-11-27 08:00:00
985.858333,-6.567941353825137,867.4810256461748,874.048967,2020-11-27 09:00:00
1028.958333,-6.567941353825137,899.1761496461748,905.744091,2020-11-27 10:00:00
1058.341667,-6.567941353825137,951.6457786461748,958.21372,2020-11-27 11:00:00
996.975,-6.567941353825137,944.3884036461749,950.956345,2020-11-27 12:00:00
983.858333,-6.567941353825137,933.7057356461748,940.273677,2020-11-27 13:00:00
914.875,-6.567941353825137,897.1077536461748,903.675695,2020-11-27 14:00:00
621.766667,-6.567941353825137,692.4235546461748,698.991496,2020-11-27 15:00:00
48.725,-6.567941353825137,36.423940646174856,42.991882,2020-11-27 16:00:00
0.0,-6.567941353825137,-6.511720353825138,0.056221,2020-11-27 17:00:00
0.0,-6.567941353825137,-6.521224353825137,0.046717,2020-11-27 18:00:00
0.0,-6.567941353825137,-6.521224353825137,0.046717,2020-11-27 19:00:00
0.0,-6.567941353825137,-6.521224353825137,0.046717,2020-11-27 20:00:00
0.0,-6.567941353825137,-6.521224353825137,0.046717,2020-11-27 21:00:00
0.0,-6.567941353825137,-6.521224353825137,0.046717,2020-11-27 22:00:00
0.0,-6.567941353825137,-6.521224353825137,0.046717,2020-11-27 23:00:00
0.0,-6.567941353825137,-6.521224353825137,0.046717,2020-11-28 00:00:00
0.0,-6.567941353825137,-6.521224353825137,0.046717,2020-11-28 01:00:00
0.0,-6.567941353825137,-6.521224353825137,0.046717,2020-11-28 02:00:00
0.0,-6.567941353825137,-6.521224353825137,0.046717,2020-11-28 03:00:00
0.0,-6.567941353825137,-6.521224353825137,0.046717,2020-11-28 04:00:00
0.0,-6.567941353825137,-6.521224353825137,0.046717,2020-11-28 05:00:00
25.808333,-6.567941353825137,39.89925064617486,46.467192,2020-11-28 06:00:00
526.675,-6.567941353825137,541.8627276461748,548.430669,2020-11-28 07:00:00
871.108333,-6.567941353825137,803.7985166461748,810.366458,2020-11-28 08:00:00
1014.166667,-6.567941353825137,945.2855466461748,951.853488,2020-11-28 09:00:00
1054.675,-6.567941353825137,966.6103116461749,973.178253,2020-11-28 10:00:00
1078.658333,-6.567941353825137,978.0076096461748,984.575551,2020-11-28 11:00:00
1089.2,-6.567941353825137,1016.3528996461748,1022.920841,2020-11-28 12:00:00
1063.266667,-6.567941353825137,947.4375496461748,954.005491,2020-11-28 13:00:00
964.316667,-6.567941353825137,946.0872056461749,952.655147,2020-11-28 14:00:00
676.55,-6.567941353825137,726.5033246461749,733.071266,2020-11-28 15:00:00
52.85,-6.567941353825137,57.24778164617486,63.815723,2020-11-28 16:00:00
0.0,-6.567941353825137,-6.517068353825137,0.050873,2020-11-28 17:00:00
0.0,-6.567941353825137,-6.521224353825137,0.046717,2020-11-28 18:00:00
0.0,-6.567941353825137,-6.521224353825137,0.046717,2020-11-28 19:00:00
0.0,-6.567941353825137,-6.521224353825137,0.046717,2020-11-28 20:00:00
0.0,-6.567941353825137,-6.521224353825137,0.046717,2020-11-28 21:00:00
0.0,-6.567941353825137,-6.521224353825137,0.046717,2020-11-28 22:00:00
0.0,-6.567941353825137,-6.521224353825137,0.046717,2020-11-28 23:00:00
0.0,-6.567941353825137,-6.521224353825137,0.046717,2020-11-29 00:00:00
0.0,-6.567941353825137,-6.521224353825137,0.046717,2020-11-29 01:00:00
0.0,-6.567941353825137,-6.521224353825137,0.046717,2020-11-29 02:00:00
0.0,-6.567941353825137,-6.521224353825137,0.046717,2020-11-29 03:00:00
0.0,-6.567941353825137,-6.521224353825137,0.046717,2020-11-29 04:00:00
0.0,-6.567941353825137,-6.521224353825137,0.046717,2020-11-29 05:00:00
20.591667,-6.567941353825137,34.44847664617487,41.016418,2020-11-29 06:00:00
586.858333,-6.567941353825137,531.6686666461749,538.236608,2020-11-29 07:00:00
948.85,-6.567941353825137,803.4058776461749,809.973819,2020-11-29 08:00:00
1075.308333,-6.567941353825137,967.7954226461749,974.363364,2020-11-29 09:00:00
1115.666667,-6.567941353825137,1010.4345156461749,1017.002457,2020-11-29 10:00:00
1128.441667,-6.567941353825137,1035.159637646175,1041.727579,2020-11-29 11:00:00
1112.55,-6.567941353825137,977.0816626461748,983.649604,2020-11-29 12:00:00
1074.666667,-6.567941353825137,977.8804976461748,984.448439,2020-11-29 13:00:00
970.916667,-6.567941353825137,959.5842446461749,966.152186,2020-11-29 14:00:00
670.058333,-6.567941353825137,735.4070086461749,741.97495,2020-11-29 15:00:00
45.325,-6.567941353825137,87.14981064617487,93.717752,2020-11-29 16:00:00
0.0,-6.567941353825137,-6.517068353825137,0.050873,2020-11-29 17:00:00
0.0,-6.567941353825137,-6.521224353825137,0.046717,2020-11-29 18:00:00
0.0,-6.567941353825137,-6.521224353825137,0.046717,2020-11-29 19:00:00
0.0,-6.567941353825137,-6.521224353825137,0.046717,2020-11-29 20:00:00
0.0,-6.567941353825137,-6.521224353825137,0.046717,2020-11-29 21:00:00
0.0,-6.567941353825137,-6.521224353825137,0.046717,2020-11-29 22:00:00
0.0,-6.567941353825137,-6.521224353825137,0.046717,2020-11-29 23:00:00
0.0,-6.567941353825137,-6.521224353825137,0.046717,2020-11-30 00:00:00
0.0,-6.567941353825137,-6.521224353825137,0.046717,2020-11-30 01:00:00
0.0,-6.567941353825137,-6.521224353825137,0.046717,2020-11-30 02:00:00
0.0,-6.567941353825137,-6.521224353825137,0.046717,2020-11-30 03:00:00
0.0,-6.567941353825137,-6.521224353825137,0.046717,2020-11-30 04:00:00
0.0,-6.567941353825137,-6.521224353825137,0.046717,2020-11-30 05:00:00
17.25,-6.567941353825137,35.950813646174865,42.518755,2020-11-30 06:00:00
507.208333,-6.567941353825137,527.7336046461749,534.301546,2020-11-30 07:00:00
875.6,-6.567941353825137,813.0270486461749,819.59499,2020-11-30 08:00:00
914.391667,-6.567941353825137,981.4368576461749,988.004799,2020-11-30 09:00:00
907.958333,-6.567941353825137,1021.9828096461748,1028.550751,2020-11-30 10:00:00
894.708333,-6.567941353825137,1058.3324516461748,1064.900393,2020-11-30 11:00:00
942.275,-6.567941353825137,1069.917835646175,1076.485777,2020-11-30 12:00:00
962.916667,-6.567941353825137,1035.455693646175,1042.023635,2020-11-30 13:00:00
833.291667,-6.567941353825137,972.3063206461749,978.874262,2020-11-30 14:00:00
452.65,-6.567941353825137,745.9302376461749,752.498179,2020-11-30 15:00:00
20.033333,-6.567941353825137,81.25073764617487,87.818679,2020-11-30 16:00:00
0.0,-6.567941353825137,-6.517068353825137,0.050873,2020-11-30 17:00:00
0.0,-6.567941353825137,-6.521224353825137,0.046717,2020-11-30 18:00:00
0.0,-6.567941353825137,-6.521224353825137,0.046717,2020-11-30 19:00:00
0.0,-6.567941353825137,-6.521224353825137,0.046717,2020-11-30 20:00:00
0.0,-6.567941353825137,-6.521224353825137,0.046717,2020-11-30 21:00:00
0.0,-6.567941353825137,-6.521224353825137,0.046717,2020-11-30 22:00:00
0.0,-6.567941353825137,-6.521224353825137,0.046717,2020-11-30 23:00:00
0.0,-6.567941353825137,-6.508118353825138,0.059823,2020-12-01 00:00:00
0.0,-6.567941353825137,-6.508118353825138,0.059823,2020-12-01 01:00:00
0.0,-6.567941353825137,-6.508118353825138,0.059823,2020-12-01 02:00:00
0.0,-6.567941353825137,-6.508118353825138,0.059823,2020-12-01 03:00:00
0.0,-6.567941353825137,-6.508118353825138,0.059823,2020-12-01 04:00:00
0.0,-6.567941353825137,-6.508118353825138,0.059823,2020-12-01 05:00:00
13.616667,-6.567941353825137,23.701541646174864,30.269483,2020-12-01 06:00:00
525.575,-6.567941353825137,527.3340756461748,533.902017,2020-12-01 07:00:00
900.65,-6.567941353825137,829.4308736461749,835.998815,2020-12-01 08:00:00
1075.016667,-6.567941353825137,1014.4877156461748,1021.055657,2020-12-01 09:00:00
1059.075,-6.567941353825137,1010.9118586461748,1017.4798,2020-12-01 10:00:00
1129.391667,-6.567941353825137,1012.7364026461748,1019.304344,2020-12-01 11:00:00
1091.825,-6.567941353825137,1017.7001516461747,1024.268093,2020-12-01 12:00:00
1049.266667,-6.567941353825137,1017.2847556461749,1023.852697,2020-12-01 13:00:00
919.375,-6.567941353825137,961.9777956461749,968.545737,2020-12-01 14:00:00
633.458333,-6.567941353825137,654.0459016461748,660.613843,2020-12-01 15:00:00
40.616667,-6.567941353825137,38.38475164617486,44.952693,2020-12-01 16:00:00
0.0,-6.567941353825137,-6.530228353825137,0.037713,2020-12-01 17:00:00
0.0,-6.567941353825137,-6.508118353825138,0.059823,2020-12-01 18:00:00
0.0,-6.567941353825137,-6.508118353825138,0.059823,2020-12-01 19:00:00
0.0,-6.567941353825137,-6.508118353825138,0.059823,2020-12-01 20:00:00
0.0,-6.567941353825137,-6.508118353825138,0.059823,2020-12-01 21:00:00
0.0,-6.567941353825137,-6.508118353825138,0.059823,2020-12-01 22:00:00
0.0,-6.567941353825137,-6.508118353825138,0.059823,2020-12-01 23:00:00
0.0,-6.567941353825137,-6.508118353825138,0.059823,2020-12-02 00:00:00
0.0,-6.567941353825137,-6.508118353825138,0.059823,2020-12-02 01:00:00
0.0,-6.567941353825137,-6.508118353825138,0.059823,2020-12-02 02:00:00
0.0,-6.567941353825137,-6.508118353825138,0.059823,2020-12-02 03:00:00
0.0,-6.567941353825137,-6.508118353825138,0.059823,2020-12-02 04:00:00
0.0,-6.567941353825137,-6.508118353825138,0.059823,2020-12-02 05:00:00
16.091667,-6.567941353825137,20.532409646174862,27.100351,2020-12-02 06:00:00
580.508333,-6.567941353825137,507.36759564617483,513.935537,2020-12-02 07:00:00
1012.775,-6.567941353825137,824.7764766461748,831.344418,2020-12-02 08:00:00
1145.416667,-6.567941353825137,947.8937706461749,954.461712,2020-12-02 09:00:00
1167.975,-6.567941353825137,968.3388026461748,974.906744,2020-12-02 10:00:00
1200.025,-6.567941353825137,970.8428346461749,977.410776,2020-12-02 11:00:00
1196.808333,-6.567941353825137,986.5323816461748,993.100323,2020-12-02 12:00:00
1149.375,-6.567941353825137,967.2255326461748,973.793474,2020-12-02 13:00:00
1006.625,-6.567941353825137,834.3111196461748,840.879061,2020-12-02 14:00:00
684.633333,-6.567941353825137,483.17599064617485,489.743932,2020-12-02 15:00:00
43.1,-6.567941353825137,45.898448646174856,52.46639,2020-12-02 16:00:00
0.0,-6.567941353825137,-6.428601353825138,0.13934,2020-12-02 17:00:00
0.0,-6.567941353825137,-6.508118353825138,0.059823,2020-12-02 18:00:00
0.0,-6.567941353825137,-6.508118353825138,0.059823,2020-12-02 19:00:00
0.0,-6.567941353825137,-6.508118353825138,0.059823,2020-12-02 20:00:00
0.0,-6.567941353825137,-6.508118353825138,0.059823,2020-12-02 21:00:00
0.0,-6.567941353825137,-6.508118353825138,0.059823,2020-12-02 22:00:00
0.0,-6.567941353825137,-6.508118353825138,0.059823,2020-12-02 23:00:00
0.0,-6.567941353825137,-6.508118353825138,0.059823,2020-12-03 00:00:00
0.0,-6.567941353825137,-6.508118353825138,0.059823,2020-12-03 01:00:00
0.0,-6.567941353825137,-6.508118353825138,0.059823,2020-12-03 02:00:00
0.0,-6.567941353825137,-6.508118353825138,0.059823,2020-12-03 03:00:00
0.0,-6.567941353825137,-6.508118353825138,0.059823,2020-12-03 04:00:00
0.0,-6.567941353825137,-6.508118353825138,0.059823,2020-12-03 05:00:00
17.066667,-6.567941353825137,22.440252646174862,29.008194,2020-12-03 06:00:00
570.375,-6.567941353825137,497.22799764617486,503.795939,2020-12-03 07:00:00
961.208333,-6.567941353825137,783.6070796461748,790.175021,2020-12-03 08:00:00
1090.45,-6.567941353825137,993.2540676461748,999.822009,2020-12-03 09:00:00
1122.491667,-6.567941353825137,990.9342486461749,997.50219,2020-12-03 10:00:00
1146.45,-6.567941353825137,1005.7591626461748,1012.327104,2020-12-03 11:00:00
1142.125,-6.567941353825137,1031.144835646175,1037.712777,2020-12-03 12:00:00
1068.45,-6.567941353825137,1050.5003036461749,1057.068245,2020-12-03 13:00:00
1018.066667,-6.567941353825137,922.3341066461749,928.902048,2020-12-03 14:00:00
690.366667,-6.567941353825137,631.5970996461748,638.165041,2020-12-03 15:00:00
40.6,-6.567941353825137,50.25986164617487,56.827803,2020-12-03 16:00:00
0.0,-6.567941353825137,-6.428601353825138,0.13934,2020-12-03 17:00:00
0.0,-6.567941353825137,-6.508118353825138,0.059823,2020-12-03 18:00:00
0.0,-6.567941353825137,-6.508118353825138,0.059823,2020-12-03 19:00:00
0.0,-6.567941353825137,-6.508118353825138,0.059823,2020-12-03 20:00:00
0.0,-6.567941353825137,-6.508118353825138,0.059823,2020-12-03 21:00:00
0.0,-6.567941353825137,-6.508118353825138,0.059823,2020-12-03 22:00:00
0.0,-6.567941353825137,-6.508118353825138,0.059823,2020-12-03 23:00:00
0.0,-6.567941353825137,-6.508118353825138,0.059823,2020-12-04 00:00:00
0.0,-6.567941353825137,-6.508118353825138,0.059823,2020-12-04 01:00:00
0.0,-6.567941353825137,-6.508118353825138,0.059823,2020-12-04 02:00:00
0.0,-6.567941353825137,-6.508118353825138,0.059823,2020-12-04 03:00:00
0.0,-6.567941353825137,-6.508118353825138,0.059823,2020-12-04 04:00:00
0.0,-6.567941353825137,-6.508118353825138,0.059823,2020-12-04 05:00:00
15.191667,-6.567941353825137,22.47840364617486,29.046345,2020-12-04 06:00:00
551.075,-6.567941353825137,494.98880464617486,501.556746,2020-12-04 07:00:00
948.341667,-6.567941353825137,861.0120546461749,867.579996,2020-12-04 08:00:00
1064.45,-6.567941353825137,1019.1876776461748,1025.755619,2020-12-04 09:00:00
1096.575,-6.567941353825137,1067.3897586461749,1073.9577,2020-12-04 10:00:00
1093.8,-6.567941353825137,1069.4520926461748,1076.020034,2020-12-04 11:00:00
1082.05,-6.567941353825137,1072.0410726461748,1078.609014,2020-12-04 12:00:00
1051.866667,-6.567941353825137,1041.888883646175,1048.456825,2020-12-04 13:00:00
975.875,-6.567941353825137,919.6157136461749,926.183655,2020-12-04 14:00:00
646.416667,-6.567941353825137,670.2560386461748,676.82398,2020-12-04 15:00:00
33.391667,-6.567941353825137,57.71625964617486,64.284201,2020-12-04 16:00:00
0.0,-6.567941353825137,-6.428601353825138,0.13934,2020-12-04 17:00:00
0.0,-6.567941353825137,-6.508118353825138,0.059823,2020-12-04 18:00:00
0.0,-6.567941353825137,-6.508118353825138,0.059823,2020-12-04 19:00:00
0.0,-6.567941353825137,-6.508118353825138,0.059823,2020-12-04 20:00:00
0.0,-6.567941353825137,-6.508118353825138,0.059823,2020-12-04 21:00:00
0.0,-6.567941353825137,-6.508118353825138,0.059823,2020-12-04 22:00:00
0.0,-6.567941353825137,-6.508118353825138,0.059823,2020-12-04 23:00:00
0.0,-6.567941353825137,-6.508118353825138,0.059823,2020-12-05 00:00:00
0.0,-6.567941353825137,-6.508118353825138,0.059823,2020-12-05 01:00:00
0.0,-6.567941353825137,-6.508118353825138,0.059823,2020-12-05 02:00:00
0.0,-6.567941353825137,-6.508118353825138,0.059823,2020-12-05 03:00:00
0.0,-6.567941353825137,-6.508118353825138,0.059823,2020-12-05 04:00:00
0.0,-6.567941353825137,-6.508118353825138,0.059823,2020-12-05 05:00:00
12.991667,-6.567941353825137,21.959630646174862,28.527572,2020-12-05 06:00:00
534.775,-6.567941353825137,488.9915896461749,495.559531,2020-12-05 07:00:00
938.483333,-6.567941353825137,850.2108116461749,856.778753,2020-12-05 08:00:00
1079.908333,-6.567941353825137,1010.6202406461748,1017.188182,2020-12-05 09:00:00
1122.683333,-6.567941353825137,1068.8662956461749,1075.434237,2020-12-05 10:00:00
1126.891667,-6.567941353825137,1074.504194646175,1081.072136,2020-12-05 11:00:00
1109.908333,-6.567941353825137,1068.406908646175,1074.97485,2020-12-05 12:00:00
1064.35,-6.567941353825137,1046.1096726461749,1052.677614,2020-12-05 13:00:00
947.225,-6.567941353825137,972.4333986461749,979.00134,2020-12-05 14:00:00
646.133333,-6.567941353825137,689.7963606461748,696.364302,2020-12-05 15:00:00
35.1,-6.567941353825137,46.37098164617487,52.938923,2020-12-05 16:00:00
0.0,-6.567941353825137,-6.428601353825138,0.13934,2020-12-05 17:00:00
0.0,-6.567941353825137,-6.508118353825138,0.059823,2020-12-05 18:00:00
0.0,-6.567941353825137,-6.508118353825138,0.059823,2020-12-05 19:00:00
0.0,-6.567941353825137,-6.508118353825138,0.059823,2020-12-05 20:00:00
0.0,-6.567941353825137,-6.508118353825138,0.059823,2020-12-05 21:00:00
0.0,-6.567941353825137,-6.508118353825138,0.059823,2020-12-05 22:00:00
0.0,-6.567941353825137,-6.508118353825138,0.059823,2020-12-05 23:00:00
0.0,-6.567941353825137,-6.508118353825138,0.059823,2020-12-06 00:00:00
0.0,-6.567941353825137,-6.508118353825138,0.059823,2020-12-06 01:00:00
0.0,-6.567941353825137,-6.508118353825138,0.059823,2020-12-06 02:00:00
0.0,-6.567941353825137,-6.508118353825138,0.059823,2020-12-06 03:00:00
0.0,-6.567941353825137,-6.508118353825138,0.059823,2020-12-06 04:00:00
0.0,-6.567941353825137,-6.508118353825138,0.059823,2020-12-06 05:00:00
10.516667,-6.567941353825137,13.027318646174862,19.59526,2020-12-06 06:00:00
534.358333,-6.567941353825137,486.02842864617486,492.59637,2020-12-06 07:00:00
952.741667,-6.567941353825137,808.7301366461749,815.298078,2020-12-06 08:00:00
1095.333333,-6.567941353825137,1015.9930306461748,1022.560972,2020-12-06 09:00:00
1154.841667,-6.567941353825137,1071.446554646175,1078.014496,2020-12-06 10:00:00
1158.65,-6.567941353825137,1071.475626646175,1078.043568,2020-12-06 11:00:00
1133.766667,-6.567941353825137,1069.1543956461749,1075.722337,2020-12-06 12:00:00
1075.633333,-6.567941353825137,1031.936243646175,1038.504185,2020-12-06 13:00:00
971.075,-6.567941353825137,968.4221266461748,974.990068,2020-12-06 14:00:00
635.883333,-6.567941353825137,707.3694016461749,713.937343,2020-12-06 15:00:00
35.716667,-6.567941353825137,45.52663364617486,52.094575,2020-12-06 16:00:00
0.0,-6.567941353825137,-6.428601353825138,0.13934,2020-12-06 17:00:00
0.0,-6.567941353825137,-6.508118353825138,0.059823,2020-12-06 18:00:00
0.0,-6.567941353825137,-6.508118353825138,0.059823,2020-12-06 19:00:00
0.0,-6.567941353825137,-6.508118353825138,0.059823,2020-12-06 20:00:00
0.0,-6.567941353825137,-6.508118353825138,0.059823,2020-12-06 21:00:00
0.0,-6.567941353825137,-6.508118353825138,0.059823,2020-12-06 22:00:00
0.0,-6.567941353825137,-6.508118353825138,0.059823,2020-12-06 23:00:00
0.0,-6.567941353825137,-6.508118353825138,0.059823,2020-12-07 00:00:00
0.0,-6.567941353825137,-6.508118353825138,0.059823,2020-12-07 01:00:00
0.0,-6.567941353825137,-6.508118353825138,0.059823,2020-12-07 02:00:00
0.0,-6.567941353825137,-6.508118353825138,0.059823,2020-12-07 03:00:00
0.0,-6.567941353825137,-6.508118353825138,0.059823,2020-12-07 04:00:00
0.0,-6.567941353825137,-6.508118353825138,0.059823,2020-12-07 05:00:00
9.008333,-6.567941353825137,11.318971646174862,17.886913,2020-12-07 06:00:00
525.066667,-6.567941353825137,519.4326046461748,526.000546,2020-12-07 07:00:00
937.575,-6.567941353825137,841.9263916461748,848.494333,2020-12-07 08:00:00
1056.175,-6.567941353825137,1019.2258316461749,1025.793773,2020-12-07 09:00:00
1075.075,-6.567941353825137,1077.927060646175,1084.495002,2020-12-07 10:00:00
1092.875,-6.567941353825137,1092.2418086461748,1098.80975,2020-12-07 11:00:00
1085.716667,-6.567941353825137,1090.269766646175,1096.837708,2020-12-07 12:00:00
1027.566667,-6.567941353825137,1059.371532646175,1065.939474,2020-12-07 13:00:00
926.716667,-6.567941353825137,966.2769486461748,972.84489,2020-12-07 14:00:00
628.291667,-6.567941353825137,702.1269276461749,708.694869,2020-12-07 15:00:00
32.516667,-6.567941353825137,45.60427864617486,52.17222,2020-12-07 16:00:00
0.0,-6.567941353825137,-6.428601353825138,0.13934,2020-12-07 17:00:00
0.0,-6.567941353825137,-6.508118353825138,0.059823,2020-12-07 18:00:00
0.0,-6.567941353825137,-6.508118353825138,0.059823,2020-12-07 19:00:00
0.0,-6.567941353825137,-6.508118353825138,0.059823,2020-12-07 20:00:00
0.0,-6.567941353825137,-6.508118353825138,0.059823,2020-12-07 21:00:00
0.0,-6.567941353825137,-6.508118353825138,0.059823,2020-12-07 22:00:00
0.0,-6.567941353825137,-6.508118353825138,0.059823,2020-12-07 23:00:00
0.0,-6.567941353825137,-6.508118353825138,0.059823,2020-12-08 00:00:00
0.0,-6.567941353825137,-6.508118353825138,0.059823,2020-12-08 01:00:00
0.0,-6.567941353825137,-6.508118353825138,0.059823,2020-12-08 02:00:00
0.0,-6.567941353825137,-6.508118353825138,0.059823,2020-12-08 03:00:00
0.0,-6.567941353825137,-6.508118353825138,0.059823,2020-12-08 04:00:00
0.0,-6.567941353825137,-6.508118353825138,0.059823,2020-12-08 05:00:00
8.583333,-6.567941353825137,11.489120646174861,18.057062,2020-12-08 06:00:00
495.15,-6.567941353825137,491.6399566461749,498.207898,2020-12-08 07:00:00
911.433333,-6.567941353825137,814.6940496461748,821.261991,2020-12-08 08:00:00
1035.408333,-6.567941353825137,1005.6488876461748,1012.216829,2020-12-08 09:00:00
1058.458333,-6.567941353825137,1064.166937646175,1070.734879,2020-12-08 10:00:00
1055.35,-6.567941353825137,1048.6947026461748,1055.262644,2020-12-08 11:00:00
1024.875,-6.567941353825137,1063.123402646175,1069.691344,2020-12-08 12:00:00
992.908333,-6.567941353825137,1045.978724646175,1052.546666,2020-12-08 13:00:00
941.016667,-6.567941353825137,951.5405066461748,958.108448,2020-12-08 14:00:00
636.908333,-6.567941353825137,593.1004836461748,599.668425,2020-12-08 15:00:00
39.483333,-6.567941353825137,45.66877964617487,52.236721,2020-12-08 16:00:00
0.0,-6.567941353825137,-5.8399273538251375,0.728014,2020-12-08 17:00:00
0.0,-6.567941353825137,-6.508118353825138,0.059823,2020-12-08 18:00:00
0.0,-6.567941353825137,-6.508118353825138,0.059823,2020-12-08 19:00:00
0.0,-6.567941353825137,-6.508118353825138,0.059823,2020-12-08 20:00:00
0.0,-6.567941353825137,-6.508118353825138,0.059823,2020-12-08 21:00:00
0.0,-6.567941353825137,-6.508118353825138,0.059823,2020-12-08 22:00:00
0.0,-6.567941353825137,-6.508118353825138,0.059823,2020-12-08 23:00:00
0.0,-6.567941353825137,-6.508118353825138,0.059823,2020-12-09 00:00:00
0.0,-6.567941353825137,-6.508118353825138,0.059823,2020-12-09 01:00:00
0.0,-6.567941353825137,-6.508118353825138,0.059823,2020-12-09 02:00:00
0.0,-6.567941353825137,-6.508118353825138,0.059823,2020-12-09 03:00:00
0.0,-6.567941353825137,-6.508118353825138,0.059823,2020-12-09 04:00:00
0.0,-6.567941353825137,-6.508118353825138,0.059823,2020-12-09 05:00:00
7.925,-6.567941353825137,11.116345646174864,17.684287,2020-12-09 06:00:00
437.191667,-6.567941353825137,485.54857764617486,492.116519,2020-12-09 07:00:00
787.158333,-6.567941353825137,822.3309126461749,828.898854,2020-12-09 08:00:00
958.891667,-6.567941353825137,1014.7022746461748,1021.270216,2020-12-09 09:00:00
1050.625,-6.567941353825137,1045.778201646175,1052.346143,2020-12-09 10:00:00
1071.391667,-6.567941353825137,1069.662412646175,1076.230354,2020-12-09 11:00:00
1043.025,-6.567941353825137,1064.393547646175,1070.961489,2020-12-09 12:00:00
985.091667,-6.567941353825137,1004.5378406461748,1011.105782,2020-12-09 13:00:00
891.225,-6.567941353825137,928.4234016461749,934.991343,2020-12-09 14:00:00
589.175,-6.567941353825137,645.5519026461748,652.119844,2020-12-09 15:00:00
32.25,-6.567941353825137,45.561387646174865,52.129329,2020-12-09 16:00:00
0.0,-6.567941353825137,-6.428601353825138,0.13934,2020-12-09 17:00:00
0.0,-6.567941353825137,-6.508118353825138,0.059823,2020-12-09 18:00:00
0.0,-6.567941353825137,-6.508118353825138,0.059823,2020-12-09 19:00:00
0.0,-6.567941353825137,-6.508118353825138,0.059823,2020-12-09 20:00:00
0.0,-6.567941353825137,-6.508118353825138,0.059823,2020-12-09 21:00:00
0.0,-6.567941353825137,-6.508118353825138,0.059823,2020-12-09 22:00:00
0.0,-6.567941353825137,-6.508118353825138,0.059823,2020-12-09 23:00:00
0.0,-6.567941353825137,-6.508118353825138,0.059823,2020-12-10 00:00:00
0.0,-6.567941353825137,-6.508118353825138,0.059823,2020-12-10 01:00:00
0.0,-6.567941353825137,-6.508118353825138,0.059823,2020-12-10 02:00:00
0.0,-6.567941353825137,-6.508118353825138,0.059823,2020-12-10 03:00:00
0.0,-6.567941353825137,-6.508118353825138,0.059823,2020-12-10 04:00:00
0.0,-6.567941353825137,-6.508118353825138,0.059823,2020-12-10 05:00:00
7.308333,-6.567941353825137,12.712587646174864,19.280529,2020-12-10 06:00:00
473.025,-6.567941353825137,500.3016336461749,506.869575,2020-12-10 07:00:00
869.183333,-6.567941353825137,806.2260716461748,812.794013,2020-12-10 08:00:00
999.8,-6.567941353825137,1005.4651296461748,1012.033071,2020-12-10 09:00:00
1051.125,-6.567941353825137,1041.524189646175,1048.092131,2020-12-10 10:00:00
1073.716667,-6.567941353825137,1024.769287646175,1031.337229,2020-12-10 11:00:00
1064.266667,-6.567941353825137,988.9922576461748,995.560199,2020-12-10 12:00:00
1017.141667,-6.567941353825137,973.9729726461749,980.540914,2020-12-10 13:00:00
921.35,-6.567941353825137,959.2778596461749,965.845801,2020-12-10 14:00:00
618.916667,-6.567941353825137,665.3693226461749,671.937264,2020-12-10 15:00:00
36.75,-6.567941353825137,57.45533964617486,64.023281,2020-12-10 16:00:00
0.0,-6.567941353825137,-5.8399273538251375,0.728014,2020-12-10 17:00:00
0.0,-6.567941353825137,-6.508118353825138,0.059823,2020-12-10 18:00:00
0.0,-6.567941353825137,-6.508118353825138,0.059823,2020-12-10 19:00:00
0.0,-6.567941353825137,-6.508118353825138,0.059823,2020-12-10 20:00:00
0.0,-6.567941353825137,-6.508118353825138,0.059823,2020-12-10 21:00:00
0.0,-6.567941353825137,-6.508118353825138,0.059823,2020-12-10 22:00:00
0.0,-6.567941353825137,-6.508118353825138,0.059823,2020-12-10 23:00:00
0.0,-6.567941353825137,-6.508118353825138,0.059823,2020-12-11 00:00:00
0.0,-6.567941353825137,-6.508118353825138,0.059823,2020-12-11 01:00:00
0.0,-6.567941353825137,-6.508118353825138,0.059823,2020-12-11 02:00:00
0.0,-6.567941353825137,-6.508118353825138,0.059823,2020-12-11 03:00:00
0.0,-6.567941353825137,-6.508118353825138,0.059823,2020-12-11 04:00:00
0.0,-6.567941353825137,-6.508118353825138,0.059823,2020-12-11 05:00:00
6.083333,-6.567941353825137,10.075042646174861,16.642984,2020-12-11 06:00:00
466.766667,-6.567941353825137,466.1852296461749,472.753171,2020-12-11 07:00:00
877.458333,-6.567941353825137,823.4416516461748,830.009593,2020-12-11 08:00:00
1012.758333,-6.567941353825137,954.6986606461749,961.266602,2020-12-11 09:00:00
1058.858333,-6.567941353825137,1015.7764706461749,1022.344412,2020-12-11 10:00:00
1068.816667,-6.567941353825137,1065.6738086461748,1072.24175,2020-12-11 11:00:00
1047.15,-6.567941353825137,1038.0579846461749,1044.625926,2020-12-11 12:00:00
983.633333,-6.567941353825137,991.8283676461748,998.396309,2020-12-11 13:00:00
838.3,-6.567941353825137,960.7955266461748,967.363468,2020-12-11 14:00:00
561.875,-6.567941353825137,658.2889906461749,664.856932,2020-12-11 15:00:00
26.216667,-6.567941353825137,51.04831664617487,57.616258,2020-12-11 16:00:00
0.0,-6.567941353825137,-6.428601353825138,0.13934,2020-12-11 17:00:00
0.0,-6.567941353825137,-6.508118353825138,0.059823,2020-12-11 18:00:00
0.0,-6.567941353825137,-6.508118353825138,0.059823,2020-12-11 19:00:00
0.0,-6.567941353825137,-6.508118353825138,0.059823,2020-12-11 20:00:00
0.0,-6.567941353825137,-6.508118353825138,0.059823,2020-12-11 21:00:00
0.0,-6.567941353825137,-6.508118353825138,0.059823,2020-12-11 22:00:00
0.0,-6.567941353825137,-6.508118353825138,0.059823,2020-12-11 23:00:00
0.0,-6.567941353825137,-6.508118353825138,0.059823,2020-12-12 00:00:00
0.0,-6.567941353825137,-6.508118353825138,0.059823,2020-12-12 01:00:00
0.0,-6.567941353825137,-6.508118353825138,0.059823,2020-12-12 02:00:00
0.0,-6.567941353825137,-6.508118353825138,0.059823,2020-12-12 03:00:00
0.0,-6.567941353825137,-6.508118353825138,0.059823,2020-12-12 04:00:00
0.0,-6.567941353825137,-6.508118353825138,0.059823,2020-12-12 05:00:00
6.041667,-6.567941353825137,8.073342646174863,14.641284,2020-12-12 06:00:00
445.441667,-6.567941353825137,493.67611964617487,500.244061,2020-12-12 07:00:00
840.875,-6.567941353825137,834.9396266461748,841.507568,2020-12-12 08:00:00
992.85,-6.567941353825137,965.9098156461748,972.477757,2020-12-12 09:00:00
1075.758333,-6.567941353825137,1015.1366226461748,1021.704564,2020-12-12 10:00:00
1102.591667,-6.567941353825137,1063.121191646175,1069.689133,2020-12-12 11:00:00
1078.266667,-6.567941353825137,1054.710858646175,1061.2788,2020-12-12 12:00:00
1038.191667,-6.567941353825137,973.3306646461748,979.898606,2020-12-12 13:00:00
937.466667,-6.567941353825137,956.1400416461748,962.707983,2020-12-12 14:00:00
635.516667,-6.567941353825137,654.3682506461748,660.936192,2020-12-12 15:00:00
39.583333,-6.567941353825137,39.23979964617486,45.807741,2020-12-12 16:00:00
0.0,-6.567941353825137,-6.530228353825137,0.037713,2020-12-12 17:00:00
0.0,-6.567941353825137,-6.508118353825138,0.059823,2020-12-12 18:00:00
0.0,-6.567941353825137,-6.508118353825138,0.059823,2020-12-12 19:00:00
0.0,-6.567941353825137,-6.508118353825138,0.059823,2020-12-12 20:00:00
0.0,-6.567941353825137,-6.508118353825138,0.059823,2020-12-12 21:00:00
0.0,-6.567941353825137,-6.508118353825138,0.059823,2020-12-12 22:00:00
0.0,-6.567941353825137,-6.508118353825138,0.059823,2020-12-12 23:00:00
0.0,-6.567941353825137,-6.508118353825138,0.059823,2020-12-13 00:00:00
0.0,-6.567941353825137,-6.508118353825138,0.059823,2020-12-13 01:00:00
0.0,-6.567941353825137,-6.508118353825138,0.059823,2020-12-13 02:00:00
0.0,-6.567941353825137,-6.508118353825138,0.059823,2020-12-13 03:00:00
0.0,-6.567941353825137,-6.508118353825138,0.059823,2020-12-13 04:00:00
0.0,-6.567941353825137,-6.508118353825138,0.059823,2020-12-13 05:00:00
4.858333,-6.567941353825137,6.295402646174862,12.863344,2020-12-13 06:00:00
441.941667,-6.567941353825137,489.93983164617487,496.507773,2020-12-13 07:00:00
936.691667,-6.567941353825137,804.3116056461748,810.879547,2020-12-13 08:00:00
1075.375,-6.567941353825137,978.2909846461748,984.858926,2020-12-13 09:00:00
1124.725,-6.567941353825137,1027.8369866461749,1034.404928,2020-12-13 10:00:00
1074.966667,-6.567941353825137,1056.017467646175,1062.585409,2020-12-13 11:00:00
1040.975,-6.567941353825137,1054.276700646175,1060.844642,2020-12-13 12:00:00
1032.591667,-6.567941353825137,986.6609276461749,993.228869,2020-12-13 13:00:00
791.0,-6.567941353825137,917.6533126461749,924.221254,2020-12-13 14:00:00
506.533333,-6.567941353825137,645.3537116461748,651.921653,2020-12-13 15:00:00
28.5,-6.567941353825137,45.22380364617486,51.791745,2020-12-13 16:00:00
0.0,-6.567941353825137,-6.428601353825138,0.13934,2020-12-13 17:00:00
0.0,-6.567941353825137,-6.508118353825138,0.059823,2020-12-13 18:00:00
0.0,-6.567941353825137,-6.508118353825138,0.059823,2020-12-13 19:00:00
0.0,-6.567941353825137,-6.508118353825138,0.059823,2020-12-13 20:00:00
0.0,-6.567941353825137,-6.508118353825138,0.059823,2020-12-13 21:00:00
0.0,-6.567941353825137,-6.508118353825138,0.059823,2020-12-13 22:00:00
0.0,-6.567941353825137,-6.508118353825138,0.059823,2020-12-13 23:00:00
0.0,-6.567941353825137,-6.508118353825138,0.059823,2020-12-14 00:00:00
0.0,-6.567941353825137,-6.508118353825138,0.059823,2020-12-14 01:00:00
0.0,-6.567941353825137,-6.508118353825138,0.059823,2020-12-14 02:00:00
0.0,-6.567941353825137,-6.508118353825138,0.059823,2020-12-14 03:00:00
0.0,-6.567941353825137,-6.508118353825138,0.059823,2020-12-14 04:00:00
0.0,-6.567941353825137,-6.508118353825138,0.059823,2020-12-14 05:00:00
3.358333,-6.567941353825137,3.656472646174862,10.224414,2020-12-14 06:00:00
417.716667,-6.567941353825137,483.1187916461749,489.686733,2020-12-14 07:00:00
881.375,-6.567941353825137,782.6692796461748,789.237221,2020-12-14 08:00:00
1023.225,-6.567941353825137,962.8148596461748,969.382801,2020-12-14 09:00:00
1064.383333,-6.567941353825137,1066.971058646175,1073.539,2020-12-14 10:00:00
1077.416667,-6.567941353825137,1091.291447646175,1097.859389,2020-12-14 11:00:00
1057.483333,-6.567941353825137,1063.580802646175,1070.148744,2020-12-14 12:00:00
1018.008333,-6.567941353825137,1008.9517346461748,1015.519676,2020-12-14 13:00:00
964.116667,-6.567941353825137,958.2239616461749,964.791903,2020-12-14 14:00:00
629.7,-6.567941353825137,663.6097646461748,670.177706,2020-12-14 15:00:00
29.5,-6.567941353825137,42.69345964617486,49.261401,2020-12-14 16:00:00
0.0,-6.567941353825137,-5.8399273538251375,0.728014,2020-12-14 17:00:00
0.0,-6.567941353825137,-6.508118353825138,0.059823,2020-12-14 18:00:00
0.0,-6.567941353825137,-6.508118353825138,0.059823,2020-12-14 19:00:00
0.0,-6.567941353825137,-6.508118353825138,0.059823,2020-12-14 20:00:00
0.0,-6.567941353825137,-6.508118353825138,0.059823,2020-12-14 21:00:00
0.0,-6.567941353825137,-6.508118353825138,0.059823,2020-12-14 22:00:00
0.0,-6.567941353825137,-6.508118353825138,0.059823,2020-12-14 23:00:00
0.0,-6.567941353825137,-6.508118353825138,0.059823,2020-12-15 00:00:00
0.0,-6.567941353825137,-6.508118353825138,0.059823,2020-12-15 01:00:00
0.0,-6.567941353825137,-6.508118353825138,0.059823,2020-12-15 02:00:00
0.0,-6.567941353825137,-6.508118353825138,0.059823,2020-12-15 03:00:00
0.0,-6.567941353825137,-6.508118353825138,0.059823,2020-12-15 04:00:00
0.0,-6.567941353825137,-6.508118353825138,0.059823,2020-12-15 05:00:00
1.991667,-6.567941353825137,3.394538646174862,9.96248,2020-12-15 06:00:00
318.775,-6.567941353825137,422.84572364617486,429.413665,2020-12-15 07:00:00
746.358333,-6.567941353825137,808.4563886461748,815.02433,2020-12-15 08:00:00
865.691667,-6.567941353825137,1015.4613276461748,1022.029269,2020-12-15 09:00:00
781.258333,-6.567941353825137,1061.3565366461748,1067.924478,2020-12-15 10:00:00
792.65,-6.567941353825137,1062.847359646175,1069.415301,2020-12-15 11:00:00
925.808333,-6.567941353825137,1026.0637466461749,1032.631688,2020-12-15 12:00:00
930.241667,-6.567941353825137,1008.9715796461749,1015.539521,2020-12-15 13:00:00
864.141667,-6.567941353825137,894.9559806461748,901.523922,2020-12-15 14:00:00
548.641667,-6.567941353825137,681.6179876461748,688.185929,2020-12-15 15:00:00
35.041667,-6.567941353825137,48.52123164617487,55.089173,2020-12-15 16:00:00
0.0,-6.567941353825137,-5.8399273538251375,0.728014,2020-12-15 17:00:00
0.0,-6.567941353825137,-6.508118353825138,0.059823,2020-12-15 18:00:00
0.0,-6.567941353825137,-6.508118353825138,0.059823,2020-12-15 19:00:00
0.0,-6.567941353825137,-6.508118353825138,0.059823,2020-12-15 20:00:00
0.0,-6.567941353825137,-6.508118353825138,0.059823,2020-12-15 21:00:00
0.0,-6.567941353825137,-6.508118353825138,0.059823,2020-12-15 22:00:00
0.0,-6.567941353825137,-6.508118353825138,0.059823,2020-12-15 23:00:00
0.0,-6.567941353825137,-6.508118353825138,0.059823,2020-12-16 00:00:00
0.0,-6.567941353825137,-6.508118353825138,0.059823,2020-12-16 01:00:00
0.0,-6.567941353825137,-6.508118353825138,0.059823,2020-12-16 02:00:00
0.0,-6.567941353825137,-6.508118353825138,0.059823,2020-12-16 03:00:00
0.0,-6.567941353825137,-6.508118353825138,0.059823,2020-12-16 04:00:00
0.0,-6.567941353825137,-6.508118353825138,0.059823,2020-12-16 05:00:00
2.933333,-6.567941353825137,3.3285606461748625,9.896502,2020-12-16 06:00:00
382.058333,-6.567941353825137,390.5700926461749,397.138034,2020-12-16 07:00:00
868.041667,-6.567941353825137,820.2881656461748,826.856107,2020-12-16 08:00:00
1006.383333,-6.567941353825137,944.5676966461748,951.135638,2020-12-16 09:00:00
1031.716667,-6.567941353825137,1014.2446696461748,1020.812611,2020-12-16 10:00:00
1027.375,-6.567941353825137,980.7153246461748,987.283266,2020-12-16 11:00:00
1002.841667,-6.567941353825137,975.1100826461749,981.678024,2020-12-16 12:00:00
961.625,-6.567941353825137,973.5974106461748,980.165352,2020-12-16 13:00:00
902.258333,-6.567941353825137,961.4835836461748,968.051525,2020-12-16 14:00:00
585.008333,-6.567941353825137,632.4904896461749,639.058431,2020-12-16 15:00:00
25.916667,-6.567941353825137,37.84421164617487,44.412153,2020-12-16 16:00:00
0.0,-6.567941353825137,-6.428601353825138,0.13934,2020-12-16 17:00:00
0.0,-6.567941353825137,-6.508118353825138,0.059823,2020-12-16 18:00:00
0.0,-6.567941353825137,-6.508118353825138,0.059823,2020-12-16 19:00:00
0.0,-6.567941353825137,-6.508118353825138,0.059823,2020-12-16 20:00:00
0.0,-6.567941353825137,-6.508118353825138,0.059823,2020-12-16 21:00:00
0.0,-6.567941353825137,-6.508118353825138,0.059823,2020-12-16 22:00:00
0.0,-6.567941353825137,-6.508118353825138,0.059823,2020-12-16 23:00:00
0.0,-6.567941353825137,-6.508118353825138,0.059823,2020-12-17 00:00:00
0.0,-6.567941353825137,-6.508118353825138,0.059823,2020-12-17 01:00:00
0.0,-6.567941353825137,-6.508118353825138,0.059823,2020-12-17 02:00:00
0.0,-6.567941353825137,-6.508118353825138,0.059823,2020-12-17 03:00:00
0.0,-6.567941353825137,-6.508118353825138,0.059823,2020-12-17 04:00:00
0.0,-6.567941353825137,-6.508118353825138,0.059823,2020-12-17 05:00:00
1.591667,-6.567941353825137,-0.8428793538251371,5.725062,2020-12-17 06:00:00
329.891667,-6.567941353825137,347.75825364617486,354.326195,2020-12-17 07:00:00
750.208333,-6.567941353825137,686.3672056461749,692.935147,2020-12-17 08:00:00
875.4,-6.567941353825137,922.9230546461748,929.490996,2020-12-17 09:00:00
902.05,-6.567941353825137,929.3188326461748,935.886774,2020-12-17 10:00:00
922.675,-6.567941353825137,974.4549166461749,981.022858,2020-12-17 11:00:00
996.666667,-6.567941353825137,961.5346686461749,968.10261,2020-12-17 12:00:00
956.825,-6.567941353825137,956.1877626461749,962.755704,2020-12-17 13:00:00
846.333333,-6.567941353825137,905.9708766461748,912.538818,2020-12-17 14:00:00
522.775,-6.567941353825137,600.2979606461748,606.865902,2020-12-17 15:00:00
18.55,-6.567941353825137,59.37765064617487,65.945592,2020-12-17 16:00:00
0.0,-6.567941353825137,-6.530228353825137,0.037713,2020-12-17 17:00:00
0.0,-6.567941353825137,-6.508118353825138,0.059823,2020-12-17 18:00:00
0.0,-6.567941353825137,-6.508118353825138,0.059823,2020-12-17 19:00:00
0.0,-6.567941353825137,-6.508118353825138,0.059823,2020-12-17 20:00:00
0.0,-6.567941353825137,-6.508118353825138,0.059823,2020-12-17 21:00:00
0.0,-6.567941353825137,-6.508118353825138,0.059823,2020-12-17 22:00:00
0.0,-6.567941353825137,-6.508118353825138,0.059823,2020-12-17 23:00:00
0.0,-6.567941353825137,-6.508118353825138,0.059823,2020-12-18 00:00:00
0.0,-6.567941353825137,-6.508118353825138,0.059823,2020-12-18 01:00:00
0.0,-6.567941353825137,-6.508118353825138,0.059823,2020-12-18 02:00:00
0.0,-6.567941353825137,-6.508118353825138,0.059823,2020-12-18 03:00:00
0.0,-6.567941353825137,-6.508118353825138,0.059823,2020-12-18 04:00:00
0.0,-6.567941353825137,-6.508118353825138,0.059823,2020-12-18 05:00:00
1.791667,-6.567941353825137,-0.7353923538251372,5.832549,2020-12-18 06:00:00
360.791667,-6.567941353825137,375.95833664617487,382.526278,2020-12-18 07:00:00
827.983333,-6.567941353825137,820.1092446461748,826.677186,2020-12-18 08:00:00
955.15,-6.567941353825137,940.9869306461749,947.554872,2020-12-18 09:00:00
951.683333,-6.567941353825137,994.6815256461748,1001.249467,2020-12-18 10:00:00
1003.533333,-6.567941353825137,995.9449746461748,1002.512916,2020-12-18 11:00:00
1007.891667,-6.567941353825137,963.1109616461748,969.678903,2020-12-18 12:00:00
971.666667,-6.567941353825137,967.3963006461748,973.964242,2020-12-18 13:00:00
859.733333,-6.567941353825137,920.5172846461749,927.085226,2020-12-18 14:00:00
521.625,-6.567941353825137,641.5211496461749,648.089091,2020-12-18 15:00:00
16.008333,-6.567941353825137,38.91753364617486,45.485475,2020-12-18 16:00:00
0.0,-6.567941353825137,-6.530228353825137,0.037713,2020-12-18 17:00:00
0.0,-6.567941353825137,-6.508118353825138,0.059823,2020-12-18 18:00:00
0.0,-6.567941353825137,-6.508118353825138,0.059823,2020-12-18 19:00:00
0.0,-6.567941353825137,-6.508118353825138,0.059823,2020-12-18 20:00:00
0.0,-6.567941353825137,-6.508118353825138,0.059823,2020-12-18 21:00:00
0.0,-6.567941353825137,-6.508118353825138,0.059823,2020-12-18 22:00:00
0.0,-6.567941353825137,-6.508118353825138,0.059823,2020-12-18 23:00:00
0.0,-6.567941353825137,-6.508118353825138,0.059823,2020-12-19 00:00:00
0.0,-6.567941353825137,-6.508118353825138,0.059823,2020-12-19 01:00:00
0.0,-6.567941353825137,-6.508118353825138,0.059823,2020-12-19 02:00:00
0.0,-6.567941353825137,-6.508118353825138,0.059823,2020-12-19 03:00:00
0.0,-6.567941353825137,-6.508118353825138,0.059823,2020-12-19 04:00:00
0.0,-6.567941353825137,-6.508118353825138,0.059823,2020-12-19 05:00:00
0.5,-6.567941353825137,-2.317341353825137,4.2506,2020-12-19 06:00:00
190.55,-6.567941353825137,344.7147186461749,351.28266,2020-12-19 07:00:00
366.625,-6.567941353825137,737.4603116461748,744.028253,2020-12-19 08:00:00
421.758333,-6.567941353825137,924.2406336461748,930.808575,2020-12-19 09:00:00
400.575,-6.567941353825137,953.8471496461748,960.415091,2020-12-19 10:00:00
444.108333,-6.567941353825137,951.6441926461748,958.212134,2020-12-19 11:00:00
496.966667,-6.567941353825137,971.0474606461748,977.615402,2020-12-19 12:00:00
445.225,-6.567941353825137,957.2141666461748,963.782108,2020-12-19 13:00:00
312.45,-6.567941353825137,864.6977656461748,871.265707,2020-12-19 14:00:00
195.108333,-6.567941353825137,592.5758776461748,599.143819,2020-12-19 15:00:00
10.666667,-6.567941353825137,33.34450764617486,39.912449,2020-12-19 16:00:00
0.0,-6.567941353825137,-6.530228353825137,0.037713,2020-12-19 17:00:00
0.0,-6.567941353825137,-6.508118353825138,0.059823,2020-12-19 18:00:00
0.0,-6.567941353825137,-6.508118353825138,0.059823,2020-12-19 19:00:00
0.0,-6.567941353825137,-6.508118353825138,0.059823,2020-12-19 20:00:00
0.0,-6.567941353825137,-6.508118353825138,0.059823,2020-12-19 21:00:00
0.0,-6.567941353825137,-6.508118353825138,0.059823,2020-12-19 22:00:00
0.0,-6.567941353825137,-6.508118353825138,0.059823,2020-12-19 23:00:00
0.0,-6.567941353825137,-6.508118353825138,0.059823,2020-12-20 00:00:00
0.0,-6.567941353825137,-6.508118353825138,0.059823,2020-12-20 01:00:00
0.0,-6.567941353825137,-6.508118353825138,0.059823,2020-12-20 02:00:00
0.0,-6.567941353825137,-6.508118353825138,0.059823,2020-12-20 03:00:00
0.0,-6.567941353825137,-6.508118353825138,0.059823,2020-12-20 04:00:00
0.0,-6.567941353825137,-6.508118353825138,0.059823,2020-12-20 05:00:00
1.108333,-6.567941353825137,-2.317341353825137,4.2506,2020-12-20 06:00:00
360.783333,-6.567941353825137,344.9650346461749,351.532976,2020-12-20 07:00:00
883.05,-6.567941353825137,746.1330946461749,752.701036,2020-12-20 08:00:00
1021.6,-6.567941353825137,838.0035156461748,844.571457,2020-12-20 09:00:00
1066.583333,-6.567941353825137,890.2313686461748,896.79931,2020-12-20 10:00:00
1110.116667,-6.567941353825137,901.2782516461748,907.846193,2020-12-20 11:00:00
1137.266667,-6.567941353825137,896.2707466461749,902.838688,2020-12-20 12:00:00
999.091667,-6.567941353825137,885.0440626461748,891.612004,2020-12-20 13:00:00
975.033333,-6.567941353825137,802.1991756461748,808.767117,2020-12-20 14:00:00
653.058333,-6.567941353825137,624.4958026461749,631.063744,2020-12-20 15:00:00
45.091667,-6.567941353825137,27.78864564617486,34.356587,2020-12-20 16:00:00
0.0,-6.567941353825137,-6.498860353825138,0.069081,2020-12-20 17:00:00
0.0,-6.567941353825137,-6.508118353825138,0.059823,2020-12-20 18:00:00
0.0,-6.567941353825137,-6.508118353825138,0.059823,2020-12-20 19:00:00
0.0,-6.567941353825137,-6.508118353825138,0.059823,2020-12-20 20:00:00
0.0,-6.567941353825137,-6.508118353825138,0.059823,2020-12-20 21:00:00
0.0,-6.567941353825137,-6.508118353825138,0.059823,2020-12-20 22:00:00
0.0,-6.567941353825137,-6.508118353825138,0.059823,2020-12-20 23:00:00
0.0,-6.567941353825137,-6.508118353825138,0.059823,2020-12-21 00:00:00
0.0,-6.567941353825137,-6.508118353825138,0.059823,2020-12-21 01:00:00
0.0,-6.567941353825137,-6.508118353825138,0.059823,2020-12-21 02:00:00
0.0,-6.567941353825137,-6.508118353825138,0.059823,2020-12-21 03:00:00
0.0,-6.567941353825137,-6.508118353825138,0.059823,2020-12-21 04:00:00
0.0,-6.567941353825137,-6.508118353825138,0.059823,2020-12-21 05:00:00
0.433333,-6.567941353825137,-2.7016943538251375,3.866247,2020-12-21 06:00:00
310.766667,-6.567941353825137,377.7218646461749,384.289806,2020-12-21 07:00:00
811.783333,-6.567941353825137,689.9659176461748,696.533859,2020-12-21 08:00:00
954.791667,-6.567941353825137,939.2900886461748,945.85803,2020-12-21 09:00:00
931.725,-6.567941353825137,1007.8145086461748,1014.38245,2020-12-21 10:00:00
894.133333,-6.567941353825137,991.0016206461748,997.569562,2020-12-21 11:00:00
907.883333,-6.567941353825137,963.9705806461748,970.538522,2020-12-21 12:00:00
945.891667,-6.567941353825137,979.9684106461748,986.536352,2020-12-21 13:00:00
802.566667,-6.567941353825137,749.2577106461748,755.825652,2020-12-21 14:00:00
497.941667,-6.567941353825137,550.4206756461748,556.988617,2020-12-21 15:00:00
25.733333,-6.567941353825137,46.308863646174856,52.876805,2020-12-21 16:00:00
0.0,-6.567941353825137,-6.428601353825138,0.13934,2020-12-21 17:00:00
0.0,-6.567941353825137,-6.508118353825138,0.059823,2020-12-21 18:00:00
0.0,-6.567941353825137,-6.508118353825138,0.059823,2020-12-21 19:00:00
0.0,-6.567941353825137,-6.508118353825138,0.059823,2020-12-21 20:00:00
0.0,-6.567941353825137,-6.508118353825138,0.059823,2020-12-21 21:00:00
0.0,-6.567941353825137,-6.508118353825138,0.059823,2020-12-21 22:00:00
0.0,-6.567941353825137,-6.508118353825138,0.059823,2020-12-21 23:00:00
0.0,-6.567941353825137,-6.508118353825138,0.059823,2020-12-22 00:00:00
0.0,-6.567941353825137,-6.508118353825138,0.059823,2020-12-22 01:00:00
0.0,-6.567941353825137,-6.508118353825138,0.059823,2020-12-22 02:00:00
0.0,-6.567941353825137,-6.508118353825138,0.059823,2020-12-22 03:00:00
0.0,-6.567941353825137,-6.508118353825138,0.059823,2020-12-22 04:00:00
0.0,-6.567941353825137,-6.508118353825138,0.059823,2020-12-22 05:00:00
1.333333,-6.567941353825137,-3.6600963538251374,2.907845,2020-12-22 06:00:00
288.4,-6.567941353825137,345.3262206461749,351.894162,2020-12-22 07:00:00
885.983333,-6.567941353825137,826.9082266461749,833.476168,2020-12-22 08:00:00
1042.658333,-6.567941353825137,964.8369576461748,971.404899,2020-12-22 09:00:00
1066.641667,-6.567941353825137,1013.7251896461748,1020.293131,2020-12-22 10:00:00
1056.75,-6.567941353825137,1019.8515656461749,1026.419507,2020-12-22 11:00:00
1074.066667,-6.567941353825137,1015.6061296461748,1022.174071,2020-12-22 12:00:00
1034.458333,-6.567941353825137,961.9573046461749,968.525246,2020-12-22 13:00:00
963.825,-6.567941353825137,963.5170066461749,970.084948,2020-12-22 14:00:00
661.358333,-6.567941353825137,686.0481586461748,692.6161,2020-12-22 15:00:00
57.866667,-6.567941353825137,46.749157646174865,53.317099,2020-12-22 16:00:00
0.0,-6.567941353825137,-6.530228353825137,0.037713,2020-12-22 17:00:00
0.0,-6.567941353825137,-6.508118353825138,0.059823,2020-12-22 18:00:00
0.0,-6.567941353825137,-6.508118353825138,0.059823,2020-12-22 19:00:00
0.0,-6.567941353825137,-6.508118353825138,0.059823,2020-12-22 20:00:00
0.0,-6.567941353825137,-6.508118353825138,0.059823,2020-12-22 21:00:00
0.0,-6.567941353825137,-6.508118353825138,0.059823,2020-12-22 22:00:00
0.0,-6.567941353825137,-6.508118353825138,0.059823,2020-12-22 23:00:00
0.0,-6.567941353825137,-6.508118353825138,0.059823,2020-12-23 00:00:00
0.0,-6.567941353825137,-6.508118353825138,0.059823,2020-12-23 01:00:00
0.0,-6.567941353825137,-6.508118353825138,0.059823,2020-12-23 02:00:00
0.0,-6.567941353825137,-6.508118353825138,0.059823,2020-12-23 03:00:00
0.0,-6.567941353825137,-6.508118353825138,0.059823,2020-12-23 04:00:00
0.0,-6.567941353825137,-6.508118353825138,0.059823,2020-12-23 05:00:00
1.466667,-6.567941353825137,-5.351234353825138,1.216707,2020-12-23 06:00:00
364.208333,-6.567941353825137,299.4851926461749,306.053134,2020-12-23 07:00:00
877.608333,-6.567941353825137,715.2757926461749,721.843734,2020-12-23 08:00:00
1042.066667,-6.567941353825137,942.0884996461748,948.656441,2020-12-23 09:00:00
1088.616667,-6.567941353825137,921.8491756461748,928.417117,2020-12-23 10:00:00
1097.158333,-6.567941353825137,914.6585946461748,921.226536,2020-12-23 11:00:00
1092.058333,-6.567941353825137,938.1348076461749,944.702749,2020-12-23 12:00:00
1053.666667,-6.567941353825137,948.2639266461748,954.831868,2020-12-23 13:00:00
965.466667,-6.567941353825137,874.9732466461749,881.541188,2020-12-23 14:00:00
671.408333,-6.567941353825137,665.9596546461748,672.527596,2020-12-23 15:00:00
54.075,-6.567941353825137,48.93346564617487,55.501407,2020-12-23 16:00:00
0.0,-6.567941353825137,-6.503559353825137,0.064382,2020-12-23 17:00:00
0.0,-6.567941353825137,-6.508118353825138,0.059823,2020-12-23 18:00:00
0.0,-6.567941353825137,-6.508118353825138,0.059823,2020-12-23 19:00:00
0.0,-6.567941353825137,-6.508118353825138,0.059823,2020-12-23 20:00:00
0.0,-6.567941353825137,-6.508118353825138,0.059823,2020-12-23 21:00:00
0.0,-6.567941353825137,-6.508118353825138,0.059823,2020-12-23 22:00:00
0.0,-6.567941353825137,-6.508118353825138,0.059823,2020-12-23 23:00:00
0.0,-6.567941353825137,-6.508118353825138,0.059823,2020-12-24 00:00:00
0.0,-6.567941353825137,-6.508118353825138,0.059823,2020-12-24 01:00:00
0.0,-6.567941353825137,-6.508118353825138,0.059823,2020-12-24 02:00:00
0.0,-6.567941353825137,-6.508118353825138,0.059823,2020-12-24 03:00:00
0.0,-6.567941353825137,-6.508118353825138,0.059823,2020-12-24 04:00:00
0.0,-6.567941353825137,-6.508118353825138,0.059823,2020-12-24 05:00:00
1.441667,-6.567941353825137,-5.234337353825137,1.333604,2020-12-24 06:00:00
274.091667,-6.567941353825137,325.7906416461749,332.358583,2020-12-24 07:00:00
721.983333,-6.567941353825137,799.2345136461748,805.802455,2020-12-24 08:00:00
912.091667,-6.567941353825137,995.4069806461748,1001.974922,2020-12-24 09:00:00
1046.825,-6.567941353825137,1041.186302646175,1047.754244,2020-12-24 10:00:00
1026.45,-6.567941353825137,1038.934486646175,1045.502428,2020-12-24 11:00:00
977.341667,-6.567941353825137,1043.800763646175,1050.368705,2020-12-24 12:00:00
774.433333,-6.567941353825137,1008.8614616461748,1015.429403,2020-12-24 13:00:00
702.75,-6.567941353825137,956.7050556461749,963.272997,2020-12-24 14:00:00
422.458333,-6.567941353825137,666.0287286461748,672.59667,2020-12-24 15:00:00
28.575,-6.567941353825137,57.90997464617486,64.477916,2020-12-24 16:00:00
0.0,-6.567941353825137,-6.503559353825137,0.064382,2020-12-24 17:00:00
0.0,-6.567941353825137,-6.508118353825138,0.059823,2020-12-24 18:00:00
0.0,-6.567941353825137,-6.508118353825138,0.059823,2020-12-24 19:00:00
0.0,-6.567941353825137,-6.508118353825138,0.059823,2020-12-24 20:00:00
0.0,-6.567941353825137,-6.508118353825138,0.059823,2020-12-24 21:00:00
0.0,-6.567941353825137,-6.508118353825138,0.059823,2020-12-24 22:00:00
0.0,-6.567941353825137,-6.508118353825138,0.059823,2020-12-24 23:00:00
0.0,-6.567941353825137,-6.508118353825138,0.059823,2020-12-25 00:00:00
0.0,-6.567941353825137,-6.508118353825138,0.059823,2020-12-25 01:00:00
0.0,-6.567941353825137,-6.508118353825138,0.059823,2020-12-25 02:00:00
0.0,-6.567941353825137,-6.508118353825138,0.059823,2020-12-25 03:00:00
0.0,-6.567941353825137,-6.508118353825138,0.059823,2020-12-25 04:00:00
0.0,-6.567941353825137,-6.508118353825138,0.059823,2020-12-25 05:00:00
0.2,-6.567941353825137,-5.275115353825138,1.292826,2020-12-25 06:00:00
266.241667,-6.567941353825137,317.20903664617487,323.776978,2020-12-25 07:00:00
794.225,-6.567941353825137,794.7413166461748,801.309258,2020-12-25 08:00:00
763.15,-6.567941353825137,939.3034546461748,945.871396,2020-12-25 09:00:00
705.316667,-6.567941353825137,1005.9749556461749,1012.542897,2020-12-25 10:00:00
708.591667,-6.567941353825137,1054.587634646175,1061.155576,2020-12-25 11:00:00
848.208333,-6.567941353825137,1045.679170646175,1052.247112,2020-12-25 12:00:00
987.075,-6.567941353825137,1000.5920026461748,1007.159944,2020-12-25 13:00:00
916.208333,-6.567941353825137,935.6170106461748,942.184952,2020-12-25 14:00:00
664.575,-6.567941353825137,657.0111196461748,663.579061,2020-12-25 15:00:00
64.541667,-6.567941353825137,31.704946646174864,38.272888,2020-12-25 16:00:00
0.0,-6.567941353825137,-5.8399273538251375,0.728014,2020-12-25 17:00:00
0.0,-6.567941353825137,-6.508118353825138,0.059823,2020-12-25 18:00:00
0.0,-6.567941353825137,-6.508118353825138,0.059823,2020-12-25 19:00:00
0.0,-6.567941353825137,-6.508118353825138,0.059823,2020-12-25 20:00:00
0.0,-6.567941353825137,-6.508118353825138,0.059823,2020-12-25 21:00:00
0.0,-6.567941353825137,-6.508118353825138,0.059823,2020-12-25 22:00:00
0.0,-6.567941353825137,-6.508118353825138,0.059823,2020-12-25 23:00:00
0.0,-6.567941353825137,-6.508118353825138,0.059823,2020-12-26 00:00:00
0.0,-6.567941353825137,-6.508118353825138,0.059823,2020-12-26 01:00:00
0.0,-6.567941353825137,-6.508118353825138,0.059823,2020-12-26 02:00:00
0.0,-6.567941353825137,-6.508118353825138,0.059823,2020-12-26 03:00:00
0.0,-6.567941353825137,-6.508118353825138,0.059823,2020-12-26 04:00:00
0.0,-6.567941353825137,-6.508118353825138,0.059823,2020-12-26 05:00:00
0.6,-6.567941353825137,-5.275115353825138,1.292826,2020-12-26 06:00:00
337.325,-6.567941353825137,263.36807864617487,269.93602,2020-12-26 07:00:00
903.675,-6.567941353825137,752.3075076461748,758.875449,2020-12-26 08:00:00
1057.983333,-6.567941353825137,851.8214576461748,858.389399,2020-12-26 09:00:00
1097.358333,-6.567941353825137,968.9686616461748,975.536603,2020-12-26 10:00:00
1102.608333,-6.567941353825137,942.9343906461748,949.502332,2020-12-26 11:00:00
1099.241667,-6.567941353825137,937.8821686461748,944.45011,2020-12-26 12:00:00
1050.725,-6.567941353825137,901.3572276461748,907.925169,2020-12-26 13:00:00
968.408333,-6.567941353825137,863.4719186461748,870.03986,2020-12-26 14:00:00
659.341667,-6.567941353825137,527.2180516461748,533.785993,2020-12-26 15:00:00
45.625,-6.567941353825137,56.08845664617486,62.656398,2020-12-26 16:00:00
0.0,-6.567941353825137,-6.503559353825137,0.064382,2020-12-26 17:00:00
0.0,-6.567941353825137,-6.508118353825138,0.059823,2020-12-26 18:00:00
0.0,-6.567941353825137,-6.508118353825138,0.059823,2020-12-26 19:00:00
0.0,-6.567941353825137,-6.508118353825138,0.059823,2020-12-26 20:00:00
0.0,-6.567941353825137,-6.508118353825138,0.059823,2020-12-26 21:00:00
0.0,-6.567941353825137,-6.508118353825138,0.059823,2020-12-26 22:00:00
0.0,-6.567941353825137,-6.508118353825138,0.059823,2020-12-26 23:00:00
0.0,-6.567941353825137,-6.508118353825138,0.059823,2020-12-27 00:00:00
0.0,-6.567941353825137,-6.508118353825138,0.059823,2020-12-27 01:00:00
0.0,-6.567941353825137,-6.508118353825138,0.059823,2020-12-27 02:00:00
0.0,-6.567941353825137,-6.508118353825138,0.059823,2020-12-27 03:00:00
0.0,-6.567941353825137,-6.508118353825138,0.059823,2020-12-27 04:00:00
0.0,-6.567941353825137,-6.508118353825138,0.059823,2020-12-27 05:00:00
0.325,-6.567941353825137,-5.915554353825137,0.652387,2020-12-27 06:00:00
297.741667,-6.567941353825137,274.8996606461749,281.467602,2020-12-27 07:00:00
832.858333,-6.567941353825137,676.5617116461748,683.129653,2020-12-27 08:00:00
983.558333,-6.567941353825137,637.5900386461748,644.15798,2020-12-27 09:00:00
1033.566667,-6.567941353825137,724.7180016461748,731.285943,2020-12-27 10:00:00
1042.758333,-6.567941353825137,736.3334386461748,742.90138,2020-12-27 11:00:00
1029.575,-6.567941353825137,808.9914656461748,815.559407,2020-12-27 12:00:00
948.008333,-6.567941353825137,871.8270646461748,878.395006,2020-12-27 13:00:00
883.85,-6.567941353825137,855.6248646461748,862.192806,2020-12-27 14:00:00
612.55,-6.567941353825137,550.0056826461748,556.573624,2020-12-27 15:00:00
51.683333,-6.567941353825137,45.51541164617487,52.083353,2020-12-27 16:00:00
0.0,-6.567941353825137,-6.428601353825138,0.13934,2020-12-27 17:00:00
0.0,-6.567941353825137,-6.508118353825138,0.059823,2020-12-27 18:00:00
0.0,-6.567941353825137,-6.508118353825138,0.059823,2020-12-27 19:00:00
0.0,-6.567941353825137,-6.508118353825138,0.059823,2020-12-27 20:00:00
0.0,-6.567941353825137,-6.508118353825138,0.059823,2020-12-27 21:00:00
0.0,-6.567941353825137,-6.508118353825138,0.059823,2020-12-27 22:00:00
0.0,-6.567941353825137,-6.508118353825138,0.059823,2020-12-27 23:00:00
0.0,-6.567941353825137,-6.508118353825138,0.059823,2020-12-28 00:00:00
0.0,-6.567941353825137,-6.508118353825138,0.059823,2020-12-28 01:00:00
0.0,-6.567941353825137,-6.508118353825138,0.059823,2020-12-28 02:00:00
0.0,-6.567941353825137,-6.508118353825138,0.059823,2020-12-28 03:00:00
0.0,-6.567941353825137,-6.508118353825138,0.059823,2020-12-28 04:00:00
0.0,-6.567941353825137,-6.508118353825138,0.059823,2020-12-28 05:00:00
0.55,-6.567941353825137,-5.497572353825138,1.070369,2020-12-28 06:00:00
310.483333,-6.567941353825137,285.21835864617486,291.7863,2020-12-28 07:00:00
849.65,-6.567941353825137,825.6585836461749,832.226525,2020-12-28 08:00:00
999.125,-6.567941353825137,1016.3750816461749,1022.943023,2020-12-28 09:00:00
1002.525,-6.567941353825137,1034.807693646175,1041.375635,2020-12-28 10:00:00
1012.75,-6.567941353825137,1063.097962646175,1069.665904,2020-12-28 11:00:00
992.383333,-6.567941353825137,1068.1270136461749,1074.694955,2020-12-28 12:00:00
977.016667,-6.567941353825137,1009.5678816461748,1016.135823,2020-12-28 13:00:00
908.208333,-6.567941353825137,959.9184496461748,966.486391,2020-12-28 14:00:00
629.675,-6.567941353825137,637.1507116461748,643.718653,2020-12-28 15:00:00
49.541667,-6.567941353825137,53.00211564617486,59.570057,2020-12-28 16:00:00
0.0,-6.567941353825137,-6.503559353825137,0.064382,2020-12-28 17:00:00
0.0,-6.567941353825137,-6.508118353825138,0.059823,2020-12-28 18:00:00
0.0,-6.567941353825137,-6.508118353825138,0.059823,2020-12-28 19:00:00
0.0,-6.567941353825137,-6.508118353825138,0.059823,2020-12-28 20:00:00
0.0,-6.567941353825137,-6.508118353825138,0.059823,2020-12-28 21:00:00
0.0,-6.567941353825137,-6.508118353825138,0.059823,2020-12-28 22:00:00
0.0,-6.567941353825137,-6.508118353825138,0.059823,2020-12-28 23:00:00
0.0,-6.567941353825137,-6.508118353825138,0.059823,2020-12-29 00:00:00
0.0,-6.567941353825137,-6.508118353825138,0.059823,2020-12-29 01:00:00
0.0,-6.567941353825137,-6.508118353825138,0.059823,2020-12-29 02:00:00
0.0,-6.567941353825137,-6.508118353825138,0.059823,2020-12-29 03:00:00
0.0,-6.567941353825137,-6.508118353825138,0.059823,2020-12-29 04:00:00
0.0,-6.567941353825137,-6.508118353825138,0.059823,2020-12-29 05:00:00
0.433333,-6.567941353825137,-5.915554353825137,0.652387,2020-12-29 06:00:00
227.225,-6.567941353825137,291.44899464617487,298.016936,2020-12-29 07:00:00
662.133333,-6.567941353825137,767.2847436461748,773.852685,2020-12-29 08:00:00
679.283333,-6.567941353825137,968.5662116461748,975.134153,2020-12-29 09:00:00
713.758333,-6.567941353825137,1007.7757066461749,1014.343648,2020-12-29 10:00:00
720.066667,-6.567941353825137,1004.6850606461749,1011.253002,2020-12-29 11:00:00
573.091667,-6.567941353825137,1010.7550256461748,1017.322967,2020-12-29 12:00:00
581.633333,-6.567941353825137,940.8278506461749,947.395792,2020-12-29 13:00:00
470.233333,-6.567941353825137,905.2854626461748,911.853404,2020-12-29 14:00:00
349.383333,-6.567941353825137,594.2182956461749,600.786237,2020-12-29 15:00:00
12.916667,-6.567941353825137,48.08811864617486,54.65606,2020-12-29 16:00:00
0.0,-6.567941353825137,-6.428601353825138,0.13934,2020-12-29 17:00:00
0.0,-6.567941353825137,-6.508118353825138,0.059823,2020-12-29 18:00:00
0.0,-6.567941353825137,-6.508118353825138,0.059823,2020-12-29 19:00:00
0.0,-6.567941353825137,-6.508118353825138,0.059823,2020-12-29 20:00:00
0.0,-6.567941353825137,-6.508118353825138,0.059823,2020-12-29 21:00:00
0.0,-6.567941353825137,-6.508118353825138,0.059823,2020-12-29 22:00:00
0.0,-6.567941353825137,-6.508118353825138,0.059823,2020-12-29 23:00:00
0.0,-6.567941353825137,-6.508118353825138,0.059823,2020-12-30 00:00:00
0.0,-6.567941353825137,-6.508118353825138,0.059823,2020-12-30 01:00:00
0.0,-6.567941353825137,-6.508118353825138,0.059823,2020-12-30 02:00:00
0.0,-6.567941353825137,-6.508118353825138,0.059823,2020-12-30 03:00:00
0.0,-6.567941353825137,-6.508118353825138,0.059823,2020-12-30 04:00:00
0.0,-6.567941353825137,-6.508118353825138,0.059823,2020-12-30 05:00:00
0.175,-6.567941353825137,-5.497572353825138,1.070369,2020-12-30 06:00:00
229.85,-6.567941353825137,299.2848346461749,305.852776,2020-12-30 07:00:00
669.3,-6.567941353825137,766.0043326461748,772.572274,2020-12-30 08:00:00
766.466667,-6.567941353825137,889.1466156461748,895.714557,2020-12-30 09:00:00
802.475,-6.567941353825137,911.3860516461748,917.953993,2020-12-30 10:00:00
697.0,-6.567941353825137,938.0547976461748,944.622739,2020-12-30 11:00:00
726.241667,-6.567941353825137,951.3607346461748,957.928676,2020-12-30 12:00:00
698.716667,-6.567941353825137,886.4182046461748,892.986146,2020-12-30 13:00:00
593.191667,-6.567941353825137,850.5089076461749,857.076849,2020-12-30 14:00:00
359.85,-6.567941353825137,675.6744226461748,682.242364,2020-12-30 15:00:00
24.066667,-6.567941353825137,43.58141464617486,50.149356,2020-12-30 16:00:00
0.0,-6.567941353825137,-6.498860353825138,0.069081,2020-12-30 17:00:00
0.0,-6.567941353825137,-6.508118353825138,0.059823,2020-12-30 18:00:00
0.0,-6.567941353825137,-6.508118353825138,0.059823,2020-12-30 19:00:00
0.0,-6.567941353825137,-6.508118353825138,0.059823,2020-12-30 20:00:00
0.0,-6.567941353825137,-6.508118353825138,0.059823,2020-12-30 21:00:00
0.0,-6.567941353825137,-6.508118353825138,0.059823,2020-12-30 22:00:00
0.0,-6.567941353825137,-6.508118353825138,0.059823,2020-12-30 23:00:00
0.0,-6.567941353825137,-6.508118353825138,0.059823,2020-12-31 00:00:00
0.0,-6.567941353825137,-6.508118353825138,0.059823,2020-12-31 01:00:00
0.0,-6.567941353825137,-6.508118353825138,0.059823,2020-12-31 02:00:00
0.0,-6.567941353825137,-6.508118353825138,0.059823,2020-12-31 03:00:00
0.0,-6.567941353825137,-6.508118353825138,0.059823,2020-12-31 04:00:00
0.0,-6.567941353825137,-6.508118353825138,0.059823,2020-12-31 05:00:00
0.008333,-6.567941353825137,-5.7191083538251375,0.848833,2020-12-31 06:00:00
272.225,-6.567941353825137,273.3620096461749,279.929951,2020-12-31 07:00:00
791.708333,-6.567941353825137,740.6659956461748,747.233937,2020-12-31 08:00:00
958.508333,-6.567941353825137,873.5387746461748,880.106716,2020-12-31 09:00:00
893.716667,-6.567941353825137,891.1749886461748,897.74293,2020-12-31 10:00:00
979.358333,-6.567941353825137,925.1804816461748,931.748423,2020-12-31 11:00:00
1002.308333,-6.567941353825137,870.3456556461748,876.913597,2020-12-31 12:00:00
962.316667,-6.567941353825137,841.4938466461748,848.061788,2020-12-31 13:00:00
911.091667,-6.567941353825137,881.8438016461748,888.411743,2020-12-31 14:00:00
655.85,-6.567941353825137,671.2467656461748,677.814707,2020-12-31 15:00:00
84.4,-6.567941353825137,34.31069764617486,40.878639,2020-12-31 16:00:00
0.0,-6.567941353825137,-6.530228353825137,0.037713,2020-12-31 17:00:00
0.0,-6.567941353825137,-6.508118353825138,0.059823,2020-12-31 18:00:00
0.0,-6.567941353825137,-6.508118353825138,0.059823,2020-12-31 19:00:00
0.0,-6.567941353825137,-6.508118353825138,0.059823,2020-12-31 20:00:00
0.0,-6.567941353825137,-6.508118353825138,0.059823,2020-12-31 21:00:00
0.0,-6.567941353825137,-6.508118353825138,0.059823,2020-12-31 22:00:00
0.0,-6.567941353825137,-6.508118353825138,0.059823,2020-12-31 23:00:00
