timestamp,target,model,prediction,actual,absolute_error
2020-11-01 00:00:00,load,random_forest,3083.303275,3001.370949,81.932326
2020-11-01 00:00:00,load,mlp,3598.275391,3001.370949,596.904441
2020-11-01 00:00:00,load,RTS_DAY_AHEAD,3085.154897,3001.370949,83.783948
2020-11-01 01:00:00,load,random_forest,2943.789379,2886.210674,57.578704
2020-11-01 01:00:00,load,mlp,3536.505859,2886.210674,650.295185
2020-11-01 01:00:00,load,RTS_DAY_AHEAD,2968.681399,2886.210674,82.470725
2020-11-01 02:00:00,load,random_forest,2948.273015,2773.666395,174.60662
2020-11-01 02:00:00,load,mlp,3514.239014,2773.666395,740.572619
2020-11-01 02:00:00,load,RTS_DAY_AHEAD,2855.182119,2773.666395,81.515724
2020-11-01 03:00:00,load,random_forest,2982.601423,2743.01687,239.584554
2020-11-01 03:00:00,load,mlp,3507.953125,2743.01687,764.936255
2020-11-01 03:00:00,load,RTS_DAY_AHEAD,2824.548371,2743.01687,81.531501
2020-11-01 04:00:00,load,random_forest,3123.502531,2760.045851,363.45668
2020-11-01 04:00:00,load,mlp,3544.264404,2760.045851,784.218553
2020-11-01 04:00:00,load,RTS_DAY_AHEAD,2842.250776,2760.045851,82.204925
2020-11-01 05:00:00,load,random_forest,3121.378784,2794.019102,327.359681
2020-11-01 05:00:00,load,mlp,3606.63623,2794.019102,812.617128
2020-11-01 05:00:00,load,RTS_DAY_AHEAD,2877.432984,2794.019102,83.413882
2020-11-01 06:00:00,load,random_forest,3173.866232,2815.88747,357.978762
2020-11-01 06:00:00,load,mlp,3648.328125,2815.88747,832.440655
2020-11-01 06:00:00,load,RTS_DAY_AHEAD,2900.313626,2815.88747,84.426157
2020-11-01 07:00:00,load,random_forest,3055.295118,2881.007964,174.287154
2020-11-01 07:00:00,load,mlp,3732.873779,2881.007964,851.865815
2020-11-01 07:00:00,load,RTS_DAY_AHEAD,2968.114834,2881.007964,87.10687
2020-11-01 08:00:00,load,random_forest,3224.740705,3050.977401,173.763303
2020-11-01 08:00:00,load,mlp,3841.397217,3050.977401,790.419815
2020-11-01 08:00:00,load,RTS_DAY_AHEAD,3140.934837,3050.977401,89.957436
2020-11-01 09:00:00,load,random_forest,3519.514474,3232.402451,287.112022
2020-11-01 09:00:00,load,mlp,3925.677002,3232.402451,693.274551
2020-11-01 09:00:00,load,RTS_DAY_AHEAD,3325.090849,3232.402451,92.688398
2020-11-01 10:00:00,load,random_forest,3692.910755,3358.524863,334.385892
2020-11-01 10:00:00,load,mlp,3998.454346,3358.524863,639.929483
2020-11-01 10:00:00,load,RTS_DAY_AHEAD,3453.142447,3358.524863,94.617584
2020-11-01 11:00:00,load,random_forest,3833.267196,3430.750411,402.516785
2020-11-01 11:00:00,load,mlp,4057.833984,3430.750411,627.083573
2020-11-01 11:00:00,load,RTS_DAY_AHEAD,3526.291727,3430.750411,95.541316
2020-11-01 12:00:00,load,random_forest,4029.319852,3490.077678,539.242174
2020-11-01 12:00:00,load,mlp,4115.361328,3490.077678,625.28365
2020-11-01 12:00:00,load,RTS_DAY_AHEAD,3586.870013,3490.077678,96.792335
2020-11-01 13:00:00,load,random_forest,3870.810086,3519.469365,351.340721
2020-11-01 13:00:00,load,mlp,4153.958496,3519.469365,634.489131
2020-11-01 13:00:00,load,RTS_DAY_AHEAD,3617.970141,3519.469365,98.500776
2020-11-01 14:00:00,load,random_forest,3918.476783,3551.547294,366.929489
2020-11-01 14:00:00,load,mlp,4171.000488,3551.547294,619.453195
2020-11-01 14:00:00,load,RTS_DAY_AHEAD,3651.312306,3551.547294,99.765012
2020-11-01 15:00:00,load,random_forest,3920.240134,3571.737905,348.502229
2020-11-01 15:00:00,load,mlp,4157.024902,3571.737905,585.286997
2020-11-01 15:00:00,load,RTS_DAY_AHEAD,3673.088328,3571.737905,101.350423
2020-11-01 16:00:00,load,random_forest,3904.227746,3626.107869,278.119877
2020-11-01 16:00:00,load,mlp,4136.908203,3626.107869,510.800334
2020-11-01 16:00:00,load,RTS_DAY_AHEAD,3730.900463,3626.107869,104.792594
2020-11-01 17:00:00,load,random_forest,4193.606268,3908.491313,285.114955
2020-11-01 17:00:00,load,mlp,4180.946289,3908.491313,272.454976
2020-11-01 17:00:00,load,RTS_DAY_AHEAD,4022.818469,3908.491313,114.327156
2020-11-01 18:00:00,load,random_forest,4240.710512,4059.011492,181.69902
2020-11-01 18:00:00,load,mlp,4135.356445,4059.011492,76.344953
2020-11-01 18:00:00,load,RTS_DAY_AHEAD,4172.302508,4059.011492,113.291016
2020-11-01 19:00:00,load,random_forest,3966.916567,3959.390179,7.526389
2020-11-01 19:00:00,load,mlp,4062.024902,3959.390179,102.634724
2020-11-01 19:00:00,load,RTS_DAY_AHEAD,4067.235574,3959.390179,107.845395
2020-11-01 20:00:00,load,random_forest,3734.492841,3825.039285,90.546444
2020-11-01 20:00:00,load,mlp,3975.051514,3825.039285,150.012229
2020-11-01 20:00:00,load,RTS_DAY_AHEAD,3926.391322,3825.039285,101.352037
2020-11-01 21:00:00,load,random_forest,3640.942207,3617.502474,23.439733
2020-11-01 21:00:00,load,mlp,3866.537598,3617.502474,249.035124
2020-11-01 21:00:00,load,RTS_DAY_AHEAD,3711.391899,3617.502474,93.889425
2020-11-01 22:00:00,load,random_forest,3321.925551,3382.962556,61.037005
2020-11-01 22:00:00,load,mlp,3752.535156,3382.962556,369.5726
2020-11-01 22:00:00,load,RTS_DAY_AHEAD,3470.544457,3382.962556,87.581901
2020-11-01 23:00:00,load,random_forest,3102.438218,3143.111248,40.67303
2020-11-01 23:00:00,load,mlp,3652.384033,3143.111248,509.272785
2020-11-01 23:00:00,load,RTS_DAY_AHEAD,3227.48957,3143.111248,84.378322
2020-11-02 00:00:00,load,random_forest,3041.286111,2958.214764,83.071347
2020-11-02 00:00:00,load,mlp,3561.864746,2958.214764,603.649982
2020-11-02 00:00:00,load,RTS_DAY_AHEAD,3041.147623,2958.214764,82.932859
2020-11-02 01:00:00,load,random_forest,2941.963939,2907.008448,34.955491
2020-11-02 01:00:00,load,mlp,3519.997559,2907.008448,612.989111
2020-11-02 01:00:00,load,RTS_DAY_AHEAD,2989.297404,2907.008448,82.288956
2020-11-02 02:00:00,load,random_forest,2941.862524,2870.90793,70.954593
2020-11-02 02:00:00,load,mlp,3473.897217,2870.90793,602.989286
2020-11-02 02:00:00,load,RTS_DAY_AHEAD,2952.892939,2870.90793,81.985008
2020-11-02 03:00:00,load,random_forest,2958.404882,2883.221943,75.182939
2020-11-02 03:00:00,load,mlp,3454.559326,2883.221943,571.337383
2020-11-02 03:00:00,load,RTS_DAY_AHEAD,2966.448002,2883.221943,83.226059
2020-11-02 04:00:00,load,random_forest,3067.767551,2992.112532,75.655019
2020-11-02 04:00:00,load,mlp,3467.898438,2992.112532,475.785905
2020-11-02 04:00:00,load,RTS_DAY_AHEAD,3079.519404,2992.112532,87.406872
2020-11-02 05:00:00,load,random_forest,3173.015278,3215.427716,42.412437
2020-11-02 05:00:00,load,mlp,3498.054688,3215.427716,282.626972
2020-11-02 05:00:00,load,RTS_DAY_AHEAD,3311.425906,3215.427716,95.99819
2020-11-02 06:00:00,load,random_forest,3393.437531,3405.134923,11.697391
2020-11-02 06:00:00,load,mlp,3525.460449,3405.134923,120.325526
2020-11-02 06:00:00,load,RTS_DAY_AHEAD,3504.235075,3405.134923,99.100152
2020-11-02 07:00:00,load,random_forest,3440.563699,3586.816906,146.253207
2020-11-02 07:00:00,load,mlp,3598.063721,3586.816906,11.246814
2020-11-02 07:00:00,load,RTS_DAY_AHEAD,3686.453693,3586.816906,99.636787
2020-11-02 08:00:00,load,random_forest,3362.368223,3728.692509,366.324286
2020-11-02 08:00:00,load,mlp,3693.658691,3728.692509,35.033817
2020-11-02 08:00:00,load,RTS_DAY_AHEAD,3829.098959,3728.692509,100.40645
2020-11-02 09:00:00,load,random_forest,3098.360676,3857.130557,758.769881
2020-11-02 09:00:00,load,mlp,3787.940186,3857.130557,69.190372
2020-11-02 09:00:00,load,RTS_DAY_AHEAD,3959.892171,3857.130557,102.761614
2020-11-02 10:00:00,load,random_forest,3502.777762,3944.165726,441.387964
2020-11-02 10:00:00,load,mlp,3862.044434,3944.165726,82.121293
2020-11-02 10:00:00,load,RTS_DAY_AHEAD,4049.133436,3944.165726,104.96771
2020-11-02 11:00:00,load,random_forest,3440.762995,4020.463583,579.700589
2020-11-02 11:00:00,load,mlp,3923.427734,4020.463583,97.035849
2020-11-02 11:00:00,load,RTS_DAY_AHEAD,4127.497565,4020.463583,107.033982
2020-11-02 12:00:00,load,random_forest,3598.020673,4061.424787,463.404114
2020-11-02 12:00:00,load,mlp,3977.794434,4061.424787,83.630353
2020-11-02 12:00:00,load,RTS_DAY_AHEAD,4170.521164,4061.424787,109.096377
2020-11-02 13:00:00,load,random_forest,3597.21528,4100.80399,503.58871
2020-11-02 13:00:00,load,mlp,4021.807129,4100.80399,78.996861
2020-11-02 13:00:00,load,RTS_DAY_AHEAD,4211.864881,4100.80399,111.060891
2020-11-02 14:00:00,load,random_forest,3905.788807,4122.624811,216.836004
2020-11-02 14:00:00,load,mlp,4046.138184,4122.624811,76.486627
2020-11-02 14:00:00,load,RTS_DAY_AHEAD,4235.027519,4122.624811,112.402708
2020-11-02 15:00:00,load,random_forest,3786.32118,4089.986452,303.665272
2020-11-02 15:00:00,load,mlp,4051.116455,4089.986452,38.869997
2020-11-02 15:00:00,load,RTS_DAY_AHEAD,4202.78335,4089.986452,112.796898
2020-11-02 16:00:00,load,random_forest,3805.188219,4131.419931,326.231712
2020-11-02 16:00:00,load,mlp,4047.766357,4131.419931,83.653573
2020-11-02 16:00:00,load,RTS_DAY_AHEAD,4246.330196,4131.419931,114.910265
2020-11-02 17:00:00,load,random_forest,3956.3145,4403.731077,447.416577
2020-11-02 17:00:00,load,mlp,4116.091309,4403.731077,287.639769
2020-11-02 17:00:00,load,RTS_DAY_AHEAD,4527.389143,4403.731077,123.658066
2020-11-02 18:00:00,load,random_forest,4040.641301,4346.078242,305.436941
2020-11-02 18:00:00,load,mlp,4091.598145,4346.078242,254.480098
2020-11-02 18:00:00,load,RTS_DAY_AHEAD,4466.407272,4346.078242,120.32903
2020-11-02 19:00:00,load,random_forest,3925.70753,4216.3686,290.66107
2020-11-02 19:00:00,load,mlp,4023.848877,4216.3686,192.519723
2020-11-02 19:00:00,load,RTS_DAY_AHEAD,4330.216119,4216.3686,113.847519
2020-11-02 20:00:00,load,random_forest,3844.984688,4047.873557,202.888869
2020-11-02 20:00:00,load,mlp,3940.264893,4047.873557,107.608664
2020-11-02 20:00:00,load,RTS_DAY_AHEAD,4155.10249,4047.873557,107.228933
2020-11-02 21:00:00,load,random_forest,3606.875299,3784.630846,177.755547
2020-11-02 21:00:00,load,mlp,3830.793457,3784.630846,46.162611
2020-11-02 21:00:00,load,RTS_DAY_AHEAD,3881.984794,3784.630846,97.353948
2020-11-02 22:00:00,load,random_forest,3402.041823,3469.071141,67.029318
2020-11-02 22:00:00,load,mlp,3723.07373,3469.071141,254.00259
2020-11-02 22:00:00,load,RTS_DAY_AHEAD,3558.965961,3469.071141,89.89482
2020-11-02 23:00:00,load,random_forest,3225.486998,3222.597427,2.889571
2020-11-02 23:00:00,load,mlp,3627.65625,3222.597427,405.058823
2020-11-02 23:00:00,load,RTS_DAY_AHEAD,3308.936328,3222.597427,86.3389
2020-11-03 00:00:00,load,random_forest,3010.572895,3051.224637,40.651742
2020-11-03 00:00:00,load,mlp,3562.221191,3051.224637,510.996555
2020-11-03 00:00:00,load,RTS_DAY_AHEAD,3135.531282,3051.224637,84.306645
2020-11-03 01:00:00,load,random_forest,2948.52978,2978.305247,29.775467
2020-11-03 01:00:00,load,mlp,3500.230957,2978.305247,521.92571
2020-11-03 01:00:00,load,RTS_DAY_AHEAD,3061.803449,2978.305247,83.498202
2020-11-03 02:00:00,load,random_forest,2952.368418,2928.754047,23.614371
2020-11-03 02:00:00,load,mlp,3465.474121,2928.754047,536.720074
2020-11-03 02:00:00,load,RTS_DAY_AHEAD,3011.72975,2928.754047,82.975703
2020-11-03 03:00:00,load,random_forest,2920.034487,2923.060033,3.025545
2020-11-03 03:00:00,load,mlp,3463.246826,2923.060033,540.186794
2020-11-03 03:00:00,load,RTS_DAY_AHEAD,3007.205461,2923.060033,84.145428
2020-11-03 04:00:00,load,random_forest,3098.445659,3018.81137,79.634289
2020-11-03 04:00:00,load,mlp,3500.981689,3018.81137,482.170319
2020-11-03 04:00:00,load,RTS_DAY_AHEAD,3107.688849,3018.81137,88.877479
2020-11-03 05:00:00,load,random_forest,3228.172004,3243.600917,15.428913
2020-11-03 05:00:00,load,mlp,3560.427734,3243.600917,316.826817
2020-11-03 05:00:00,load,RTS_DAY_AHEAD,3341.219658,3243.600917,97.618741
2020-11-03 06:00:00,load,random_forest,3346.36641,3454.649483,108.283073
2020-11-03 06:00:00,load,mlp,3619.966064,3454.649483,165.316582
2020-11-03 06:00:00,load,RTS_DAY_AHEAD,3555.285825,3454.649483,100.636342
2020-11-03 07:00:00,load,random_forest,3525.536632,3599.961842,74.42521
2020-11-03 07:00:00,load,mlp,3702.309082,3599.961842,102.34724
2020-11-03 07:00:00,load,RTS_DAY_AHEAD,3700.739521,3599.961842,100.777679
2020-11-03 08:00:00,load,random_forest,3742.722092,3749.415351,6.69326
2020-11-03 08:00:00,load,mlp,3803.30542,3749.415351,53.890069
2020-11-03 08:00:00,load,RTS_DAY_AHEAD,3850.582917,3749.415351,101.167566
2020-11-03 09:00:00,load,random_forest,3938.425254,3869.849151,68.576104
2020-11-03 09:00:00,load,mlp,3900.745605,3869.849151,30.896455
2020-11-03 09:00:00,load,RTS_DAY_AHEAD,3973.053825,3869.849151,103.204674
2020-11-03 10:00:00,load,random_forest,4177.800089,3945.765039,232.03505
2020-11-03 10:00:00,load,mlp,3988.378418,3945.765039,42.613379
2020-11-03 10:00:00,load,RTS_DAY_AHEAD,4049.969989,3945.765039,104.20495
2020-11-03 11:00:00,load,random_forest,4161.148154,3997.461887,163.686267
2020-11-03 11:00:00,load,mlp,4056.929688,3997.461887,59.467801
2020-11-03 11:00:00,load,RTS_DAY_AHEAD,4104.218558,3997.461887,106.756671
2020-11-03 12:00:00,load,random_forest,4204.811444,4030.174744,174.6367
2020-11-03 12:00:00,load,mlp,4113.043945,4030.174744,82.869201
2020-11-03 12:00:00,load,RTS_DAY_AHEAD,4138.666141,4030.174744,108.491397
2020-11-03 13:00:00,load,random_forest,4422.547144,4063.436949,359.110195
2020-11-03 13:00:00,load,mlp,4149.700684,4063.436949,86.263735
2020-11-03 13:00:00,load,RTS_DAY_AHEAD,4173.296043,4063.436949,109.859094
2020-11-03 14:00:00,load,random_forest,4441.385561,4074.715076,366.670484
2020-11-03 14:00:00,load,mlp,4162.704102,4074.715076,87.989025
2020-11-03 14:00:00,load,RTS_DAY_AHEAD,4186.685765,4074.715076,111.970689
2020-11-03 15:00:00,load,random_forest,4367.45055,4053.760915,313.689635
2020-11-03 15:00:00,load,mlp,4149.976562,4053.760915,96.215648
2020-11-03 15:00:00,load,RTS_DAY_AHEAD,4165.849508,4053.760915,112.088593
2020-11-03 16:00:00,load,random_forest,4245.59219,4070.829813,174.762378
2020-11-03 16:00:00,load,mlp,4148.509766,4070.829813,77.679953
2020-11-03 16:00:00,load,RTS_DAY_AHEAD,4184.017346,4070.829813,113.187533
2020-11-03 17:00:00,load,random_forest,4330.544784,4267.192823,63.351961
2020-11-03 17:00:00,load,mlp,4209.605957,4267.192823,57.586866
2020-11-03 17:00:00,load,RTS_DAY_AHEAD,4383.030921,4267.192823,115.838098
2020-11-03 18:00:00,load,random_forest,4213.129508,4133.561873,79.567635
2020-11-03 18:00:00,load,mlp,4196.100098,4133.561873,62.538225
2020-11-03 18:00:00,load,RTS_DAY_AHEAD,4243.914432,4133.561873,110.352559
2020-11-03 19:00:00,load,random_forest,4181.321071,4029.576898,151.744173
2020-11-03 19:00:00,load,mlp,4136.87793,4029.576898,107.301032
2020-11-03 19:00:00,load,RTS_DAY_AHEAD,4136.799643,4029.576898,107.222745
2020-11-03 20:00:00,load,random_forest,4161.922424,3926.681924,235.2405
2020-11-03 20:00:00,load,mlp,4046.574219,3926.681924,119.892295
2020-11-03 20:00:00,load,RTS_DAY_AHEAD,4031.167329,3926.681924,104.485405
2020-11-03 21:00:00,load,random_forest,3700.999458,3705.104625,4.105167
2020-11-03 21:00:00,load,mlp,3923.536377,3705.104625,218.431751
2020-11-03 21:00:00,load,RTS_DAY_AHEAD,3801.118007,3705.104625,96.013382
2020-11-03 22:00:00,load,random_forest,3473.999017,3416.812691,57.186326
2020-11-03 22:00:00,load,mlp,3801.837402,3416.812691,385.024712
2020-11-03 22:00:00,load,RTS_DAY_AHEAD,3505.871849,3416.812691,89.059158
2020-11-03 23:00:00,load,random_forest,3244.617022,3200.13337,44.483652
2020-11-03 23:00:00,load,mlp,3698.084717,3200.13337,497.951347
2020-11-03 23:00:00,load,RTS_DAY_AHEAD,3285.99478,3200.13337,85.861411
2020-11-04 00:00:00,load,random_forest,3170.762129,3045.921715,124.840414
2020-11-04 00:00:00,load,mlp,3626.271484,3045.921715,580.34977
2020-11-04 00:00:00,load,RTS_DAY_AHEAD,3129.834046,3045.921715,83.912331
2020-11-04 01:00:00,load,random_forest,2999.126183,2973.863017,25.263166
2020-11-04 01:00:00,load,mlp,3572.66748,2973.863017,598.804463
2020-11-04 01:00:00,load,RTS_DAY_AHEAD,3057.250807,2973.863017,83.38779
2020-11-04 02:00:00,load,random_forest,2961.097887,2927.586779,33.511108
2020-11-04 02:00:00,load,mlp,3540.237549,2927.586779,612.65077
2020-11-04 02:00:00,load,RTS_DAY_AHEAD,3010.368841,2927.586779,82.782062
2020-11-04 03:00:00,load,random_forest,2902.396107,2936.848356,34.45225
2020-11-04 03:00:00,load,mlp,3529.82666,2936.848356,592.978304
2020-11-04 03:00:00,load,RTS_DAY_AHEAD,3021.067123,2936.848356,84.218767
2020-11-04 04:00:00,load,random_forest,3025.718647,3054.435205,28.716558
2020-11-04 04:00:00,load,mlp,3571.446777,3054.435205,517.011573
2020-11-04 04:00:00,load,RTS_DAY_AHEAD,3143.370351,3054.435205,88.935146
2020-11-04 05:00:00,load,random_forest,3210.724327,3245.353792,34.629465
2020-11-04 05:00:00,load,mlp,3667.106934,3245.353792,421.753142
2020-11-04 05:00:00,load,RTS_DAY_AHEAD,3342.476641,3245.353792,97.122849
2020-11-04 06:00:00,load,random_forest,3429.210141,3434.203135,4.992994
2020-11-04 06:00:00,load,mlp,3754.927246,3434.203135,320.724112
2020-11-04 06:00:00,load,RTS_DAY_AHEAD,3534.68746,3434.203135,100.484326
2020-11-04 07:00:00,load,random_forest,3386.165567,3575.965293,189.799726
2020-11-04 07:00:00,load,mlp,3849.751221,3575.965293,273.785927
2020-11-04 07:00:00,load,RTS_DAY_AHEAD,3675.741659,3575.965293,99.776366
2020-11-04 08:00:00,load,random_forest,3771.265518,3716.900072,54.365446
2020-11-04 08:00:00,load,mlp,3938.970215,3716.900072,222.070143
2020-11-04 08:00:00,load,RTS_DAY_AHEAD,3817.027947,3716.900072,100.127875
2020-11-04 09:00:00,load,random_forest,3908.187377,3838.224394,69.962983
2020-11-04 09:00:00,load,mlp,4033.481201,3838.224394,195.256807
2020-11-04 09:00:00,load,RTS_DAY_AHEAD,3940.109093,3838.224394,101.884699
2020-11-04 10:00:00,load,random_forest,3928.118595,3913.106844,15.011751
2020-11-04 10:00:00,load,mlp,4105.212402,3913.106844,192.105559
2020-11-04 10:00:00,load,RTS_DAY_AHEAD,4016.576759,3913.106844,103.469915
2020-11-04 11:00:00,load,random_forest,4118.768528,3970.816198,147.95233
2020-11-04 11:00:00,load,mlp,4155.172852,3970.816198,184.356653
2020-11-04 11:00:00,load,RTS_DAY_AHEAD,4076.147951,3970.816198,105.331753
2020-11-04 12:00:00,load,random_forest,4142.587683,4014.48608,128.101603
2020-11-04 12:00:00,load,mlp,4191.088867,4014.48608,176.602787
2020-11-04 12:00:00,load,RTS_DAY_AHEAD,4121.782841,4014.48608,107.296761
2020-11-04 13:00:00,load,random_forest,4079.536026,4010.746121,68.789905
2020-11-04 13:00:00,load,mlp,4215.753906,4010.746121,205.007785
2020-11-04 13:00:00,load,RTS_DAY_AHEAD,4118.40528,4010.746121,107.659159
2020-11-04 14:00:00,load,random_forest,4070.058042,4027.697282,42.36076
2020-11-04 14:00:00,load,mlp,4219.692383,4027.697282,191.995101
2020-11-04 14:00:00,load,RTS_DAY_AHEAD,4136.343176,4027.697282,108.645894
2020-11-04 15:00:00,load,random_forest,4079.359198,3997.51418,81.845018
2020-11-04 15:00:00,load,mlp,4205.810547,3997.51418,208.296367
2020-11-04 15:00:00,load,RTS_DAY_AHEAD,4106.28238,3997.51418,108.7682
2020-11-04 16:00:00,load,random_forest,4083.251498,4072.46798,10.783519
2020-11-04 16:00:00,load,mlp,4196.356934,4072.46798,123.888954
2020-11-04 16:00:00,load,RTS_DAY_AHEAD,4184.716506,4072.46798,112.248526
2020-11-04 17:00:00,load,random_forest,4256.141277,4366.183501,110.042224
2020-11-04 17:00:00,load,mlp,4252.835449,4366.183501,113.348052
2020-11-04 17:00:00,load,RTS_DAY_AHEAD,4487.278523,4366.183501,121.095022
2020-11-04 18:00:00,load,random_forest,4245.158864,4317.268838,72.109974
2020-11-04 18:00:00,load,mlp,4226.563965,4317.268838,90.704873
2020-11-04 18:00:00,load,RTS_DAY_AHEAD,4434.778698,4317.268838,117.50986
2020-11-04 19:00:00,load,random_forest,4100.104612,4201.007959,100.903347
2020-11-04 19:00:00,load,mlp,4158.869629,4201.007959,42.13833
2020-11-04 19:00:00,load,RTS_DAY_AHEAD,4313.507919,4201.007959,112.49996
2020-11-04 20:00:00,load,random_forest,3939.900974,4044.063256,104.162281
2020-11-04 20:00:00,load,mlp,4066.414062,4044.063256,22.350807
2020-11-04 20:00:00,load,RTS_DAY_AHEAD,4150.352953,4044.063256,106.289697
2020-11-04 21:00:00,load,random_forest,3783.428531,3776.420238,7.008293
2020-11-04 21:00:00,load,mlp,3952.410156,3776.420238,175.989919
2020-11-04 21:00:00,load,RTS_DAY_AHEAD,3872.805651,3776.420238,96.385413
2020-11-04 22:00:00,load,random_forest,3452.33641,3516.569503,64.233093
2020-11-04 22:00:00,load,mlp,3822.394531,3516.569503,305.825028
2020-11-04 22:00:00,load,RTS_DAY_AHEAD,3606.161232,3516.569503,89.591729
2020-11-04 23:00:00,load,random_forest,3252.18561,3269.434887,17.249277
2020-11-04 23:00:00,load,mlp,3708.731934,3269.434887,439.297046
2020-11-04 23:00:00,load,RTS_DAY_AHEAD,3355.181322,3269.434887,85.746435
2020-11-05 00:00:00,load,random_forest,3089.650237,3078.70437,10.945868
2020-11-05 00:00:00,load,mlp,3625.813721,3078.70437,547.109351
2020-11-05 00:00:00,load,RTS_DAY_AHEAD,3162.843394,3078.70437,84.139024
2020-11-05 01:00:00,load,random_forest,3017.339015,2966.421682,50.917333
2020-11-05 01:00:00,load,mlp,3561.764893,2966.421682,595.34321
2020-11-05 01:00:00,load,RTS_DAY_AHEAD,3049.378,2966.421682,82.956318
2020-11-05 02:00:00,load,random_forest,2989.426974,2901.794318,87.632656
2020-11-05 02:00:00,load,mlp,3530.409668,2901.794318,628.61535
2020-11-05 02:00:00,load,RTS_DAY_AHEAD,2984.444966,2901.794318,82.650648
2020-11-05 03:00:00,load,random_forest,2943.395187,2909.345181,34.050006
2020-11-05 03:00:00,load,mlp,3525.166504,2909.345181,615.821323
2020-11-05 03:00:00,load,RTS_DAY_AHEAD,2993.121817,2909.345181,83.776637
2020-11-05 04:00:00,load,random_forest,3012.668195,3005.197346,7.470849
2020-11-05 04:00:00,load,mlp,3561.0,3005.197346,555.802654
2020-11-05 04:00:00,load,RTS_DAY_AHEAD,3093.658578,3005.197346,88.461232
2020-11-05 05:00:00,load,random_forest,3210.069164,3268.600583,58.531419
2020-11-05 05:00:00,load,mlp,3651.962402,3268.600583,383.361819
2020-11-05 05:00:00,load,RTS_DAY_AHEAD,3365.881194,3268.600583,97.280611
2020-11-05 06:00:00,load,random_forest,3393.598387,3459.222789,65.624402
2020-11-05 06:00:00,load,mlp,3743.236816,3459.222789,284.014027
2020-11-05 06:00:00,load,RTS_DAY_AHEAD,3559.405149,3459.222789,100.18236
2020-11-05 07:00:00,load,random_forest,3485.391156,3598.563559,113.172404
2020-11-05 07:00:00,load,mlp,3833.630859,3598.563559,235.0673
2020-11-05 07:00:00,load,RTS_DAY_AHEAD,3698.118365,3598.563559,99.554806
2020-11-05 08:00:00,load,random_forest,3737.988087,3712.8651,25.122987
2020-11-05 08:00:00,load,mlp,3925.177734,3712.8651,212.312634
2020-11-05 08:00:00,load,RTS_DAY_AHEAD,3812.420933,3712.8651,99.555833
2020-11-05 09:00:00,load,random_forest,3763.165824,3844.137896,80.972072
2020-11-05 09:00:00,load,mlp,4017.815674,3844.137896,173.677778
2020-11-05 09:00:00,load,RTS_DAY_AHEAD,3945.267615,3844.137896,101.129719
2020-11-05 10:00:00,load,random_forest,3974.794093,3923.140349,51.653744
2020-11-05 10:00:00,load,mlp,4091.061768,3923.140349,167.921418
2020-11-05 10:00:00,load,RTS_DAY_AHEAD,4025.753257,3923.140349,102.612908
2020-11-05 11:00:00,load,random_forest,3984.541482,3981.513662,3.02782
2020-11-05 11:00:00,load,mlp,4137.587891,3981.513662,156.074228
2020-11-05 11:00:00,load,RTS_DAY_AHEAD,4085.830251,3981.513662,104.316589
2020-11-05 12:00:00,load,random_forest,4185.898228,3964.037838,221.86039
2020-11-05 12:00:00,load,mlp,4170.288574,3964.037838,206.250736
2020-11-05 12:00:00,load,RTS_DAY_AHEAD,4069.7309,3964.037838,105.693062
2020-11-05 13:00:00,load,random_forest,4112.905159,3992.531444,120.373715
2020-11-05 13:00:00,load,mlp,4190.98877,3992.531444,198.457326
2020-11-05 13:00:00,load,RTS_DAY_AHEAD,4099.118774,3992.531444,106.58733
2020-11-05 14:00:00,load,random_forest,3997.412648,4014.019778,16.60713
2020-11-05 14:00:00,load,mlp,4194.006836,4014.019778,179.987058
2020-11-05 14:00:00,load,RTS_DAY_AHEAD,4122.174044,4014.019778,108.154266
2020-11-05 15:00:00,load,random_forest,3940.532022,4038.112491,97.58047
2020-11-05 15:00:00,load,mlp,4183.672852,4038.112491,145.56036
2020-11-05 15:00:00,load,RTS_DAY_AHEAD,4146.893579,4038.112491,108.781088
2020-11-05 16:00:00,load,random_forest,4056.916779,4098.968557,42.051779
2020-11-05 16:00:00,load,mlp,4171.268066,4098.968557,72.299509
2020-11-05 16:00:00,load,RTS_DAY_AHEAD,4211.386693,4098.968557,112.418136
2020-11-05 17:00:00,load,random_forest,4138.205224,4378.027601,239.822378
2020-11-05 17:00:00,load,mlp,4228.461426,4378.027601,149.566176
2020-11-05 17:00:00,load,RTS_DAY_AHEAD,4499.148351,4378.027601,121.120749
2020-11-05 18:00:00,load,random_forest,4223.131799,4330.638171,107.506373
2020-11-05 18:00:00,load,mlp,4191.993164,4330.638171,138.645007
2020-11-05 18:00:00,load,RTS_DAY_AHEAD,4448.184265,4330.638171,117.546094
2020-11-05 19:00:00,load,random_forest,4347.952639,4205.955152,141.997486
2020-11-05 19:00:00,load,mlp,4131.557129,4205.955152,74.398023
2020-11-05 19:00:00,load,RTS_DAY_AHEAD,4317.740631,4205.955152,111.785479
2020-11-05 20:00:00,load,random_forest,4052.396393,4054.271079,1.874686
2020-11-05 20:00:00,load,mlp,4056.575439,4054.271079,2.30436
2020-11-05 20:00:00,load,RTS_DAY_AHEAD,4160.157666,4054.271079,105.886587
2020-11-05 21:00:00,load,random_forest,3776.900479,3799.115473,22.214994
2020-11-05 21:00:00,load,mlp,3950.668701,3799.115473,151.553228
2020-11-05 21:00:00,load,RTS_DAY_AHEAD,3895.98991,3799.115473,96.874437
2020-11-05 22:00:00,load,random_forest,3503.137217,3519.16447,16.027253
2020-11-05 22:00:00,load,mlp,3833.778564,3519.16447,314.614094
2020-11-05 22:00:00,load,RTS_DAY_AHEAD,3608.39227,3519.16447,89.2278
2020-11-05 23:00:00,load,random_forest,3326.438077,3273.373206,53.064871
2020-11-05 23:00:00,load,mlp,3727.267578,3273.373206,453.894372
2020-11-05 23:00:00,load,RTS_DAY_AHEAD,3359.305734,3273.373206,85.932528
2020-11-06 00:00:00,load,random_forest,3145.18327,3077.332647,67.850623
2020-11-06 00:00:00,load,mlp,3627.084717,3077.332647,549.75207
2020-11-06 00:00:00,load,RTS_DAY_AHEAD,3161.329233,3077.332647,83.996586
2020-11-06 01:00:00,load,random_forest,3012.091212,2990.156566,21.934646
2020-11-06 01:00:00,load,mlp,3562.602051,2990.156566,572.445484
2020-11-06 01:00:00,load,RTS_DAY_AHEAD,3073.422967,2990.156566,83.266401
2020-11-06 02:00:00,load,random_forest,2959.470417,2929.111112,30.359305
2020-11-06 02:00:00,load,mlp,3526.048096,2929.111112,596.936984
2020-11-06 02:00:00,load,RTS_DAY_AHEAD,3011.722152,2929.111112,82.61104
2020-11-06 03:00:00,load,random_forest,2945.061761,2925.997478,19.064283
2020-11-06 03:00:00,load,mlp,3518.509033,2925.997478,592.511556
2020-11-06 03:00:00,load,RTS_DAY_AHEAD,3009.575553,2925.997478,83.578076
2020-11-06 04:00:00,load,random_forest,2987.967866,3015.104632,27.136766
2020-11-06 04:00:00,load,mlp,3555.807129,3015.104632,540.702497
2020-11-06 04:00:00,load,RTS_DAY_AHEAD,3103.405787,3015.104632,88.301155
2020-11-06 05:00:00,load,random_forest,3209.214585,3267.386084,58.171499
2020-11-06 05:00:00,load,mlp,3619.537598,3267.386084,352.151514
2020-11-06 05:00:00,load,RTS_DAY_AHEAD,3364.402229,3267.386084,97.016145
2020-11-06 06:00:00,load,random_forest,3454.215201,3453.585248,0.629953
2020-11-06 06:00:00,load,mlp,3723.089111,3453.585248,269.503863
2020-11-06 06:00:00,load,RTS_DAY_AHEAD,3553.963202,3453.585248,100.377954
2020-11-06 07:00:00,load,random_forest,3562.600363,3601.082901,38.482537
2020-11-06 07:00:00,load,mlp,3822.528564,3601.082901,221.445664
2020-11-06 07:00:00,load,RTS_DAY_AHEAD,3700.760142,3601.082901,99.677241
2020-11-06 08:00:00,load,random_forest,3689.730948,3737.614644,47.883696
2020-11-06 08:00:00,load,mlp,3914.213379,3737.614644,176.598735
2020-11-06 08:00:00,load,RTS_DAY_AHEAD,3837.64731,3737.614644,100.032666
2020-11-06 09:00:00,load,random_forest,3746.389272,3876.632631,130.243358
2020-11-06 09:00:00,load,mlp,3993.990234,3876.632631,117.357603
2020-11-06 09:00:00,load,RTS_DAY_AHEAD,3979.058387,3876.632631,102.425756
2020-11-06 10:00:00,load,random_forest,3872.061925,3952.577616,80.515692
2020-11-06 10:00:00,load,mlp,4063.739502,3952.577616,111.161885
2020-11-06 10:00:00,load,RTS_DAY_AHEAD,4055.879383,3952.577616,103.301767
2020-11-06 11:00:00,load,random_forest,4022.062298,4011.856131,10.206168
2020-11-06 11:00:00,load,mlp,4113.595215,4011.856131,101.739084
2020-11-06 11:00:00,load,RTS_DAY_AHEAD,4117.413033,4011.856131,105.556902
2020-11-06 12:00:00,load,random_forest,4046.242905,4030.44028,15.802625
2020-11-06 12:00:00,load,mlp,4147.999023,4030.44028,117.558743
2020-11-06 12:00:00,load,RTS_DAY_AHEAD,4138.365119,4030.44028,107.924839
2020-11-06 13:00:00,load,random_forest,3985.103793,4054.826598,69.722805
2020-11-06 13:00:00,load,mlp,4158.095703,4054.826598,103.269105
2020-11-06 13:00:00,load,RTS_DAY_AHEAD,4164.590234,4054.826598,109.763636
2020-11-06 14:00:00,load,random_forest,4028.355651,4058.73469,30.379039
2020-11-06 14:00:00,load,mlp,4165.109863,4058.73469,106.375174
2020-11-06 14:00:00,load,RTS_DAY_AHEAD,4169.91843,4058.73469,111.18374
2020-11-06 15:00:00,load,random_forest,4039.649247,4018.133471,21.515777
2020-11-06 15:00:00,load,mlp,4149.625488,4018.133471,131.492018
2020-11-06 15:00:00,load,RTS_DAY_AHEAD,4129.472791,4018.133471,111.33932
2020-11-06 16:00:00,load,random_forest,3995.013116,4072.740618,77.727503
2020-11-06 16:00:00,load,mlp,4142.373047,4072.740618,69.632429
2020-11-06 16:00:00,load,RTS_DAY_AHEAD,4186.559504,4072.740618,113.818886
2020-11-06 17:00:00,load,random_forest,4183.017081,4301.433271,118.41619
2020-11-06 17:00:00,load,mlp,4201.841797,4301.433271,99.591474
2020-11-06 17:00:00,load,RTS_DAY_AHEAD,4419.737776,4301.433271,118.304505
2020-11-06 18:00:00,load,random_forest,4210.758759,4219.500827,8.742068
2020-11-06 18:00:00,load,mlp,4181.706055,4219.500827,37.794772
2020-11-06 18:00:00,load,RTS_DAY_AHEAD,4332.996374,4219.500827,113.495547
2020-11-06 19:00:00,load,random_forest,4286.067766,4101.939603,184.128163
2020-11-06 19:00:00,load,mlp,4121.133301,4101.939603,19.193698
2020-11-06 19:00:00,load,RTS_DAY_AHEAD,4210.876731,4101.939603,108.937128
2020-11-06 20:00:00,load,random_forest,4076.373189,3962.746545,113.626644
2020-11-06 20:00:00,load,mlp,4032.808105,3962.746545,70.06156
2020-11-06 20:00:00,load,RTS_DAY_AHEAD,4066.497794,3962.746545,103.751249
2020-11-06 21:00:00,load,random_forest,3771.154305,3753.1974,17.956905
2020-11-06 21:00:00,load,mlp,3931.667236,3753.1974,178.469836
2020-11-06 21:00:00,load,RTS_DAY_AHEAD,3849.920367,3753.1974,96.722967
2020-11-06 22:00:00,load,random_forest,3568.494556,3506.931585,61.562971
2020-11-06 22:00:00,load,mlp,3824.978027,3506.931585,318.046442
2020-11-06 22:00:00,load,RTS_DAY_AHEAD,3596.997823,3506.931585,90.066238
2020-11-06 23:00:00,load,random_forest,3342.471762,3269.487251,72.98451
2020-11-06 23:00:00,load,mlp,3720.285645,3269.487251,450.798393
2020-11-06 23:00:00,load,RTS_DAY_AHEAD,3355.643977,3269.487251,86.156725
2020-11-07 00:00:00,load,random_forest,3177.995897,3064.757848,113.238049
2020-11-07 00:00:00,load,mlp,3617.915527,3064.757848,553.15768
2020-11-07 00:00:00,load,RTS_DAY_AHEAD,3148.722774,3064.757848,83.964926
2020-11-07 01:00:00,load,random_forest,2974.871873,2940.067645,34.804229
2020-11-07 01:00:00,load,mlp,3546.351074,2940.067645,606.28343
2020-11-07 01:00:00,load,RTS_DAY_AHEAD,3022.717073,2940.067645,82.649429
2020-11-07 02:00:00,load,random_forest,2962.000436,2858.64719,103.353246
2020-11-07 02:00:00,load,mlp,3511.262939,2858.64719,652.61575
2020-11-07 02:00:00,load,RTS_DAY_AHEAD,2940.713668,2858.64719,82.066478
2020-11-07 03:00:00,load,random_forest,2933.221407,2830.717845,102.503562
2020-11-07 03:00:00,load,mlp,3507.309326,2830.717845,676.591481
2020-11-07 03:00:00,load,RTS_DAY_AHEAD,2912.931992,2830.717845,82.214147
2020-11-07 04:00:00,load,random_forest,3036.005265,2824.99733,211.007934
2020-11-07 04:00:00,load,mlp,3541.503906,2824.99733,716.506576
2020-11-07 04:00:00,load,RTS_DAY_AHEAD,2907.877437,2824.99733,82.880107
2020-11-07 05:00:00,load,random_forest,3312.278039,2914.694443,397.583596
2020-11-07 05:00:00,load,mlp,3609.265137,2914.694443,694.570694
2020-11-07 05:00:00,load,RTS_DAY_AHEAD,3000.118006,2914.694443,85.423563
2020-11-07 06:00:00,load,random_forest,3495.778033,2932.683203,563.09483
2020-11-07 06:00:00,load,mlp,3703.707031,2932.683203,771.023828
2020-11-07 06:00:00,load,RTS_DAY_AHEAD,3019.637365,2932.683203,86.954162
2020-11-07 07:00:00,load,random_forest,3667.172523,3055.357268,611.815255
2020-11-07 07:00:00,load,mlp,3799.090576,3055.357268,743.733308
2020-11-07 07:00:00,load,RTS_DAY_AHEAD,3145.456254,3055.357268,90.098986
2020-11-07 08:00:00,load,random_forest,3728.179372,3276.905259,451.274113
2020-11-07 08:00:00,load,mlp,3892.953857,3276.905259,616.048598
2020-11-07 08:00:00,load,RTS_DAY_AHEAD,3370.199957,3276.905259,93.294699
2020-11-07 09:00:00,load,random_forest,3753.105052,3469.731955,283.373096
2020-11-07 09:00:00,load,mlp,3974.137451,3469.731955,504.405496
2020-11-07 09:00:00,load,RTS_DAY_AHEAD,3565.962398,3469.731955,96.230443
2020-11-07 10:00:00,load,random_forest,3915.208206,3594.001258,321.206948
2020-11-07 10:00:00,load,mlp,4050.086426,3594.001258,456.085168
2020-11-07 10:00:00,load,RTS_DAY_AHEAD,3692.081134,3594.001258,98.079876
2020-11-07 11:00:00,load,random_forest,3904.596898,3699.984935,204.611963
2020-11-07 11:00:00,load,mlp,4100.557129,3699.984935,400.572194
2020-11-07 11:00:00,load,RTS_DAY_AHEAD,3800.029127,3699.984935,100.044192
2020-11-07 12:00:00,load,random_forest,3974.477073,3739.642332,234.834741
2020-11-07 12:00:00,load,mlp,4136.424316,3739.642332,396.781985
2020-11-07 12:00:00,load,RTS_DAY_AHEAD,3841.645042,3739.642332,102.00271
2020-11-07 13:00:00,load,random_forest,3925.835282,3749.586802,176.24848
2020-11-07 13:00:00,load,mlp,4169.332031,3749.586802,419.74523
2020-11-07 13:00:00,load,RTS_DAY_AHEAD,3852.751444,3749.586802,103.164642
2020-11-07 14:00:00,load,random_forest,4096.879146,3745.190448,351.688698
2020-11-07 14:00:00,load,mlp,4185.195801,3745.190448,440.005353
2020-11-07 14:00:00,load,RTS_DAY_AHEAD,3849.5526,3745.190448,104.362152
2020-11-07 15:00:00,load,random_forest,4046.21205,3745.548921,300.663129
2020-11-07 15:00:00,load,mlp,4173.736816,3745.548921,428.187896
2020-11-07 15:00:00,load,RTS_DAY_AHEAD,3850.927085,3745.548921,105.378164
2020-11-07 16:00:00,load,random_forest,4125.354242,3818.405685,306.948557
2020-11-07 16:00:00,load,mlp,4160.39209,3818.405685,341.986405
2020-11-07 16:00:00,load,RTS_DAY_AHEAD,3926.583822,3818.405685,108.178137
2020-11-07 17:00:00,load,random_forest,4122.98298,4120.307118,2.675862
2020-11-07 17:00:00,load,mlp,4193.294434,4120.307118,72.987316
2020-11-07 17:00:00,load,RTS_DAY_AHEAD,4234.252324,4120.307118,113.945206
2020-11-07 18:00:00,load,random_forest,4174.274224,4059.18615,115.088074
2020-11-07 18:00:00,load,mlp,4171.430664,4059.18615,112.244514
2020-11-07 18:00:00,load,RTS_DAY_AHEAD,4168.894153,4059.18615,109.708003
2020-11-07 19:00:00,load,random_forest,4112.999986,3925.854792,187.145194
2020-11-07 19:00:00,load,mlp,4104.786621,3925.854792,178.931829
2020-11-07 19:00:00,load,RTS_DAY_AHEAD,4030.702852,3925.854792,104.84806
2020-11-07 20:00:00,load,random_forest,3928.087874,3807.121533,120.96634
2020-11-07 20:00:00,load,mlp,4017.516357,3807.121533,210.394824
2020-11-07 20:00:00,load,RTS_DAY_AHEAD,3907.350467,3807.121533,100.228934
2020-11-07 21:00:00,load,random_forest,3798.536237,3618.261084,180.275153
2020-11-07 21:00:00,load,mlp,3915.112793,3618.261084,296.851709
2020-11-07 21:00:00,load,RTS_DAY_AHEAD,3712.15214,3618.261084,93.891056
2020-11-07 22:00:00,load,random_forest,3553.312653,3415.055719,138.256935
2020-11-07 22:00:00,load,mlp,3804.202637,3415.055719,389.146918
2020-11-07 22:00:00,load,RTS_DAY_AHEAD,3503.545844,3415.055719,88.490126
2020-11-07 23:00:00,load,random_forest,3331.905117,3206.729463,125.175653
2020-11-07 23:00:00,load,mlp,3706.975342,3206.729463,500.245878
2020-11-07 23:00:00,load,RTS_DAY_AHEAD,3292.182619,3206.729463,85.453156
2020-11-08 00:00:00,load,random_forest,3250.706368,3008.94161,241.764758
2020-11-08 00:00:00,load,mlp,3590.744141,3008.94161,581.802531
2020-11-08 00:00:00,load,RTS_DAY_AHEAD,3091.965594,3008.94161,83.023985
2020-11-08 01:00:00,load,random_forest,3011.86493,2890.614734,121.250196
2020-11-08 01:00:00,load,mlp,3541.494873,2890.614734,650.880139
2020-11-08 01:00:00,load,RTS_DAY_AHEAD,2972.581051,2890.614734,81.966316
2020-11-08 02:00:00,load,random_forest,2958.507111,2800.579962,157.927148
2020-11-08 02:00:00,load,mlp,3494.61792,2800.579962,694.037957
2020-11-08 02:00:00,load,RTS_DAY_AHEAD,2881.882684,2800.579962,81.302721
2020-11-08 03:00:00,load,random_forest,3005.574394,2751.576124,253.998271
2020-11-08 03:00:00,load,mlp,3479.578857,2751.576124,728.002734
2020-11-08 03:00:00,load,RTS_DAY_AHEAD,2832.470086,2751.576124,80.893962
2020-11-08 04:00:00,load,random_forest,3158.311002,2761.792759,396.518242
2020-11-08 04:00:00,load,mlp,3498.539551,2761.792759,736.746791
2020-11-08 04:00:00,load,RTS_DAY_AHEAD,2843.510538,2761.792759,81.717779
2020-11-08 05:00:00,load,random_forest,3333.78262,2809.637052,524.145568
2020-11-08 05:00:00,load,mlp,3555.686768,2809.637052,746.049716
2020-11-08 05:00:00,load,RTS_DAY_AHEAD,2892.854431,2809.637052,83.217379
2020-11-08 06:00:00,load,random_forest,3137.030122,2783.868795,353.161327
2020-11-08 06:00:00,load,mlp,3613.678223,2783.868795,829.809428
2020-11-08 06:00:00,load,RTS_DAY_AHEAD,2867.805411,2783.868795,83.936616
2020-11-08 07:00:00,load,random_forest,2950.359227,2876.248911,74.110315
2020-11-08 07:00:00,load,mlp,3689.984375,2876.248911,813.735464
2020-11-08 07:00:00,load,RTS_DAY_AHEAD,2963.063302,2876.248911,86.81439
2020-11-08 08:00:00,load,random_forest,3049.328661,3080.535265,31.206604
2020-11-08 08:00:00,load,mlp,3785.675781,3080.535265,705.140516
2020-11-08 08:00:00,load,RTS_DAY_AHEAD,3170.005451,3080.535265,89.470186
2020-11-08 09:00:00,load,random_forest,3467.594104,3289.564836,178.029267
2020-11-08 09:00:00,load,mlp,3873.347168,3289.564836,583.782332
2020-11-08 09:00:00,load,RTS_DAY_AHEAD,3382.432031,3289.564836,92.867195
2020-11-08 10:00:00,load,random_forest,3725.286452,3437.199855,288.086598
2020-11-08 10:00:00,load,mlp,3943.785889,3437.199855,506.586034
2020-11-08 10:00:00,load,RTS_DAY_AHEAD,3531.928344,3437.199855,94.728489
2020-11-08 11:00:00,load,random_forest,3758.144294,3535.572872,222.571422
2020-11-08 11:00:00,load,mlp,4005.284424,3535.572872,469.711552
2020-11-08 11:00:00,load,RTS_DAY_AHEAD,3632.542433,3535.572872,96.969561
2020-11-08 12:00:00,load,random_forest,3932.638533,3614.487618,318.150915
2020-11-08 12:00:00,load,mlp,4053.416016,3614.487618,438.928398
2020-11-08 12:00:00,load,RTS_DAY_AHEAD,3714.006747,3614.487618,99.519129
2020-11-08 13:00:00,load,random_forest,3914.746533,3657.977468,256.769065
2020-11-08 13:00:00,load,mlp,4085.843262,3657.977468,427.865794
2020-11-08 13:00:00,load,RTS_DAY_AHEAD,3759.667724,3657.977468,101.690256
2020-11-08 14:00:00,load,random_forest,3886.746086,3688.452815,198.293271
2020-11-08 14:00:00,load,mlp,4098.924316,3688.452815,410.471501
2020-11-08 14:00:00,load,RTS_DAY_AHEAD,3791.642489,3688.452815,103.189674
2020-11-08 15:00:00,load,random_forest,3958.191137,3691.12251,267.068627
2020-11-08 15:00:00,load,mlp,4092.726074,3691.12251,401.603564
2020-11-08 15:00:00,load,RTS_DAY_AHEAD,3795.502409,3691.12251,104.379899
2020-11-08 16:00:00,load,random_forest,3900.672696,3796.887113,103.785583
2020-11-08 16:00:00,load,mlp,4095.617188,3796.887113,298.730075
2020-11-08 16:00:00,load,RTS_DAY_AHEAD,3905.957077,3796.887113,109.069964
2020-11-08 17:00:00,load,random_forest,4028.123568,4139.20979,111.086222
2020-11-08 17:00:00,load,mlp,4146.288086,4139.20979,7.078296
2020-11-08 17:00:00,load,RTS_DAY_AHEAD,4256.372269,4139.20979,117.162479
2020-11-08 18:00:00,load,random_forest,4141.964769,4112.101078,29.863691
2020-11-08 18:00:00,load,mlp,4099.377441,4112.101078,12.723636
2020-11-08 18:00:00,load,RTS_DAY_AHEAD,4226.588719,4112.101078,114.487641
2020-11-08 19:00:00,load,random_forest,4046.868767,3985.29347,61.575297
2020-11-08 19:00:00,load,mlp,4032.538574,3985.29347,47.245105
2020-11-08 19:00:00,load,RTS_DAY_AHEAD,4094.019527,3985.29347,108.726057
2020-11-08 20:00:00,load,random_forest,3741.21914,3804.611537,63.392398
2020-11-08 20:00:00,load,mlp,3958.760498,3804.611537,154.148961
2020-11-08 20:00:00,load,RTS_DAY_AHEAD,3906.189182,3804.611537,101.577645
2020-11-08 21:00:00,load,random_forest,3663.65041,3577.604002,86.046407
2020-11-08 21:00:00,load,mlp,3861.366455,3577.604002,283.762453
2020-11-08 21:00:00,load,RTS_DAY_AHEAD,3671.351214,3577.604002,93.747212
2020-11-08 22:00:00,load,random_forest,3453.902218,3335.930449,117.971769
2020-11-08 22:00:00,load,mlp,3755.984375,3335.930449,420.053926
2020-11-08 22:00:00,load,RTS_DAY_AHEAD,3423.208317,3335.930449,87.277868
2020-11-08 23:00:00,load,random_forest,3299.029836,3105.427193,193.602642
2020-11-08 23:00:00,load,mlp,3656.067627,3105.427193,550.640434
2020-11-08 23:00:00,load,RTS_DAY_AHEAD,3189.550247,3105.427193,84.123054
2020-11-09 00:00:00,load,random_forest,3100.863868,2936.705397,164.15847
2020-11-09 00:00:00,load,mlp,3563.682861,2936.705397,626.977464
2020-11-09 00:00:00,load,RTS_DAY_AHEAD,3019.200079,2936.705397,82.494682
2020-11-09 01:00:00,load,random_forest,2956.387748,2837.179068,119.20868
2020-11-09 01:00:00,load,mlp,3493.501221,2837.179068,656.322152
2020-11-09 01:00:00,load,RTS_DAY_AHEAD,2918.782992,2837.179068,81.603924
2020-11-09 02:00:00,load,random_forest,2943.544488,2799.018037,144.52645
2020-11-09 02:00:00,load,mlp,3441.912109,2799.018037,642.894072
2020-11-09 02:00:00,load,RTS_DAY_AHEAD,2880.590387,2799.018037,81.572349
2020-11-09 03:00:00,load,random_forest,2958.24205,2795.338271,162.903779
2020-11-09 03:00:00,load,mlp,3415.186768,2795.338271,619.848497
2020-11-09 03:00:00,load,RTS_DAY_AHEAD,2877.786775,2795.338271,82.448505
2020-11-09 04:00:00,load,random_forest,2965.0694,2908.321359,56.748041
2020-11-09 04:00:00,load,mlp,3414.244141,2908.321359,505.922782
2020-11-09 04:00:00,load,RTS_DAY_AHEAD,2994.949324,2908.321359,86.627965
2020-11-09 05:00:00,load,random_forest,3070.074972,3199.777875,129.702904
2020-11-09 05:00:00,load,mlp,3447.467285,3199.777875,247.68941
2020-11-09 05:00:00,load,RTS_DAY_AHEAD,3296.086428,3199.777875,96.308553
2020-11-09 06:00:00,load,random_forest,3104.285743,3382.193006,277.907263
2020-11-09 06:00:00,load,mlp,3479.48584,3382.193006,97.292834
2020-11-09 06:00:00,load,RTS_DAY_AHEAD,3481.573434,3382.193006,99.380428
2020-11-09 07:00:00,load,random_forest,3352.095714,3561.24315,209.147436
2020-11-09 07:00:00,load,mlp,3531.000732,3561.24315,30.242418
2020-11-09 07:00:00,load,RTS_DAY_AHEAD,3661.430071,3561.24315,100.186921
2020-11-09 08:00:00,load,random_forest,3290.291029,3759.179175,468.888146
2020-11-09 08:00:00,load,mlp,3627.805176,3759.179175,131.373999
2020-11-09 08:00:00,load,RTS_DAY_AHEAD,3860.980328,3759.179175,101.801154
2020-11-09 09:00:00,load,random_forest,3494.034833,3943.685584,449.650751
2020-11-09 09:00:00,load,mlp,3729.352051,3943.685584,214.333533
2020-11-09 09:00:00,load,RTS_DAY_AHEAD,4048.592161,3943.685584,104.906577
2020-11-09 10:00:00,load,random_forest,3666.029794,4091.875879,425.846085
2020-11-09 10:00:00,load,mlp,3810.823486,4091.875879,281.052393
2020-11-09 10:00:00,load,RTS_DAY_AHEAD,4199.494645,4091.875879,107.618766
2020-11-09 11:00:00,load,random_forest,3565.776748,4201.55513,635.778382
2020-11-09 11:00:00,load,mlp,3878.909668,4201.55513,322.645462
2020-11-09 11:00:00,load,RTS_DAY_AHEAD,4312.732699,4201.55513,111.177569
2020-11-09 12:00:00,load,random_forest,3575.627972,4294.402085,718.774113
2020-11-09 12:00:00,load,mlp,3931.712891,4294.402085,362.689195
2020-11-09 12:00:00,load,RTS_DAY_AHEAD,4408.919449,4294.402085,114.517364
2020-11-09 13:00:00,load,random_forest,3575.76361,4358.619552,782.855943
2020-11-09 13:00:00,load,mlp,3964.283691,4358.619552,394.335861
2020-11-09 13:00:00,load,RTS_DAY_AHEAD,4476.67542,4358.619552,118.055868
2020-11-09 14:00:00,load,random_forest,3659.712988,4405.834271,746.121283
2020-11-09 14:00:00,load,mlp,3983.38208,4405.834271,422.452191
2020-11-09 14:00:00,load,RTS_DAY_AHEAD,4526.077773,4405.834271,120.243502
2020-11-09 15:00:00,load,random_forest,3620.850834,4391.911127,771.060293
2020-11-09 15:00:00,load,mlp,3987.09375,4391.911127,404.817377
2020-11-09 15:00:00,load,RTS_DAY_AHEAD,4513.034662,4391.911127,121.123535
2020-11-09 16:00:00,load,random_forest,3607.875211,4430.115368,822.240157
2020-11-09 16:00:00,load,mlp,4007.566406,4430.115368,422.548961
2020-11-09 16:00:00,load,RTS_DAY_AHEAD,4553.484213,4430.115368,123.368845
2020-11-09 17:00:00,load,random_forest,3877.217428,4648.491009,771.273581
2020-11-09 17:00:00,load,mlp,4092.200439,4648.491009,556.290569
2020-11-09 17:00:00,load,RTS_DAY_AHEAD,4778.84707,4648.491009,130.356061
2020-11-09 18:00:00,load,random_forest,3955.361626,4521.889763,566.528137
2020-11-09 18:00:00,load,mlp,4066.96875,4521.889763,454.921013
2020-11-09 18:00:00,load,RTS_DAY_AHEAD,4645.333094,4521.889763,123.443331
2020-11-09 19:00:00,load,random_forest,4010.519484,4371.131251,360.611767
2020-11-09 19:00:00,load,mlp,4002.162598,4371.131251,368.968654
2020-11-09 19:00:00,load,RTS_DAY_AHEAD,4488.792374,4371.131251,117.661123
2020-11-09 20:00:00,load,random_forest,3808.470782,4168.16464,359.693857
2020-11-09 20:00:00,load,mlp,3929.51416,4168.16464,238.65048
2020-11-09 20:00:00,load,RTS_DAY_AHEAD,4277.3115,4168.16464,109.14686
2020-11-09 21:00:00,load,random_forest,3605.329475,3887.393467,282.063992
2020-11-09 21:00:00,load,mlp,3833.471436,3887.393467,53.922031
2020-11-09 21:00:00,load,RTS_DAY_AHEAD,3985.639379,3887.393467,98.245912
2020-11-09 22:00:00,load,random_forest,3384.600013,3595.28794,210.687927
2020-11-09 22:00:00,load,mlp,3734.373535,3595.28794,139.085595
2020-11-09 22:00:00,load,RTS_DAY_AHEAD,3685.823184,3595.28794,90.535244
2020-11-09 23:00:00,load,random_forest,3222.752786,3329.958677,107.205891
2020-11-09 23:00:00,load,mlp,3632.988281,3329.958677,303.029604
2020-11-09 23:00:00,load,RTS_DAY_AHEAD,3416.289228,3329.958677,86.330551
2020-11-10 00:00:00,load,random_forest,3039.626687,3135.558684,95.931997
2020-11-10 00:00:00,load,mlp,3543.561279,3135.558684,408.002595
2020-11-10 00:00:00,load,RTS_DAY_AHEAD,3219.847576,3135.558684,84.288892
2020-11-10 01:00:00,load,random_forest,2932.659612,3019.375151,86.715539
2020-11-10 01:00:00,load,mlp,3486.331543,3019.375151,466.956392
2020-11-10 01:00:00,load,RTS_DAY_AHEAD,3102.510439,3019.375151,83.135288
2020-11-10 02:00:00,load,random_forest,2942.818066,2954.032831,11.214765
2020-11-10 02:00:00,load,mlp,3448.699707,2954.032831,494.666876
2020-11-10 02:00:00,load,RTS_DAY_AHEAD,3036.771852,2954.032831,82.739021
2020-11-10 03:00:00,load,random_forest,2947.244714,2935.695841,11.548874
2020-11-10 03:00:00,load,mlp,3436.286377,2935.695841,500.590536
2020-11-10 03:00:00,load,RTS_DAY_AHEAD,3019.403992,2935.695841,83.708151
2020-11-10 04:00:00,load,random_forest,2928.492471,3017.822944,89.330472
2020-11-10 04:00:00,load,mlp,3454.078613,3017.822944,436.25567
2020-11-10 04:00:00,load,RTS_DAY_AHEAD,3106.197458,3017.822944,88.374514
2020-11-10 05:00:00,load,random_forest,3074.231503,3277.121004,202.889502
2020-11-10 05:00:00,load,mlp,3508.223145,3277.121004,231.10214
2020-11-10 05:00:00,load,RTS_DAY_AHEAD,3373.756285,3277.121004,96.635281
2020-11-10 06:00:00,load,random_forest,3377.967443,3464.602152,86.63471
2020-11-10 06:00:00,load,mlp,3580.68042,3464.602152,116.078268
2020-11-10 06:00:00,load,RTS_DAY_AHEAD,3563.859928,3464.602152,99.257776
2020-11-10 07:00:00,load,random_forest,3500.286066,3644.709614,144.423548
2020-11-10 07:00:00,load,mlp,3663.499268,3644.709614,18.789654
2020-11-10 07:00:00,load,RTS_DAY_AHEAD,3744.536208,3644.709614,99.826594
2020-11-10 08:00:00,load,random_forest,3707.427189,3838.613433,131.186244
2020-11-10 08:00:00,load,mlp,3761.753174,3838.613433,76.860259
2020-11-10 08:00:00,load,RTS_DAY_AHEAD,3940.245208,3838.613433,101.631775
2020-11-10 09:00:00,load,random_forest,3814.728249,4025.752937,211.024688
2020-11-10 09:00:00,load,mlp,3861.305908,4025.752937,164.447029
2020-11-10 09:00:00,load,RTS_DAY_AHEAD,4132.168188,4025.752937,106.415251
2020-11-10 10:00:00,load,random_forest,3963.064923,4176.08906,213.024136
2020-11-10 10:00:00,load,mlp,3945.029785,4176.08906,231.059275
2020-11-10 10:00:00,load,RTS_DAY_AHEAD,4285.631167,4176.08906,109.542107
2020-11-10 11:00:00,load,random_forest,3965.603203,4312.451749,346.848546
2020-11-10 11:00:00,load,mlp,4015.793701,4312.451749,296.658048
2020-11-10 11:00:00,load,RTS_DAY_AHEAD,4427.267289,4312.451749,114.81554
2020-11-10 12:00:00,load,random_forest,4052.977342,4421.395751,368.418409
2020-11-10 12:00:00,load,mlp,4067.498535,4421.395751,353.897216
2020-11-10 12:00:00,load,RTS_DAY_AHEAD,4541.788546,4421.395751,120.392795
2020-11-10 13:00:00,load,random_forest,4106.553244,4496.327306,389.774062
2020-11-10 13:00:00,load,mlp,4101.950684,4496.327306,394.376622
2020-11-10 13:00:00,load,RTS_DAY_AHEAD,4620.303174,4496.327306,123.975868
2020-11-10 14:00:00,load,random_forest,4204.079654,4563.160535,359.080881
2020-11-10 14:00:00,load,mlp,4120.588867,4563.160535,442.571668
2020-11-10 14:00:00,load,RTS_DAY_AHEAD,4689.225719,4563.160535,126.065184
2020-11-10 15:00:00,load,random_forest,4130.915692,4547.926615,417.010923
2020-11-10 15:00:00,load,mlp,4117.539551,4547.926615,430.387064
2020-11-10 15:00:00,load,RTS_DAY_AHEAD,4674.757017,4547.926615,126.830402
2020-11-10 16:00:00,load,random_forest,4273.386522,4545.501609,272.115087
2020-11-10 16:00:00,load,mlp,4138.062012,4545.501609,407.439597
2020-11-10 16:00:00,load,RTS_DAY_AHEAD,4673.104491,4545.501609,127.602882
2020-11-10 17:00:00,load,random_forest,4200.084475,4727.605225,527.52075
2020-11-10 17:00:00,load,mlp,4215.769531,4727.605225,511.835694
2020-11-10 17:00:00,load,RTS_DAY_AHEAD,4861.849077,4727.605225,134.243852
2020-11-10 18:00:00,load,random_forest,4412.576328,4599.988324,187.411996
2020-11-10 18:00:00,load,mlp,4174.879883,4599.988324,425.108441
2020-11-10 18:00:00,load,RTS_DAY_AHEAD,4727.559721,4599.988324,127.571397
2020-11-10 19:00:00,load,random_forest,4472.690285,4432.617524,40.07276
2020-11-10 19:00:00,load,mlp,4114.733887,4432.617524,317.883638
2020-11-10 19:00:00,load,RTS_DAY_AHEAD,4552.656009,4432.617524,120.038485
2020-11-10 20:00:00,load,random_forest,4110.203714,4215.140532,104.936818
2020-11-10 20:00:00,load,mlp,4032.827393,4215.140532,182.31314
2020-11-10 20:00:00,load,RTS_DAY_AHEAD,4326.450454,4215.140532,111.309922
2020-11-10 21:00:00,load,random_forest,3933.692501,3942.367559,8.675058
2020-11-10 21:00:00,load,mlp,3919.434326,3942.367559,22.933233
2020-11-10 21:00:00,load,RTS_DAY_AHEAD,4042.866458,3942.367559,100.498899
2020-11-10 22:00:00,load,random_forest,3591.177817,3626.228948,35.051131
2020-11-10 22:00:00,load,mlp,3805.108643,3626.228948,178.879695
2020-11-10 22:00:00,load,RTS_DAY_AHEAD,3717.377411,3626.228948,91.148464
2020-11-10 23:00:00,load,random_forest,3314.981796,3352.962631,37.980835
2020-11-10 23:00:00,load,mlp,3699.722168,3352.962631,346.759537
2020-11-10 23:00:00,load,RTS_DAY_AHEAD,3439.934251,3352.962631,86.97162
2020-11-11 00:00:00,load,random_forest,3203.496801,3147.817182,55.679619
2020-11-11 00:00:00,load,mlp,3624.880371,3147.817182,477.063189
2020-11-11 00:00:00,load,RTS_DAY_AHEAD,3232.477031,3147.817182,84.659849
2020-11-11 01:00:00,load,random_forest,3070.89446,3006.387007,64.507453
2020-11-11 01:00:00,load,mlp,3565.077393,3006.387007,558.690386
2020-11-11 01:00:00,load,RTS_DAY_AHEAD,3089.528394,3006.387007,83.141387
2020-11-11 02:00:00,load,random_forest,3011.708192,2929.267271,82.440921
2020-11-11 02:00:00,load,mlp,3525.398926,2929.267271,596.131654
2020-11-11 02:00:00,load,RTS_DAY_AHEAD,3012.008858,2929.267271,82.741587
2020-11-11 03:00:00,load,random_forest,2993.285551,2912.286642,80.998909
2020-11-11 03:00:00,load,mlp,3504.102783,2912.286642,591.816141
2020-11-11 03:00:00,load,RTS_DAY_AHEAD,2995.804391,2912.286642,83.517749
2020-11-11 04:00:00,load,random_forest,2939.01425,3008.828563,69.814313
2020-11-11 04:00:00,load,mlp,3531.860107,3008.828563,523.031545
2020-11-11 04:00:00,load,RTS_DAY_AHEAD,3096.665726,3008.828563,87.837163
2020-11-11 05:00:00,load,random_forest,3116.206096,3284.987787,168.781691
2020-11-11 05:00:00,load,mlp,3623.387939,3284.987787,338.400152
2020-11-11 05:00:00,load,RTS_DAY_AHEAD,3382.274797,3284.987787,97.28701
2020-11-11 06:00:00,load,random_forest,3463.683436,3453.802553,9.880883
2020-11-11 06:00:00,load,mlp,3726.378906,3453.802553,272.576353
2020-11-11 06:00:00,load,RTS_DAY_AHEAD,3553.804704,3453.802553,100.002151
2020-11-11 07:00:00,load,random_forest,3637.475343,3613.867712,23.607632
2020-11-11 07:00:00,load,mlp,3819.36792,3613.867712,205.500208
2020-11-11 07:00:00,load,RTS_DAY_AHEAD,3713.827357,3613.867712,99.959646
2020-11-11 08:00:00,load,random_forest,3737.781787,3804.577426,66.795638
2020-11-11 08:00:00,load,mlp,3917.596436,3804.577426,113.01901
2020-11-11 08:00:00,load,RTS_DAY_AHEAD,3906.698481,3804.577426,102.121055
2020-11-11 09:00:00,load,random_forest,3758.648353,3989.598082,230.949729
2020-11-11 09:00:00,load,mlp,4017.722168,3989.598082,28.124086
2020-11-11 09:00:00,load,RTS_DAY_AHEAD,4095.464707,3989.598082,105.866625
2020-11-11 10:00:00,load,random_forest,4087.28667,4140.591023,53.304353
2020-11-11 10:00:00,load,mlp,4100.036621,4140.591023,40.554402
2020-11-11 10:00:00,load,RTS_DAY_AHEAD,4250.127853,4140.591023,109.53683
2020-11-11 11:00:00,load,random_forest,4074.136021,4260.396184,186.260164
2020-11-11 11:00:00,load,mlp,4162.24707,4260.396184,98.149114
2020-11-11 11:00:00,load,RTS_DAY_AHEAD,4373.875364,4260.396184,113.47918
2020-11-11 12:00:00,load,random_forest,4131.953168,4355.440515,223.487347
2020-11-11 12:00:00,load,mlp,4207.069336,4355.440515,148.371179
2020-11-11 12:00:00,load,RTS_DAY_AHEAD,4473.484425,4355.440515,118.04391
2020-11-11 13:00:00,load,random_forest,4158.736566,4426.162509,267.425943
2020-11-11 13:00:00,load,mlp,4234.84082,4426.162509,191.321689
2020-11-11 13:00:00,load,RTS_DAY_AHEAD,4548.673084,4426.162509,122.510575
2020-11-11 14:00:00,load,random_forest,4154.150733,4463.267342,309.116609
2020-11-11 14:00:00,load,mlp,4248.645996,4463.267342,214.621346
2020-11-11 14:00:00,load,RTS_DAY_AHEAD,4589.06639,4463.267342,125.799048
2020-11-11 15:00:00,load,random_forest,4154.286855,4467.975028,313.688173
2020-11-11 15:00:00,load,mlp,4247.038086,4467.975028,220.936942
2020-11-11 15:00:00,load,RTS_DAY_AHEAD,4595.35895,4467.975028,127.383922
2020-11-11 16:00:00,load,random_forest,4153.906157,4455.813974,301.907817
2020-11-11 16:00:00,load,mlp,4248.999023,4455.813974,206.814951
2020-11-11 16:00:00,load,RTS_DAY_AHEAD,4583.239502,4455.813974,127.425528
2020-11-11 17:00:00,load,random_forest,4453.484105,4658.1231,204.638995
2020-11-11 17:00:00,load,mlp,4293.223633,4658.1231,364.899468
2020-11-11 17:00:00,load,RTS_DAY_AHEAD,4790.554248,4658.1231,132.431148
2020-11-11 18:00:00,load,random_forest,4397.540438,4529.174665,131.634227
2020-11-11 18:00:00,load,mlp,4242.694336,4529.174665,286.480329
2020-11-11 18:00:00,load,RTS_DAY_AHEAD,4654.821704,4529.174665,125.647039
2020-11-11 19:00:00,load,random_forest,4226.711509,4356.635112,129.923604
2020-11-11 19:00:00,load,mlp,4180.991211,4356.635112,175.643901
2020-11-11 19:00:00,load,RTS_DAY_AHEAD,4474.673451,4356.635112,118.038339
2020-11-11 20:00:00,load,random_forest,4107.720793,4176.935805,69.215012
2020-11-11 20:00:00,load,mlp,4104.31543,4176.935805,72.620375
2020-11-11 20:00:00,load,RTS_DAY_AHEAD,4287.57449,4176.935805,110.638685
2020-11-11 21:00:00,load,random_forest,3921.167279,3901.616039,19.551241
2020-11-11 21:00:00,load,mlp,3997.412109,3901.616039,95.796071
2020-11-11 21:00:00,load,RTS_DAY_AHEAD,4001.052363,3901.616039,99.436324
2020-11-11 22:00:00,load,random_forest,3631.717803,3605.375739,26.342064
2020-11-11 22:00:00,load,mlp,3871.490967,3605.375739,266.115228
2020-11-11 22:00:00,load,RTS_DAY_AHEAD,3696.013827,3605.375739,90.638088
2020-11-11 23:00:00,load,random_forest,3376.633416,3338.549358,38.084057
2020-11-11 23:00:00,load,mlp,3752.909424,3338.549358,414.360065
2020-11-11 23:00:00,load,RTS_DAY_AHEAD,3425.275993,3338.549358,86.726635
2020-11-12 00:00:00,load,random_forest,3174.25475,3140.663355,33.591395
2020-11-12 00:00:00,load,mlp,3666.057129,3140.663355,525.393774
2020-11-12 00:00:00,load,RTS_DAY_AHEAD,3225.177604,3140.663355,84.514249
2020-11-12 01:00:00,load,random_forest,3053.726738,3010.8282,42.898538
2020-11-12 01:00:00,load,mlp,3595.331299,3010.8282,584.503099
2020-11-12 01:00:00,load,RTS_DAY_AHEAD,3093.897876,3010.8282,83.069676
2020-11-12 02:00:00,load,random_forest,2986.870831,2933.185277,53.685554
2020-11-12 02:00:00,load,mlp,3548.425781,2933.185277,615.240504
2020-11-12 02:00:00,load,RTS_DAY_AHEAD,3015.864472,2933.185277,82.679195
2020-11-12 03:00:00,load,random_forest,2942.91959,2913.780903,29.138687
2020-11-12 03:00:00,load,mlp,3531.307129,2913.780903,617.526226
2020-11-12 03:00:00,load,RTS_DAY_AHEAD,2997.173679,2913.780903,83.392776
2020-11-12 04:00:00,load,random_forest,2981.785756,2995.808315,14.022558
2020-11-12 04:00:00,load,mlp,3551.693848,2995.808315,555.885533
2020-11-12 04:00:00,load,RTS_DAY_AHEAD,3083.396704,2995.808315,87.588389
2020-11-12 05:00:00,load,random_forest,3374.237366,3251.236931,123.000435
2020-11-12 05:00:00,load,mlp,3619.660156,3251.236931,368.423225
2020-11-12 05:00:00,load,RTS_DAY_AHEAD,3347.769197,3251.236931,96.532266
2020-11-12 06:00:00,load,random_forest,3537.497868,3434.27401,103.223858
2020-11-12 06:00:00,load,mlp,3738.696045,3434.27401,304.422035
2020-11-12 06:00:00,load,RTS_DAY_AHEAD,3533.784891,3434.27401,99.510881
2020-11-12 07:00:00,load,random_forest,3636.515651,3601.048543,35.467107
2020-11-12 07:00:00,load,mlp,3835.227783,3601.048543,234.17924
2020-11-12 07:00:00,load,RTS_DAY_AHEAD,3701.171462,3601.048543,100.122919
2020-11-12 08:00:00,load,random_forest,3685.288585,3797.999225,112.71064
2020-11-12 08:00:00,load,mlp,3925.668457,3797.999225,127.669232
2020-11-12 08:00:00,load,RTS_DAY_AHEAD,3900.257672,3797.999225,102.258447
2020-11-12 09:00:00,load,random_forest,3883.879441,3962.449973,78.570533
2020-11-12 09:00:00,load,mlp,4023.911621,3962.449973,61.461648
2020-11-12 09:00:00,load,RTS_DAY_AHEAD,4067.839693,3962.449973,105.389719
2020-11-12 10:00:00,load,random_forest,4057.650515,4081.347076,23.696561
2020-11-12 10:00:00,load,mlp,4104.928711,4081.347076,23.581635
2020-11-12 10:00:00,load,RTS_DAY_AHEAD,4189.006842,4081.347076,107.659766
2020-11-12 11:00:00,load,random_forest,4162.703245,4171.884277,9.181033
2020-11-12 11:00:00,load,mlp,4165.165039,4171.884277,6.719238
2020-11-12 11:00:00,load,RTS_DAY_AHEAD,4282.951867,4171.884277,111.06759
2020-11-12 12:00:00,load,random_forest,4126.365564,4215.382355,89.016792
2020-11-12 12:00:00,load,mlp,4213.532227,4215.382355,1.850129
2020-11-12 12:00:00,load,RTS_DAY_AHEAD,4328.633221,4215.382355,113.250866
2020-11-12 13:00:00,load,random_forest,4180.299118,4239.820408,59.52129
2020-11-12 13:00:00,load,mlp,4243.063477,4239.820408,3.243069
2020-11-12 13:00:00,load,RTS_DAY_AHEAD,4355.6508,4239.820408,115.830392
2020-11-12 14:00:00,load,random_forest,4179.702749,4269.893647,90.190898
2020-11-12 14:00:00,load,mlp,4266.064453,4269.893647,3.829194
2020-11-12 14:00:00,load,RTS_DAY_AHEAD,4387.064193,4269.893647,117.170546
2020-11-12 15:00:00,load,random_forest,4141.963374,4209.470635,67.507262
2020-11-12 15:00:00,load,mlp,4263.520996,4209.470635,54.050361
2020-11-12 15:00:00,load,RTS_DAY_AHEAD,4326.622937,4209.470635,117.152302
2020-11-12 16:00:00,load,random_forest,4140.017565,4226.196542,86.178976
2020-11-12 16:00:00,load,mlp,4261.307129,4226.196542,35.110587
2020-11-12 16:00:00,load,RTS_DAY_AHEAD,4344.637943,4226.196542,118.441401
2020-11-12 17:00:00,load,random_forest,4404.005552,4474.423241,70.417689
2020-11-12 17:00:00,load,mlp,4316.019043,4474.423241,158.404198
2020-11-12 17:00:00,load,RTS_DAY_AHEAD,4599.442912,4474.423241,125.019671
2020-11-12 18:00:00,load,random_forest,4440.677587,4375.421434,65.256154
2020-11-12 18:00:00,load,mlp,4272.020996,4375.421434,103.400438
2020-11-12 18:00:00,load,RTS_DAY_AHEAD,4495.044409,4375.421434,119.622975
2020-11-12 19:00:00,load,random_forest,4309.664781,4201.891478,107.773303
2020-11-12 19:00:00,load,mlp,4200.070801,4201.891478,1.820678
2020-11-12 19:00:00,load,RTS_DAY_AHEAD,4314.116688,4201.891478,112.22521
2020-11-12 20:00:00,load,random_forest,4147.921313,4036.838966,111.082347
2020-11-12 20:00:00,load,mlp,4111.270508,4036.838966,74.431542
2020-11-12 20:00:00,load,RTS_DAY_AHEAD,4143.993793,4036.838966,107.154827
2020-11-12 21:00:00,load,random_forest,4019.735985,3786.449134,233.286852
2020-11-12 21:00:00,load,mlp,4006.388672,3786.449134,219.939538
2020-11-12 21:00:00,load,RTS_DAY_AHEAD,3884.343794,3786.449134,97.89466
2020-11-12 22:00:00,load,random_forest,3572.075593,3524.987297,47.088296
2020-11-12 22:00:00,load,mlp,3890.710938,3524.987297,365.723641
2020-11-12 22:00:00,load,RTS_DAY_AHEAD,3615.475298,3524.987297,90.488002
2020-11-12 23:00:00,load,random_forest,3331.980851,3250.206899,81.773952
2020-11-12 23:00:00,load,mlp,3773.010254,3250.206899,522.803355
2020-11-12 23:00:00,load,RTS_DAY_AHEAD,3336.385252,3250.206899,86.178353
2020-11-13 00:00:00,load,random_forest,3126.298977,3073.86793,52.431047
2020-11-13 00:00:00,load,mlp,3657.246826,3073.86793,583.378896
2020-11-13 00:00:00,load,RTS_DAY_AHEAD,3158.087905,3073.86793,84.219975
2020-11-13 01:00:00,load,random_forest,3039.840456,2948.404945,91.435511
2020-11-13 01:00:00,load,mlp,3581.103516,2948.404945,632.698571
2020-11-13 01:00:00,load,RTS_DAY_AHEAD,3031.426081,2948.404945,83.021136
2020-11-13 02:00:00,load,random_forest,2961.187316,2872.114552,89.072764
2020-11-13 02:00:00,load,mlp,3535.428223,2872.114552,663.31367
2020-11-13 02:00:00,load,RTS_DAY_AHEAD,2954.660037,2872.114552,82.545485
2020-11-13 03:00:00,load,random_forest,2951.639697,2864.301704,87.337993
2020-11-13 03:00:00,load,mlp,3516.985596,2864.301704,652.683891
2020-11-13 03:00:00,load,RTS_DAY_AHEAD,2947.708397,2864.301704,83.406692
2020-11-13 04:00:00,load,random_forest,2997.969345,2924.50887,73.460475
2020-11-13 04:00:00,load,mlp,3535.446777,2924.50887,610.937907
2020-11-13 04:00:00,load,RTS_DAY_AHEAD,3010.71321,2924.50887,86.20434
2020-11-13 05:00:00,load,random_forest,3280.649167,3134.831998,145.817169
2020-11-13 05:00:00,load,mlp,3600.987061,3134.831998,466.155063
2020-11-13 05:00:00,load,RTS_DAY_AHEAD,3227.806438,3134.831998,92.97444
2020-11-13 06:00:00,load,random_forest,3488.197011,3252.077264,236.119747
2020-11-13 06:00:00,load,mlp,3713.689453,3252.077264,461.612189
2020-11-13 06:00:00,load,RTS_DAY_AHEAD,3347.069206,3252.077264,94.991942
2020-11-13 07:00:00,load,random_forest,3717.723717,3416.037151,301.686567
2020-11-13 07:00:00,load,mlp,3813.154785,3416.037151,397.117634
2020-11-13 07:00:00,load,RTS_DAY_AHEAD,3513.793341,3416.037151,97.75619
2020-11-13 08:00:00,load,random_forest,3678.34611,3623.864053,54.482057
2020-11-13 08:00:00,load,mlp,3908.214111,3623.864053,284.350058
2020-11-13 08:00:00,load,RTS_DAY_AHEAD,3723.551409,3623.864053,99.687356
2020-11-13 09:00:00,load,random_forest,3789.770065,3784.90056,4.869504
2020-11-13 09:00:00,load,mlp,4009.94873,3784.90056,225.04817
2020-11-13 09:00:00,load,RTS_DAY_AHEAD,3887.00582,3784.90056,102.10526
2020-11-13 10:00:00,load,random_forest,4107.286117,3892.872397,214.41372
2020-11-13 10:00:00,load,mlp,4088.275391,3892.872397,195.402994
2020-11-13 10:00:00,load,RTS_DAY_AHEAD,3996.297786,3892.872397,103.425389
2020-11-13 11:00:00,load,random_forest,4056.934616,3958.214437,98.720178
2020-11-13 11:00:00,load,mlp,4143.391113,3958.214437,185.176676
2020-11-13 11:00:00,load,RTS_DAY_AHEAD,4063.587686,3958.214437,105.373249
2020-11-13 12:00:00,load,random_forest,4085.315802,4002.192641,83.123161
2020-11-13 12:00:00,load,mlp,4180.258789,4002.192641,178.066148
2020-11-13 12:00:00,load,RTS_DAY_AHEAD,4109.401495,4002.192641,107.208854
2020-11-13 13:00:00,load,random_forest,4182.166822,4019.477228,162.689594
2020-11-13 13:00:00,load,mlp,4208.530273,4019.477228,189.053045
2020-11-13 13:00:00,load,RTS_DAY_AHEAD,4128.041979,4019.477228,108.564751
2020-11-13 14:00:00,load,random_forest,4196.393874,4039.758888,156.634987
2020-11-13 14:00:00,load,mlp,4225.9375,4039.758888,186.178612
2020-11-13 14:00:00,load,RTS_DAY_AHEAD,4149.757447,4039.758888,109.998559
2020-11-13 15:00:00,load,random_forest,4116.78009,4008.187714,108.592376
2020-11-13 15:00:00,load,mlp,4227.122559,4008.187714,218.934844
2020-11-13 15:00:00,load,RTS_DAY_AHEAD,4117.977485,4008.187714,109.789771
2020-11-13 16:00:00,load,random_forest,4218.973099,4071.063369,147.90973
2020-11-13 16:00:00,load,mlp,4213.684082,4071.063369,142.620713
2020-11-13 16:00:00,load,RTS_DAY_AHEAD,4183.50487,4071.063369,112.441501
2020-11-13 17:00:00,load,random_forest,4429.055891,4286.146603,142.909288
2020-11-13 17:00:00,load,mlp,4262.807617,4286.146603,23.338986
2020-11-13 17:00:00,load,RTS_DAY_AHEAD,4402.716932,4286.146603,116.570329
2020-11-13 18:00:00,load,random_forest,4317.647065,4162.270715,155.37635
2020-11-13 18:00:00,load,mlp,4224.995117,4162.270715,62.724402
2020-11-13 18:00:00,load,RTS_DAY_AHEAD,4273.599431,4162.270715,111.328716
2020-11-13 19:00:00,load,random_forest,4231.853207,4033.235518,198.617689
2020-11-13 19:00:00,load,mlp,4153.452148,4033.235518,120.216631
2020-11-13 19:00:00,load,RTS_DAY_AHEAD,4140.207842,4033.235518,106.972324
2020-11-13 20:00:00,load,random_forest,4085.407529,3901.600776,183.806753
2020-11-13 20:00:00,load,mlp,4067.772949,3901.600776,166.172173
2020-11-13 20:00:00,load,RTS_DAY_AHEAD,4003.873143,3901.600776,102.272367
2020-11-13 21:00:00,load,random_forest,3894.645214,3709.097233,185.547981
2020-11-13 21:00:00,load,mlp,3963.98291,3709.097233,254.885677
2020-11-13 21:00:00,load,RTS_DAY_AHEAD,3805.322651,3709.097233,96.225418
2020-11-13 22:00:00,load,random_forest,3546.742915,3490.419945,56.322971
2020-11-13 22:00:00,load,mlp,3853.096191,3490.419945,362.676247
2020-11-13 22:00:00,load,RTS_DAY_AHEAD,3580.463738,3490.419945,90.043793
2020-11-13 23:00:00,load,random_forest,3277.174127,3268.030806,9.14332
2020-11-13 23:00:00,load,mlp,3746.037109,3268.030806,478.006303
2020-11-13 23:00:00,load,RTS_DAY_AHEAD,3354.542444,3268.030806,86.511638
2020-11-14 00:00:00,load,random_forest,3099.807447,3088.257347,11.5501
2020-11-14 00:00:00,load,mlp,3628.354736,3088.257347,540.097389
2020-11-14 00:00:00,load,RTS_DAY_AHEAD,3172.340981,3088.257347,84.083633
2020-11-14 01:00:00,load,random_forest,2981.958406,2957.310923,24.647483
2020-11-14 01:00:00,load,mlp,3557.799316,2957.310923,600.488393
2020-11-14 01:00:00,load,RTS_DAY_AHEAD,3040.166818,2957.310923,82.855895
2020-11-14 02:00:00,load,random_forest,2990.464659,2872.285087,118.179572
2020-11-14 02:00:00,load,mlp,3512.572998,2872.285087,640.287911
2020-11-14 02:00:00,load,RTS_DAY_AHEAD,2954.280983,2872.285087,81.995896
2020-11-14 03:00:00,load,random_forest,2948.20137,2842.749024,105.452346
2020-11-14 03:00:00,load,mlp,3495.206543,2842.749024,652.457519
2020-11-14 03:00:00,load,RTS_DAY_AHEAD,2924.814716,2842.749024,82.065692
2020-11-14 04:00:00,load,random_forest,2998.800149,2861.078843,137.721306
2020-11-14 04:00:00,load,mlp,3517.035156,2861.078843,655.956313
2020-11-14 04:00:00,load,RTS_DAY_AHEAD,2944.46036,2861.078843,83.381517
2020-11-14 05:00:00,load,random_forest,3196.073403,2953.887877,242.185526
2020-11-14 05:00:00,load,mlp,3585.39209,2953.887877,631.504212
2020-11-14 05:00:00,load,RTS_DAY_AHEAD,3039.876063,2953.887877,85.988186
2020-11-14 06:00:00,load,random_forest,3482.589633,2991.568081,491.021552
2020-11-14 06:00:00,load,mlp,3689.16748,2991.568081,697.5994
2020-11-14 06:00:00,load,RTS_DAY_AHEAD,3079.44457,2991.568081,87.876489
2020-11-14 07:00:00,load,random_forest,3411.885544,3117.155164,294.73038
2020-11-14 07:00:00,load,mlp,3774.250732,3117.155164,657.095569
2020-11-14 07:00:00,load,RTS_DAY_AHEAD,3208.573936,3117.155164,91.418772
2020-11-14 08:00:00,load,random_forest,3633.292692,3320.448256,312.844435
2020-11-14 08:00:00,load,mlp,3871.870605,3320.448256,551.422349
2020-11-14 08:00:00,load,RTS_DAY_AHEAD,3414.947642,3320.448256,94.499386
2020-11-14 09:00:00,load,random_forest,3815.531929,3490.408205,325.123724
2020-11-14 09:00:00,load,mlp,3967.936768,3490.408205,477.528562
2020-11-14 09:00:00,load,RTS_DAY_AHEAD,3586.703605,3490.408205,96.2954
2020-11-14 10:00:00,load,random_forest,3832.683271,3586.727849,245.955421
2020-11-14 10:00:00,load,mlp,4042.265137,3586.727849,455.537287
2020-11-14 10:00:00,load,RTS_DAY_AHEAD,3684.182358,3586.727849,97.454509
2020-11-14 11:00:00,load,random_forest,4089.344644,3639.893061,449.451582
2020-11-14 11:00:00,load,mlp,4101.583008,3639.893061,461.689947
2020-11-14 11:00:00,load,RTS_DAY_AHEAD,3738.000054,3639.893061,98.106993
2020-11-14 12:00:00,load,random_forest,4139.405125,3622.643437,516.761689
2020-11-14 12:00:00,load,mlp,4140.491211,3622.643437,517.847774
2020-11-14 12:00:00,load,RTS_DAY_AHEAD,3720.267582,3622.643437,97.624145
2020-11-14 13:00:00,load,random_forest,4071.211343,3590.337526,480.873817
2020-11-14 13:00:00,load,mlp,4171.21875,3590.337526,580.881224
2020-11-14 13:00:00,load,RTS_DAY_AHEAD,3687.582496,3590.337526,97.24497
2020-11-14 14:00:00,load,random_forest,4057.3709,3537.115944,520.254957
2020-11-14 14:00:00,load,mlp,4188.115234,3537.115944,650.999291
2020-11-14 14:00:00,load,RTS_DAY_AHEAD,3633.486314,3537.115944,96.37037
2020-11-14 15:00:00,load,random_forest,4108.770112,3520.743702,588.02641
2020-11-14 15:00:00,load,mlp,4171.087891,3520.743702,650.344189
2020-11-14 15:00:00,load,RTS_DAY_AHEAD,3618.198546,3520.743702,97.454844
2020-11-14 16:00:00,load,random_forest,4050.531064,3675.434769,375.096295
2020-11-14 16:00:00,load,mlp,4162.407227,3675.434769,486.972458
2020-11-14 16:00:00,load,RTS_DAY_AHEAD,3779.160031,3675.434769,103.725262
2020-11-14 17:00:00,load,random_forest,4208.469318,3987.789924,220.679394
2020-11-14 17:00:00,load,mlp,4194.24707,3987.789924,206.457146
2020-11-14 17:00:00,load,RTS_DAY_AHEAD,4097.371027,3987.789924,109.581103
2020-11-14 18:00:00,load,random_forest,4227.291624,3972.461193,254.830431
2020-11-14 18:00:00,load,mlp,4166.763672,3972.461193,194.302479
2020-11-14 18:00:00,load,RTS_DAY_AHEAD,4079.500257,3972.461193,107.039064
2020-11-14 19:00:00,load,random_forest,4147.559321,3856.17149,291.387831
2020-11-14 19:00:00,load,mlp,4094.006592,3856.17149,237.835102
2020-11-14 19:00:00,load,RTS_DAY_AHEAD,3958.872199,3856.17149,102.700709
2020-11-14 20:00:00,load,random_forest,3984.395138,3729.977641,254.417497
2020-11-14 20:00:00,load,mlp,4014.303223,3729.977641,284.325582
2020-11-14 20:00:00,load,RTS_DAY_AHEAD,3829.029089,3729.977641,99.051448
2020-11-14 21:00:00,load,random_forest,3723.997093,3578.633791,145.363303
2020-11-14 21:00:00,load,mlp,3915.608643,3578.633791,336.974852
2020-11-14 21:00:00,load,RTS_DAY_AHEAD,3672.358115,3578.633791,93.724324
2020-11-14 22:00:00,load,random_forest,3536.310512,3398.143974,138.166538
2020-11-14 22:00:00,load,mlp,3812.219482,3398.143974,414.075508
2020-11-14 22:00:00,load,RTS_DAY_AHEAD,3487.170259,3398.143974,89.026285
2020-11-14 23:00:00,load,random_forest,3311.410851,3196.280171,115.13068
2020-11-14 23:00:00,load,mlp,3709.367188,3196.280171,513.087016
2020-11-14 23:00:00,load,RTS_DAY_AHEAD,3282.077423,3196.280171,85.797251
2020-11-15 00:00:00,load,random_forest,3152.497934,3021.773083,130.724851
2020-11-15 00:00:00,load,mlp,3593.490723,3021.773083,571.71764
2020-11-15 00:00:00,load,RTS_DAY_AHEAD,3105.456758,3021.773083,83.683675
2020-11-15 01:00:00,load,random_forest,3024.116154,2889.553688,134.562466
2020-11-15 01:00:00,load,mlp,3523.701172,2889.553688,634.147484
2020-11-15 01:00:00,load,RTS_DAY_AHEAD,2972.009366,2889.553688,82.455678
2020-11-15 02:00:00,load,random_forest,2946.541598,2816.809185,129.732413
2020-11-15 02:00:00,load,mlp,3474.924561,2816.809185,658.115375
2020-11-15 02:00:00,load,RTS_DAY_AHEAD,2898.378172,2816.809185,81.568987
2020-11-15 03:00:00,load,random_forest,2930.342736,2763.194021,167.148715
2020-11-15 03:00:00,load,mlp,3452.717529,2763.194021,689.523508
2020-11-15 03:00:00,load,RTS_DAY_AHEAD,2844.590651,2763.194021,81.39663
2020-11-15 04:00:00,load,random_forest,3098.208712,2762.259363,335.949348
2020-11-15 04:00:00,load,mlp,3458.917969,2762.259363,696.658605
2020-11-15 04:00:00,load,RTS_DAY_AHEAD,2844.174419,2762.259363,81.915056
2020-11-15 05:00:00,load,random_forest,3386.086812,2813.41369,572.673122
2020-11-15 05:00:00,load,mlp,3516.621094,2813.41369,703.207404
2020-11-15 05:00:00,load,RTS_DAY_AHEAD,2897.085589,2813.41369,83.6719
2020-11-15 06:00:00,load,random_forest,3026.154877,2795.19012,230.964757
2020-11-15 06:00:00,load,mlp,3566.436768,2795.19012,771.246647
2020-11-15 06:00:00,load,RTS_DAY_AHEAD,2879.534143,2795.19012,84.344023
2020-11-15 07:00:00,load,random_forest,3092.454507,2882.665275,209.789232
2020-11-15 07:00:00,load,mlp,3638.560059,2882.665275,755.894783
2020-11-15 07:00:00,load,RTS_DAY_AHEAD,2969.766278,2882.665275,87.101003
2020-11-15 08:00:00,load,random_forest,3187.414118,3074.419898,112.994219
2020-11-15 08:00:00,load,mlp,3749.214111,3074.419898,674.794213
2020-11-15 08:00:00,load,RTS_DAY_AHEAD,3164.482072,3074.419898,90.062174
2020-11-15 09:00:00,load,random_forest,3360.722321,3213.161192,147.561128
2020-11-15 09:00:00,load,mlp,3846.33252,3213.161192,633.171327
2020-11-15 09:00:00,load,RTS_DAY_AHEAD,3305.333396,3213.161192,92.172204
2020-11-15 10:00:00,load,random_forest,3556.531164,3321.128172,235.402992
2020-11-15 10:00:00,load,mlp,3920.787109,3321.128172,599.658938
2020-11-15 10:00:00,load,RTS_DAY_AHEAD,3414.280035,3321.128172,93.151863
2020-11-15 11:00:00,load,random_forest,3686.589329,3368.259188,318.330142
2020-11-15 11:00:00,load,mlp,3985.41748,3368.259188,617.158293
2020-11-15 11:00:00,load,RTS_DAY_AHEAD,3462.545906,3368.259188,94.286718
2020-11-15 12:00:00,load,random_forest,3844.997773,3394.933518,450.064255
2020-11-15 12:00:00,load,mlp,4032.257812,3394.933518,637.324295
2020-11-15 12:00:00,load,RTS_DAY_AHEAD,3489.662769,3394.933518,94.729251
2020-11-15 13:00:00,load,random_forest,3814.00807,3415.392455,398.615616
2020-11-15 13:00:00,load,mlp,4055.246826,3415.392455,639.854372
2020-11-15 13:00:00,load,RTS_DAY_AHEAD,3511.45921,3415.392455,96.066755
2020-11-15 14:00:00,load,random_forest,3679.043608,3409.216535,269.827073
2020-11-15 14:00:00,load,mlp,4062.260254,3409.216535,653.043718
2020-11-15 14:00:00,load,RTS_DAY_AHEAD,3505.850922,3409.216535,96.634387
2020-11-15 15:00:00,load,random_forest,3713.127382,3415.901996,297.225386
2020-11-15 15:00:00,load,mlp,4055.436035,3415.901996,639.534039
2020-11-15 15:00:00,load,RTS_DAY_AHEAD,3513.035919,3415.901996,97.133923
2020-11-15 16:00:00,load,random_forest,3742.131719,3593.776959,148.35476
2020-11-15 16:00:00,load,mlp,4071.216064,3593.776959,477.439106
2020-11-15 16:00:00,load,RTS_DAY_AHEAD,3697.305167,3593.776959,103.528208
2020-11-15 17:00:00,load,random_forest,3937.021032,3995.939405,58.918373
2020-11-15 17:00:00,load,mlp,4127.426758,3995.939405,131.487353
2020-11-15 17:00:00,load,RTS_DAY_AHEAD,4108.739804,3995.939405,112.800399
2020-11-15 18:00:00,load,random_forest,4053.299079,4006.416636,46.882443
2020-11-15 18:00:00,load,mlp,4081.249512,4006.416636,74.832876
2020-11-15 18:00:00,load,RTS_DAY_AHEAD,4117.249694,4006.416636,110.833058
2020-11-15 19:00:00,load,random_forest,4058.384143,3906.432234,151.951908
2020-11-15 19:00:00,load,mlp,4012.85791,3906.432234,106.425676
2020-11-15 19:00:00,load,RTS_DAY_AHEAD,4012.610787,3906.432234,106.178553
2020-11-15 20:00:00,load,random_forest,3805.076479,3763.956616,41.119864
2020-11-15 20:00:00,load,mlp,3942.762939,3763.956616,178.806324
2020-11-15 20:00:00,load,RTS_DAY_AHEAD,3863.880327,3763.956616,99.923711
2020-11-15 21:00:00,load,random_forest,3644.552731,3551.910988,92.641743
2020-11-15 21:00:00,load,mlp,3855.818848,3551.910988,303.90786
2020-11-15 21:00:00,load,RTS_DAY_AHEAD,3644.570663,3551.910988,92.659675
2020-11-15 22:00:00,load,random_forest,3411.956008,3329.880013,82.075995
2020-11-15 22:00:00,load,mlp,3756.794434,3329.880013,426.914421
2020-11-15 22:00:00,load,RTS_DAY_AHEAD,3416.531016,3329.880013,86.651004
2020-11-15 23:00:00,load,random_forest,3224.818348,3105.344547,119.473801
2020-11-15 23:00:00,load,mlp,3657.606689,3105.344547,552.262143
2020-11-15 23:00:00,load,RTS_DAY_AHEAD,3189.18613,3105.344547,83.841583
2020-11-16 00:00:00,load,random_forest,3113.268282,2940.564389,172.703893
2020-11-16 00:00:00,load,mlp,3556.806641,2940.564389,616.242251
2020-11-16 00:00:00,load,RTS_DAY_AHEAD,3022.988079,2940.564389,82.42369
2020-11-16 01:00:00,load,random_forest,2928.211915,2853.813184,74.398731
2020-11-16 01:00:00,load,mlp,3484.969971,2853.813184,631.156787
2020-11-16 01:00:00,load,RTS_DAY_AHEAD,2935.581904,2853.813184,81.76872
2020-11-16 02:00:00,load,random_forest,2955.527414,2801.685093,153.842321
2020-11-16 02:00:00,load,mlp,3433.764893,2801.685093,632.079799
2020-11-16 02:00:00,load,RTS_DAY_AHEAD,2883.116006,2801.685093,81.430913
2020-11-16 03:00:00,load,random_forest,2948.772628,2815.265639,133.506989
2020-11-16 03:00:00,load,mlp,3407.302734,2815.265639,592.037096
2020-11-16 03:00:00,load,RTS_DAY_AHEAD,2897.916434,2815.265639,82.650795
2020-11-16 04:00:00,load,random_forest,2948.579651,2941.665507,6.914144
2020-11-16 04:00:00,load,mlp,3407.048828,2941.665507,465.383321
2020-11-16 04:00:00,load,RTS_DAY_AHEAD,3028.925934,2941.665507,87.260426
2020-11-16 05:00:00,load,random_forest,3101.151607,3210.27739,109.125782
2020-11-16 05:00:00,load,mlp,3440.51123,3210.27739,230.233841
2020-11-16 05:00:00,load,RTS_DAY_AHEAD,3307.323096,3210.27739,97.045706
2020-11-16 06:00:00,load,random_forest,3123.108153,3464.008463,340.90031
2020-11-16 06:00:00,load,mlp,3469.096436,3464.008463,5.087972
2020-11-16 06:00:00,load,RTS_DAY_AHEAD,3565.309547,3464.008463,101.301084
2020-11-16 07:00:00,load,random_forest,3457.64089,3598.500317,140.859428
2020-11-16 07:00:00,load,mlp,3525.227295,3598.500317,73.273022
2020-11-16 07:00:00,load,RTS_DAY_AHEAD,3700.160616,3598.500317,101.660299
2020-11-16 08:00:00,load,random_forest,3219.572536,3715.81177,496.239233
2020-11-16 08:00:00,load,mlp,3624.157715,3715.81177,91.654055
2020-11-16 08:00:00,load,RTS_DAY_AHEAD,3817.491397,3715.81177,101.679627
2020-11-16 09:00:00,load,random_forest,3460.290913,3804.342553,344.05164
2020-11-16 09:00:00,load,mlp,3719.435547,3804.342553,84.907006
2020-11-16 09:00:00,load,RTS_DAY_AHEAD,3905.949861,3804.342553,101.607308
2020-11-16 10:00:00,load,random_forest,3422.508948,3862.903494,440.394546
2020-11-16 10:00:00,load,mlp,3794.552734,3862.903494,68.350759
2020-11-16 10:00:00,load,RTS_DAY_AHEAD,3963.859528,3862.903494,100.956034
2020-11-16 11:00:00,load,random_forest,3479.830226,3962.482165,482.65194
2020-11-16 11:00:00,load,mlp,3853.331299,3962.482165,109.150866
2020-11-16 11:00:00,load,RTS_DAY_AHEAD,4063.733311,3962.482165,101.251146
2020-11-16 12:00:00,load,random_forest,3547.609057,4030.050394,482.441337
2020-11-16 12:00:00,load,mlp,3893.871826,4030.050394,136.178568
2020-11-16 12:00:00,load,RTS_DAY_AHEAD,4131.785442,4030.050394,101.735048
2020-11-16 13:00:00,load,random_forest,3605.17715,4028.832263,423.655112
2020-11-16 13:00:00,load,mlp,3919.395264,4028.832263,109.436999
2020-11-16 13:00:00,load,RTS_DAY_AHEAD,4130.766503,4028.832263,101.93424
2020-11-16 14:00:00,load,random_forest,3453.155933,3996.160163,543.00423
2020-11-16 14:00:00,load,mlp,3930.199219,3996.160163,65.960944
2020-11-16 14:00:00,load,RTS_DAY_AHEAD,4098.525574,3996.160163,102.365411
2020-11-16 15:00:00,load,random_forest,3469.7255,3885.620864,415.895363
2020-11-16 15:00:00,load,mlp,3932.226562,3885.620864,46.605699
2020-11-16 15:00:00,load,RTS_DAY_AHEAD,3988.33965,3885.620864,102.718786
2020-11-16 16:00:00,load,random_forest,3378.916398,4017.588255,638.671856
2020-11-16 16:00:00,load,mlp,3978.605469,4017.588255,38.982786
2020-11-16 16:00:00,load,RTS_DAY_AHEAD,4126.023176,4017.588255,108.434921
2020-11-16 17:00:00,load,random_forest,3998.693705,4328.22219,329.528485
2020-11-16 17:00:00,load,mlp,4072.55542,4328.22219,255.66677
2020-11-16 17:00:00,load,RTS_DAY_AHEAD,4445.801906,4328.22219,117.579716
2020-11-16 18:00:00,load,random_forest,4000.255108,4277.946075,277.690967
2020-11-16 18:00:00,load,mlp,4041.050781,4277.946075,236.895294
2020-11-16 18:00:00,load,RTS_DAY_AHEAD,4392.736107,4277.946075,114.790032
2020-11-16 19:00:00,load,random_forest,3969.624519,4179.988271,210.363752
2020-11-16 19:00:00,load,mlp,3975.375,4179.988271,204.613271
2020-11-16 19:00:00,load,RTS_DAY_AHEAD,4290.460449,4179.988271,110.472178
2020-11-16 20:00:00,load,random_forest,3823.760143,4002.192226,178.432083
2020-11-16 20:00:00,load,mlp,3901.818848,4002.192226,100.373379
2020-11-16 20:00:00,load,RTS_DAY_AHEAD,4106.017153,4002.192226,103.824927
2020-11-16 21:00:00,load,random_forest,3610.221576,3760.930216,150.70864
2020-11-16 21:00:00,load,mlp,3808.293701,3760.930216,47.363485
2020-11-16 21:00:00,load,RTS_DAY_AHEAD,3856.390135,3760.930216,95.459919
2020-11-16 22:00:00,load,random_forest,3417.790734,3494.935445,77.144711
2020-11-16 22:00:00,load,mlp,3711.07666,3494.935445,216.141215
2020-11-16 22:00:00,load,RTS_DAY_AHEAD,3583.709669,3494.935445,88.774223
2020-11-16 23:00:00,load,random_forest,3185.514825,3235.940526,50.4257
2020-11-16 23:00:00,load,mlp,3610.542969,3235.940526,374.602443
2020-11-16 23:00:00,load,RTS_DAY_AHEAD,3321.487566,3235.940526,85.54704
2020-11-17 00:00:00,load,random_forest,3007.976862,3048.95874,40.981879
2020-11-17 00:00:00,load,mlp,3526.169189,3048.95874,477.210449
2020-11-17 00:00:00,load,RTS_DAY_AHEAD,3132.68292,3048.95874,83.72418
2020-11-17 01:00:00,load,random_forest,2944.888545,2953.344484,8.455939
2020-11-17 01:00:00,load,mlp,3462.440918,2953.344484,509.096434
2020-11-17 01:00:00,load,RTS_DAY_AHEAD,3036.17115,2953.344484,82.826667
2020-11-17 02:00:00,load,random_forest,2969.626233,2898.782002,70.844231
2020-11-17 02:00:00,load,mlp,3426.352783,2898.782002,527.570781
2020-11-17 02:00:00,load,RTS_DAY_AHEAD,2981.584363,2898.782002,82.802361
2020-11-17 03:00:00,load,random_forest,2978.53056,2897.932265,80.598295
2020-11-17 03:00:00,load,mlp,3409.576904,2897.932265,511.644639
2020-11-17 03:00:00,load,RTS_DAY_AHEAD,2981.729773,2897.932265,83.797508
2020-11-17 04:00:00,load,random_forest,2945.091471,3019.183347,74.091875
2020-11-17 04:00:00,load,mlp,3427.968018,3019.183347,408.784671
2020-11-17 04:00:00,load,RTS_DAY_AHEAD,3107.93743,3019.183347,88.754083
2020-11-17 05:00:00,load,random_forest,3067.90609,3289.997336,222.091246
2020-11-17 05:00:00,load,mlp,3493.372314,3289.997336,203.374978
2020-11-17 05:00:00,load,RTS_DAY_AHEAD,3388.920175,3289.997336,98.922839
2020-11-17 06:00:00,load,random_forest,3353.607046,3493.315467,139.708421
2020-11-17 06:00:00,load,mlp,3564.248779,3493.315467,70.933312
2020-11-17 06:00:00,load,RTS_DAY_AHEAD,3595.510036,3493.315467,102.194569
2020-11-17 07:00:00,load,random_forest,3606.640175,3597.474512,9.165663
2020-11-17 07:00:00,load,mlp,3650.601562,3597.474512,53.12705
2020-11-17 07:00:00,load,RTS_DAY_AHEAD,3698.061389,3597.474512,100.586877
2020-11-17 08:00:00,load,random_forest,3714.102369,3722.657124,8.554755
2020-11-17 08:00:00,load,mlp,3745.219971,3722.657124,22.562847
2020-11-17 08:00:00,load,RTS_DAY_AHEAD,3823.0122,3722.657124,100.355076
2020-11-17 09:00:00,load,random_forest,3880.317625,3826.288405,54.02922
2020-11-17 09:00:00,load,mlp,3827.814453,3826.288405,1.526049
2020-11-17 09:00:00,load,RTS_DAY_AHEAD,3927.232568,3826.288405,100.944163
2020-11-17 10:00:00,load,random_forest,3867.488587,3881.19779,13.709203
2020-11-17 10:00:00,load,mlp,3901.998779,3881.19779,20.800989
2020-11-17 10:00:00,load,RTS_DAY_AHEAD,3982.19757,3881.19779,100.99978
2020-11-17 11:00:00,load,random_forest,3935.983991,3929.164848,6.819143
2020-11-17 11:00:00,load,mlp,3969.022705,3929.164848,39.857857
2020-11-17 11:00:00,load,RTS_DAY_AHEAD,4030.359096,3929.164848,101.194248
2020-11-17 12:00:00,load,random_forest,4110.477057,3952.438783,158.038273
2020-11-17 12:00:00,load,mlp,4024.097168,3952.438783,71.658385
2020-11-17 12:00:00,load,RTS_DAY_AHEAD,4054.046226,3952.438783,101.607443
2020-11-17 13:00:00,load,random_forest,4107.055757,3962.428685,144.627072
2020-11-17 13:00:00,load,mlp,4053.815674,3962.428685,91.386989
2020-11-17 13:00:00,load,RTS_DAY_AHEAD,4062.822671,3962.428685,100.393986
2020-11-17 14:00:00,load,random_forest,4145.491854,3974.245135,171.246718
2020-11-17 14:00:00,load,mlp,4064.957031,3974.245135,90.711896
2020-11-17 14:00:00,load,RTS_DAY_AHEAD,4075.857266,3974.245135,101.612131
2020-11-17 15:00:00,load,random_forest,4138.757101,3949.63667,189.120431
2020-11-17 15:00:00,load,mlp,4054.458984,3949.63667,104.822314
2020-11-17 15:00:00,load,RTS_DAY_AHEAD,4051.87045,3949.63667,102.23378
2020-11-17 16:00:00,load,random_forest,4234.433809,4065.829792,168.604018
2020-11-17 16:00:00,load,mlp,4097.907715,4065.829792,32.077923
2020-11-17 16:00:00,load,RTS_DAY_AHEAD,4174.217279,4065.829792,108.387487
2020-11-17 17:00:00,load,random_forest,4284.974017,4342.441545,57.467528
2020-11-17 17:00:00,load,mlp,4187.328125,4342.441545,155.11342
2020-11-17 17:00:00,load,RTS_DAY_AHEAD,4460.274495,4342.441545,117.83295
2020-11-17 18:00:00,load,random_forest,4148.324859,4279.607089,131.28223
2020-11-17 18:00:00,load,mlp,4143.668945,4279.607089,135.938144
2020-11-17 18:00:00,load,RTS_DAY_AHEAD,4393.962294,4279.607089,114.355205
2020-11-17 19:00:00,load,random_forest,4210.647473,4161.411179,49.236294
2020-11-17 19:00:00,load,mlp,4089.006592,4161.411179,72.404588
2020-11-17 19:00:00,load,RTS_DAY_AHEAD,4271.510321,4161.411179,110.099142
2020-11-17 20:00:00,load,random_forest,4083.439551,4001.784567,81.654984
2020-11-17 20:00:00,load,mlp,4006.721191,4001.784567,4.936624
2020-11-17 20:00:00,load,RTS_DAY_AHEAD,4105.982376,4001.784567,104.197809
2020-11-17 21:00:00,load,random_forest,3875.451209,3769.820723,105.630486
2020-11-17 21:00:00,load,mlp,3891.492676,3769.820723,121.671953
2020-11-17 21:00:00,load,RTS_DAY_AHEAD,3865.377094,3769.820723,95.556371
2020-11-17 22:00:00,load,random_forest,3628.808643,3488.463465,140.345178
2020-11-17 22:00:00,load,mlp,3783.811279,3488.463465,295.347815
2020-11-17 22:00:00,load,RTS_DAY_AHEAD,3577.161683,3488.463465,88.698218
2020-11-17 23:00:00,load,random_forest,3277.818969,3243.97755,33.841419
2020-11-17 23:00:00,load,mlp,3675.412109,3243.97755,431.43456
2020-11-17 23:00:00,load,RTS_DAY_AHEAD,3329.819401,3243.97755,85.841851
2020-11-18 00:00:00,load,random_forest,3169.88329,3176.868831,6.985541
2020-11-18 00:00:00,load,mlp,3601.11792,3176.868831,424.249089
2020-11-18 00:00:00,load,RTS_DAY_AHEAD,3261.100786,3176.868831,84.231955
2020-11-18 01:00:00,load,random_forest,3005.476022,3066.296533,60.820511
2020-11-18 01:00:00,load,mlp,3538.651611,3066.296533,472.355078
2020-11-18 01:00:00,load,RTS_DAY_AHEAD,3149.536567,3066.296533,83.240034
2020-11-18 02:00:00,load,random_forest,2993.081422,3015.612332,22.53091
2020-11-18 02:00:00,load,mlp,3495.120361,3015.612332,479.508029
2020-11-18 02:00:00,load,RTS_DAY_AHEAD,3098.679578,3015.612332,83.067246
2020-11-18 03:00:00,load,random_forest,2923.820122,3014.793108,90.972987
2020-11-18 03:00:00,load,mlp,3476.42627,3014.793108,461.633161
2020-11-18 03:00:00,load,RTS_DAY_AHEAD,3099.180735,3014.793108,84.387627
2020-11-18 04:00:00,load,random_forest,2943.857726,3129.544414,185.686688
2020-11-18 04:00:00,load,mlp,3505.869629,3129.544414,376.325215
2020-11-18 04:00:00,load,RTS_DAY_AHEAD,3218.939243,3129.544414,89.394829
2020-11-18 05:00:00,load,random_forest,3198.072819,3415.45565,217.382831
2020-11-18 05:00:00,load,mlp,3601.738281,3415.45565,186.282631
2020-11-18 05:00:00,load,RTS_DAY_AHEAD,3516.071327,3415.45565,100.615677
2020-11-18 06:00:00,load,random_forest,3494.216097,3615.574115,121.358018
2020-11-18 06:00:00,load,mlp,3712.101562,3615.574115,96.527448
2020-11-18 06:00:00,load,RTS_DAY_AHEAD,3719.292316,3615.574115,103.718201
2020-11-18 07:00:00,load,random_forest,3623.269004,3729.169171,105.900167
2020-11-18 07:00:00,load,mlp,3805.918701,3729.169171,76.74953
2020-11-18 07:00:00,load,RTS_DAY_AHEAD,3830.64222,3729.169171,101.473049
2020-11-18 08:00:00,load,random_forest,3722.125517,3841.185077,119.05956
2020-11-18 08:00:00,load,mlp,3889.013184,3841.185077,47.828106
2020-11-18 08:00:00,load,RTS_DAY_AHEAD,3941.979993,3841.185077,100.794916
2020-11-18 09:00:00,load,random_forest,3720.412138,3950.702605,230.290466
2020-11-18 09:00:00,load,mlp,3973.994629,3950.702605,23.292024
2020-11-18 09:00:00,load,RTS_DAY_AHEAD,4051.995896,3950.702605,101.293291
2020-11-18 10:00:00,load,random_forest,3910.140026,4031.124471,120.984445
2020-11-18 10:00:00,load,mlp,4042.804199,4031.124471,11.679728
2020-11-18 10:00:00,load,RTS_DAY_AHEAD,4132.459785,4031.124471,101.335314
2020-11-18 11:00:00,load,random_forest,4003.259929,4095.77616,92.51623
2020-11-18 11:00:00,load,mlp,4104.668457,4095.77616,8.892297
2020-11-18 11:00:00,load,RTS_DAY_AHEAD,4198.076605,4095.77616,102.300445
2020-11-18 12:00:00,load,random_forest,4276.14129,4127.758273,148.383018
2020-11-18 12:00:00,load,mlp,4148.845215,4127.758273,21.086942
2020-11-18 12:00:00,load,RTS_DAY_AHEAD,4230.705497,4127.758273,102.947224
2020-11-18 13:00:00,load,random_forest,4186.169242,4150.335048,35.834194
2020-11-18 13:00:00,load,mlp,4169.15918,4150.335048,18.824132
2020-11-18 13:00:00,load,RTS_DAY_AHEAD,4253.653953,4150.335048,103.318905
2020-11-18 14:00:00,load,random_forest,4216.547086,4160.554559,55.992527
2020-11-18 14:00:00,load,mlp,4180.773438,4160.554559,20.218879
2020-11-18 14:00:00,load,RTS_DAY_AHEAD,4264.823149,4160.554559,104.26859
2020-11-18 15:00:00,load,random_forest,4178.866363,4121.77788,57.088483
2020-11-18 15:00:00,load,mlp,4166.091797,4121.77788,44.313917
2020-11-18 15:00:00,load,RTS_DAY_AHEAD,4225.5829,4121.77788,103.80502
2020-11-18 16:00:00,load,random_forest,4197.598999,4225.145867,27.546868
2020-11-18 16:00:00,load,mlp,4182.776855,4225.145867,42.369011
2020-11-18 16:00:00,load,RTS_DAY_AHEAD,4334.242209,4225.145867,109.096342
2020-11-18 17:00:00,load,random_forest,4385.590987,4482.562186,96.9712
2020-11-18 17:00:00,load,mlp,4248.219238,4482.562186,234.342948
2020-11-18 17:00:00,load,RTS_DAY_AHEAD,4599.440265,4482.562186,116.878079
2020-11-18 18:00:00,load,random_forest,4213.089092,4417.595575,204.506483
2020-11-18 18:00:00,load,mlp,4208.780273,4417.595575,208.815301
2020-11-18 18:00:00,load,RTS_DAY_AHEAD,4531.95845,4417.595575,114.362875
2020-11-18 19:00:00,load,random_forest,4142.319525,4323.344281,181.024756
2020-11-18 19:00:00,load,mlp,4145.279785,4323.344281,178.064496
2020-11-18 19:00:00,load,RTS_DAY_AHEAD,4435.032095,4323.344281,111.687814
2020-11-18 20:00:00,load,random_forest,4166.469313,4154.34898,12.120333
2020-11-18 20:00:00,load,mlp,4055.187012,4154.34898,99.161968
2020-11-18 20:00:00,load,RTS_DAY_AHEAD,4259.741433,4154.34898,105.392453
2020-11-18 21:00:00,load,random_forest,3888.00069,3931.708139,43.707449
2020-11-18 21:00:00,load,mlp,3951.166504,3931.708139,19.458365
2020-11-18 21:00:00,load,RTS_DAY_AHEAD,4028.340583,3931.708139,96.632444
2020-11-18 22:00:00,load,random_forest,3591.402118,3668.253776,76.851657
2020-11-18 22:00:00,load,mlp,3829.175293,3668.253776,160.921517
2020-11-18 22:00:00,load,RTS_DAY_AHEAD,3758.217724,3668.253776,89.963948
2020-11-18 23:00:00,load,random_forest,3296.644744,3396.193588,99.548844
2020-11-18 23:00:00,load,mlp,3713.330566,3396.193588,317.136978
2020-11-18 23:00:00,load,RTS_DAY_AHEAD,3482.291502,3396.193588,86.097914
2020-11-19 00:00:00,load,random_forest,3175.02034,3096.875193,78.145146
2020-11-19 00:00:00,load,mlp,3598.131348,3096.875193,501.256154
2020-11-19 00:00:00,load,RTS_DAY_AHEAD,3181.229369,3096.875193,84.354176
2020-11-19 01:00:00,load,random_forest,3087.622725,2988.981071,98.641654
2020-11-19 01:00:00,load,mlp,3550.820801,2988.981071,561.83973
2020-11-19 01:00:00,load,RTS_DAY_AHEAD,3072.394187,2988.981071,83.413116
2020-11-19 02:00:00,load,random_forest,3001.051774,2930.575663,70.476111
2020-11-19 02:00:00,load,mlp,3508.96875,2930.575663,578.393087
2020-11-19 02:00:00,load,RTS_DAY_AHEAD,3013.803823,2930.575663,83.22816
2020-11-19 03:00:00,load,random_forest,2974.069537,2933.092973,40.976564
2020-11-19 03:00:00,load,mlp,3496.09375,2933.092973,563.000777
2020-11-19 03:00:00,load,RTS_DAY_AHEAD,3017.737493,2933.092973,84.64452
2020-11-19 04:00:00,load,random_forest,2959.476594,3052.612366,93.135773
2020-11-19 04:00:00,load,mlp,3519.868652,3052.612366,467.256286
2020-11-19 04:00:00,load,RTS_DAY_AHEAD,3142.557223,3052.612366,89.944857
2020-11-19 05:00:00,load,random_forest,3298.091589,3350.24076,52.149172
2020-11-19 05:00:00,load,mlp,3602.621582,3350.24076,252.380822
2020-11-19 05:00:00,load,RTS_DAY_AHEAD,3451.239741,3350.24076,100.998981
2020-11-19 06:00:00,load,random_forest,3584.458922,3561.121829,23.337093
2020-11-19 06:00:00,load,mlp,3718.092285,3561.121829,156.970456
2020-11-19 06:00:00,load,RTS_DAY_AHEAD,3665.962988,3561.121829,104.841159
2020-11-19 07:00:00,load,random_forest,3602.335536,3651.557902,49.222366
2020-11-19 07:00:00,load,mlp,3816.290527,3651.557902,164.732625
2020-11-19 07:00:00,load,RTS_DAY_AHEAD,3754.055883,3651.557902,102.497981
2020-11-19 08:00:00,load,random_forest,3604.712482,3743.323234,138.610752
2020-11-19 08:00:00,load,mlp,3904.040283,3743.323234,160.717049
2020-11-19 08:00:00,load,RTS_DAY_AHEAD,3843.076368,3743.323234,99.753134
2020-11-19 09:00:00,load,random_forest,3860.923318,3819.720378,41.202939
2020-11-19 09:00:00,load,mlp,3985.671875,3819.720378,165.951497
2020-11-19 09:00:00,load,RTS_DAY_AHEAD,3917.690905,3819.720378,97.970527
2020-11-19 10:00:00,load,random_forest,4011.524849,3940.271092,71.253757
2020-11-19 10:00:00,load,mlp,4053.402832,3940.271092,113.13174
2020-11-19 10:00:00,load,RTS_DAY_AHEAD,4042.08018,3940.271092,101.809088
2020-11-19 11:00:00,load,random_forest,3960.437973,3971.426395,10.988422
2020-11-19 11:00:00,load,mlp,4104.390625,3971.426395,132.96423
2020-11-19 11:00:00,load,RTS_DAY_AHEAD,4073.5375,3971.426395,102.111105
2020-11-19 12:00:00,load,random_forest,4257.25224,3999.408408,257.843831
2020-11-19 12:00:00,load,mlp,4144.193848,3999.408408,144.78544
2020-11-19 12:00:00,load,RTS_DAY_AHEAD,4102.098443,3999.408408,102.690035
2020-11-19 13:00:00,load,random_forest,4198.537013,4018.758991,179.778021
2020-11-19 13:00:00,load,mlp,4169.804688,4018.758991,151.045696
2020-11-19 13:00:00,load,RTS_DAY_AHEAD,4122.729871,4018.758991,103.97088
2020-11-19 14:00:00,load,random_forest,4182.287702,4028.44891,153.838792
2020-11-19 14:00:00,load,mlp,4181.571289,4028.44891,153.122379
2020-11-19 14:00:00,load,RTS_DAY_AHEAD,4133.005253,4028.44891,104.556343
2020-11-19 15:00:00,load,random_forest,4189.902426,3994.352026,195.550399
2020-11-19 15:00:00,load,mlp,4179.227539,3994.352026,184.875513
2020-11-19 15:00:00,load,RTS_DAY_AHEAD,4099.44475,3994.352026,105.092724
2020-11-19 16:00:00,load,random_forest,4090.99026,4098.515735,7.525475
2020-11-19 16:00:00,load,mlp,4191.722656,4098.515735,93.206921
2020-11-19 16:00:00,load,RTS_DAY_AHEAD,4208.385946,4098.515735,109.870211
2020-11-19 17:00:00,load,random_forest,4201.849102,4346.100124,144.251022
2020-11-19 17:00:00,load,mlp,4254.130859,4346.100124,91.969265
2020-11-19 17:00:00,load,RTS_DAY_AHEAD,4463.474759,4346.100124,117.374635
2020-11-19 18:00:00,load,random_forest,4333.446977,4282.438868,51.008109
2020-11-19 18:00:00,load,mlp,4214.27832,4282.438868,68.160548
2020-11-19 18:00:00,load,RTS_DAY_AHEAD,4397.053988,4282.438868,114.61512
2020-11-19 19:00:00,load,random_forest,4164.034391,4160.171608,3.862782
2020-11-19 19:00:00,load,mlp,4143.336426,4160.171608,16.835183
2020-11-19 19:00:00,load,RTS_DAY_AHEAD,4270.086351,4160.171608,109.914743
2020-11-19 20:00:00,load,random_forest,4410.407328,4019.550172,390.857156
2020-11-19 20:00:00,load,mlp,4067.979736,4019.550172,48.429564
2020-11-19 20:00:00,load,RTS_DAY_AHEAD,4124.002446,4019.550172,104.452274
2020-11-19 21:00:00,load,random_forest,3946.85293,3784.310662,162.542268
2020-11-19 21:00:00,load,mlp,3965.103516,3784.310662,180.792853
2020-11-19 21:00:00,load,RTS_DAY_AHEAD,3880.291379,3784.310662,95.980717
2020-11-19 22:00:00,load,random_forest,3721.968737,3523.206563,198.762174
2020-11-19 22:00:00,load,mlp,3859.318359,3523.206563,336.111796
2020-11-19 22:00:00,load,RTS_DAY_AHEAD,3612.484726,3523.206563,89.278163
2020-11-19 23:00:00,load,random_forest,3391.806699,3277.483644,114.323056
2020-11-19 23:00:00,load,mlp,3748.739746,3277.483644,471.256103
2020-11-19 23:00:00,load,RTS_DAY_AHEAD,3363.873463,3277.483644,86.38982
2020-11-20 00:00:00,load,random_forest,3230.606794,3086.153693,144.453102
2020-11-20 00:00:00,load,mlp,3654.538574,3086.153693,568.384882
2020-11-20 00:00:00,load,RTS_DAY_AHEAD,3169.993399,3086.153693,83.839706
2020-11-20 01:00:00,load,random_forest,3071.848266,2994.225311,77.622956
2020-11-20 01:00:00,load,mlp,3564.290283,2994.225311,570.064973
2020-11-20 01:00:00,load,RTS_DAY_AHEAD,3077.70341,2994.225311,83.478099
2020-11-20 02:00:00,load,random_forest,2989.835363,2922.066701,67.768662
2020-11-20 02:00:00,load,mlp,3522.167969,2922.066701,600.101268
2020-11-20 02:00:00,load,RTS_DAY_AHEAD,3005.169725,2922.066701,83.103024
2020-11-20 03:00:00,load,random_forest,2967.165878,2935.134453,32.031425
2020-11-20 03:00:00,load,mlp,3504.570312,2935.134453,569.43586
2020-11-20 03:00:00,load,RTS_DAY_AHEAD,3019.739437,2935.134453,84.604984
2020-11-20 04:00:00,load,random_forest,3012.175779,3039.684921,27.509142
2020-11-20 04:00:00,load,mlp,3522.891357,3039.684921,483.206437
2020-11-20 04:00:00,load,RTS_DAY_AHEAD,3129.325909,3039.684921,89.640988
2020-11-20 05:00:00,load,random_forest,3390.873756,3330.855607,60.018149
2020-11-20 05:00:00,load,mlp,3591.197754,3330.855607,260.342147
2020-11-20 05:00:00,load,RTS_DAY_AHEAD,3432.274282,3330.855607,101.418676
2020-11-20 06:00:00,load,random_forest,3557.915367,3548.379141,9.536226
2020-11-20 06:00:00,load,mlp,3713.335938,3548.379141,164.956797
2020-11-20 06:00:00,load,RTS_DAY_AHEAD,3653.629576,3548.379141,105.250435
2020-11-20 07:00:00,load,random_forest,3662.475873,3639.971213,22.50466
2020-11-20 07:00:00,load,mlp,3827.217285,3639.971213,187.246072
2020-11-20 07:00:00,load,RTS_DAY_AHEAD,3742.263358,3639.971213,102.292145
2020-11-20 08:00:00,load,random_forest,3750.09066,3758.500113,8.409453
2020-11-20 08:00:00,load,mlp,3912.132812,3758.500113,153.632699
2020-11-20 08:00:00,load,RTS_DAY_AHEAD,3859.930912,3758.500113,101.430799
2020-11-20 09:00:00,load,random_forest,3826.803248,3857.958249,31.155001
2020-11-20 09:00:00,load,mlp,3997.983643,3857.958249,140.025393
2020-11-20 09:00:00,load,RTS_DAY_AHEAD,3958.895364,3857.958249,100.937115
2020-11-20 10:00:00,load,random_forest,3841.91797,3918.950566,77.032596
2020-11-20 10:00:00,load,mlp,4051.452393,3918.950566,132.501827
2020-11-20 10:00:00,load,RTS_DAY_AHEAD,4020.572712,3918.950566,101.622146
2020-11-20 11:00:00,load,random_forest,4150.73491,3979.015881,171.719029
2020-11-20 11:00:00,load,mlp,4108.606445,3979.015881,129.590565
2020-11-20 11:00:00,load,RTS_DAY_AHEAD,4081.286854,3979.015881,102.270973
2020-11-20 12:00:00,load,random_forest,4210.724782,3993.112537,217.612245
2020-11-20 12:00:00,load,mlp,4137.842773,3993.112537,144.730236
2020-11-20 12:00:00,load,RTS_DAY_AHEAD,4095.518351,3993.112537,102.405814
2020-11-20 13:00:00,load,random_forest,4019.251093,4013.829521,5.421572
2020-11-20 13:00:00,load,mlp,4160.129883,4013.829521,146.300361
2020-11-20 13:00:00,load,RTS_DAY_AHEAD,4116.576011,4013.829521,102.74649
2020-11-20 14:00:00,load,random_forest,3936.439626,4014.803045,78.363419
2020-11-20 14:00:00,load,mlp,4169.615234,4014.803045,154.812189
2020-11-20 14:00:00,load,RTS_DAY_AHEAD,4118.704296,4014.803045,103.901251
2020-11-20 15:00:00,load,random_forest,4137.808793,3972.958212,164.85058
2020-11-20 15:00:00,load,mlp,4153.264648,3972.958212,180.306436
2020-11-20 15:00:00,load,RTS_DAY_AHEAD,4076.477319,3972.958212,103.519107
2020-11-20 16:00:00,load,random_forest,4102.97207,4056.04458,46.92749
2020-11-20 16:00:00,load,mlp,4154.224121,4056.04458,98.179541
2020-11-20 16:00:00,load,RTS_DAY_AHEAD,4163.571321,4056.04458,107.526741
2020-11-20 17:00:00,load,random_forest,4337.140218,4276.351671,60.788547
2020-11-20 17:00:00,load,mlp,4207.843262,4276.351671,68.50841
2020-11-20 17:00:00,load,RTS_DAY_AHEAD,4389.806548,4276.351671,113.454877
2020-11-20 18:00:00,load,random_forest,4261.954429,4175.234814,86.719615
2020-11-20 18:00:00,load,mlp,4174.187988,4175.234814,1.046826
2020-11-20 18:00:00,load,RTS_DAY_AHEAD,4284.461923,4175.234814,109.227109
2020-11-20 19:00:00,load,random_forest,4162.506988,4052.917221,109.589767
2020-11-20 19:00:00,load,mlp,4105.705566,4052.917221,52.788345
2020-11-20 19:00:00,load,RTS_DAY_AHEAD,4158.20667,4052.917221,105.289449
2020-11-20 20:00:00,load,random_forest,4060.208873,3923.996916,136.211957
2020-11-20 20:00:00,load,mlp,4026.058594,3923.996916,102.061678
2020-11-20 20:00:00,load,RTS_DAY_AHEAD,4025.453714,3923.996916,101.456798
2020-11-20 21:00:00,load,random_forest,3808.027237,3762.81252,45.214716
2020-11-20 21:00:00,load,mlp,3935.302246,3762.81252,172.489726
2020-11-20 21:00:00,load,RTS_DAY_AHEAD,3858.659987,3762.81252,95.847467
2020-11-20 22:00:00,load,random_forest,3561.51657,3541.7026,19.81397
2020-11-20 22:00:00,load,mlp,3832.208252,3541.7026,290.505652
2020-11-20 22:00:00,load,RTS_DAY_AHEAD,3631.435584,3541.7026,89.732984
2020-11-20 23:00:00,load,random_forest,3353.947409,3323.027176,30.920233
2020-11-20 23:00:00,load,mlp,3720.443848,3323.027176,397.416672
2020-11-20 23:00:00,load,RTS_DAY_AHEAD,3409.459204,3323.027176,86.432029
2020-11-21 00:00:00,load,random_forest,3093.494639,3130.25373,36.759091
2020-11-21 00:00:00,load,mlp,3599.908691,3130.25373,469.654962
2020-11-21 00:00:00,load,RTS_DAY_AHEAD,3214.239918,3130.25373,83.986189
2020-11-21 01:00:00,load,random_forest,2994.569899,3008.329531,13.759632
2020-11-21 01:00:00,load,mlp,3524.688721,3008.329531,516.35919
2020-11-21 01:00:00,load,RTS_DAY_AHEAD,3091.509499,3008.329531,83.179968
2020-11-21 02:00:00,load,random_forest,2963.05268,2947.53772,15.51496
2020-11-21 02:00:00,load,mlp,3483.65625,2947.53772,536.11853
2020-11-21 02:00:00,load,RTS_DAY_AHEAD,3030.310663,2947.53772,82.772943
2020-11-21 03:00:00,load,random_forest,2950.562678,2917.739354,32.823324
2020-11-21 03:00:00,load,mlp,3467.209473,2917.739354,549.470119
2020-11-21 03:00:00,load,RTS_DAY_AHEAD,3000.897769,2917.739354,83.158415
2020-11-21 04:00:00,load,random_forest,2984.277696,2946.871347,37.406349
2020-11-21 04:00:00,load,mlp,3491.51123,2946.871347,544.639884
2020-11-21 04:00:00,load,RTS_DAY_AHEAD,3031.509696,2946.871347,84.63835
2020-11-21 05:00:00,load,random_forest,3441.406419,3043.483609,397.92281
2020-11-21 05:00:00,load,mlp,3562.614746,3043.483609,519.131137
2020-11-21 05:00:00,load,RTS_DAY_AHEAD,3131.316098,3043.483609,87.832489
2020-11-21 06:00:00,load,random_forest,3795.968787,3095.275027,700.69376
2020-11-21 06:00:00,load,mlp,3667.330811,3095.275027,572.055783
2020-11-21 06:00:00,load,RTS_DAY_AHEAD,3185.47876,3095.275027,90.203733
2020-11-21 07:00:00,load,random_forest,3623.832736,3213.693765,410.138972
2020-11-21 07:00:00,load,mlp,3765.763184,3213.693765,552.069419
2020-11-21 07:00:00,load,RTS_DAY_AHEAD,3307.338756,3213.693765,93.644991
2020-11-21 08:00:00,load,random_forest,3687.718827,3405.258113,282.460713
2020-11-21 08:00:00,load,mlp,3852.546875,3405.258113,447.288762
2020-11-21 08:00:00,load,RTS_DAY_AHEAD,3501.14947,3405.258113,95.891357
2020-11-21 09:00:00,load,random_forest,3705.106141,3560.188489,144.917652
2020-11-21 09:00:00,load,mlp,3930.591064,3560.188489,370.402575
2020-11-21 09:00:00,load,RTS_DAY_AHEAD,3657.644306,3560.188489,97.455817
2020-11-21 10:00:00,load,random_forest,3797.421221,3661.028123,136.393098
2020-11-21 10:00:00,load,mlp,4005.533203,3661.028123,344.50508
2020-11-21 10:00:00,load,RTS_DAY_AHEAD,3759.203829,3661.028123,98.175706
2020-11-21 11:00:00,load,random_forest,3975.508417,3718.499959,257.008458
2020-11-21 11:00:00,load,mlp,4052.875488,3718.499959,334.375529
2020-11-21 11:00:00,load,RTS_DAY_AHEAD,3816.71675,3718.499959,98.216791
2020-11-21 12:00:00,load,random_forest,4101.729246,3746.743813,354.985434
2020-11-21 12:00:00,load,mlp,4092.793457,3746.743813,346.049644
2020-11-21 12:00:00,load,RTS_DAY_AHEAD,3845.088976,3746.743813,98.345163
2020-11-21 13:00:00,load,random_forest,4148.78905,3745.595714,403.193336
2020-11-21 13:00:00,load,mlp,4116.25293,3745.595714,370.657216
2020-11-21 13:00:00,load,RTS_DAY_AHEAD,3844.37608,3745.595714,98.780366
2020-11-21 14:00:00,load,random_forest,4053.294335,3743.170618,310.123718
2020-11-21 14:00:00,load,mlp,4131.344238,3743.170618,388.173621
2020-11-21 14:00:00,load,RTS_DAY_AHEAD,3842.678088,3743.170618,99.50747
2020-11-21 15:00:00,load,random_forest,4134.040472,3724.76909,409.271382
2020-11-21 15:00:00,load,mlp,4119.891113,3724.76909,395.122024
2020-11-21 15:00:00,load,RTS_DAY_AHEAD,3825.189972,3724.76909,100.420882
2020-11-21 16:00:00,load,random_forest,4147.273802,3844.901758,302.372045
2020-11-21 16:00:00,load,mlp,4124.368652,3844.901758,279.466895
2020-11-21 16:00:00,load,RTS_DAY_AHEAD,3950.201978,3844.901758,105.30022
2020-11-21 17:00:00,load,random_forest,4164.018377,4139.22465,24.793726
2020-11-21 17:00:00,load,mlp,4155.528809,4139.22465,16.304158
2020-11-21 17:00:00,load,RTS_DAY_AHEAD,4251.127826,4139.22465,111.903176
2020-11-21 18:00:00,load,random_forest,4168.561571,4042.71779,125.843781
2020-11-21 18:00:00,load,mlp,4130.080566,4042.71779,87.362776
2020-11-21 18:00:00,load,RTS_DAY_AHEAD,4150.659055,4042.71779,107.941265
2020-11-21 19:00:00,load,random_forest,4032.235889,3929.691422,102.544467
2020-11-21 19:00:00,load,mlp,4064.861328,3929.691422,135.169906
2020-11-21 19:00:00,load,RTS_DAY_AHEAD,4033.764993,3929.691422,104.073571
2020-11-21 20:00:00,load,random_forest,4006.717388,3797.511463,209.205924
2020-11-21 20:00:00,load,mlp,3991.719238,3797.511463,194.207775
2020-11-21 20:00:00,load,RTS_DAY_AHEAD,3896.881228,3797.511463,99.369765
2020-11-21 21:00:00,load,random_forest,3783.88183,3648.040742,135.841089
2020-11-21 21:00:00,load,mlp,3895.5625,3648.040742,247.521758
2020-11-21 21:00:00,load,RTS_DAY_AHEAD,3742.049255,3648.040742,94.008513
2020-11-21 22:00:00,load,random_forest,3532.540103,3463.627745,68.912357
2020-11-21 22:00:00,load,mlp,3799.02417,3463.627745,335.396425
2020-11-21 22:00:00,load,RTS_DAY_AHEAD,3552.551051,3463.627745,88.923306
2020-11-21 23:00:00,load,random_forest,3313.588808,3257.150203,56.438605
2020-11-21 23:00:00,load,mlp,3698.315674,3257.150203,441.165471
2020-11-21 23:00:00,load,RTS_DAY_AHEAD,3343.043117,3257.150203,85.892915
2020-11-22 00:00:00,load,random_forest,3123.327326,3089.087163,34.240163
2020-11-22 00:00:00,load,mlp,3584.128906,3089.087163,495.041743
2020-11-22 00:00:00,load,RTS_DAY_AHEAD,3172.686971,3089.087163,83.599808
2020-11-22 01:00:00,load,random_forest,3024.990056,2961.733775,63.256281
2020-11-22 01:00:00,load,mlp,3519.663574,2961.733775,557.929799
2020-11-22 01:00:00,load,RTS_DAY_AHEAD,3044.328668,2961.733775,82.594893
2020-11-22 02:00:00,load,random_forest,2965.48155,2887.630448,77.851102
2020-11-22 02:00:00,load,mlp,3472.200439,2887.630448,584.569992
2020-11-22 02:00:00,load,RTS_DAY_AHEAD,2969.638628,2887.630448,82.008181
2020-11-22 03:00:00,load,random_forest,2993.571149,2831.049113,162.522037
2020-11-22 03:00:00,load,mlp,3454.664062,2831.049113,623.61495
2020-11-22 03:00:00,load,RTS_DAY_AHEAD,2913.0301,2831.049113,81.980987
2020-11-22 04:00:00,load,random_forest,3031.392421,2849.577557,181.814864
2020-11-22 04:00:00,load,mlp,3471.951904,2849.577557,622.374347
2020-11-22 04:00:00,load,RTS_DAY_AHEAD,2932.451251,2849.577557,82.873694
2020-11-22 05:00:00,load,random_forest,3046.272285,2926.265387,120.006897
2020-11-22 05:00:00,load,mlp,3544.377686,2926.265387,618.112298
2020-11-22 05:00:00,load,RTS_DAY_AHEAD,3011.025097,2926.265387,84.75971
2020-11-22 06:00:00,load,random_forest,3098.070989,2924.435941,173.635048
2020-11-22 06:00:00,load,mlp,3608.902832,2924.435941,684.466891
2020-11-22 06:00:00,load,RTS_DAY_AHEAD,3010.382391,2924.435941,85.946449
2020-11-22 07:00:00,load,random_forest,3185.129191,3002.627805,182.501387
2020-11-22 07:00:00,load,mlp,3671.209473,3002.627805,668.581668
2020-11-22 07:00:00,load,RTS_DAY_AHEAD,3091.659985,3002.627805,89.03218
2020-11-22 08:00:00,load,random_forest,3228.080771,3183.393329,44.687443
2020-11-22 08:00:00,load,mlp,3759.751953,3183.393329,576.358624
2020-11-22 08:00:00,load,RTS_DAY_AHEAD,3274.976288,3183.393329,91.582959
2020-11-22 09:00:00,load,random_forest,3405.066603,3366.20327,38.863333
2020-11-22 09:00:00,load,mlp,3845.490234,3366.20327,479.286964
2020-11-22 09:00:00,load,RTS_DAY_AHEAD,3460.261538,3366.20327,94.058268
2020-11-22 10:00:00,load,random_forest,3623.654095,3496.376046,127.278049
2020-11-22 10:00:00,load,mlp,3910.714111,3496.376046,414.338065
2020-11-22 10:00:00,load,RTS_DAY_AHEAD,3591.953206,3496.376046,95.57716
2020-11-22 11:00:00,load,random_forest,3752.033641,3612.713544,139.320097
2020-11-22 11:00:00,load,mlp,3968.144531,3612.713544,355.430987
2020-11-22 11:00:00,load,RTS_DAY_AHEAD,3710.64414,3612.713544,97.930596
2020-11-22 12:00:00,load,random_forest,3826.138716,3672.460243,153.678472
2020-11-22 12:00:00,load,mlp,4004.167969,3672.460243,331.707725
2020-11-22 12:00:00,load,RTS_DAY_AHEAD,3771.860059,3672.460243,99.399816
2020-11-22 13:00:00,load,random_forest,3911.617601,3730.974132,180.643468
2020-11-22 13:00:00,load,mlp,4026.586426,3730.974132,295.612293
2020-11-22 13:00:00,load,RTS_DAY_AHEAD,3832.70092,3730.974132,101.726788
2020-11-22 14:00:00,load,random_forest,3678.698805,3752.418471,73.719665
2020-11-22 14:00:00,load,mlp,4031.366699,3752.418471,278.948228
2020-11-22 14:00:00,load,RTS_DAY_AHEAD,3855.50352,3752.418471,103.085049
2020-11-22 15:00:00,load,random_forest,3697.322383,3766.108433,68.78605
2020-11-22 15:00:00,load,mlp,4020.925293,3766.108433,254.81686
2020-11-22 15:00:00,load,RTS_DAY_AHEAD,3870.900787,3766.108433,104.792354
2020-11-22 16:00:00,load,random_forest,3890.120784,3892.642536,2.521752
2020-11-22 16:00:00,load,mlp,4046.432861,3892.642536,153.790325
2020-11-22 16:00:00,load,RTS_DAY_AHEAD,4003.175362,3892.642536,110.532826
2020-11-22 17:00:00,load,random_forest,4186.479516,4190.225282,3.745767
2020-11-22 17:00:00,load,mlp,4106.063477,4190.225282,84.161806
2020-11-22 17:00:00,load,RTS_DAY_AHEAD,4308.900557,4190.225282,118.675275
2020-11-22 18:00:00,load,random_forest,4079.461322,4152.753203,73.29188
2020-11-22 18:00:00,load,mlp,4067.273438,4152.753203,85.479765
2020-11-22 18:00:00,load,RTS_DAY_AHEAD,4269.004631,4152.753203,116.251428
2020-11-22 19:00:00,load,random_forest,3905.535109,4034.077921,128.542812
2020-11-22 19:00:00,load,mlp,4002.546875,4034.077921,31.531046
2020-11-22 19:00:00,load,RTS_DAY_AHEAD,4144.692482,4034.077921,110.614561
2020-11-22 20:00:00,load,random_forest,3800.416721,3885.036167,84.619445
2020-11-22 20:00:00,load,mlp,3929.50708,3885.036167,44.470913
2020-11-22 20:00:00,load,RTS_DAY_AHEAD,3988.839195,3885.036167,103.803028
2020-11-22 21:00:00,load,random_forest,3704.968526,3660.801619,44.166907
2020-11-22 21:00:00,load,mlp,3850.710449,3660.801619,189.90883
2020-11-22 21:00:00,load,RTS_DAY_AHEAD,3756.3597,3660.801619,95.558081
2020-11-22 22:00:00,load,random_forest,3481.093817,3437.494303,43.599514
2020-11-22 22:00:00,load,mlp,3753.987549,3437.494303,316.493245
2020-11-22 22:00:00,load,RTS_DAY_AHEAD,3526.661172,3437.494303,89.166869
2020-11-22 23:00:00,load,random_forest,3285.602306,3211.966009,73.636297
2020-11-22 23:00:00,load,mlp,3654.551514,3211.966009,442.585504
2020-11-22 23:00:00,load,RTS_DAY_AHEAD,3297.623827,3211.966009,85.657818
2020-11-23 00:00:00,load,random_forest,3132.864982,3039.634707,93.230275
2020-11-23 00:00:00,load,mlp,3556.710938,3039.634707,517.076231
2020-11-23 00:00:00,load,RTS_DAY_AHEAD,3123.472888,3039.634707,83.838182
2020-11-23 01:00:00,load,random_forest,2984.365956,2936.399255,47.9667
2020-11-23 01:00:00,load,mlp,3486.709473,2936.399255,550.310217
2020-11-23 01:00:00,load,RTS_DAY_AHEAD,3019.102089,2936.399255,82.702834
2020-11-23 02:00:00,load,random_forest,3040.289558,2882.356499,157.933058
2020-11-23 02:00:00,load,mlp,3441.870361,2882.356499,559.513862
2020-11-23 02:00:00,load,RTS_DAY_AHEAD,2965.146336,2882.356499,82.789837
2020-11-23 03:00:00,load,random_forest,3015.296051,2891.72702,123.569031
2020-11-23 03:00:00,load,mlp,3414.660156,2891.72702,522.933136
2020-11-23 03:00:00,load,RTS_DAY_AHEAD,2975.491071,2891.72702,83.764051
2020-11-23 04:00:00,load,random_forest,3103.243003,3005.015524,98.227479
2020-11-23 04:00:00,load,mlp,3415.188965,3005.015524,410.173441
2020-11-23 04:00:00,load,RTS_DAY_AHEAD,3093.692155,3005.015524,88.676631
2020-11-23 05:00:00,load,random_forest,3308.810412,3302.901705,5.908707
2020-11-23 05:00:00,load,mlp,3451.935059,3302.901705,149.033354
2020-11-23 05:00:00,load,RTS_DAY_AHEAD,3401.770966,3302.901705,98.869261
2020-11-23 06:00:00,load,random_forest,3156.092843,3527.686904,371.594061
2020-11-23 06:00:00,load,mlp,3484.60791,3527.686904,43.078994
2020-11-23 06:00:00,load,RTS_DAY_AHEAD,3631.039663,3527.686904,103.352759
2020-11-23 07:00:00,load,random_forest,3170.595813,3634.80813,464.212317
2020-11-23 07:00:00,load,mlp,3540.574219,3634.80813,94.233911
2020-11-23 07:00:00,load,RTS_DAY_AHEAD,3737.415471,3634.80813,102.607341
2020-11-23 08:00:00,load,random_forest,3252.683898,3807.685817,555.001919
2020-11-23 08:00:00,load,mlp,3632.108643,3807.685817,175.577174
2020-11-23 08:00:00,load,RTS_DAY_AHEAD,3911.6622,3807.685817,103.976383
2020-11-23 09:00:00,load,random_forest,3503.84312,3950.931012,447.087892
2020-11-23 09:00:00,load,mlp,3718.351562,3950.931012,232.579449
2020-11-23 09:00:00,load,RTS_DAY_AHEAD,4057.028501,3950.931012,106.097489
2020-11-23 10:00:00,load,random_forest,3847.639414,4055.552633,207.913219
2020-11-23 10:00:00,load,mlp,3792.163574,4055.552633,263.389059
2020-11-23 10:00:00,load,RTS_DAY_AHEAD,4163.374644,4055.552633,107.822011
2020-11-23 11:00:00,load,random_forest,3630.41974,4140.567856,510.148116
2020-11-23 11:00:00,load,mlp,3853.442871,4140.567856,287.124984
2020-11-23 11:00:00,load,RTS_DAY_AHEAD,4251.036594,4140.567856,110.468738
2020-11-23 12:00:00,load,random_forest,3658.475129,4196.050919,537.57579
2020-11-23 12:00:00,load,mlp,3900.623047,4196.050919,295.427873
2020-11-23 12:00:00,load,RTS_DAY_AHEAD,4308.9673,4196.050919,112.916381
2020-11-23 13:00:00,load,random_forest,3643.311128,4245.753931,602.442804
2020-11-23 13:00:00,load,mlp,3932.86377,4245.753931,312.890162
2020-11-23 13:00:00,load,RTS_DAY_AHEAD,4360.369708,4245.753931,114.615777
2020-11-23 14:00:00,load,random_forest,3720.283521,4254.335832,534.052311
2020-11-23 14:00:00,load,mlp,3948.686279,4254.335832,305.649553
2020-11-23 14:00:00,load,RTS_DAY_AHEAD,4370.29983,4254.335832,115.963998
2020-11-23 15:00:00,load,random_forest,3658.822264,4213.280102,554.457839
2020-11-23 15:00:00,load,mlp,3955.470215,4213.280102,257.809887
2020-11-23 15:00:00,load,RTS_DAY_AHEAD,4328.224107,4213.280102,114.944005
2020-11-23 16:00:00,load,random_forest,3736.690049,4316.740566,580.050517
2020-11-23 16:00:00,load,mlp,3997.458496,4316.740566,319.28207
2020-11-23 16:00:00,load,RTS_DAY_AHEAD,4438.043206,4316.740566,121.30264
2020-11-23 17:00:00,load,random_forest,4008.16998,4522.86749,514.697509
2020-11-23 17:00:00,load,mlp,4089.649902,4522.86749,433.217587
2020-11-23 17:00:00,load,RTS_DAY_AHEAD,4651.324472,4522.86749,128.456982
2020-11-23 18:00:00,load,random_forest,4073.969639,4407.296619,333.32698
2020-11-23 18:00:00,load,mlp,4049.042236,4407.296619,358.254383
2020-11-23 18:00:00,load,RTS_DAY_AHEAD,4530.082179,4407.296619,122.78556
2020-11-23 19:00:00,load,random_forest,4018.06257,4268.300453,250.237884
2020-11-23 19:00:00,load,mlp,3984.398438,4268.300453,283.902016
2020-11-23 19:00:00,load,RTS_DAY_AHEAD,4385.276524,4268.300453,116.976071
2020-11-23 20:00:00,load,random_forest,3786.874276,4095.28695,308.412674
2020-11-23 20:00:00,load,mlp,3911.907471,4095.28695,183.379479
2020-11-23 20:00:00,load,RTS_DAY_AHEAD,4204.874981,4095.28695,109.588031
2020-11-23 21:00:00,load,random_forest,3617.499632,3843.194615,225.694983
2020-11-23 21:00:00,load,mlp,3819.481201,3843.194615,23.713414
2020-11-23 21:00:00,load,RTS_DAY_AHEAD,3943.20884,3843.194615,100.014225
2020-11-23 22:00:00,load,random_forest,3402.629722,3555.163779,152.534057
2020-11-23 22:00:00,load,mlp,3725.054688,3555.163779,169.890909
2020-11-23 22:00:00,load,RTS_DAY_AHEAD,3646.381774,3555.163779,91.217995
2020-11-23 23:00:00,load,random_forest,3327.969108,3298.862225,29.106882
2020-11-23 23:00:00,load,mlp,3624.934814,3298.862225,326.072589
2020-11-23 23:00:00,load,RTS_DAY_AHEAD,3386.154017,3298.862225,87.291792
2020-11-24 00:00:00,load,random_forest,3100.226442,3112.891426,12.664985
2020-11-24 00:00:00,load,mlp,3543.523438,3112.891426,430.632011
2020-11-24 00:00:00,load,RTS_DAY_AHEAD,3197.730718,3112.891426,84.839292
2020-11-24 01:00:00,load,random_forest,2970.620261,2999.134497,28.514236
2020-11-24 01:00:00,load,mlp,3480.798096,2999.134497,481.663599
2020-11-24 01:00:00,load,RTS_DAY_AHEAD,3082.865818,2999.134497,83.731321
2020-11-24 02:00:00,load,random_forest,2965.391195,2926.715704,38.675491
2020-11-24 02:00:00,load,mlp,3441.963379,2926.715704,515.247675
2020-11-24 02:00:00,load,RTS_DAY_AHEAD,3010.155415,2926.715704,83.43971
2020-11-24 03:00:00,load,random_forest,2950.945694,2932.916062,18.029631
2020-11-24 03:00:00,load,mlp,3426.715332,2932.916062,493.79927
2020-11-24 03:00:00,load,RTS_DAY_AHEAD,3017.366499,2932.916062,84.450437
2020-11-24 04:00:00,load,random_forest,2880.099291,3034.440004,154.340713
2020-11-24 04:00:00,load,mlp,3449.566895,3034.440004,415.126891
2020-11-24 04:00:00,load,RTS_DAY_AHEAD,3123.986041,3034.440004,89.546037
2020-11-24 05:00:00,load,random_forest,3004.313924,3284.768589,280.454665
2020-11-24 05:00:00,load,mlp,3518.552246,3284.768589,233.783657
2020-11-24 05:00:00,load,RTS_DAY_AHEAD,3384.405307,3284.768589,99.636718
2020-11-24 06:00:00,load,random_forest,3505.188221,3537.410808,32.222588
2020-11-24 06:00:00,load,mlp,3601.591064,3537.410808,64.180256
2020-11-24 06:00:00,load,RTS_DAY_AHEAD,3641.184102,3537.410808,103.773294
2020-11-24 07:00:00,load,random_forest,3718.413302,3647.962293,70.451009
2020-11-24 07:00:00,load,mlp,3673.111816,3647.962293,25.149523
2020-11-24 07:00:00,load,RTS_DAY_AHEAD,3750.826015,3647.962293,102.863722
2020-11-24 08:00:00,load,random_forest,3785.983327,3794.744043,8.760716
2020-11-24 08:00:00,load,mlp,3758.679688,3794.744043,36.064355
2020-11-24 08:00:00,load,RTS_DAY_AHEAD,3898.337915,3794.744043,103.593872
2020-11-24 09:00:00,load,random_forest,3834.153423,3906.192033,72.03861
2020-11-24 09:00:00,load,mlp,3844.260254,3906.192033,61.931779
2020-11-24 09:00:00,load,RTS_DAY_AHEAD,4011.954429,3906.192033,105.762396
2020-11-24 10:00:00,load,random_forest,3861.009077,3998.251815,137.242738
2020-11-24 10:00:00,load,mlp,3916.202393,3998.251815,82.049423
2020-11-24 10:00:00,load,RTS_DAY_AHEAD,4105.514045,3998.251815,107.26223
2020-11-24 11:00:00,load,random_forest,3935.539112,4075.004607,139.465495
2020-11-24 11:00:00,load,mlp,3990.525879,4075.004607,84.478728
2020-11-24 11:00:00,load,RTS_DAY_AHEAD,4185.129935,4075.004607,110.125328
2020-11-24 12:00:00,load,random_forest,4004.963495,4103.333574,98.370079
2020-11-24 12:00:00,load,mlp,4042.492676,4103.333574,60.840899
2020-11-24 12:00:00,load,RTS_DAY_AHEAD,4215.547964,4103.333574,112.21439
2020-11-24 13:00:00,load,random_forest,4048.199646,4141.71685,93.517204
2020-11-24 13:00:00,load,mlp,4075.331543,4141.71685,66.385307
2020-11-24 13:00:00,load,RTS_DAY_AHEAD,4256.412076,4141.71685,114.695226
2020-11-24 14:00:00,load,random_forest,4145.885129,4148.640384,2.755255
2020-11-24 14:00:00,load,mlp,4087.322998,4148.640384,61.317386
2020-11-24 14:00:00,load,RTS_DAY_AHEAD,4264.4614,4148.640384,115.821016
2020-11-24 15:00:00,load,random_forest,4016.643104,4121.387505,104.744401
2020-11-24 15:00:00,load,mlp,4077.373779,4121.387505,44.013726
2020-11-24 15:00:00,load,RTS_DAY_AHEAD,4237.048872,4121.387505,115.661367
2020-11-24 16:00:00,load,random_forest,4106.665014,4225.893028,119.228014
2020-11-24 16:00:00,load,mlp,4121.196289,4225.893028,104.696739
2020-11-24 16:00:00,load,RTS_DAY_AHEAD,4345.590948,4225.893028,119.69792
2020-11-24 17:00:00,load,random_forest,4382.843066,4455.785462,72.942396
2020-11-24 17:00:00,load,mlp,4195.753906,4455.785462,260.031556
2020-11-24 17:00:00,load,RTS_DAY_AHEAD,4582.209926,4455.785462,126.424464
2020-11-24 18:00:00,load,random_forest,4414.641171,4351.855819,62.785352
2020-11-24 18:00:00,load,mlp,4147.8125,4351.855819,204.043319
2020-11-24 18:00:00,load,RTS_DAY_AHEAD,4473.369616,4351.855819,121.513797
2020-11-24 19:00:00,load,random_forest,4294.112075,4224.426866,69.685209
2020-11-24 19:00:00,load,mlp,4093.389893,4224.426866,131.036974
2020-11-24 19:00:00,load,RTS_DAY_AHEAD,4340.538914,4224.426866,116.112047
2020-11-24 20:00:00,load,random_forest,4078.942803,4074.175844,4.766959
2020-11-24 20:00:00,load,mlp,4012.106934,4074.175844,62.06891
2020-11-24 20:00:00,load,RTS_DAY_AHEAD,4183.925646,4074.175844,109.749802
2020-11-24 21:00:00,load,random_forest,3805.737965,3835.203606,29.465642
2020-11-24 21:00:00,load,mlp,3899.018799,3835.203606,63.815193
2020-11-24 21:00:00,load,RTS_DAY_AHEAD,3934.663201,3835.203606,99.459595
2020-11-24 22:00:00,load,random_forest,3643.561192,3558.102422,85.45877
2020-11-24 22:00:00,load,mlp,3791.048828,3558.102422,232.946407
2020-11-24 22:00:00,load,RTS_DAY_AHEAD,3649.70252,3558.102422,91.600098
2020-11-24 23:00:00,load,random_forest,3348.890645,3306.827228,42.063416
2020-11-24 23:00:00,load,mlp,3681.020996,3306.827228,374.193768
2020-11-24 23:00:00,load,RTS_DAY_AHEAD,3394.362976,3306.827228,87.535747
2020-11-25 00:00:00,load,random_forest,3193.084305,3116.534894,76.549411
2020-11-25 00:00:00,load,mlp,3607.636719,3116.534894,491.101825
2020-11-25 00:00:00,load,RTS_DAY_AHEAD,3201.306375,3116.534894,84.771481
2020-11-25 01:00:00,load,random_forest,3039.886648,3007.411375,32.475274
2020-11-25 01:00:00,load,mlp,3544.929199,3007.411375,537.517825
2020-11-25 01:00:00,load,RTS_DAY_AHEAD,3091.373063,3007.411375,83.961688
2020-11-25 02:00:00,load,random_forest,2956.966811,2935.863285,21.103526
2020-11-25 02:00:00,load,mlp,3501.153564,2935.863285,565.29028
2020-11-25 02:00:00,load,RTS_DAY_AHEAD,3019.156462,2935.863285,83.293177
2020-11-25 03:00:00,load,random_forest,2929.662315,2953.289151,23.626836
2020-11-25 03:00:00,load,mlp,3481.492188,2953.289151,528.203037
2020-11-25 03:00:00,load,RTS_DAY_AHEAD,3038.046834,2953.289151,84.757684
2020-11-25 04:00:00,load,random_forest,3026.302409,3057.408898,31.106489
2020-11-25 04:00:00,load,mlp,3516.385254,3057.408898,458.976356
2020-11-25 04:00:00,load,RTS_DAY_AHEAD,3147.008289,3057.408898,89.599391
2020-11-25 05:00:00,load,random_forest,3333.690348,3291.06444,42.625908
2020-11-25 05:00:00,load,mlp,3618.010498,3291.06444,326.946058
2020-11-25 05:00:00,load,RTS_DAY_AHEAD,3389.696865,3291.06444,98.632425
2020-11-25 06:00:00,load,random_forest,3612.235408,3496.66297,115.572438
2020-11-25 06:00:00,load,mlp,3723.772949,3496.66297,227.10998
2020-11-25 06:00:00,load,RTS_DAY_AHEAD,3598.990943,3496.66297,102.327973
2020-11-25 07:00:00,load,random_forest,3686.586321,3610.194665,76.391655
2020-11-25 07:00:00,load,mlp,3812.690674,3610.194665,202.496009
2020-11-25 07:00:00,load,RTS_DAY_AHEAD,3712.754556,3610.194665,102.559891
2020-11-25 08:00:00,load,random_forest,3682.83735,3748.473992,65.636642
2020-11-25 08:00:00,load,mlp,3896.140625,3748.473992,147.666633
2020-11-25 08:00:00,load,RTS_DAY_AHEAD,3850.919974,3748.473992,102.445982
2020-11-25 09:00:00,load,random_forest,3805.524897,3872.070703,66.545806
2020-11-25 09:00:00,load,mlp,3979.45752,3872.070703,107.386817
2020-11-25 09:00:00,load,RTS_DAY_AHEAD,3976.422183,3872.070703,104.35148
2020-11-25 10:00:00,load,random_forest,3844.045503,3954.434659,110.389156
2020-11-25 10:00:00,load,mlp,4042.956543,3954.434659,88.521884
2020-11-25 10:00:00,load,RTS_DAY_AHEAD,4060.048963,3954.434659,105.614304
2020-11-25 11:00:00,load,random_forest,4050.93641,3986.277767,64.658643
2020-11-25 11:00:00,load,mlp,4095.414551,3986.277767,109.136784
2020-11-25 11:00:00,load,RTS_DAY_AHEAD,4093.018203,3986.277767,106.740436
2020-11-25 12:00:00,load,random_forest,3994.403317,4001.759226,7.355909
2020-11-25 12:00:00,load,mlp,4131.831543,4001.759226,130.072317
2020-11-25 12:00:00,load,RTS_DAY_AHEAD,4110.212096,4001.759226,108.45287
2020-11-25 13:00:00,load,random_forest,4041.136829,4010.252555,30.884274
2020-11-25 13:00:00,load,mlp,4154.478516,4010.252555,144.225961
2020-11-25 13:00:00,load,RTS_DAY_AHEAD,4119.162347,4010.252555,108.909792
2020-11-25 14:00:00,load,random_forest,4110.582695,3971.897709,138.684986
2020-11-25 14:00:00,load,mlp,4163.122559,3971.897709,191.22485
2020-11-25 14:00:00,load,RTS_DAY_AHEAD,4080.980429,3971.897709,109.08272
2020-11-25 15:00:00,load,random_forest,4113.039598,3928.650366,184.389232
2020-11-25 15:00:00,load,mlp,4154.491211,3928.650366,225.840845
2020-11-25 15:00:00,load,RTS_DAY_AHEAD,4036.601699,3928.650366,107.951333
2020-11-25 16:00:00,load,random_forest,4103.443891,4080.962887,22.481004
2020-11-25 16:00:00,load,mlp,4178.042969,4080.962887,97.080082
2020-11-25 16:00:00,load,RTS_DAY_AHEAD,4194.989757,4080.962887,114.02687
2020-11-25 17:00:00,load,random_forest,4199.158951,4315.164009,116.005057
2020-11-25 17:00:00,load,mlp,4234.276367,4315.164009,80.887642
2020-11-25 17:00:00,load,RTS_DAY_AHEAD,4435.283583,4315.164009,120.119574
2020-11-25 18:00:00,load,random_forest,4189.239315,4228.913824,39.674509
2020-11-25 18:00:00,load,mlp,4190.981445,4228.913824,37.932379
2020-11-25 18:00:00,load,RTS_DAY_AHEAD,4344.962812,4228.913824,116.048988
2020-11-25 19:00:00,load,random_forest,4229.403951,4108.238554,121.165398
2020-11-25 19:00:00,load,mlp,4128.102539,4108.238554,19.863986
2020-11-25 19:00:00,load,RTS_DAY_AHEAD,4220.000316,4108.238554,111.761762
2020-11-25 20:00:00,load,random_forest,4217.567576,3977.485401,240.082175
2020-11-25 20:00:00,load,mlp,4045.215332,3977.485401,67.729931
2020-11-25 20:00:00,load,RTS_DAY_AHEAD,4084.115424,3977.485401,106.630023
2020-11-25 21:00:00,load,random_forest,3788.889269,3791.119184,2.229915
2020-11-25 21:00:00,load,mlp,3944.442627,3791.119184,153.323443
2020-11-25 21:00:00,load,RTS_DAY_AHEAD,3890.101111,3791.119184,98.981927
2020-11-25 22:00:00,load,random_forest,3695.379994,3552.844641,142.535353
2020-11-25 22:00:00,load,mlp,3827.237549,3552.844641,274.392908
2020-11-25 22:00:00,load,RTS_DAY_AHEAD,3644.688342,3552.844641,91.843701
2020-11-25 23:00:00,load,random_forest,3355.314837,3307.131104,48.183734
2020-11-25 23:00:00,load,mlp,3713.515625,3307.131104,406.384521
2020-11-25 23:00:00,load,RTS_DAY_AHEAD,3394.551273,3307.131104,87.42017
2020-11-26 00:00:00,load,random_forest,3101.990562,3082.86075,19.129813
2020-11-26 00:00:00,load,mlp,3630.800781,3082.86075,547.940032
2020-11-26 00:00:00,load,RTS_DAY_AHEAD,3167.520649,3082.86075,84.659899
2020-11-26 01:00:00,load,random_forest,3047.759681,2953.8134,93.94628
2020-11-26 01:00:00,load,mlp,3554.396484,2953.8134,600.583084
2020-11-26 01:00:00,load,RTS_DAY_AHEAD,3036.904533,2953.8134,83.091133
2020-11-26 02:00:00,load,random_forest,2970.957933,2876.83769,94.120243
2020-11-26 02:00:00,load,mlp,3514.449219,2876.83769,637.611529
2020-11-26 02:00:00,load,RTS_DAY_AHEAD,2959.377819,2876.83769,82.540129
2020-11-26 03:00:00,load,random_forest,2966.851658,2843.949651,122.902007
2020-11-26 03:00:00,load,mlp,3498.928955,2843.949651,654.979304
2020-11-26 03:00:00,load,RTS_DAY_AHEAD,2926.782302,2843.949651,82.832651
2020-11-26 04:00:00,load,random_forest,3010.895883,2867.885895,143.009988
2020-11-26 04:00:00,load,mlp,3529.348389,2867.885895,661.462494
2020-11-26 04:00:00,load,RTS_DAY_AHEAD,2951.957572,2867.885895,84.071677
2020-11-26 05:00:00,load,random_forest,3327.561257,2947.486432,380.074825
2020-11-26 05:00:00,load,mlp,3615.677002,2947.486432,668.19057
2020-11-26 05:00:00,load,RTS_DAY_AHEAD,3033.740438,2947.486432,86.254006
2020-11-26 06:00:00,load,random_forest,3538.083002,2975.310598,562.772404
2020-11-26 06:00:00,load,mlp,3731.483643,2975.310598,756.173045
2020-11-26 06:00:00,load,RTS_DAY_AHEAD,3063.611023,2975.310598,88.300425
2020-11-26 07:00:00,load,random_forest,3379.659703,3038.946423,340.71328
2020-11-26 07:00:00,load,mlp,3822.389893,3038.946423,783.44347
2020-11-26 07:00:00,load,RTS_DAY_AHEAD,3131.089816,3038.946423,92.143393
2020-11-26 08:00:00,load,random_forest,3698.24225,3234.336265,463.905985
2020-11-26 08:00:00,load,mlp,3898.853516,3234.336265,664.517251
2020-11-26 08:00:00,load,RTS_DAY_AHEAD,3330.557034,3234.336265,96.220769
2020-11-26 09:00:00,load,random_forest,3768.619544,3392.403602,376.215941
2020-11-26 09:00:00,load,mlp,3975.78125,3392.403602,583.377648
2020-11-26 09:00:00,load,RTS_DAY_AHEAD,3491.177239,3392.403602,98.773637
2020-11-26 10:00:00,load,random_forest,3970.621391,3500.263692,470.357699
2020-11-26 10:00:00,load,mlp,4040.272949,3500.263692,540.009257
2020-11-26 10:00:00,load,RTS_DAY_AHEAD,3600.618637,3500.263692,100.354945
2020-11-26 11:00:00,load,random_forest,4037.076104,3546.465783,490.610322
2020-11-26 11:00:00,load,mlp,4091.205811,3546.465783,544.740028
2020-11-26 11:00:00,load,RTS_DAY_AHEAD,3646.981336,3546.465783,100.515553
2020-11-26 12:00:00,load,random_forest,4251.158288,3555.248387,695.909901
2020-11-26 12:00:00,load,mlp,4119.689941,3555.248387,564.441555
2020-11-26 12:00:00,load,RTS_DAY_AHEAD,3654.162381,3555.248387,98.913994
2020-11-26 13:00:00,load,random_forest,4232.418651,3516.158745,716.259906
2020-11-26 13:00:00,load,mlp,4141.692383,3516.158745,625.533638
2020-11-26 13:00:00,load,RTS_DAY_AHEAD,3613.198499,3516.158745,97.039754
2020-11-26 14:00:00,load,random_forest,4043.363765,3441.292512,602.071253
2020-11-26 14:00:00,load,mlp,4150.987305,3441.292512,709.694793
2020-11-26 14:00:00,load,RTS_DAY_AHEAD,3534.803816,3441.292512,93.511304
2020-11-26 15:00:00,load,random_forest,4243.703542,3384.403671,859.299871
2020-11-26 15:00:00,load,mlp,4137.198242,3384.403671,752.794572
2020-11-26 15:00:00,load,RTS_DAY_AHEAD,3476.219298,3384.403671,91.815627
2020-11-26 16:00:00,load,random_forest,4106.601109,3463.080173,643.520936
2020-11-26 16:00:00,load,mlp,4155.502441,3463.080173,692.422268
2020-11-26 16:00:00,load,RTS_DAY_AHEAD,3557.317713,3463.080173,94.23754
2020-11-26 17:00:00,load,random_forest,4282.670458,3667.023966,615.646492
2020-11-26 17:00:00,load,mlp,4215.298828,3667.023966,548.274862
2020-11-26 17:00:00,load,RTS_DAY_AHEAD,3765.200827,3667.023966,98.176861
2020-11-26 18:00:00,load,random_forest,4250.408163,3604.710099,645.698063
2020-11-26 18:00:00,load,mlp,4180.372559,3604.710099,575.662459
2020-11-26 18:00:00,load,RTS_DAY_AHEAD,3701.818554,3604.710099,97.108455
2020-11-26 19:00:00,load,random_forest,4182.729285,3531.79916,650.930126
2020-11-26 19:00:00,load,mlp,4112.772461,3531.79916,580.973301
2020-11-26 19:00:00,load,RTS_DAY_AHEAD,3626.885047,3531.79916,95.085887
2020-11-26 20:00:00,load,random_forest,4031.563132,3473.231225,558.331906
2020-11-26 20:00:00,load,mlp,4032.964111,3473.231225,559.732886
2020-11-26 20:00:00,load,RTS_DAY_AHEAD,3566.697016,3473.231225,93.465791
2020-11-26 21:00:00,load,random_forest,3834.99658,3390.973577,444.023003
2020-11-26 21:00:00,load,mlp,3941.296387,3390.973577,550.32281
2020-11-26 21:00:00,load,RTS_DAY_AHEAD,3480.869602,3390.973577,89.896025
2020-11-26 22:00:00,load,random_forest,3628.95219,3244.371215,384.580976
2020-11-26 22:00:00,load,mlp,3842.400391,3244.371215,598.029176
2020-11-26 22:00:00,load,RTS_DAY_AHEAD,3330.487369,3244.371215,86.116155
2020-11-26 23:00:00,load,random_forest,3329.500132,3074.472082,255.028049
2020-11-26 23:00:00,load,mlp,3730.858887,3074.472082,656.386804
2020-11-26 23:00:00,load,RTS_DAY_AHEAD,3158.168457,3074.472082,83.696374
2020-11-27 00:00:00,load,random_forest,3118.935673,2934.389306,184.546367
2020-11-27 00:00:00,load,mlp,3606.513672,2934.389306,672.124366
2020-11-27 00:00:00,load,RTS_DAY_AHEAD,3016.778865,2934.389306,82.389559
2020-11-27 01:00:00,load,random_forest,3022.247286,2845.016642,177.230644
2020-11-27 01:00:00,load,mlp,3533.192871,2845.016642,688.176229
2020-11-27 01:00:00,load,RTS_DAY_AHEAD,2926.547593,2845.016642,81.530951
2020-11-27 02:00:00,load,random_forest,2986.69155,2805.442499,181.24905
2020-11-27 02:00:00,load,mlp,3489.816895,2805.442499,684.374395
2020-11-27 02:00:00,load,RTS_DAY_AHEAD,2886.777765,2805.442499,81.335265
2020-11-27 03:00:00,load,random_forest,2956.183687,2800.54784,155.635847
2020-11-27 03:00:00,load,mlp,3477.6875,2800.54784,677.13966
2020-11-27 03:00:00,load,RTS_DAY_AHEAD,2882.509277,2800.54784,81.961437
2020-11-27 04:00:00,load,random_forest,3332.469699,2854.611683,477.858016
2020-11-27 04:00:00,load,mlp,3505.799316,2854.611683,651.187633
2020-11-27 04:00:00,load,RTS_DAY_AHEAD,2938.629157,2854.611683,84.017474
2020-11-27 05:00:00,load,random_forest,3355.790685,2972.034105,383.75658
2020-11-27 05:00:00,load,mlp,3582.654297,2972.034105,610.620192
2020-11-27 05:00:00,load,RTS_DAY_AHEAD,3058.984841,2972.034105,86.950736
2020-11-27 06:00:00,load,random_forest,3301.651256,3061.229528,240.421728
2020-11-27 06:00:00,load,mlp,3673.836426,3061.229528,612.606898
2020-11-27 06:00:00,load,RTS_DAY_AHEAD,3149.803681,3061.229528,88.574153
2020-11-27 07:00:00,load,random_forest,3101.752556,3135.485404,33.732848
2020-11-27 07:00:00,load,mlp,3739.996582,3135.485404,604.511178
2020-11-27 07:00:00,load,RTS_DAY_AHEAD,3226.210593,3135.485404,90.725189
2020-11-27 08:00:00,load,random_forest,3358.712255,3299.256125,59.45613
2020-11-27 08:00:00,load,mlp,3797.315674,3299.256125,498.059549
2020-11-27 08:00:00,load,RTS_DAY_AHEAD,3392.108686,3299.256125,92.852561
2020-11-27 09:00:00,load,random_forest,3617.991996,3417.102291,200.889705
2020-11-27 09:00:00,load,mlp,3883.653809,3417.102291,466.551517
2020-11-27 09:00:00,load,RTS_DAY_AHEAD,3510.694898,3417.102291,93.592607
2020-11-27 10:00:00,load,random_forest,3796.488476,3493.250972,303.237504
2020-11-27 10:00:00,load,mlp,3960.591797,3493.250972,467.340825
2020-11-27 10:00:00,load,RTS_DAY_AHEAD,3587.595396,3493.250972,94.344424
2020-11-27 11:00:00,load,random_forest,3857.120757,3512.873016,344.247741
2020-11-27 11:00:00,load,mlp,4012.20459,3512.873016,499.331573
2020-11-27 11:00:00,load,RTS_DAY_AHEAD,3606.825253,3512.873016,93.952237
2020-11-27 12:00:00,load,random_forest,3841.221607,3512.382689,328.838917
2020-11-27 12:00:00,load,mlp,4041.996582,3512.382689,529.613893
2020-11-27 12:00:00,load,RTS_DAY_AHEAD,3605.703858,3512.382689,93.321169
2020-11-27 13:00:00,load,random_forest,3824.317675,3490.949045,333.36863
2020-11-27 13:00:00,load,mlp,4055.009766,3490.949045,564.060721
2020-11-27 13:00:00,load,RTS_DAY_AHEAD,3584.100332,3490.949045,93.151287
2020-11-27 14:00:00,load,random_forest,3924.627257,3478.296671,446.330587
2020-11-27 14:00:00,load,mlp,4052.32373,3478.296671,574.02706
2020-11-27 14:00:00,load,RTS_DAY_AHEAD,3571.243563,3478.296671,92.946892
2020-11-27 15:00:00,load,random_forest,3876.929507,3472.278318,404.651189
2020-11-27 15:00:00,load,mlp,4030.51709,3472.278318,558.238772
2020-11-27 15:00:00,load,RTS_DAY_AHEAD,3566.15952,3472.278318,93.881202
2020-11-27 16:00:00,load,random_forest,3794.181588,3659.70884,134.472748
2020-11-27 16:00:00,load,mlp,4033.942627,3659.70884,374.233787
2020-11-27 16:00:00,load,RTS_DAY_AHEAD,3760.605893,3659.70884,100.897053
2020-11-27 17:00:00,load,random_forest,3855.296718,3957.868626,102.571907
2020-11-27 17:00:00,load,mlp,4077.699951,3957.868626,119.831326
2020-11-27 17:00:00,load,RTS_DAY_AHEAD,4065.100679,3957.868626,107.232053
2020-11-27 18:00:00,load,random_forest,4063.393191,3907.215492,156.177699
2020-11-27 18:00:00,load,mlp,4056.359375,3907.215492,149.143883
2020-11-27 18:00:00,load,RTS_DAY_AHEAD,4012.012992,3907.215492,104.7975
2020-11-27 19:00:00,load,random_forest,4007.309427,3813.59486,193.714567
2020-11-27 19:00:00,load,mlp,3991.700684,3813.59486,178.105824
2020-11-27 19:00:00,load,RTS_DAY_AHEAD,3915.268957,3813.59486,101.674097
2020-11-27 20:00:00,load,random_forest,3890.088475,3730.457989,159.630487
2020-11-27 20:00:00,load,mlp,3921.292969,3730.457989,190.83498
2020-11-27 20:00:00,load,RTS_DAY_AHEAD,3829.385769,3730.457989,98.92778
2020-11-27 21:00:00,load,random_forest,3507.198019,3591.402375,84.204355
2020-11-27 21:00:00,load,mlp,3827.152832,3591.402375,235.750457
2020-11-27 21:00:00,load,RTS_DAY_AHEAD,3685.294964,3591.402375,93.892589
2020-11-27 22:00:00,load,random_forest,3565.700554,3396.360403,169.340151
2020-11-27 22:00:00,load,mlp,3731.653809,3396.360403,335.293405
2020-11-27 22:00:00,load,RTS_DAY_AHEAD,3484.697023,3396.360403,88.33662
2020-11-27 23:00:00,load,random_forest,3643.849747,3203.6956,440.154148
2020-11-27 23:00:00,load,mlp,3630.25708,3203.6956,426.56148
2020-11-27 23:00:00,load,RTS_DAY_AHEAD,3289.271422,3203.6956,85.575823
2020-11-28 00:00:00,load,random_forest,3145.060057,3046.850315,98.209743
2020-11-28 00:00:00,load,mlp,3534.129639,3046.850315,487.279324
2020-11-28 00:00:00,load,RTS_DAY_AHEAD,3130.813969,3046.850315,83.963655
2020-11-28 01:00:00,load,random_forest,2966.431512,2942.272767,24.158746
2020-11-28 01:00:00,load,mlp,3463.078857,2942.272767,520.806091
2020-11-28 01:00:00,load,RTS_DAY_AHEAD,3024.880455,2942.272767,82.607689
2020-11-28 02:00:00,load,random_forest,2899.176122,2876.163888,23.012235
2020-11-28 02:00:00,load,mlp,3415.436035,2876.163888,539.272148
2020-11-28 02:00:00,load,RTS_DAY_AHEAD,2958.410374,2876.163888,82.246486
2020-11-28 03:00:00,load,random_forest,2891.183267,2842.424463,48.758804
2020-11-28 03:00:00,load,mlp,3401.123047,2842.424463,558.698584
2020-11-28 03:00:00,load,RTS_DAY_AHEAD,2924.77041,2842.424463,82.345947
2020-11-28 04:00:00,load,random_forest,2925.672109,2874.048767,51.623342
2020-11-28 04:00:00,load,mlp,3417.59375,2874.048767,543.544983
2020-11-28 04:00:00,load,RTS_DAY_AHEAD,2957.655169,2874.048767,83.606402
2020-11-28 05:00:00,load,random_forest,3049.855385,2939.865207,109.990178
2020-11-28 05:00:00,load,mlp,3479.788574,2939.865207,539.923367
2020-11-28 05:00:00,load,RTS_DAY_AHEAD,3025.996803,2939.865207,86.131596
2020-11-28 06:00:00,load,random_forest,3167.392928,3011.359675,156.033253
2020-11-28 06:00:00,load,mlp,3546.196045,3011.359675,534.83637
2020-11-28 06:00:00,load,RTS_DAY_AHEAD,3099.400901,3011.359675,88.041226
2020-11-28 07:00:00,load,random_forest,3296.882685,3087.005815,209.87687
2020-11-28 07:00:00,load,mlp,3613.432129,3087.005815,526.426314
2020-11-28 07:00:00,load,RTS_DAY_AHEAD,3178.024828,3087.005815,91.019013
2020-11-28 08:00:00,load,random_forest,3324.866068,3283.605568,41.2605
2020-11-28 08:00:00,load,mlp,3698.566406,3283.605568,414.960839
2020-11-28 08:00:00,load,RTS_DAY_AHEAD,3377.767377,3283.605568,94.161809
2020-11-28 09:00:00,load,random_forest,3512.955821,3398.595278,114.360543
2020-11-28 09:00:00,load,mlp,3794.929688,3398.595278,396.334409
2020-11-28 09:00:00,load,RTS_DAY_AHEAD,3493.984696,3398.595278,95.389418
2020-11-28 10:00:00,load,random_forest,3623.678161,3473.578814,150.099347
2020-11-28 10:00:00,load,mlp,3869.515625,3473.578814,395.936811
2020-11-28 10:00:00,load,RTS_DAY_AHEAD,3568.942845,3473.578814,95.364031
2020-11-28 11:00:00,load,random_forest,3640.376118,3490.615652,149.760467
2020-11-28 11:00:00,load,mlp,3927.262207,3490.615652,436.646555
2020-11-28 11:00:00,load,RTS_DAY_AHEAD,3585.258769,3490.615652,94.643117
2020-11-28 12:00:00,load,random_forest,3602.761361,3480.095604,122.665758
2020-11-28 12:00:00,load,mlp,3955.266113,3480.095604,475.17051
2020-11-28 12:00:00,load,RTS_DAY_AHEAD,3574.165363,3480.095604,94.069759
2020-11-28 13:00:00,load,random_forest,3573.357881,3439.58142,133.776461
2020-11-28 13:00:00,load,mlp,3968.039551,3439.58142,528.458131
2020-11-28 13:00:00,load,RTS_DAY_AHEAD,3533.053115,3439.58142,93.471695
2020-11-28 14:00:00,load,random_forest,3564.983053,3400.448777,164.534277
2020-11-28 14:00:00,load,mlp,3964.475098,3400.448777,564.026321
2020-11-28 14:00:00,load,RTS_DAY_AHEAD,3493.746982,3400.448777,93.298205
2020-11-28 15:00:00,load,random_forest,3621.370896,3410.714278,210.656619
2020-11-28 15:00:00,load,mlp,3950.505371,3410.714278,539.791093
2020-11-28 15:00:00,load,RTS_DAY_AHEAD,3504.82572,3410.714278,94.111442
2020-11-28 16:00:00,load,random_forest,3600.743843,3573.703771,27.040072
2020-11-28 16:00:00,load,mlp,3949.208496,3573.703771,375.504725
2020-11-28 16:00:00,load,RTS_DAY_AHEAD,3674.091491,3573.703771,100.38772
2020-11-28 17:00:00,load,random_forest,4110.045011,3915.70523,194.339781
2020-11-28 17:00:00,load,mlp,3984.286621,3915.70523,68.581391
2020-11-28 17:00:00,load,RTS_DAY_AHEAD,4023.947971,3915.70523,108.242741
2020-11-28 18:00:00,load,random_forest,3830.657029,3900.412383,69.755353
2020-11-28 18:00:00,load,mlp,3985.343018,3900.412383,84.930635
2020-11-28 18:00:00,load,RTS_DAY_AHEAD,4006.173839,3900.412383,105.761456
2020-11-28 19:00:00,load,random_forest,3892.227558,3820.637902,71.589656
2020-11-28 19:00:00,load,mlp,3926.760254,3820.637902,106.122352
2020-11-28 19:00:00,load,RTS_DAY_AHEAD,3923.304354,3820.637902,102.666452
2020-11-28 20:00:00,load,random_forest,3707.839802,3719.203171,11.36337
2020-11-28 20:00:00,load,mlp,3864.397705,3719.203171,145.194534
2020-11-28 20:00:00,load,RTS_DAY_AHEAD,3817.900756,3719.203171,98.697585
2020-11-28 21:00:00,load,random_forest,3778.140071,3586.545422,191.594649
2020-11-28 21:00:00,load,mlp,3798.535645,3586.545422,211.990222
2020-11-28 21:00:00,load,RTS_DAY_AHEAD,3680.301785,3586.545422,93.756363
2020-11-28 22:00:00,load,random_forest,3572.93825,3411.636015,161.302235
2020-11-28 22:00:00,load,mlp,3716.872314,3411.636015,305.236299
2020-11-28 22:00:00,load,RTS_DAY_AHEAD,3500.145866,3411.636015,88.509851
2020-11-28 23:00:00,load,random_forest,3273.995066,3229.986608,44.008458
2020-11-28 23:00:00,load,mlp,3627.32666,3229.986608,397.340052
2020-11-28 23:00:00,load,RTS_DAY_AHEAD,3315.777939,3229.986608,85.791331
2020-11-29 00:00:00,load,random_forest,3105.637551,3069.329714,36.307837
2020-11-29 00:00:00,load,mlp,3516.318848,3069.329714,446.989134
2020-11-29 00:00:00,load,RTS_DAY_AHEAD,3153.007936,3069.329714,83.678222
2020-11-29 01:00:00,load,random_forest,3005.496537,2996.29826,9.198277
2020-11-29 01:00:00,load,mlp,3450.49292,2996.29826,454.19466
2020-11-29 01:00:00,load,RTS_DAY_AHEAD,3079.337877,2996.29826,83.039617
2020-11-29 02:00:00,load,random_forest,2975.470312,2933.981725,41.488587
2020-11-29 02:00:00,load,mlp,3408.599121,2933.981725,474.617396
2020-11-29 02:00:00,load,RTS_DAY_AHEAD,3016.22247,2933.981725,82.240745
2020-11-29 03:00:00,load,random_forest,2912.653648,2906.841914,5.811734
2020-11-29 03:00:00,load,mlp,3388.689941,2906.841914,481.848027
2020-11-29 03:00:00,load,RTS_DAY_AHEAD,2989.050721,2906.841914,82.208808
2020-11-29 04:00:00,load,random_forest,2886.495554,2926.681841,40.186288
2020-11-29 04:00:00,load,mlp,3401.568848,2926.681841,474.887006
2020-11-29 04:00:00,load,RTS_DAY_AHEAD,3010.002902,2926.681841,83.32106
2020-11-29 05:00:00,load,random_forest,3024.403711,2968.299738,56.103973
2020-11-29 05:00:00,load,mlp,3450.058105,2968.299738,481.758367
2020-11-29 05:00:00,load,RTS_DAY_AHEAD,3053.722798,2968.299738,85.42306
2020-11-29 06:00:00,load,random_forest,3008.002979,3011.376908,3.373929
2020-11-29 06:00:00,load,mlp,3499.587158,3011.376908,488.210251
2020-11-29 06:00:00,load,RTS_DAY_AHEAD,3098.379545,3011.376908,87.002637
2020-11-29 07:00:00,load,random_forest,3111.756213,3011.134682,100.621531
2020-11-29 07:00:00,load,mlp,3560.630859,3011.134682,549.496178
2020-11-29 07:00:00,load,RTS_DAY_AHEAD,3100.250517,3011.134682,89.115835
2020-11-29 08:00:00,load,random_forest,3287.030444,3154.125366,132.905078
2020-11-29 08:00:00,load,mlp,3652.537598,3154.125366,498.412232
2020-11-29 08:00:00,load,RTS_DAY_AHEAD,3245.478653,3154.125366,91.353287
2020-11-29 09:00:00,load,random_forest,3469.024273,3265.329493,203.69478
2020-11-29 09:00:00,load,mlp,3743.173828,3265.329493,477.844335
2020-11-29 09:00:00,load,RTS_DAY_AHEAD,3357.616135,3265.329493,92.286642
2020-11-29 10:00:00,load,random_forest,3532.232901,3321.242177,210.990723
2020-11-29 10:00:00,load,mlp,3811.671875,3321.242177,490.429698
2020-11-29 10:00:00,load,RTS_DAY_AHEAD,3414.15627,3321.242177,92.914093
2020-11-29 11:00:00,load,random_forest,3436.312618,3343.841287,92.471331
2020-11-29 11:00:00,load,mlp,3863.944824,3343.841287,520.103537
2020-11-29 11:00:00,load,RTS_DAY_AHEAD,3436.358767,3343.841287,92.51748
2020-11-29 12:00:00,load,random_forest,3382.735818,3357.460454,25.275364
2020-11-29 12:00:00,load,mlp,3899.555908,3357.460454,542.095454
2020-11-29 12:00:00,load,RTS_DAY_AHEAD,3449.537641,3357.460454,92.077187
2020-11-29 13:00:00,load,random_forest,3370.742773,3348.857234,21.885538
2020-11-29 13:00:00,load,mlp,3918.768066,3348.857234,569.910832
2020-11-29 13:00:00,load,RTS_DAY_AHEAD,3440.432669,3348.857234,91.575435
2020-11-29 14:00:00,load,random_forest,3393.010291,3344.645831,48.36446
2020-11-29 14:00:00,load,mlp,3924.39917,3344.645831,579.753338
2020-11-29 14:00:00,load,RTS_DAY_AHEAD,3436.356921,3344.645831,91.71109
2020-11-29 15:00:00,load,random_forest,3447.756891,3373.633077,74.123814
2020-11-29 15:00:00,load,mlp,3920.219482,3373.633077,546.586406
2020-11-29 15:00:00,load,RTS_DAY_AHEAD,3467.253622,3373.633077,93.620545
2020-11-29 16:00:00,load,random_forest,3536.078472,3645.356236,109.277764
2020-11-29 16:00:00,load,mlp,3953.362061,3645.356236,308.005824
2020-11-29 16:00:00,load,RTS_DAY_AHEAD,3748.316189,3645.356236,102.959953
2020-11-29 17:00:00,load,random_forest,4003.513194,4023.665992,20.152798
2020-11-29 17:00:00,load,mlp,4023.977783,4023.665992,0.311791
2020-11-29 17:00:00,load,RTS_DAY_AHEAD,4137.082812,4023.665992,113.41682
2020-11-29 18:00:00,load,random_forest,3911.357,4022.51939,111.162389
2020-11-29 18:00:00,load,mlp,3995.662109,4022.51939,26.85728
2020-11-29 18:00:00,load,RTS_DAY_AHEAD,4134.526338,4022.51939,112.006948
2020-11-29 19:00:00,load,random_forest,3820.171598,3959.617788,139.44619
2020-11-29 19:00:00,load,mlp,3933.755127,3959.617788,25.862661
2020-11-29 19:00:00,load,RTS_DAY_AHEAD,4068.054436,3959.617788,108.436648
2020-11-29 20:00:00,load,random_forest,3680.951761,3818.59435,137.642589
2020-11-29 20:00:00,load,mlp,3870.521484,3818.59435,51.927134
2020-11-29 20:00:00,load,RTS_DAY_AHEAD,3920.659108,3818.59435,102.064758
2020-11-29 21:00:00,load,random_forest,3524.991812,3611.508317,86.516504
2020-11-29 21:00:00,load,mlp,3796.590332,3611.508317,185.082015
2020-11-29 21:00:00,load,RTS_DAY_AHEAD,3705.721589,3611.508317,94.213272
2020-11-29 22:00:00,load,random_forest,3372.582394,3389.635182,17.052789
2020-11-29 22:00:00,load,mlp,3706.947754,3389.635182,317.312572
2020-11-29 22:00:00,load,RTS_DAY_AHEAD,3477.945342,3389.635182,88.31016
2020-11-29 23:00:00,load,random_forest,3276.693392,3169.810781,106.882611
2020-11-29 23:00:00,load,mlp,3610.104004,3169.810781,440.293223
2020-11-29 23:00:00,load,RTS_DAY_AHEAD,3254.955001,3169.810781,85.14422
2020-11-30 00:00:00,load,random_forest,3145.270629,3016.163748,129.106882
2020-11-30 00:00:00,load,mlp,3519.022705,3016.163748,502.858957
2020-11-30 00:00:00,load,RTS_DAY_AHEAD,3100.033718,3016.163748,83.869971
2020-11-30 01:00:00,load,random_forest,3037.777245,2908.564037,129.213208
2020-11-30 01:00:00,load,mlp,3452.324707,2908.564037,543.76067
2020-11-30 01:00:00,load,RTS_DAY_AHEAD,2991.480114,2908.564037,82.916077
2020-11-30 02:00:00,load,random_forest,2955.435476,2867.919137,87.516339
2020-11-30 02:00:00,load,mlp,3409.757812,2867.919137,541.838675
2020-11-30 02:00:00,load,RTS_DAY_AHEAD,2950.890331,2867.919137,82.971194
2020-11-30 03:00:00,load,random_forest,2963.306547,2879.306014,84.000532
2020-11-30 03:00:00,load,mlp,3384.32959,2879.306014,505.023575
2020-11-30 03:00:00,load,RTS_DAY_AHEAD,2963.777073,2879.306014,84.471059
2020-11-30 04:00:00,load,random_forest,2922.885381,2989.734017,66.848636
2020-11-30 04:00:00,load,mlp,3391.969971,2989.734017,402.235954
2020-11-30 04:00:00,load,RTS_DAY_AHEAD,3079.857954,2989.734017,90.123937
2020-11-30 05:00:00,load,random_forest,2944.199783,3298.514315,354.314532
2020-11-30 05:00:00,load,mlp,3427.987061,3298.514315,129.472745
2020-11-30 05:00:00,load,RTS_DAY_AHEAD,3400.517735,3298.514315,102.00342
2020-11-30 06:00:00,load,random_forest,3033.18719,3608.082631,574.895441
2020-11-30 06:00:00,load,mlp,3465.294189,3608.082631,142.788441
2020-11-30 06:00:00,load,RTS_DAY_AHEAD,3716.373341,3608.082631,108.29071
2020-11-30 07:00:00,load,random_forest,3167.275253,3706.223674,538.948421
2020-11-30 07:00:00,load,mlp,3516.960205,3706.223674,189.263469
2020-11-30 07:00:00,load,RTS_DAY_AHEAD,3812.36413,3706.223674,106.140456
2020-11-30 08:00:00,load,random_forest,3365.312457,3791.7822,426.469743
2020-11-30 08:00:00,load,mlp,3597.498047,3791.7822,194.284153
2020-11-30 08:00:00,load,RTS_DAY_AHEAD,3896.231492,3791.7822,104.449292
2020-11-30 09:00:00,load,random_forest,3354.930627,3846.147786,491.217158
2020-11-30 09:00:00,load,mlp,3677.004639,3846.147786,169.143147
2020-11-30 09:00:00,load,RTS_DAY_AHEAD,3949.631203,3846.147786,103.483417
2020-11-30 10:00:00,load,random_forest,3660.964124,3878.549262,217.585138
2020-11-30 10:00:00,load,mlp,3744.108154,3878.549262,134.441107
2020-11-30 10:00:00,load,RTS_DAY_AHEAD,3981.298021,3878.549262,102.748759
2020-11-30 11:00:00,load,random_forest,3581.646611,3878.519844,296.873232
2020-11-30 11:00:00,load,mlp,3795.181641,3878.519844,83.338203
2020-11-30 11:00:00,load,RTS_DAY_AHEAD,3980.251888,3878.519844,101.732044
2020-11-30 12:00:00,load,random_forest,3612.620168,3865.544687,252.92452
2020-11-30 12:00:00,load,mlp,3831.193848,3865.544687,34.35084
2020-11-30 12:00:00,load,RTS_DAY_AHEAD,3966.528282,3865.544687,100.983594
2020-11-30 13:00:00,load,random_forest,3444.075398,3847.912684,403.837286
2020-11-30 13:00:00,load,mlp,3855.403076,3847.912684,7.490392
2020-11-30 13:00:00,load,RTS_DAY_AHEAD,3948.530211,3847.912684,100.617527
2020-11-30 14:00:00,load,random_forest,3425.07331,3808.915002,383.841692
2020-11-30 14:00:00,load,mlp,3866.852295,3808.915002,57.937293
2020-11-30 14:00:00,load,RTS_DAY_AHEAD,3908.231628,3808.915002,99.316626
2020-11-30 15:00:00,load,random_forest,3429.960996,3817.104568,387.143572
2020-11-30 15:00:00,load,mlp,3876.158203,3817.104568,59.053635
2020-11-30 15:00:00,load,RTS_DAY_AHEAD,3918.045005,3817.104568,100.940437
2020-11-30 16:00:00,load,random_forest,3669.303796,4070.595516,401.29172
2020-11-30 16:00:00,load,mlp,3934.369141,4070.595516,136.226375
2020-11-30 16:00:00,load,RTS_DAY_AHEAD,4183.438836,4070.595516,112.84332
2020-11-30 17:00:00,load,random_forest,3978.371985,4426.025011,447.653026
2020-11-30 17:00:00,load,mlp,4028.615967,4426.025011,397.409044
2020-11-30 17:00:00,load,RTS_DAY_AHEAD,4550.711944,4426.025011,124.686933
2020-11-30 18:00:00,load,random_forest,3956.830004,4401.381979,444.551975
2020-11-30 18:00:00,load,mlp,4002.926514,4401.381979,398.455466
2020-11-30 18:00:00,load,RTS_DAY_AHEAD,4523.567509,4401.381979,122.18553
2020-11-30 19:00:00,load,random_forest,3904.772614,4306.781073,402.008458
2020-11-30 19:00:00,load,mlp,3945.693359,4306.781073,361.087713
2020-11-30 19:00:00,load,RTS_DAY_AHEAD,4424.519091,4306.781073,117.738018
2020-11-30 20:00:00,load,random_forest,3845.355436,4145.255023,299.899587
2020-11-30 20:00:00,load,mlp,3875.435059,4145.255023,269.819964
2020-11-30 20:00:00,load,RTS_DAY_AHEAD,4256.100411,4145.255023,110.845388
2020-11-30 21:00:00,load,random_forest,3675.858827,3907.734171,231.875344
2020-11-30 21:00:00,load,mlp,3785.537842,3907.734171,122.196329
2020-11-30 21:00:00,load,RTS_DAY_AHEAD,4008.65848,3907.734171,100.924309
2020-11-30 22:00:00,load,random_forest,3384.705747,3608.891048,224.185301
2020-11-30 22:00:00,load,mlp,3692.080566,3608.891048,83.189518
2020-11-30 22:00:00,load,RTS_DAY_AHEAD,3700.937991,3608.891048,92.046943
2020-11-30 23:00:00,load,random_forest,3227.648135,3364.200923,136.552789
2020-11-30 23:00:00,load,mlp,3594.070312,3364.200923,229.869389
2020-11-30 23:00:00,load,RTS_DAY_AHEAD,3452.773757,3364.200923,88.572834
2020-12-01 00:00:00,load,random_forest,3065.589121,3155.018433,89.429312
2020-12-01 00:00:00,load,mlp,3504.257812,3155.018433,349.239379
2020-12-01 00:00:00,load,RTS_DAY_AHEAD,3236.541548,3155.018433,81.523115
2020-12-01 01:00:00,load,random_forest,2975.831544,3093.523517,117.691973
2020-12-01 01:00:00,load,mlp,3447.053955,3093.523517,353.530438
2020-12-01 01:00:00,load,RTS_DAY_AHEAD,3173.468448,3093.523517,79.944931
2020-12-01 02:00:00,load,random_forest,2934.666696,3061.293061,126.626364
2020-12-01 02:00:00,load,mlp,3411.17334,3061.293061,349.880279
2020-12-01 02:00:00,load,RTS_DAY_AHEAD,3141.321538,3061.293061,80.028478
2020-12-01 03:00:00,load,random_forest,2882.771118,3073.645403,190.874285
2020-12-01 03:00:00,load,mlp,3399.960449,3073.645403,326.315046
2020-12-01 03:00:00,load,RTS_DAY_AHEAD,3156.047971,3073.645403,82.402568
2020-12-01 04:00:00,load,random_forest,2911.714706,3209.01642,297.301714
2020-12-01 04:00:00,load,mlp,3422.883301,3209.01642,213.86688
2020-12-01 04:00:00,load,RTS_DAY_AHEAD,3299.074461,3209.01642,90.058041
2020-12-01 05:00:00,load,random_forest,3046.786401,3442.301013,395.514613
2020-12-01 05:00:00,load,mlp,3489.322998,3442.301013,47.021985
2020-12-01 05:00:00,load,RTS_DAY_AHEAD,3543.558638,3442.301013,101.257625
2020-12-01 06:00:00,load,random_forest,3406.576788,3625.653043,219.076255
2020-12-01 06:00:00,load,mlp,3579.945801,3625.653043,45.707242
2020-12-01 06:00:00,load,RTS_DAY_AHEAD,3730.681176,3625.653043,105.028133
2020-12-01 07:00:00,load,random_forest,3790.110085,3681.566603,108.543482
2020-12-01 07:00:00,load,mlp,3641.406982,3681.566603,40.159621
2020-12-01 07:00:00,load,RTS_DAY_AHEAD,3785.141084,3681.566603,103.574481
2020-12-01 08:00:00,load,random_forest,3856.736183,3754.212985,102.523198
2020-12-01 08:00:00,load,mlp,3719.853027,3754.212985,34.359958
2020-12-01 08:00:00,load,RTS_DAY_AHEAD,3856.139477,3754.212985,101.926492
2020-12-01 09:00:00,load,random_forest,3832.867815,3787.936626,44.931189
2020-12-01 09:00:00,load,mlp,3787.175781,3787.936626,0.760845
2020-12-01 09:00:00,load,RTS_DAY_AHEAD,3889.195532,3787.936626,101.258906
2020-12-01 10:00:00,load,random_forest,3895.025213,3796.395004,98.63021
2020-12-01 10:00:00,load,mlp,3845.046875,3796.395004,48.651871
2020-12-01 10:00:00,load,RTS_DAY_AHEAD,3897.018409,3796.395004,100.623405
2020-12-01 11:00:00,load,random_forest,3969.073836,3822.628216,146.44562
2020-12-01 11:00:00,load,mlp,3895.983154,3822.628216,73.354938
2020-12-01 11:00:00,load,RTS_DAY_AHEAD,3922.414421,3822.628216,99.786205
2020-12-01 12:00:00,load,random_forest,3946.696772,3806.033464,140.663308
2020-12-01 12:00:00,load,mlp,3936.08667,3806.033464,130.053206
2020-12-01 12:00:00,load,RTS_DAY_AHEAD,3904.952527,3806.033464,98.919063
2020-12-01 13:00:00,load,random_forest,4072.414654,3770.951962,301.462692
2020-12-01 13:00:00,load,mlp,3961.649902,3770.951962,190.69794
2020-12-01 13:00:00,load,RTS_DAY_AHEAD,3869.085439,3770.951962,98.133477
2020-12-01 14:00:00,load,random_forest,4126.547583,3755.672577,370.875006
2020-12-01 14:00:00,load,mlp,3968.028564,3755.672577,212.355987
2020-12-01 14:00:00,load,RTS_DAY_AHEAD,3852.138347,3755.672577,96.46577
2020-12-01 15:00:00,load,random_forest,4060.477714,3755.969181,304.508533
2020-12-01 15:00:00,load,mlp,3975.131348,3755.969181,219.162167
2020-12-01 15:00:00,load,RTS_DAY_AHEAD,3854.368047,3755.969181,98.398866
2020-12-01 16:00:00,load,random_forest,4227.039209,3989.959564,237.079644
2020-12-01 16:00:00,load,mlp,4052.406982,3989.959564,62.447418
2020-12-01 16:00:00,load,RTS_DAY_AHEAD,4097.852026,3989.959564,107.892462
2020-12-01 17:00:00,load,random_forest,4143.38208,4354.986172,211.604092
2020-12-01 17:00:00,load,mlp,4150.395508,4354.986172,204.590664
2020-12-01 17:00:00,load,RTS_DAY_AHEAD,4470.083482,4354.986172,115.09731
2020-12-01 18:00:00,load,random_forest,4272.121043,4333.642548,61.521505
2020-12-01 18:00:00,load,mlp,4095.71167,4333.642548,237.930878
2020-12-01 18:00:00,load,RTS_DAY_AHEAD,4446.2997,4333.642548,112.657152
2020-12-01 19:00:00,load,random_forest,4239.215545,4289.546264,50.330718
2020-12-01 19:00:00,load,mlp,4042.294434,4289.546264,247.25183
2020-12-01 19:00:00,load,RTS_DAY_AHEAD,4401.580999,4289.546264,112.034735
2020-12-01 20:00:00,load,random_forest,4207.800137,4165.738717,42.061421
2020-12-01 20:00:00,load,mlp,3963.510254,4165.738717,202.228463
2020-12-01 20:00:00,load,RTS_DAY_AHEAD,4272.377128,4165.738717,106.638412
2020-12-01 21:00:00,load,random_forest,4027.558257,3924.636316,102.921941
2020-12-01 21:00:00,load,mlp,3852.428223,3924.636316,72.208093
2020-12-01 21:00:00,load,RTS_DAY_AHEAD,4023.242402,3924.636316,98.606086
2020-12-01 22:00:00,load,random_forest,3690.881995,3611.964078,78.917917
2020-12-01 22:00:00,load,mlp,3740.580078,3611.964078,128.616
2020-12-01 22:00:00,load,RTS_DAY_AHEAD,3701.871586,3611.964078,89.907508
2020-12-01 23:00:00,load,random_forest,3317.372945,3406.228494,88.855549
2020-12-01 23:00:00,load,mlp,3637.856201,3406.228494,231.627707
2020-12-01 23:00:00,load,RTS_DAY_AHEAD,3491.019587,3406.228494,84.791093
2020-12-02 00:00:00,load,random_forest,3169.498081,3255.845982,86.347902
2020-12-02 00:00:00,load,mlp,3571.660645,3255.845982,315.814662
2020-12-02 00:00:00,load,RTS_DAY_AHEAD,3338.847031,3255.845982,83.001049
2020-12-02 01:00:00,load,random_forest,3025.86924,3151.341896,125.472656
2020-12-02 01:00:00,load,mlp,3506.24292,3151.341896,354.901024
2020-12-02 01:00:00,load,RTS_DAY_AHEAD,3232.686094,3151.341896,81.344198
2020-12-02 02:00:00,load,random_forest,2972.236855,3130.181314,157.944459
2020-12-02 02:00:00,load,mlp,3468.592285,3130.181314,338.410971
2020-12-02 02:00:00,load,RTS_DAY_AHEAD,3212.454853,3130.181314,82.273539
2020-12-02 03:00:00,load,random_forest,2952.955338,3157.88642,204.931081
2020-12-02 03:00:00,load,mlp,3456.433105,3157.88642,298.546686
2020-12-02 03:00:00,load,RTS_DAY_AHEAD,3243.02767,3157.88642,85.14125
2020-12-02 04:00:00,load,random_forest,3002.687262,3304.460442,301.77318
2020-12-02 04:00:00,load,mlp,3494.893799,3304.460442,190.433357
2020-12-02 04:00:00,load,RTS_DAY_AHEAD,3398.284982,3304.460442,93.82454
2020-12-02 05:00:00,load,random_forest,3401.292263,3587.279907,185.987644
2020-12-02 05:00:00,load,mlp,3598.841797,3587.279907,11.56189
2020-12-02 05:00:00,load,RTS_DAY_AHEAD,3694.278894,3587.279907,106.998987
2020-12-02 06:00:00,load,random_forest,3565.104333,3803.416605,238.312272
2020-12-02 06:00:00,load,mlp,3718.533203,3803.416605,84.883402
2020-12-02 06:00:00,load,RTS_DAY_AHEAD,3914.211643,3803.416605,110.795038
2020-12-02 07:00:00,load,random_forest,3631.960486,3863.114721,231.154236
2020-12-02 07:00:00,load,mlp,3791.955566,3863.114721,71.159155
2020-12-02 07:00:00,load,RTS_DAY_AHEAD,3970.822752,3863.114721,107.708031
2020-12-02 08:00:00,load,random_forest,3657.55098,3930.541672,272.990692
2020-12-02 08:00:00,load,mlp,3863.388672,3930.541672,67.153
2020-12-02 08:00:00,load,RTS_DAY_AHEAD,4036.666643,3930.541672,106.124971
2020-12-02 09:00:00,load,random_forest,3723.444584,3971.672492,248.227908
2020-12-02 09:00:00,load,mlp,3924.731934,3971.672492,46.940558
2020-12-02 09:00:00,load,RTS_DAY_AHEAD,4076.450804,3971.672492,104.778312
2020-12-02 10:00:00,load,random_forest,3847.066456,3988.863053,141.796597
2020-12-02 10:00:00,load,mlp,3976.170654,3988.863053,12.692399
2020-12-02 10:00:00,load,RTS_DAY_AHEAD,4092.417581,3988.863053,103.554528
2020-12-02 11:00:00,load,random_forest,3857.016479,3977.370941,120.354462
2020-12-02 11:00:00,load,mlp,4016.407471,3977.370941,39.03653
2020-12-02 11:00:00,load,RTS_DAY_AHEAD,4080.0929,3977.370941,102.721959
2020-12-02 12:00:00,load,random_forest,3925.553132,3940.179568,14.626436
2020-12-02 12:00:00,load,mlp,4042.155518,3940.179568,101.97595
2020-12-02 12:00:00,load,RTS_DAY_AHEAD,4041.212621,3940.179568,101.033053
2020-12-02 13:00:00,load,random_forest,3930.025472,3916.246332,13.779139
2020-12-02 13:00:00,load,mlp,4055.085449,3916.246332,138.839117
2020-12-02 13:00:00,load,RTS_DAY_AHEAD,4016.524042,3916.246332,100.27771
2020-12-02 14:00:00,load,random_forest,3868.020345,3893.198867,25.178523
2020-12-02 14:00:00,load,mlp,4055.616699,3893.198867,162.417832
2020-12-02 14:00:00,load,RTS_DAY_AHEAD,3993.634358,3893.198867,100.435491
2020-12-02 15:00:00,load,random_forest,3895.849751,3929.820064,33.970313
2020-12-02 15:00:00,load,mlp,4054.33667,3929.820064,124.516605
2020-12-02 15:00:00,load,RTS_DAY_AHEAD,4033.187533,3929.820064,103.367469
2020-12-02 16:00:00,load,random_forest,4024.895737,4236.87828,211.982543
2020-12-02 16:00:00,load,mlp,4108.864746,4236.87828,128.013534
2020-12-02 16:00:00,load,RTS_DAY_AHEAD,4352.584739,4236.87828,115.706459
2020-12-02 17:00:00,load,random_forest,4240.990777,4693.752555,452.761778
2020-12-02 17:00:00,load,mlp,4193.8125,4693.752555,499.940055
2020-12-02 17:00:00,load,RTS_DAY_AHEAD,4819.548028,4693.752555,125.795473
2020-12-02 18:00:00,load,random_forest,4092.42508,4709.567707,617.142627
2020-12-02 18:00:00,load,mlp,4152.89502,4709.567707,556.672688
2020-12-02 18:00:00,load,RTS_DAY_AHEAD,4835.326112,4709.567707,125.758405
2020-12-02 19:00:00,load,random_forest,4113.162369,4655.532438,542.370068
2020-12-02 19:00:00,load,mlp,4094.660889,4655.532438,560.871549
2020-12-02 19:00:00,load,RTS_DAY_AHEAD,4779.923904,4655.532438,124.391466
2020-12-02 20:00:00,load,random_forest,3981.539652,4514.568514,533.028862
2020-12-02 20:00:00,load,mlp,4013.303955,4514.568514,501.264559
2020-12-02 20:00:00,load,RTS_DAY_AHEAD,4634.504407,4514.568514,119.935893
2020-12-02 21:00:00,load,random_forest,3986.424778,4311.915368,325.490591
2020-12-02 21:00:00,load,mlp,3915.887939,4311.915368,396.027429
2020-12-02 21:00:00,load,RTS_DAY_AHEAD,4423.177523,4311.915368,111.262155
2020-12-02 22:00:00,load,random_forest,3628.8684,3966.854912,337.986513
2020-12-02 22:00:00,load,mlp,3799.901855,3966.854912,166.953057
2020-12-02 22:00:00,load,RTS_DAY_AHEAD,4069.592177,3966.854912,102.737265
2020-12-02 23:00:00,load,random_forest,3352.192854,3676.647394,324.454539
2020-12-02 23:00:00,load,mlp,3693.249512,3676.647394,16.602118
2020-12-02 23:00:00,load,RTS_DAY_AHEAD,3774.79182,3676.647394,98.144426
2020-12-03 00:00:00,load,random_forest,3198.983268,3566.373458,367.39019
2020-12-03 00:00:00,load,mlp,3595.621094,3566.373458,29.247635
2020-12-03 00:00:00,load,RTS_DAY_AHEAD,3662.843568,3566.373458,96.47011
2020-12-03 01:00:00,load,random_forest,3113.327764,3452.612556,339.284793
2020-12-03 01:00:00,load,mlp,3533.703613,3452.612556,81.091057
2020-12-03 01:00:00,load,RTS_DAY_AHEAD,3548.793862,3452.612556,96.181306
2020-12-03 02:00:00,load,random_forest,3023.723184,3421.198459,397.475275
2020-12-03 02:00:00,load,mlp,3493.865234,3421.198459,72.666775
2020-12-03 02:00:00,load,RTS_DAY_AHEAD,3518.24775,3421.198459,97.049291
2020-12-03 03:00:00,load,random_forest,3051.557371,3474.426257,422.868886
2020-12-03 03:00:00,load,mlp,3489.180176,3474.426257,14.753919
2020-12-03 03:00:00,load,RTS_DAY_AHEAD,3576.007889,3474.426257,101.581632
2020-12-03 04:00:00,load,random_forest,3142.7139,3622.970358,480.256458
2020-12-03 04:00:00,load,mlp,3520.755371,3622.970358,102.214987
2020-12-03 04:00:00,load,RTS_DAY_AHEAD,3733.796788,3622.970358,110.82643
2020-12-03 05:00:00,load,random_forest,3607.638609,3903.883133,296.244523
2020-12-03 05:00:00,load,mlp,3601.938721,3903.883133,301.944412
2020-12-03 05:00:00,load,RTS_DAY_AHEAD,4026.485134,3903.883133,122.602001
2020-12-03 06:00:00,load,random_forest,3535.530202,4157.764569,622.234367
2020-12-03 06:00:00,load,mlp,3712.322266,4157.764569,445.442304
2020-12-03 06:00:00,load,RTS_DAY_AHEAD,4285.244682,4157.764569,127.480113
2020-12-03 07:00:00,load,random_forest,3645.371208,4167.97196,522.600752
2020-12-03 07:00:00,load,mlp,3806.17041,4167.97196,361.801549
2020-12-03 07:00:00,load,RTS_DAY_AHEAD,4290.169647,4167.97196,122.197687
2020-12-03 08:00:00,load,random_forest,3759.506466,4129.200279,369.693813
2020-12-03 08:00:00,load,mlp,3875.183594,4129.200279,254.016685
2020-12-03 08:00:00,load,RTS_DAY_AHEAD,4245.212612,4129.200279,116.012333
2020-12-03 09:00:00,load,random_forest,3773.081662,4099.711944,326.630283
2020-12-03 09:00:00,load,mlp,3935.763184,4099.711944,163.94876
2020-12-03 09:00:00,load,RTS_DAY_AHEAD,4211.921528,4099.711944,112.209584
2020-12-03 10:00:00,load,random_forest,3908.616334,4019.949755,111.333422
2020-12-03 10:00:00,load,mlp,3982.071777,4019.949755,37.877978
2020-12-03 10:00:00,load,RTS_DAY_AHEAD,4128.043457,4019.949755,108.093702
2020-12-03 11:00:00,load,random_forest,3987.433758,3939.754706,47.679052
2020-12-03 11:00:00,load,mlp,4017.26416,3939.754706,77.509454
2020-12-03 11:00:00,load,RTS_DAY_AHEAD,4044.776421,3939.754706,105.021715
2020-12-03 12:00:00,load,random_forest,3856.626194,3942.708459,86.082265
2020-12-03 12:00:00,load,mlp,4038.876221,3942.708459,96.167762
2020-12-03 12:00:00,load,RTS_DAY_AHEAD,4045.317142,3942.708459,102.608683
2020-12-03 13:00:00,load,random_forest,3905.362649,3892.38402,12.978629
2020-12-03 13:00:00,load,mlp,4047.949951,3892.38402,155.565931
2020-12-03 13:00:00,load,RTS_DAY_AHEAD,3992.676592,3892.38402,100.292572
2020-12-03 14:00:00,load,random_forest,3856.095746,3859.06981,2.974065
2020-12-03 14:00:00,load,mlp,4044.914062,3859.06981,185.844252
2020-12-03 14:00:00,load,RTS_DAY_AHEAD,3958.54527,3859.06981,99.47546
2020-12-03 15:00:00,load,random_forest,3887.761191,3803.359775,84.401416
2020-12-03 15:00:00,load,mlp,4036.638672,3803.359775,233.278896
2020-12-03 15:00:00,load,RTS_DAY_AHEAD,3904.791179,3803.359775,101.431404
2020-12-03 16:00:00,load,random_forest,3915.328352,4099.873395,184.545044
2020-12-03 16:00:00,load,mlp,4094.039795,4099.873395,5.833601
2020-12-03 16:00:00,load,RTS_DAY_AHEAD,4213.429306,4099.873395,113.555911
2020-12-03 17:00:00,load,random_forest,4148.161239,4531.947995,383.786756
2020-12-03 17:00:00,load,mlp,4188.703613,4531.947995,343.244381
2020-12-03 17:00:00,load,RTS_DAY_AHEAD,4656.472502,4531.947995,124.524507
2020-12-03 18:00:00,load,random_forest,4321.18674,4631.426633,310.239893
2020-12-03 18:00:00,load,mlp,4170.74707,4631.426633,460.679563
2020-12-03 18:00:00,load,RTS_DAY_AHEAD,4757.252212,4631.426633,125.825579
2020-12-03 19:00:00,load,random_forest,4350.274219,4607.452905,257.178686
2020-12-03 19:00:00,load,mlp,4123.688477,4607.452905,483.764429
2020-12-03 19:00:00,load,RTS_DAY_AHEAD,4732.176049,4607.452905,124.723144
2020-12-03 20:00:00,load,random_forest,4299.169013,4527.088445,227.919432
2020-12-03 20:00:00,load,mlp,4058.438965,4527.088445,468.64948
2020-12-03 20:00:00,load,RTS_DAY_AHEAD,4648.931708,4527.088445,121.843263
2020-12-03 21:00:00,load,random_forest,4183.601767,4321.381089,137.779322
2020-12-03 21:00:00,load,mlp,3965.986816,4321.381089,355.394273
2020-12-03 21:00:00,load,RTS_DAY_AHEAD,4434.75375,4321.381089,113.372661
2020-12-03 22:00:00,load,random_forest,3971.004808,4012.867225,41.862418
2020-12-03 22:00:00,load,mlp,3863.559326,4012.867225,149.307899
2020-12-03 22:00:00,load,RTS_DAY_AHEAD,4117.98277,4012.867225,105.115545
2020-12-03 23:00:00,load,random_forest,3611.736795,3734.781872,123.045077
2020-12-03 23:00:00,load,mlp,3760.916016,3734.781872,26.134144
2020-12-03 23:00:00,load,RTS_DAY_AHEAD,3835.316487,3734.781872,100.534615
2020-12-04 00:00:00,load,random_forest,3440.632692,3527.294401,86.661708
2020-12-04 00:00:00,load,mlp,3637.92627,3527.294401,110.631869
2020-12-04 00:00:00,load,RTS_DAY_AHEAD,3626.55855,3527.294401,99.264149
2020-12-04 01:00:00,load,random_forest,3308.963708,3462.790591,153.826883
2020-12-04 01:00:00,load,mlp,3582.040527,3462.790591,119.249937
2020-12-04 01:00:00,load,RTS_DAY_AHEAD,3561.617608,3462.790591,98.827017
2020-12-04 02:00:00,load,random_forest,3375.007879,3457.40967,82.401791
2020-12-04 02:00:00,load,mlp,3541.945312,3457.40967,84.535642
2020-12-04 02:00:00,load,RTS_DAY_AHEAD,3557.620076,3457.40967,100.210406
2020-12-04 03:00:00,load,random_forest,3400.593042,3414.489978,13.896937
2020-12-04 03:00:00,load,mlp,3527.930176,3414.489978,113.440198
2020-12-04 03:00:00,load,RTS_DAY_AHEAD,3518.152233,3414.489978,103.662255
2020-12-04 04:00:00,load,random_forest,3531.110963,3551.799326,20.688363
2020-12-04 04:00:00,load,mlp,3548.56958,3551.799326,3.229746
2020-12-04 04:00:00,load,RTS_DAY_AHEAD,3664.595015,3551.799326,112.795689
2020-12-04 05:00:00,load,random_forest,3461.382043,3857.079527,395.697484
2020-12-04 05:00:00,load,mlp,3609.797607,3857.079527,247.28192
2020-12-04 05:00:00,load,RTS_DAY_AHEAD,3982.716321,3857.079527,125.636794
2020-12-04 06:00:00,load,random_forest,3711.745721,4053.964243,342.218523
2020-12-04 06:00:00,load,mlp,3701.727051,4053.964243,352.237193
2020-12-04 06:00:00,load,RTS_DAY_AHEAD,4182.791042,4053.964243,128.826799
2020-12-04 07:00:00,load,random_forest,3961.10717,4147.548235,186.441064
2020-12-04 07:00:00,load,mlp,3806.037109,4147.548235,341.511125
2020-12-04 07:00:00,load,RTS_DAY_AHEAD,4270.347728,4147.548235,122.799493
2020-12-04 08:00:00,load,random_forest,4075.825151,4048.101164,27.723987
2020-12-04 08:00:00,load,mlp,3879.893066,4048.101164,168.208098
2020-12-04 08:00:00,load,RTS_DAY_AHEAD,4162.531169,4048.101164,114.430005
2020-12-04 09:00:00,load,random_forest,4270.008482,4012.963466,257.045017
2020-12-04 09:00:00,load,mlp,3933.330566,4012.963466,79.632899
2020-12-04 09:00:00,load,RTS_DAY_AHEAD,4122.721791,4012.963466,109.758325
2020-12-04 10:00:00,load,random_forest,3953.540265,3964.283725,10.74346
2020-12-04 10:00:00,load,mlp,3984.710938,3964.283725,20.427213
2020-12-04 10:00:00,load,RTS_DAY_AHEAD,4069.375592,3964.283725,105.091867
2020-12-04 11:00:00,load,random_forest,3895.25464,3873.064445,22.190195
2020-12-04 11:00:00,load,mlp,4005.935059,3873.064445,132.870614
2020-12-04 11:00:00,load,RTS_DAY_AHEAD,3974.715352,3873.064445,101.650907
2020-12-04 12:00:00,load,random_forest,3845.625851,3804.433962,41.191889
2020-12-04 12:00:00,load,mlp,4015.656982,3804.433962,211.223021
2020-12-04 12:00:00,load,RTS_DAY_AHEAD,3903.436006,3804.433962,99.002044
2020-12-04 13:00:00,load,random_forest,3804.671977,3757.28489,47.387087
2020-12-04 13:00:00,load,mlp,4024.184326,3757.28489,266.899436
2020-12-04 13:00:00,load,RTS_DAY_AHEAD,3854.042762,3757.28489,96.757872
2020-12-04 14:00:00,load,random_forest,4062.651538,3782.357433,280.294105
2020-12-04 14:00:00,load,mlp,4017.266357,3782.357433,234.908924
2020-12-04 14:00:00,load,RTS_DAY_AHEAD,3877.896596,3782.357433,95.539163
2020-12-04 15:00:00,load,random_forest,3849.091058,3769.072054,80.019004
2020-12-04 15:00:00,load,mlp,4013.306641,3769.072054,244.234586
2020-12-04 15:00:00,load,RTS_DAY_AHEAD,3866.429195,3769.072054,97.357141
2020-12-04 16:00:00,load,random_forest,3829.334946,3987.111535,157.776589
2020-12-04 16:00:00,load,mlp,4036.339111,3987.111535,49.227576
2020-12-04 16:00:00,load,RTS_DAY_AHEAD,4093.727398,3987.111535,106.615863
2020-12-04 17:00:00,load,random_forest,4144.052948,4348.084933,204.031985
2020-12-04 17:00:00,load,mlp,4130.651367,4348.084933,217.433566
2020-12-04 17:00:00,load,RTS_DAY_AHEAD,4462.484922,4348.084933,114.399989
2020-12-04 18:00:00,load,random_forest,4366.455267,4343.620387,22.834879
2020-12-04 18:00:00,load,mlp,4136.380859,4343.620387,207.239528
2020-12-04 18:00:00,load,RTS_DAY_AHEAD,4457.920241,4343.620387,114.299854
2020-12-04 19:00:00,load,random_forest,4497.670724,4275.072723,222.598002
2020-12-04 19:00:00,load,mlp,4100.760742,4275.072723,174.31198
2020-12-04 19:00:00,load,RTS_DAY_AHEAD,4388.067132,4275.072723,112.99441
2020-12-04 20:00:00,load,random_forest,4300.569959,4211.286293,89.283666
2020-12-04 20:00:00,load,mlp,4043.081543,4211.286293,168.20475
2020-12-04 20:00:00,load,RTS_DAY_AHEAD,4322.665787,4211.286293,111.379494
2020-12-04 21:00:00,load,random_forest,4228.479208,3976.105756,252.373451
2020-12-04 21:00:00,load,mlp,3975.184082,3976.105756,0.921674
2020-12-04 21:00:00,load,RTS_DAY_AHEAD,4082.085204,3976.105756,105.979448
2020-12-04 22:00:00,load,random_forest,4272.406705,3744.949226,527.457479
2020-12-04 22:00:00,load,mlp,3876.501953,3744.949226,131.552727
2020-12-04 22:00:00,load,RTS_DAY_AHEAD,3843.856746,3744.949226,98.90752
2020-12-04 23:00:00,load,random_forest,3740.949925,3523.193202,217.756724
2020-12-04 23:00:00,load,mlp,3768.22998,3523.193202,245.036779
2020-12-04 23:00:00,load,RTS_DAY_AHEAD,3617.46389,3523.193202,94.270688
2020-12-05 00:00:00,load,random_forest,3591.8404,3475.143596,116.696804
2020-12-05 00:00:00,load,mlp,3665.402344,3475.143596,190.258748
2020-12-05 00:00:00,load,RTS_DAY_AHEAD,3568.0757,3475.143596,92.932104
2020-12-05 01:00:00,load,random_forest,3439.123264,3334.424706,104.698558
2020-12-05 01:00:00,load,mlp,3602.533691,3334.424706,268.108985
2020-12-05 01:00:00,load,RTS_DAY_AHEAD,3426.688258,3334.424706,92.263552
2020-12-05 02:00:00,load,random_forest,3450.637359,3261.063389,189.57397
2020-12-05 02:00:00,load,mlp,3572.608154,3261.063389,311.544765
2020-12-05 02:00:00,load,RTS_DAY_AHEAD,3353.590368,3261.063389,92.526979
2020-12-05 03:00:00,load,random_forest,3554.8566,3344.964001,209.892599
2020-12-05 03:00:00,load,mlp,3577.14209,3344.964001,232.178089
2020-12-05 03:00:00,load,RTS_DAY_AHEAD,3440.098003,3344.964001,95.134002
2020-12-05 04:00:00,load,random_forest,3625.910574,3371.007394,254.903181
2020-12-05 04:00:00,load,mlp,3597.723389,3371.007394,226.715995
2020-12-05 04:00:00,load,RTS_DAY_AHEAD,3470.422458,3371.007394,99.415064
2020-12-05 05:00:00,load,random_forest,3811.958958,3475.113113,336.845845
2020-12-05 05:00:00,load,mlp,3660.188965,3475.113113,185.075852
2020-12-05 05:00:00,load,RTS_DAY_AHEAD,3580.888719,3475.113113,105.775606
2020-12-05 06:00:00,load,random_forest,3796.315506,3557.643945,238.671561
2020-12-05 06:00:00,load,mlp,3768.100098,3557.643945,210.456153
2020-12-05 06:00:00,load,RTS_DAY_AHEAD,3668.134033,3557.643945,110.490088
2020-12-05 07:00:00,load,random_forest,4055.901515,3581.17561,474.725905
2020-12-05 07:00:00,load,mlp,3829.308594,3581.17561,248.132984
2020-12-05 07:00:00,load,RTS_DAY_AHEAD,3691.635106,3581.17561,110.459496
2020-12-05 08:00:00,load,random_forest,4297.018371,3647.939976,649.078395
2020-12-05 08:00:00,load,mlp,3898.897217,3647.939976,250.957241
2020-12-05 08:00:00,load,RTS_DAY_AHEAD,3755.673195,3647.939976,107.733219
2020-12-05 09:00:00,load,random_forest,4132.325516,3669.90947,462.416046
2020-12-05 09:00:00,load,mlp,3930.433105,3669.90947,260.523635
2020-12-05 09:00:00,load,RTS_DAY_AHEAD,3774.207135,3669.90947,104.297665
2020-12-05 10:00:00,load,random_forest,3932.089788,3664.638671,267.451117
2020-12-05 10:00:00,load,mlp,3961.518311,3664.638671,296.879639
2020-12-05 10:00:00,load,RTS_DAY_AHEAD,3765.248464,3664.638671,100.609793
2020-12-05 11:00:00,load,random_forest,3811.133947,3621.474891,189.659056
2020-12-05 11:00:00,load,mlp,3980.692139,3621.474891,359.217248
2020-12-05 11:00:00,load,RTS_DAY_AHEAD,3718.320684,3621.474891,96.845793
2020-12-05 12:00:00,load,random_forest,3718.882395,3565.23656,153.645836
2020-12-05 12:00:00,load,mlp,3993.997314,3565.23656,428.760755
2020-12-05 12:00:00,load,RTS_DAY_AHEAD,3659.265493,3565.23656,94.028933
2020-12-05 13:00:00,load,random_forest,3711.015904,3508.5441,202.471804
2020-12-05 13:00:00,load,mlp,3996.805176,3508.5441,488.261076
2020-12-05 13:00:00,load,RTS_DAY_AHEAD,3601.033212,3508.5441,92.489112
2020-12-05 14:00:00,load,random_forest,3670.517069,3474.120149,196.39692
2020-12-05 14:00:00,load,mlp,4002.447754,3474.120149,528.327605
2020-12-05 14:00:00,load,RTS_DAY_AHEAD,3565.643328,3474.120149,91.523179
2020-12-05 15:00:00,load,random_forest,3653.283623,3486.111863,167.17176
2020-12-05 15:00:00,load,mlp,3994.91748,3486.111863,508.805618
2020-12-05 15:00:00,load,RTS_DAY_AHEAD,3579.102602,3486.111863,92.990739
2020-12-05 16:00:00,load,random_forest,3968.471238,3722.862869,245.608368
2020-12-05 16:00:00,load,mlp,4037.722168,3722.862869,314.859299
2020-12-05 16:00:00,load,RTS_DAY_AHEAD,3825.779891,3722.862869,102.917022
2020-12-05 17:00:00,load,random_forest,4189.998844,4074.407372,115.591472
2020-12-05 17:00:00,load,mlp,4131.277832,4074.407372,56.87046
2020-12-05 17:00:00,load,RTS_DAY_AHEAD,4185.210949,4074.407372,110.803577
2020-12-05 18:00:00,load,random_forest,4362.5062,4103.142963,259.363237
2020-12-05 18:00:00,load,mlp,4135.48877,4103.142963,32.345807
2020-12-05 18:00:00,load,RTS_DAY_AHEAD,4212.903527,4103.142963,109.760564
2020-12-05 19:00:00,load,random_forest,4419.752606,4049.394466,370.35814
2020-12-05 19:00:00,load,mlp,4093.235107,4049.394466,43.840642
2020-12-05 19:00:00,load,RTS_DAY_AHEAD,4158.120157,4049.394466,108.725691
2020-12-05 20:00:00,load,random_forest,4198.486994,3967.098086,231.388908
2020-12-05 20:00:00,load,mlp,4039.080811,3967.098086,71.982724
2020-12-05 20:00:00,load,RTS_DAY_AHEAD,4073.574677,3967.098086,106.476591
2020-12-05 21:00:00,load,random_forest,4152.56049,3897.830604,254.729887
2020-12-05 21:00:00,load,mlp,3950.154297,3897.830604,52.323693
2020-12-05 21:00:00,load,RTS_DAY_AHEAD,3999.801349,3897.830604,101.970745
2020-12-05 22:00:00,load,random_forest,4024.216,3649.450252,374.765748
2020-12-05 22:00:00,load,mlp,3837.036621,3649.450252,187.586369
2020-12-05 22:00:00,load,RTS_DAY_AHEAD,3744.946676,3649.450252,95.496424
2020-12-05 23:00:00,load,random_forest,3617.759177,3479.875888,137.883289
2020-12-05 23:00:00,load,mlp,3737.337402,3479.875888,257.461514
2020-12-05 23:00:00,load,RTS_DAY_AHEAD,3571.264899,3479.875888,91.389011
2020-12-06 00:00:00,load,random_forest,3598.114205,3343.555868,254.558336
2020-12-06 00:00:00,load,mlp,3642.858887,3343.555868,299.303018
2020-12-06 00:00:00,load,RTS_DAY_AHEAD,3432.584479,3343.555868,89.028611
2020-12-06 01:00:00,load,random_forest,3450.337418,3261.879002,188.458416
2020-12-06 01:00:00,load,mlp,3593.82959,3261.879002,331.950587
2020-12-06 01:00:00,load,RTS_DAY_AHEAD,3350.053008,3261.879002,88.174006
2020-12-06 02:00:00,load,random_forest,3496.787075,3214.865625,281.92145
2020-12-06 02:00:00,load,mlp,3563.572266,3214.865625,348.706641
2020-12-06 02:00:00,load,RTS_DAY_AHEAD,3303.203106,3214.865625,88.337481
2020-12-06 03:00:00,load,random_forest,3493.04993,3221.006655,272.043275
2020-12-06 03:00:00,load,mlp,3547.018066,3221.006655,326.011411
2020-12-06 03:00:00,load,RTS_DAY_AHEAD,3311.116886,3221.006655,90.110231
2020-12-06 04:00:00,load,random_forest,3656.346196,3270.428931,385.917265
2020-12-06 04:00:00,load,mlp,3580.208496,3270.428931,309.779566
2020-12-06 04:00:00,load,RTS_DAY_AHEAD,3363.792119,3270.428931,93.363188
2020-12-06 05:00:00,load,random_forest,3558.371145,3363.274213,195.096931
2020-12-06 05:00:00,load,mlp,3650.061279,3363.274213,286.787066
2020-12-06 05:00:00,load,RTS_DAY_AHEAD,3462.191971,3363.274213,98.917758
2020-12-06 06:00:00,load,random_forest,3779.981198,3415.319221,364.661977
2020-12-06 06:00:00,load,mlp,3715.883545,3415.319221,300.564324
2020-12-06 06:00:00,load,RTS_DAY_AHEAD,3517.19032,3415.319221,101.8711
2020-12-06 07:00:00,load,random_forest,3846.264042,3441.650774,404.613268
2020-12-06 07:00:00,load,mlp,3762.830811,3441.650774,321.180036
2020-12-06 07:00:00,load,RTS_DAY_AHEAD,3544.957236,3441.650774,103.306462
2020-12-06 08:00:00,load,random_forest,3680.726443,3468.073121,212.653322
2020-12-06 08:00:00,load,mlp,3805.422607,3468.073121,337.349486
2020-12-06 08:00:00,load,RTS_DAY_AHEAD,3570.352666,3468.073121,102.279545
2020-12-06 09:00:00,load,random_forest,3758.060201,3498.259542,259.800659
2020-12-06 09:00:00,load,mlp,3850.648926,3498.259542,352.389384
2020-12-06 09:00:00,load,RTS_DAY_AHEAD,3599.083285,3498.259542,100.823743
2020-12-06 10:00:00,load,random_forest,3666.675353,3498.028695,168.646658
2020-12-06 10:00:00,load,mlp,3885.199707,3498.028695,387.171012
2020-12-06 10:00:00,load,RTS_DAY_AHEAD,3596.225681,3498.028695,98.196986
2020-12-06 11:00:00,load,random_forest,3581.607742,3465.05787,116.549872
2020-12-06 11:00:00,load,mlp,3906.204346,3465.05787,441.146476
2020-12-06 11:00:00,load,RTS_DAY_AHEAD,3560.990763,3465.05787,95.932893
2020-12-06 12:00:00,load,random_forest,3617.540015,3420.555284,196.984731
2020-12-06 12:00:00,load,mlp,3921.276611,3420.555284,500.721328
2020-12-06 12:00:00,load,RTS_DAY_AHEAD,3513.921524,3420.555284,93.36624
2020-12-06 13:00:00,load,random_forest,3596.05269,3389.994472,206.058218
2020-12-06 13:00:00,load,mlp,3929.153809,3389.994472,539.159337
2020-12-06 13:00:00,load,RTS_DAY_AHEAD,3481.175133,3389.994472,91.180661
2020-12-06 14:00:00,load,random_forest,3603.915325,3369.78392,234.131406
2020-12-06 14:00:00,load,mlp,3937.860107,3369.78392,568.076188
2020-12-06 14:00:00,load,RTS_DAY_AHEAD,3460.289213,3369.78392,90.505293
2020-12-06 15:00:00,load,random_forest,3533.092607,3400.25474,132.837868
2020-12-06 15:00:00,load,mlp,3941.43042,3400.25474,541.17568
2020-12-06 15:00:00,load,RTS_DAY_AHEAD,3493.233122,3400.25474,92.978382
2020-12-06 16:00:00,load,random_forest,3470.746823,3692.42755,221.680727
2020-12-06 16:00:00,load,mlp,3994.262451,3692.42755,301.834901
2020-12-06 16:00:00,load,RTS_DAY_AHEAD,3797.425086,3692.42755,104.997536
2020-12-06 17:00:00,load,random_forest,3779.789911,4139.93074,360.140829
2020-12-06 17:00:00,load,mlp,4088.161621,4139.93074,51.769119
2020-12-06 17:00:00,load,RTS_DAY_AHEAD,4255.179962,4139.93074,115.249222
2020-12-06 18:00:00,load,random_forest,4085.094201,4204.806014,119.711813
2020-12-06 18:00:00,load,mlp,4071.258301,4204.806014,133.547713
2020-12-06 18:00:00,load,RTS_DAY_AHEAD,4321.049764,4204.806014,116.24375
2020-12-06 19:00:00,load,random_forest,4077.27812,4181.388517,104.110396
2020-12-06 19:00:00,load,mlp,4019.104004,4181.388517,162.284513
2020-12-06 19:00:00,load,RTS_DAY_AHEAD,4296.262818,4181.388517,114.874302
2020-12-06 20:00:00,load,random_forest,3935.370058,4091.748982,156.378924
2020-12-06 20:00:00,load,mlp,3960.141113,4091.748982,131.607869
2020-12-06 20:00:00,load,RTS_DAY_AHEAD,4202.142476,4091.748982,110.393494
2020-12-06 21:00:00,load,random_forest,3916.113285,3884.637778,31.475507
2020-12-06 21:00:00,load,mlp,3873.59375,3884.637778,11.044028
2020-12-06 21:00:00,load,RTS_DAY_AHEAD,3986.475286,3884.637778,101.837508
2020-12-06 22:00:00,load,random_forest,3908.567613,3634.483827,274.083786
2020-12-06 22:00:00,load,mlp,3781.36084,3634.483827,146.877013
2020-12-06 22:00:00,load,RTS_DAY_AHEAD,3728.226167,3634.483827,93.74234
2020-12-06 23:00:00,load,random_forest,3481.266383,3431.538746,49.727637
2020-12-06 23:00:00,load,mlp,3680.828613,3431.538746,249.289868
2020-12-06 23:00:00,load,RTS_DAY_AHEAD,3521.188514,3431.538746,89.649768
2020-12-07 00:00:00,load,random_forest,3504.600913,3300.134179,204.466734
2020-12-07 00:00:00,load,mlp,3611.484863,3300.134179,311.350684
2020-12-07 00:00:00,load,RTS_DAY_AHEAD,3388.346962,3300.134179,88.212783
2020-12-07 01:00:00,load,random_forest,3314.284903,3232.981589,81.303314
2020-12-07 01:00:00,load,mlp,3557.134033,3232.981589,324.152444
2020-12-07 01:00:00,load,RTS_DAY_AHEAD,3320.595742,3232.981589,87.614153
2020-12-07 02:00:00,load,random_forest,3368.33338,3226.686049,141.647331
2020-12-07 02:00:00,load,mlp,3519.695801,3226.686049,293.009752
2020-12-07 02:00:00,load,RTS_DAY_AHEAD,3315.17455,3226.686049,88.488501
2020-12-07 03:00:00,load,random_forest,3414.917448,3286.245061,128.672387
2020-12-07 03:00:00,load,mlp,3517.220215,3286.245061,230.975154
2020-12-07 03:00:00,load,RTS_DAY_AHEAD,3379.35582,3286.245061,93.110759
2020-12-07 04:00:00,load,random_forest,3428.513344,3437.632914,9.11957
2020-12-07 04:00:00,load,mlp,3526.123535,3437.632914,88.490621
2020-12-07 04:00:00,load,RTS_DAY_AHEAD,3540.375427,3437.632914,102.742513
2020-12-07 05:00:00,load,random_forest,3601.673013,3738.591932,136.91892
2020-12-07 05:00:00,load,mlp,3565.096924,3738.591932,173.495008
2020-12-07 05:00:00,load,RTS_DAY_AHEAD,3854.473468,3738.591932,115.881536
2020-12-07 06:00:00,load,random_forest,3614.121915,3993.236115,379.114199
2020-12-07 06:00:00,load,mlp,3609.531982,3993.236115,383.704132
2020-12-07 06:00:00,load,RTS_DAY_AHEAD,4113.639868,3993.236115,120.403753
2020-12-07 07:00:00,load,random_forest,3554.671203,3996.308763,441.63756
2020-12-07 07:00:00,load,mlp,3638.146973,3996.308763,358.16179
2020-12-07 07:00:00,load,RTS_DAY_AHEAD,4111.427297,3996.308763,115.118534
2020-12-07 08:00:00,load,random_forest,3647.381509,3992.016094,344.634586
2020-12-07 08:00:00,load,mlp,3693.739746,3992.016094,298.276348
2020-12-07 08:00:00,load,RTS_DAY_AHEAD,4101.541214,3992.016094,109.52512
2020-12-07 09:00:00,load,random_forest,3721.320277,3977.155961,255.835684
2020-12-07 09:00:00,load,mlp,3740.567139,3977.155961,236.588822
2020-12-07 09:00:00,load,RTS_DAY_AHEAD,4083.280274,3977.155961,106.124313
2020-12-07 10:00:00,load,random_forest,3709.872553,3970.940675,261.068122
2020-12-07 10:00:00,load,mlp,3779.476562,3970.940675,191.464113
2020-12-07 10:00:00,load,RTS_DAY_AHEAD,4076.288434,3970.940675,105.347759
2020-12-07 11:00:00,load,random_forest,3691.494727,3915.249501,223.754774
2020-12-07 11:00:00,load,mlp,3805.721436,3915.249501,109.528066
2020-12-07 11:00:00,load,RTS_DAY_AHEAD,4015.779921,3915.249501,100.53042
2020-12-07 12:00:00,load,random_forest,3695.90646,3880.975624,185.069164
2020-12-07 12:00:00,load,mlp,3822.880859,3880.975624,58.094765
2020-12-07 12:00:00,load,RTS_DAY_AHEAD,3980.114372,3880.975624,99.138748
2020-12-07 13:00:00,load,random_forest,3749.266661,3851.81538,102.548719
2020-12-07 13:00:00,load,mlp,3832.791504,3851.81538,19.023876
2020-12-07 13:00:00,load,RTS_DAY_AHEAD,3949.585725,3851.81538,97.770345
2020-12-07 14:00:00,load,random_forest,3767.360817,3849.816617,82.4558
2020-12-07 14:00:00,load,mlp,3841.358154,3849.816617,8.458463
2020-12-07 14:00:00,load,RTS_DAY_AHEAD,3947.163661,3849.816617,97.347044
2020-12-07 15:00:00,load,random_forest,3822.336966,3817.592225,4.744741
2020-12-07 15:00:00,load,mlp,3857.14917,3817.592225,39.556945
2020-12-07 15:00:00,load,RTS_DAY_AHEAD,3915.931051,3817.592225,98.338826
2020-12-07 16:00:00,load,random_forest,3746.57854,4064.455835,317.877294
2020-12-07 16:00:00,load,mlp,3950.499268,4064.455835,113.956567
2020-12-07 16:00:00,load,RTS_DAY_AHEAD,4173.429859,4064.455835,108.974024
2020-12-07 17:00:00,load,random_forest,3726.509702,4496.848816,770.339114
2020-12-07 17:00:00,load,mlp,4069.320312,4496.848816,427.528503
2020-12-07 17:00:00,load,RTS_DAY_AHEAD,4616.116576,4496.848816,119.26776
2020-12-07 18:00:00,load,random_forest,4111.346887,4503.385823,392.038937
2020-12-07 18:00:00,load,mlp,4055.104736,4503.385823,448.281087
2020-12-07 18:00:00,load,RTS_DAY_AHEAD,4622.2654,4503.385823,118.879577
2020-12-07 19:00:00,load,random_forest,4170.791241,4449.206678,278.415436
2020-12-07 19:00:00,load,mlp,4013.466309,4449.206678,435.740369
2020-12-07 19:00:00,load,RTS_DAY_AHEAD,4566.63148,4449.206678,117.424802
2020-12-07 20:00:00,load,random_forest,3999.006427,4330.740999,331.734572
2020-12-07 20:00:00,load,mlp,3947.254395,4330.740999,383.486604
2020-12-07 20:00:00,load,RTS_DAY_AHEAD,4444.333029,4330.740999,113.59203
2020-12-07 21:00:00,load,random_forest,3910.980632,4084.719783,173.739152
2020-12-07 21:00:00,load,mlp,3862.503418,4084.719783,222.216366
2020-12-07 21:00:00,load,RTS_DAY_AHEAD,4189.447274,4084.719783,104.727491
2020-12-07 22:00:00,load,random_forest,3654.943887,3757.945052,103.001165
2020-12-07 22:00:00,load,mlp,3757.293701,3757.945052,0.651351
2020-12-07 22:00:00,load,RTS_DAY_AHEAD,3853.655045,3757.945052,95.709993
2020-12-07 23:00:00,load,random_forest,3447.51387,3477.316105,29.802236
2020-12-07 23:00:00,load,mlp,3662.460938,3477.316105,185.144832
2020-12-07 23:00:00,load,RTS_DAY_AHEAD,3568.126312,3477.316105,90.810207
2020-12-08 00:00:00,load,random_forest,3386.921173,3326.044299,60.876874
2020-12-08 00:00:00,load,mlp,3599.449219,3326.044299,273.40492
2020-12-08 00:00:00,load,RTS_DAY_AHEAD,3415.542814,3326.044299,89.498515
2020-12-08 01:00:00,load,random_forest,3463.122591,3260.918267,202.204324
2020-12-08 01:00:00,load,mlp,3543.996094,3260.918267,283.077827
2020-12-08 01:00:00,load,RTS_DAY_AHEAD,3349.906884,3260.918267,88.988617
2020-12-08 02:00:00,load,random_forest,3499.306726,3243.612121,255.694605
2020-12-08 02:00:00,load,mlp,3512.951904,3243.612121,269.339783
2020-12-08 02:00:00,load,RTS_DAY_AHEAD,3333.775277,3243.612121,90.163156
2020-12-08 03:00:00,load,random_forest,3502.015704,3286.158741,215.856963
2020-12-08 03:00:00,load,mlp,3509.754639,3286.158741,223.595898
2020-12-08 03:00:00,load,RTS_DAY_AHEAD,3380.133305,3286.158741,93.974564
2020-12-08 04:00:00,load,random_forest,3265.295205,3446.994048,181.698844
2020-12-08 04:00:00,load,mlp,3542.327637,3446.994048,95.333588
2020-12-08 04:00:00,load,RTS_DAY_AHEAD,3550.800083,3446.994048,103.806035
2020-12-08 05:00:00,load,random_forest,3359.573689,3732.478923,372.905234
2020-12-08 05:00:00,load,mlp,3632.171143,3732.478923,100.307781
2020-12-08 05:00:00,load,RTS_DAY_AHEAD,3849.483436,3732.478923,117.004513
2020-12-08 06:00:00,load,random_forest,3593.44055,3974.074054,380.633504
2020-12-08 06:00:00,load,mlp,3730.384277,3974.074054,243.689777
2020-12-08 06:00:00,load,RTS_DAY_AHEAD,4094.885166,3974.074054,120.811112
2020-12-08 07:00:00,load,random_forest,3764.567062,3973.459572,208.892511
2020-12-08 07:00:00,load,mlp,3784.504639,3973.459572,188.954934
2020-12-08 07:00:00,load,RTS_DAY_AHEAD,4088.120155,3973.459572,114.660583
2020-12-08 08:00:00,load,random_forest,3771.535496,3925.557997,154.022501
2020-12-08 08:00:00,load,mlp,3822.354248,3925.557997,103.203749
2020-12-08 08:00:00,load,RTS_DAY_AHEAD,4032.894956,3925.557997,107.336959
2020-12-08 09:00:00,load,random_forest,3860.905258,3923.413791,62.508533
2020-12-08 09:00:00,load,mlp,3862.096924,3923.413791,61.316867
2020-12-08 09:00:00,load,RTS_DAY_AHEAD,4027.20852,3923.413791,103.794729
2020-12-08 10:00:00,load,random_forest,3907.254836,3908.186399,0.931563
2020-12-08 10:00:00,load,mlp,3897.979004,3908.186399,10.207395
2020-12-08 10:00:00,load,RTS_DAY_AHEAD,4009.161652,3908.186399,100.975253
2020-12-08 11:00:00,load,random_forest,3932.922842,3875.713828,57.209014
2020-12-08 11:00:00,load,mlp,3922.790283,3875.713828,47.076455
2020-12-08 11:00:00,load,RTS_DAY_AHEAD,3974.123561,3875.713828,98.409733
2020-12-08 12:00:00,load,random_forest,3957.787715,3859.449224,98.33849
2020-12-08 12:00:00,load,mlp,3940.757812,3859.449224,81.308588
2020-12-08 12:00:00,load,RTS_DAY_AHEAD,3957.354296,3859.449224,97.905072
2020-12-08 13:00:00,load,random_forest,3890.967852,3825.883209,65.084643
2020-12-08 13:00:00,load,mlp,3952.67627,3825.883209,126.793061
2020-12-08 13:00:00,load,RTS_DAY_AHEAD,3922.371846,3825.883209,96.488637
2020-12-08 14:00:00,load,random_forest,3831.809388,3813.930992,17.878396
2020-12-08 14:00:00,load,mlp,3959.602295,3813.930992,145.671303
2020-12-08 14:00:00,load,RTS_DAY_AHEAD,3910.607295,3813.930992,96.676303
2020-12-08 15:00:00,load,random_forest,3822.127143,3794.026198,28.100945
2020-12-08 15:00:00,load,mlp,3967.543457,3794.026198,173.517259
2020-12-08 15:00:00,load,RTS_DAY_AHEAD,3891.456898,3794.026198,97.4307
2020-12-08 16:00:00,load,random_forest,3872.430654,4018.970177,146.539524
2020-12-08 16:00:00,load,mlp,4065.553223,4018.970177,46.583045
2020-12-08 16:00:00,load,RTS_DAY_AHEAD,4126.174011,4018.970177,107.203834
2020-12-08 17:00:00,load,random_forest,4074.142234,4441.977027,367.834792
2020-12-08 17:00:00,load,mlp,4199.328125,4441.977027,242.648902
2020-12-08 17:00:00,load,RTS_DAY_AHEAD,4559.219889,4441.977027,117.242862
2020-12-08 18:00:00,load,random_forest,4500.690725,4441.38702,59.303705
2020-12-08 18:00:00,load,mlp,4168.372559,4441.38702,273.014461
2020-12-08 18:00:00,load,RTS_DAY_AHEAD,4558.487666,4441.38702,117.100646
2020-12-08 19:00:00,load,random_forest,4440.211989,4377.56872,62.643269
2020-12-08 19:00:00,load,mlp,4133.848145,4377.56872,243.720575
2020-12-08 19:00:00,load,RTS_DAY_AHEAD,4493.214485,4377.56872,115.645765
2020-12-08 20:00:00,load,random_forest,4423.154612,4251.343945,171.810667
2020-12-08 20:00:00,load,mlp,4070.148926,4251.343945,181.19502
2020-12-08 20:00:00,load,RTS_DAY_AHEAD,4363.353777,4251.343945,112.009832
2020-12-08 21:00:00,load,random_forest,4096.483092,4016.669711,79.813381
2020-12-08 21:00:00,load,mlp,3958.717285,4016.669711,57.952426
2020-12-08 21:00:00,load,RTS_DAY_AHEAD,4120.207174,4016.669711,103.537463
2020-12-08 22:00:00,load,random_forest,3758.218304,3697.854115,60.364188
2020-12-08 22:00:00,load,mlp,3829.850098,3697.854115,131.995982
2020-12-08 22:00:00,load,RTS_DAY_AHEAD,3792.284554,3697.854115,94.430439
2020-12-08 23:00:00,load,random_forest,3478.025273,3448.889923,29.13535
2020-12-08 23:00:00,load,mlp,3726.185059,3448.889923,277.295135
2020-12-08 23:00:00,load,RTS_DAY_AHEAD,3538.958263,3448.889923,90.06834
2020-12-09 00:00:00,load,random_forest,3311.776746,3310.612869,1.163877
2020-12-09 00:00:00,load,mlp,3660.098389,3310.612869,349.485519
2020-12-09 00:00:00,load,RTS_DAY_AHEAD,3399.469845,3310.612869,88.856976
2020-12-09 01:00:00,load,random_forest,3196.056987,3247.859602,51.802615
2020-12-09 01:00:00,load,mlp,3613.957031,3247.859602,366.09743
2020-12-09 01:00:00,load,RTS_DAY_AHEAD,3336.872506,3247.859602,89.012904
2020-12-09 02:00:00,load,random_forest,3208.677195,3223.468673,14.791477
2020-12-09 02:00:00,load,mlp,3587.276611,3223.468673,363.807939
2020-12-09 02:00:00,load,RTS_DAY_AHEAD,3313.464929,3223.468673,89.996256
2020-12-09 03:00:00,load,random_forest,3461.48512,3268.920212,192.564907
2020-12-09 03:00:00,load,mlp,3585.580078,3268.920212,316.659866
2020-12-09 03:00:00,load,RTS_DAY_AHEAD,3363.383325,3268.920212,94.463113
2020-12-09 04:00:00,load,random_forest,3381.308093,3425.142141,43.834048
2020-12-09 04:00:00,load,mlp,3632.845215,3425.142141,207.703074
2020-12-09 04:00:00,load,RTS_DAY_AHEAD,3529.724153,3425.142141,104.582012
2020-12-09 05:00:00,load,random_forest,3567.291115,3715.022032,147.730916
2020-12-09 05:00:00,load,mlp,3734.085205,3715.022032,19.063173
2020-12-09 05:00:00,load,RTS_DAY_AHEAD,3832.783738,3715.022032,117.761706
2020-12-09 06:00:00,load,random_forest,3831.699812,3958.538762,126.83895
2020-12-09 06:00:00,load,mlp,3843.199219,3958.538762,115.339544
2020-12-09 06:00:00,load,RTS_DAY_AHEAD,4080.671903,3958.538762,122.133141
2020-12-09 07:00:00,load,random_forest,3909.584094,3964.764423,55.180329
2020-12-09 07:00:00,load,mlp,3911.036377,3964.764423,53.728047
2020-12-09 07:00:00,load,RTS_DAY_AHEAD,4081.279609,3964.764423,116.515186
2020-12-09 08:00:00,load,random_forest,3916.600941,3917.825885,1.224944
2020-12-09 08:00:00,load,mlp,3951.678223,3917.825885,33.852338
2020-12-09 08:00:00,load,RTS_DAY_AHEAD,4027.379232,3917.825885,109.553347
2020-12-09 09:00:00,load,random_forest,3744.511623,3919.252372,174.740749
2020-12-09 09:00:00,load,mlp,3982.218262,3919.252372,62.96589
2020-12-09 09:00:00,load,RTS_DAY_AHEAD,4024.596555,3919.252372,105.344183
2020-12-09 10:00:00,load,random_forest,3779.077702,3909.913048,130.835345
2020-12-09 10:00:00,load,mlp,4010.395996,3909.913048,100.482949
2020-12-09 10:00:00,load,RTS_DAY_AHEAD,4012.112201,3909.913048,102.199153
2020-12-09 11:00:00,load,random_forest,3803.808712,3877.955149,74.146437
2020-12-09 11:00:00,load,mlp,4030.900879,3877.955149,152.94573
2020-12-09 11:00:00,load,RTS_DAY_AHEAD,3977.798694,3877.955149,99.843545
2020-12-09 12:00:00,load,random_forest,3860.548108,3848.829786,11.718321
2020-12-09 12:00:00,load,mlp,4045.363281,3848.829786,196.533495
2020-12-09 12:00:00,load,RTS_DAY_AHEAD,3946.890103,3848.829786,98.060317
2020-12-09 13:00:00,load,random_forest,3793.186047,3831.877557,38.69151
2020-12-09 13:00:00,load,mlp,4050.60083,3831.877557,218.723273
2020-12-09 13:00:00,load,RTS_DAY_AHEAD,3929.155742,3831.877557,97.278185
2020-12-09 14:00:00,load,random_forest,3695.079687,3811.858286,116.7786
2020-12-09 14:00:00,load,mlp,4055.125732,3811.858286,243.267446
2020-12-09 14:00:00,load,RTS_DAY_AHEAD,3908.88515,3811.858286,97.026864
2020-12-09 15:00:00,load,random_forest,3627.437638,3801.056009,173.618371
2020-12-09 15:00:00,load,mlp,4045.918701,3801.056009,244.862692
2020-12-09 15:00:00,load,RTS_DAY_AHEAD,3898.773462,3801.056009,97.717453
2020-12-09 16:00:00,load,random_forest,3835.49537,4016.409229,180.913858
2020-12-09 16:00:00,load,mlp,4116.172852,4016.409229,99.763623
2020-12-09 16:00:00,load,RTS_DAY_AHEAD,4124.390691,4016.409229,107.981462
2020-12-09 17:00:00,load,random_forest,4226.179569,4447.713526,221.533957
2020-12-09 17:00:00,load,mlp,4235.362305,4447.713526,212.351222
2020-12-09 17:00:00,load,RTS_DAY_AHEAD,4565.336706,4447.713526,117.62318
2020-12-09 18:00:00,load,random_forest,4276.818351,4426.819947,150.001596
2020-12-09 18:00:00,load,mlp,4204.566895,4426.819947,222.253052
2020-12-09 18:00:00,load,RTS_DAY_AHEAD,4543.978252,4426.819947,117.158305
2020-12-09 19:00:00,load,random_forest,4254.140117,4334.762288,80.622171
2020-12-09 19:00:00,load,mlp,4165.075195,4334.762288,169.687093
2020-12-09 19:00:00,load,RTS_DAY_AHEAD,4450.368932,4334.762288,115.606644
2020-12-09 20:00:00,load,random_forest,4185.933863,4209.379263,23.4454
2020-12-09 20:00:00,load,mlp,4097.955566,4209.379263,111.423696
2020-12-09 20:00:00,load,RTS_DAY_AHEAD,4321.051,4209.379263,111.671737
2020-12-09 21:00:00,load,random_forest,4006.813279,3980.303727,26.509553
2020-12-09 21:00:00,load,mlp,3989.196777,3980.303727,8.893051
2020-12-09 21:00:00,load,RTS_DAY_AHEAD,4083.576856,3980.303727,103.273129
2020-12-09 22:00:00,load,random_forest,3786.804991,3644.068264,142.736726
2020-12-09 22:00:00,load,mlp,3865.019043,3644.068264,220.950779
2020-12-09 22:00:00,load,RTS_DAY_AHEAD,3737.576706,3644.068264,93.508442
2020-12-09 23:00:00,load,random_forest,3474.598482,3404.355939,70.242543
2020-12-09 23:00:00,load,mlp,3754.034424,3404.355939,349.678484
2020-12-09 23:00:00,load,RTS_DAY_AHEAD,3493.365697,3404.355939,89.009757
2020-12-10 00:00:00,load,random_forest,3286.618779,3259.370546,27.248233
2020-12-10 00:00:00,load,mlp,3659.946533,3259.370546,400.575987
2020-12-10 00:00:00,load,RTS_DAY_AHEAD,3346.28065,3259.370546,86.910104
2020-12-10 01:00:00,load,random_forest,3244.152698,3180.927699,63.224999
2020-12-10 01:00:00,load,mlp,3598.164551,3180.927699,417.236852
2020-12-10 01:00:00,load,RTS_DAY_AHEAD,3267.355321,3180.927699,86.427622
2020-12-10 02:00:00,load,random_forest,3244.650337,3156.654356,87.995981
2020-12-10 02:00:00,load,mlp,3571.778564,3156.654356,415.124209
2020-12-10 02:00:00,load,RTS_DAY_AHEAD,3243.98823,3156.654356,87.333874
2020-12-10 03:00:00,load,random_forest,3409.368766,3196.228028,213.140738
2020-12-10 03:00:00,load,mlp,3571.973389,3196.228028,375.745361
2020-12-10 03:00:00,load,RTS_DAY_AHEAD,3287.246496,3196.228028,91.018468
2020-12-10 04:00:00,load,random_forest,3648.763199,3335.907439,312.85576
2020-12-10 04:00:00,load,mlp,3614.298828,3335.907439,278.391389
2020-12-10 04:00:00,load,RTS_DAY_AHEAD,3435.838764,3335.907439,99.931325
2020-12-10 05:00:00,load,random_forest,3695.799788,3625.90055,69.899238
2020-12-10 05:00:00,load,mlp,3713.757324,3625.90055,87.856774
2020-12-10 05:00:00,load,RTS_DAY_AHEAD,3739.438726,3625.90055,113.538176
2020-12-10 06:00:00,load,random_forest,3829.854896,3854.647854,24.792958
2020-12-10 06:00:00,load,mlp,3826.280029,3854.647854,28.367825
2020-12-10 06:00:00,load,RTS_DAY_AHEAD,3971.469398,3854.647854,116.821544
2020-12-10 07:00:00,load,random_forest,3941.462628,3861.708471,79.754157
2020-12-10 07:00:00,load,mlp,3917.466797,3861.708471,55.758326
2020-12-10 07:00:00,load,RTS_DAY_AHEAD,3972.963319,3861.708471,111.254848
2020-12-10 08:00:00,load,random_forest,3840.364763,3868.535784,28.171021
2020-12-10 08:00:00,load,mlp,3957.11792,3868.535784,88.582136
2020-12-10 08:00:00,load,RTS_DAY_AHEAD,3974.292099,3868.535784,105.756315
2020-12-10 09:00:00,load,random_forest,3829.48515,3890.053354,60.568204
2020-12-10 09:00:00,load,mlp,3986.762451,3890.053354,96.709097
2020-12-10 09:00:00,load,RTS_DAY_AHEAD,3992.905188,3890.053354,102.851834
2020-12-10 10:00:00,load,random_forest,3879.202521,3896.91101,17.708489
2020-12-10 10:00:00,load,mlp,4017.828857,3896.91101,120.917847
2020-12-10 10:00:00,load,RTS_DAY_AHEAD,3997.722984,3896.91101,100.811974
2020-12-10 11:00:00,load,random_forest,3786.169816,3893.369414,107.199598
2020-12-10 11:00:00,load,mlp,4037.529297,3893.369414,144.159883
2020-12-10 11:00:00,load,RTS_DAY_AHEAD,3993.071439,3893.369414,99.702025
2020-12-10 12:00:00,load,random_forest,3846.741447,3894.022814,47.281367
2020-12-10 12:00:00,load,mlp,4050.964111,3894.022814,156.941297
2020-12-10 12:00:00,load,RTS_DAY_AHEAD,3993.250979,3894.022814,99.228165
2020-12-10 13:00:00,load,random_forest,3795.625531,3890.471841,94.846309
2020-12-10 13:00:00,load,mlp,4057.425781,3890.471841,166.953941
2020-12-10 13:00:00,load,RTS_DAY_AHEAD,3988.927163,3890.471841,98.455322
2020-12-10 14:00:00,load,random_forest,3696.194963,3873.188823,176.993859
2020-12-10 14:00:00,load,mlp,4058.522949,3873.188823,185.334126
2020-12-10 14:00:00,load,RTS_DAY_AHEAD,3971.904565,3873.188823,98.715742
2020-12-10 15:00:00,load,random_forest,3631.537249,3843.818104,212.280855
2020-12-10 15:00:00,load,mlp,4054.638184,3843.818104,210.82008
2020-12-10 15:00:00,load,RTS_DAY_AHEAD,3942.848308,3843.818104,99.030204
2020-12-10 16:00:00,load,random_forest,3968.061766,4039.265622,71.203856
2020-12-10 16:00:00,load,mlp,4119.274414,4039.265622,80.008792
2020-12-10 16:00:00,load,RTS_DAY_AHEAD,4147.448984,4039.265622,108.183362
2020-12-10 17:00:00,load,random_forest,4417.430201,4430.060909,12.630708
2020-12-10 17:00:00,load,mlp,4241.19043,4430.060909,188.87048
2020-12-10 17:00:00,load,RTS_DAY_AHEAD,4547.367232,4430.060909,117.306323
2020-12-10 18:00:00,load,random_forest,4307.541832,4400.886449,93.344617
2020-12-10 18:00:00,load,mlp,4238.399414,4400.886449,162.487035
2020-12-10 18:00:00,load,RTS_DAY_AHEAD,4516.964978,4400.886449,116.078529
2020-12-10 19:00:00,load,random_forest,4202.899086,4283.243674,80.344589
2020-12-10 19:00:00,load,mlp,4194.967773,4283.243674,88.275901
2020-12-10 19:00:00,load,RTS_DAY_AHEAD,4396.558969,4283.243674,113.315295
2020-12-10 20:00:00,load,random_forest,4193.39205,4148.252248,45.139802
2020-12-10 20:00:00,load,mlp,4120.506348,4148.252248,27.7459
2020-12-10 20:00:00,load,RTS_DAY_AHEAD,4257.9901,4148.252248,109.737852
2020-12-10 21:00:00,load,random_forest,4138.945956,3907.336879,231.609077
2020-12-10 21:00:00,load,mlp,4016.9375,3907.336879,109.600621
2020-12-10 21:00:00,load,RTS_DAY_AHEAD,4007.200094,3907.336879,99.863215
2020-12-10 22:00:00,load,random_forest,3909.786385,3593.256597,316.529788
2020-12-10 22:00:00,load,mlp,3893.756592,3593.256597,300.499994
2020-12-10 22:00:00,load,RTS_DAY_AHEAD,3683.63631,3593.256597,90.379713
2020-12-10 23:00:00,load,random_forest,3475.708485,3348.761667,126.946818
2020-12-10 23:00:00,load,mlp,3775.913574,3348.761667,427.151907
2020-12-10 23:00:00,load,RTS_DAY_AHEAD,3434.001425,3348.761667,85.239758
2020-12-11 00:00:00,load,random_forest,3224.676235,3200.034726,24.641508
2020-12-11 00:00:00,load,mlp,3670.578857,3200.034726,470.544131
2020-12-11 00:00:00,load,RTS_DAY_AHEAD,3282.92689,3200.034726,82.892164
2020-12-11 01:00:00,load,random_forest,3343.084169,3129.549283,213.534886
2020-12-11 01:00:00,load,mlp,3608.800781,3129.549283,479.251498
2020-12-11 01:00:00,load,RTS_DAY_AHEAD,3211.420986,3129.549283,81.871703
2020-12-11 02:00:00,load,random_forest,3208.957896,3097.655703,111.302193
2020-12-11 02:00:00,load,mlp,3581.375,3097.655703,483.719297
2020-12-11 02:00:00,load,RTS_DAY_AHEAD,3179.934286,3097.655703,82.278583
2020-12-11 03:00:00,load,random_forest,3255.491298,3127.103355,128.387944
2020-12-11 03:00:00,load,mlp,3582.963623,3127.103355,455.860268
2020-12-11 03:00:00,load,RTS_DAY_AHEAD,3212.325729,3127.103355,85.222374
2020-12-11 04:00:00,load,random_forest,3425.326124,3251.859704,173.466421
2020-12-11 04:00:00,load,mlp,3621.574219,3251.859704,369.714515
2020-12-11 04:00:00,load,RTS_DAY_AHEAD,3345.26373,3251.859704,93.404026
2020-12-11 05:00:00,load,random_forest,3943.831265,3524.806399,419.024866
2020-12-11 05:00:00,load,mlp,3711.427734,3524.806399,186.621335
2020-12-11 05:00:00,load,RTS_DAY_AHEAD,3630.877821,3524.806399,106.071422
2020-12-11 06:00:00,load,random_forest,4131.465148,3757.363278,374.10187
2020-12-11 06:00:00,load,mlp,3829.483154,3757.363278,72.119876
2020-12-11 06:00:00,load,RTS_DAY_AHEAD,3868.500776,3757.363278,111.137498
2020-12-11 07:00:00,load,random_forest,3858.173257,3736.61779,121.555468
2020-12-11 07:00:00,load,mlp,3915.145996,3736.61779,178.528206
2020-12-11 07:00:00,load,RTS_DAY_AHEAD,3840.646311,3736.61779,104.028521
2020-12-11 08:00:00,load,random_forest,3880.311191,3811.488881,68.82231
2020-12-11 08:00:00,load,mlp,3945.503174,3811.488881,134.014293
2020-12-11 08:00:00,load,RTS_DAY_AHEAD,3914.434712,3811.488881,102.945831
2020-12-11 09:00:00,load,random_forest,3844.973614,3835.868101,9.105513
2020-12-11 09:00:00,load,mlp,3975.837402,3835.868101,139.969301
2020-12-11 09:00:00,load,RTS_DAY_AHEAD,3936.84748,3835.868101,100.979379
2020-12-11 10:00:00,load,random_forest,3846.538558,3858.462764,11.924206
2020-12-11 10:00:00,load,mlp,4001.238281,3858.462764,142.775517
2020-12-11 10:00:00,load,RTS_DAY_AHEAD,3958.082724,3858.462764,99.61996
2020-12-11 11:00:00,load,random_forest,3905.872635,3865.714942,40.157693
2020-12-11 11:00:00,load,mlp,4016.339111,3865.714942,150.62417
2020-12-11 11:00:00,load,RTS_DAY_AHEAD,3964.065912,3865.714942,98.35097
2020-12-11 12:00:00,load,random_forest,3868.233781,3850.325395,17.908386
2020-12-11 12:00:00,load,mlp,4034.794434,3850.325395,184.469038
2020-12-11 12:00:00,load,RTS_DAY_AHEAD,3947.717856,3850.325395,97.392461
2020-12-11 13:00:00,load,random_forest,3793.040485,3836.368247,43.327762
2020-12-11 13:00:00,load,mlp,4044.645264,3836.368247,208.277016
2020-12-11 13:00:00,load,RTS_DAY_AHEAD,3933.061262,3836.368247,96.693015
2020-12-11 14:00:00,load,random_forest,3799.073962,3801.181303,2.107341
2020-12-11 14:00:00,load,mlp,4046.521973,3801.181303,245.34067
2020-12-11 14:00:00,load,RTS_DAY_AHEAD,3897.042233,3801.181303,95.86093
2020-12-11 15:00:00,load,random_forest,3608.219988,3784.613946,176.393958
2020-12-11 15:00:00,load,mlp,4036.648926,3784.613946,252.034979
2020-12-11 15:00:00,load,RTS_DAY_AHEAD,3881.328747,3784.613946,96.714801
2020-12-11 16:00:00,load,random_forest,3899.568451,3998.189683,98.621232
2020-12-11 16:00:00,load,mlp,4077.498047,3998.189683,79.308364
2020-12-11 16:00:00,load,RTS_DAY_AHEAD,4104.544602,3998.189683,106.354919
2020-12-11 17:00:00,load,random_forest,4177.120591,4341.954738,164.834147
2020-12-11 17:00:00,load,mlp,4189.000488,4341.954738,152.954249
2020-12-11 17:00:00,load,RTS_DAY_AHEAD,4455.688709,4341.954738,113.733971
2020-12-11 18:00:00,load,random_forest,4193.581753,4276.062353,82.480599
2020-12-11 18:00:00,load,mlp,4192.769531,4276.062353,83.292822
2020-12-11 18:00:00,load,RTS_DAY_AHEAD,4388.021173,4276.062353,111.95882
2020-12-11 19:00:00,load,random_forest,4215.238416,4171.284339,43.954077
2020-12-11 19:00:00,load,mlp,4152.286133,4171.284339,18.998206
2020-12-11 19:00:00,load,RTS_DAY_AHEAD,4281.048704,4171.284339,109.764365
2020-12-11 20:00:00,load,random_forest,4212.616658,4053.52593,159.090728
2020-12-11 20:00:00,load,mlp,4084.207764,4053.52593,30.681834
2020-12-11 20:00:00,load,RTS_DAY_AHEAD,4160.212308,4053.52593,106.686378
2020-12-11 21:00:00,load,random_forest,4050.923097,3879.054524,171.868573
2020-12-11 21:00:00,load,mlp,3990.550293,3879.054524,111.495769
2020-12-11 21:00:00,load,RTS_DAY_AHEAD,3979.442884,3879.054524,100.38836
2020-12-11 22:00:00,load,random_forest,3824.020063,3623.745347,200.274716
2020-12-11 22:00:00,load,mlp,3867.280518,3623.745347,243.53517
2020-12-11 22:00:00,load,RTS_DAY_AHEAD,3715.785865,3623.745347,92.040518
2020-12-11 23:00:00,load,random_forest,3488.978646,3382.844608,106.134039
2020-12-11 23:00:00,load,mlp,3756.306152,3382.844608,373.461545
2020-12-11 23:00:00,load,RTS_DAY_AHEAD,3469.067937,3382.844608,86.223329
2020-12-12 00:00:00,load,random_forest,3246.476603,3220.270933,26.20567
2020-12-12 00:00:00,load,mlp,3650.691406,3220.270933,430.420473
2020-12-12 00:00:00,load,RTS_DAY_AHEAD,3304.013415,3220.270933,83.742482
2020-12-12 01:00:00,load,random_forest,3164.215969,3122.315606,41.900363
2020-12-12 01:00:00,load,mlp,3591.342285,3122.315606,469.026679
2020-12-12 01:00:00,load,RTS_DAY_AHEAD,3204.916063,3122.315606,82.600457
2020-12-12 02:00:00,load,random_forest,3187.426393,3069.786257,117.640135
2020-12-12 02:00:00,load,mlp,3562.825439,3069.786257,493.039182
2020-12-12 02:00:00,load,RTS_DAY_AHEAD,3152.190586,3069.786257,82.404329
2020-12-12 03:00:00,load,random_forest,3247.30376,3076.684246,170.619514
2020-12-12 03:00:00,load,mlp,3551.848389,3076.684246,475.164143
2020-12-12 03:00:00,load,RTS_DAY_AHEAD,3160.586858,3076.684246,83.902612
2020-12-12 04:00:00,load,random_forest,3323.722679,3130.109482,193.613197
2020-12-12 04:00:00,load,mlp,3588.203613,3130.109482,458.094131
2020-12-12 04:00:00,load,RTS_DAY_AHEAD,3218.3394,3130.109482,88.229918
2020-12-12 05:00:00,load,random_forest,3530.358128,3238.99636,291.361768
2020-12-12 05:00:00,load,mlp,3685.156738,3238.99636,446.160378
2020-12-12 05:00:00,load,RTS_DAY_AHEAD,3333.125323,3238.99636,94.128963
2020-12-12 06:00:00,load,random_forest,4012.801525,3335.916958,676.884567
2020-12-12 06:00:00,load,mlp,3797.947266,3335.916958,462.030308
2020-12-12 06:00:00,load,RTS_DAY_AHEAD,3434.579718,3335.916958,98.66276
2020-12-12 07:00:00,load,random_forest,3861.719606,3373.505166,488.21444
2020-12-12 07:00:00,load,mlp,3876.500732,3373.505166,502.995566
2020-12-12 07:00:00,load,RTS_DAY_AHEAD,3473.625868,3373.505166,100.120702
2020-12-12 08:00:00,load,random_forest,3814.292544,3455.73387,358.558674
2020-12-12 08:00:00,load,mlp,3895.749268,3455.73387,440.015397
2020-12-12 08:00:00,load,RTS_DAY_AHEAD,3555.688289,3455.73387,99.954419
2020-12-12 09:00:00,load,random_forest,3858.459862,3530.68978,327.770081
2020-12-12 09:00:00,load,mlp,3940.706543,3530.68978,410.016762
2020-12-12 09:00:00,load,RTS_DAY_AHEAD,3629.252467,3530.68978,98.562687
2020-12-12 10:00:00,load,random_forest,3803.165945,3559.406468,243.759477
2020-12-12 10:00:00,load,mlp,3972.950684,3559.406468,413.544215
2020-12-12 10:00:00,load,RTS_DAY_AHEAD,3656.528007,3559.406468,97.121539
2020-12-12 11:00:00,load,random_forest,3744.533796,3535.279266,209.254529
2020-12-12 11:00:00,load,mlp,3996.359375,3535.279266,461.080109
2020-12-12 11:00:00,load,RTS_DAY_AHEAD,3630.458344,3535.279266,95.179078
2020-12-12 12:00:00,load,random_forest,3789.014173,3496.828009,292.186164
2020-12-12 12:00:00,load,mlp,4014.672607,3496.828009,517.844599
2020-12-12 12:00:00,load,RTS_DAY_AHEAD,3589.769751,3496.828009,92.941742
2020-12-12 13:00:00,load,random_forest,3718.300848,3449.035219,269.265629
2020-12-12 13:00:00,load,mlp,4023.032471,3449.035219,573.997252
2020-12-12 13:00:00,load,RTS_DAY_AHEAD,3540.57838,3449.035219,91.543161
2020-12-12 14:00:00,load,random_forest,3760.672346,3422.596152,338.076194
2020-12-12 14:00:00,load,mlp,4029.572754,3422.596152,606.976602
2020-12-12 14:00:00,load,RTS_DAY_AHEAD,3513.958207,3422.596152,91.362055
2020-12-12 15:00:00,load,random_forest,3749.333661,3446.722761,302.6109
2020-12-12 15:00:00,load,mlp,4021.766113,3446.722761,575.043352
2020-12-12 15:00:00,load,RTS_DAY_AHEAD,3540.009382,3446.722761,93.286621
2020-12-12 16:00:00,load,random_forest,3841.379973,3697.490591,143.889382
2020-12-12 16:00:00,load,mlp,4053.111328,3697.490591,355.620737
2020-12-12 16:00:00,load,RTS_DAY_AHEAD,3799.770108,3697.490591,102.279517
2020-12-12 17:00:00,load,random_forest,4171.074168,4086.325296,84.748872
2020-12-12 17:00:00,load,mlp,4142.541992,4086.325296,56.216696
2020-12-12 17:00:00,load,RTS_DAY_AHEAD,4196.960252,4086.325296,110.634956
2020-12-12 18:00:00,load,random_forest,4097.540395,4071.993656,25.546739
2020-12-12 18:00:00,load,mlp,4133.51416,4071.993656,61.520504
2020-12-12 18:00:00,load,RTS_DAY_AHEAD,4180.888686,4071.993656,108.89503
2020-12-12 19:00:00,load,random_forest,4136.317615,3997.089095,139.22852
2020-12-12 19:00:00,load,mlp,4077.053223,3997.089095,79.964127
2020-12-12 19:00:00,load,RTS_DAY_AHEAD,4104.148863,3997.089095,107.059768
2020-12-12 20:00:00,load,random_forest,4102.725794,3900.167199,202.558595
2020-12-12 20:00:00,load,mlp,4019.593018,3900.167199,119.425818
2020-12-12 20:00:00,load,RTS_DAY_AHEAD,4004.154433,3900.167199,103.987234
2020-12-12 21:00:00,load,random_forest,3959.201976,3760.271476,198.9305
2020-12-12 21:00:00,load,mlp,3921.769531,3760.271476,161.498055
2020-12-12 21:00:00,load,RTS_DAY_AHEAD,3858.520914,3760.271476,98.249438
2020-12-12 22:00:00,load,random_forest,3657.191343,3549.156461,108.034882
2020-12-12 22:00:00,load,mlp,3809.971191,3549.156461,260.81473
2020-12-12 22:00:00,load,RTS_DAY_AHEAD,3640.558069,3549.156461,91.401608
2020-12-12 23:00:00,load,random_forest,3406.405491,3347.172375,59.233116
2020-12-12 23:00:00,load,mlp,3707.542236,3347.172375,360.369861
2020-12-12 23:00:00,load,RTS_DAY_AHEAD,3433.739402,3347.172375,86.567027
2020-12-13 00:00:00,load,random_forest,3345.820105,3195.374496,150.445609
2020-12-13 00:00:00,load,mlp,3618.969971,3195.374496,423.595475
2020-12-13 00:00:00,load,RTS_DAY_AHEAD,3279.357899,3195.374496,83.983403
2020-12-13 01:00:00,load,random_forest,3236.0575,3114.983004,121.074496
2020-12-13 01:00:00,load,mlp,3557.510254,3114.983004,442.52725
2020-12-13 01:00:00,load,RTS_DAY_AHEAD,3197.593008,3114.983004,82.610004
2020-12-13 02:00:00,load,random_forest,3172.935406,3077.522868,95.412538
2020-12-13 02:00:00,load,mlp,3517.82373,3077.522868,440.300862
2020-12-13 02:00:00,load,RTS_DAY_AHEAD,3160.159184,3077.522868,82.636316
2020-12-13 03:00:00,load,random_forest,3274.001478,3052.87442,221.127058
2020-12-13 03:00:00,load,mlp,3522.412842,3052.87442,469.538421
2020-12-13 03:00:00,load,RTS_DAY_AHEAD,3135.994338,3052.87442,83.119918
2020-12-13 04:00:00,load,random_forest,3228.74837,3080.810416,147.937954
2020-12-13 04:00:00,load,mlp,3549.858643,3080.810416,469.048227
2020-12-13 04:00:00,load,RTS_DAY_AHEAD,3166.807669,3080.810416,85.997253
2020-12-13 05:00:00,load,random_forest,3443.990548,3159.764247,284.226302
2020-12-13 05:00:00,load,mlp,3621.700684,3159.764247,461.936437
2020-12-13 05:00:00,load,RTS_DAY_AHEAD,3250.247081,3159.764247,90.482834
2020-12-13 06:00:00,load,random_forest,3380.535089,3204.762836,175.772253
2020-12-13 06:00:00,load,mlp,3694.776123,3204.762836,490.013287
2020-12-13 06:00:00,load,RTS_DAY_AHEAD,3298.865474,3204.762836,94.102638
2020-12-13 07:00:00,load,random_forest,3530.573064,3305.376487,225.196577
2020-12-13 07:00:00,load,mlp,3725.968018,3305.376487,420.591531
2020-12-13 07:00:00,load,RTS_DAY_AHEAD,3401.725227,3305.376487,96.34874
2020-12-13 08:00:00,load,random_forest,3406.04281,3309.878296,96.164514
2020-12-13 08:00:00,load,mlp,3781.650879,3309.878296,471.772583
2020-12-13 08:00:00,load,RTS_DAY_AHEAD,3406.336833,3309.878296,96.458537
2020-12-13 09:00:00,load,random_forest,3482.859077,3369.039839,113.819238
2020-12-13 09:00:00,load,mlp,3825.401611,3369.039839,456.361772
2020-12-13 09:00:00,load,RTS_DAY_AHEAD,3465.069653,3369.039839,96.029814
2020-12-13 10:00:00,load,random_forest,3617.251662,3405.878864,211.372799
2020-12-13 10:00:00,load,mlp,3868.179688,3405.878864,462.300824
2020-12-13 10:00:00,load,RTS_DAY_AHEAD,3501.299221,3405.878864,95.420357
2020-12-13 11:00:00,load,random_forest,3548.506536,3408.351536,140.155
2020-12-13 11:00:00,load,mlp,3898.678955,3408.351536,490.327419
2020-12-13 11:00:00,load,RTS_DAY_AHEAD,3502.790008,3408.351536,94.438472
2020-12-13 12:00:00,load,random_forest,3482.424612,3393.48474,88.939872
2020-12-13 12:00:00,load,mlp,3917.595215,3393.48474,524.110475
2020-12-13 12:00:00,load,RTS_DAY_AHEAD,3486.523815,3393.48474,93.039075
2020-12-13 13:00:00,load,random_forest,3328.435845,3371.368918,42.933073
2020-12-13 13:00:00,load,mlp,3927.628906,3371.368918,556.259989
2020-12-13 13:00:00,load,RTS_DAY_AHEAD,3463.004539,3371.368918,91.635621
2020-12-13 14:00:00,load,random_forest,3544.771372,3372.707743,172.063629
2020-12-13 14:00:00,load,mlp,3928.844482,3372.707743,556.136739
2020-12-13 14:00:00,load,RTS_DAY_AHEAD,3464.434531,3372.707743,91.726788
2020-12-13 15:00:00,load,random_forest,3610.024137,3417.831453,192.192684
2020-12-13 15:00:00,load,mlp,3929.835205,3417.831453,512.003752
2020-12-13 15:00:00,load,RTS_DAY_AHEAD,3511.408642,3417.831453,93.577189
2020-12-13 16:00:00,load,random_forest,3578.568018,3713.630911,135.062893
2020-12-13 16:00:00,load,mlp,3993.45166,3713.630911,279.820749
2020-12-13 16:00:00,load,RTS_DAY_AHEAD,3818.940613,3713.630911,105.309702
2020-12-13 17:00:00,load,random_forest,3781.323346,4226.241499,444.918154
2020-12-13 17:00:00,load,mlp,4086.692871,4226.241499,139.548628
2020-12-13 17:00:00,load,RTS_DAY_AHEAD,4341.374284,4226.241499,115.132785
2020-12-13 18:00:00,load,random_forest,4142.379857,4183.401115,41.021257
2020-12-13 18:00:00,load,mlp,4060.299561,4183.401115,123.101554
2020-12-13 18:00:00,load,RTS_DAY_AHEAD,4298.498665,4183.401115,115.09755
2020-12-13 19:00:00,load,random_forest,3994.449368,4156.950608,162.50124
2020-12-13 19:00:00,load,mlp,4008.432129,4156.950608,148.518479
2020-12-13 19:00:00,load,RTS_DAY_AHEAD,4270.40695,4156.950608,113.456342
2020-12-13 20:00:00,load,random_forest,4014.441662,4037.658329,23.216667
2020-12-13 20:00:00,load,mlp,3943.393799,4037.658329,94.26453
2020-12-13 20:00:00,load,RTS_DAY_AHEAD,4146.536296,4037.658329,108.877967
2020-12-13 21:00:00,load,random_forest,3804.776815,3806.287388,1.510573
2020-12-13 21:00:00,load,mlp,3870.498535,3806.287388,64.211147
2020-12-13 21:00:00,load,RTS_DAY_AHEAD,3906.364533,3806.287388,100.077145
2020-12-13 22:00:00,load,random_forest,3655.17862,3541.970109,113.208511
2020-12-13 22:00:00,load,mlp,3765.342285,3541.970109,223.372176
2020-12-13 22:00:00,load,RTS_DAY_AHEAD,3633.414514,3541.970109,91.444405
2020-12-13 23:00:00,load,random_forest,3392.665465,3331.536357,61.129108
2020-12-13 23:00:00,load,mlp,3665.523438,3331.536357,333.987081
2020-12-13 23:00:00,load,RTS_DAY_AHEAD,3418.622377,3331.536357,87.08602
2020-12-14 00:00:00,load,random_forest,3258.798201,3203.080842,55.717359
2020-12-14 00:00:00,load,mlp,3583.17041,3203.080842,380.089568
2020-12-14 00:00:00,load,RTS_DAY_AHEAD,3288.550928,3203.080842,85.470086
2020-12-14 01:00:00,load,random_forest,3121.020071,3131.555502,10.535431
2020-12-14 01:00:00,load,mlp,3528.018066,3131.555502,396.462564
2020-12-14 01:00:00,load,RTS_DAY_AHEAD,3216.256756,3131.555502,84.701254
2020-12-14 02:00:00,load,random_forest,3084.457029,3138.818595,54.361566
2020-12-14 02:00:00,load,mlp,3488.074707,3138.818595,349.256112
2020-12-14 02:00:00,load,RTS_DAY_AHEAD,3224.887831,3138.818595,86.069236
2020-12-14 03:00:00,load,random_forest,3117.566882,3186.084954,68.518072
2020-12-14 03:00:00,load,mlp,3478.33252,3186.084954,292.247566
2020-12-14 03:00:00,load,RTS_DAY_AHEAD,3276.705513,3186.084954,90.620559
2020-12-14 04:00:00,load,random_forest,3156.74845,3335.614791,178.866341
2020-12-14 04:00:00,load,mlp,3494.005371,3335.614791,158.39058
2020-12-14 04:00:00,load,RTS_DAY_AHEAD,3435.978776,3335.614791,100.363985
2020-12-14 05:00:00,load,random_forest,3248.811273,3627.231511,378.420238
2020-12-14 05:00:00,load,mlp,3538.615234,3627.231511,88.616277
2020-12-14 05:00:00,load,RTS_DAY_AHEAD,3741.573772,3627.231511,114.342261
2020-12-14 06:00:00,load,random_forest,3249.49356,3863.985706,614.492147
2020-12-14 06:00:00,load,mlp,3586.166504,3863.985706,277.819203
2020-12-14 06:00:00,load,RTS_DAY_AHEAD,3982.958214,3863.985706,118.972508
2020-12-14 07:00:00,load,random_forest,3386.783103,3889.947627,503.164524
2020-12-14 07:00:00,load,mlp,3624.980469,3889.947627,264.967158
2020-12-14 07:00:00,load,RTS_DAY_AHEAD,4004.345779,3889.947627,114.398152
2020-12-14 08:00:00,load,random_forest,3495.018358,3884.899879,389.881521
2020-12-14 08:00:00,load,mlp,3668.539795,3884.899879,216.360084
2020-12-14 08:00:00,load,RTS_DAY_AHEAD,3993.41892,3884.899879,108.519041
2020-12-14 09:00:00,load,random_forest,3561.868069,3904.362124,342.494055
2020-12-14 09:00:00,load,mlp,3713.571045,3904.362124,190.791079
2020-12-14 09:00:00,load,RTS_DAY_AHEAD,4010.118634,3904.362124,105.75651
2020-12-14 10:00:00,load,random_forest,3504.745926,3898.582405,393.83648
2020-12-14 10:00:00,load,mlp,3754.33252,3898.582405,144.249886
2020-12-14 10:00:00,load,RTS_DAY_AHEAD,4001.479315,3898.582405,102.89691
2020-12-14 11:00:00,load,random_forest,3719.695014,3871.392646,151.697632
2020-12-14 11:00:00,load,mlp,3781.097656,3871.392646,90.29499
2020-12-14 11:00:00,load,RTS_DAY_AHEAD,3972.302399,3871.392646,100.909753
2020-12-14 12:00:00,load,random_forest,3634.98872,3837.619689,202.630969
2020-12-14 12:00:00,load,mlp,3795.817871,3837.619689,41.801818
2020-12-14 12:00:00,load,RTS_DAY_AHEAD,3937.097346,3837.619689,99.477657
2020-12-14 13:00:00,load,random_forest,3509.866164,3818.923942,309.057778
2020-12-14 13:00:00,load,mlp,3806.324951,3818.923942,12.598991
2020-12-14 13:00:00,load,RTS_DAY_AHEAD,3917.107953,3818.923942,98.184011
2020-12-14 14:00:00,load,random_forest,3719.408515,3792.411452,73.002937
2020-12-14 14:00:00,load,mlp,3816.355957,3792.411452,23.944505
2020-12-14 14:00:00,load,RTS_DAY_AHEAD,3890.40272,3792.411452,97.991268
2020-12-14 15:00:00,load,random_forest,3628.12833,3792.515118,164.386788
2020-12-14 15:00:00,load,mlp,3835.483154,3792.515118,42.968037
2020-12-14 15:00:00,load,RTS_DAY_AHEAD,3890.915389,3792.515118,98.400271
2020-12-14 16:00:00,load,random_forest,3718.539957,4075.736795,357.196838
2020-12-14 16:00:00,load,mlp,3934.339111,4075.736795,141.397684
2020-12-14 16:00:00,load,RTS_DAY_AHEAD,4186.046334,4075.736795,110.309539
2020-12-14 17:00:00,load,random_forest,3771.749592,4541.80836,770.058768
2020-12-14 17:00:00,load,mlp,4072.959473,4541.80836,468.848887
2020-12-14 17:00:00,load,RTS_DAY_AHEAD,4663.250381,4541.80836,121.442021
2020-12-14 18:00:00,load,random_forest,4112.923672,4557.484508,444.560836
2020-12-14 18:00:00,load,mlp,4050.000732,4557.484508,507.483776
2020-12-14 18:00:00,load,RTS_DAY_AHEAD,4679.178625,4557.484508,121.694117
2020-12-14 19:00:00,load,random_forest,4152.856622,4479.436521,326.579899
2020-12-14 19:00:00,load,mlp,4013.345703,4479.436521,466.090818
2020-12-14 19:00:00,load,RTS_DAY_AHEAD,4599.432857,4479.436521,119.996336
2020-12-14 20:00:00,load,random_forest,4005.802232,4350.040838,344.238607
2020-12-14 20:00:00,load,mlp,3948.807861,4350.040838,401.232977
2020-12-14 20:00:00,load,RTS_DAY_AHEAD,4465.784778,4350.040838,115.74394
2020-12-14 21:00:00,load,random_forest,3804.908882,4084.463183,279.554302
2020-12-14 21:00:00,load,mlp,3848.859375,4084.463183,235.603808
2020-12-14 21:00:00,load,RTS_DAY_AHEAD,4190.741669,4084.463183,106.278486
2020-12-14 22:00:00,load,random_forest,3569.22,3749.973059,180.75306
2020-12-14 22:00:00,load,mlp,3743.770752,3749.973059,6.202307
2020-12-14 22:00:00,load,RTS_DAY_AHEAD,3846.91369,3749.973059,96.940631
2020-12-14 23:00:00,load,random_forest,3310.400343,3486.417528,176.017186
2020-12-14 23:00:00,load,mlp,3649.961426,3486.417528,163.543898
2020-12-14 23:00:00,load,RTS_DAY_AHEAD,3578.555057,3486.417528,92.137529
2020-12-15 00:00:00,load,random_forest,3229.163922,3326.620571,97.456649
2020-12-15 00:00:00,load,mlp,3585.006592,3326.620571,258.38602
2020-12-15 00:00:00,load,RTS_DAY_AHEAD,3416.628584,3326.620571,90.008013
2020-12-15 01:00:00,load,random_forest,3128.110117,3255.900037,127.789919
2020-12-15 01:00:00,load,mlp,3536.285156,3255.900037,280.385119
2020-12-15 01:00:00,load,RTS_DAY_AHEAD,3346.121728,3255.900037,90.221691
2020-12-15 02:00:00,load,random_forest,3101.23663,3233.423838,132.187207
2020-12-15 02:00:00,load,mlp,3510.881592,3233.423838,277.457754
2020-12-15 02:00:00,load,RTS_DAY_AHEAD,3324.754071,3233.423838,91.330233
2020-12-15 03:00:00,load,random_forest,3171.691722,3296.396746,124.705024
2020-12-15 03:00:00,load,mlp,3507.405029,3296.396746,211.008283
2020-12-15 03:00:00,load,RTS_DAY_AHEAD,3392.706314,3296.396746,96.309568
2020-12-15 04:00:00,load,random_forest,3206.069721,3455.440023,249.370302
2020-12-15 04:00:00,load,mlp,3541.272217,3455.440023,85.832193
2020-12-15 04:00:00,load,RTS_DAY_AHEAD,3561.632036,3455.440023,106.192013
2020-12-15 05:00:00,load,random_forest,3364.472333,3724.312773,359.84044
2020-12-15 05:00:00,load,mlp,3628.890625,3724.312773,95.422148
2020-12-15 05:00:00,load,RTS_DAY_AHEAD,3843.298122,3724.312773,118.985349
2020-12-15 06:00:00,load,random_forest,3858.420923,3967.331703,108.91078
2020-12-15 06:00:00,load,mlp,3716.63623,3967.331703,250.695473
2020-12-15 06:00:00,load,RTS_DAY_AHEAD,4090.593538,3967.331703,123.261835
2020-12-15 07:00:00,load,random_forest,3899.194869,3983.895959,84.70109
2020-12-15 07:00:00,load,mlp,3766.227783,3983.895959,217.668176
2020-12-15 07:00:00,load,RTS_DAY_AHEAD,4101.353794,3983.895959,117.457835
2020-12-15 08:00:00,load,random_forest,3950.04153,3953.935026,3.893497
2020-12-15 08:00:00,load,mlp,3792.270264,3953.935026,161.664763
2020-12-15 08:00:00,load,RTS_DAY_AHEAD,4065.125916,3953.935026,111.19089
2020-12-15 09:00:00,load,random_forest,3912.241889,3930.870689,18.628801
2020-12-15 09:00:00,load,mlp,3828.682861,3930.870689,102.187828
2020-12-15 09:00:00,load,RTS_DAY_AHEAD,4036.008245,3930.870689,105.137556
2020-12-15 10:00:00,load,random_forest,3943.357331,3920.87134,22.485991
2020-12-15 10:00:00,load,mlp,3864.851074,3920.87134,56.020266
2020-12-15 10:00:00,load,RTS_DAY_AHEAD,4024.515139,3920.87134,103.643799
2020-12-15 11:00:00,load,random_forest,3984.160206,3924.817469,59.342738
2020-12-15 11:00:00,load,mlp,3890.794922,3924.817469,34.022547
2020-12-15 11:00:00,load,RTS_DAY_AHEAD,4026.856258,3924.817469,102.038789
2020-12-15 12:00:00,load,random_forest,3895.635045,3898.522617,2.887572
2020-12-15 12:00:00,load,mlp,3910.367676,3898.522617,11.845059
2020-12-15 12:00:00,load,RTS_DAY_AHEAD,3998.481967,3898.522617,99.95935
2020-12-15 13:00:00,load,random_forest,3863.805481,3869.708181,5.9027
2020-12-15 13:00:00,load,mlp,3923.904785,3869.708181,54.196604
2020-12-15 13:00:00,load,RTS_DAY_AHEAD,3967.895128,3869.708181,98.186947
2020-12-15 14:00:00,load,random_forest,3847.857215,3820.142063,27.715152
2020-12-15 14:00:00,load,mlp,3936.940186,3820.142063,116.798122
2020-12-15 14:00:00,load,RTS_DAY_AHEAD,3917.803562,3820.142063,97.661499
2020-12-15 15:00:00,load,random_forest,3721.474332,3853.572652,132.09832
2020-12-15 15:00:00,load,mlp,3946.285889,3853.572652,92.713236
2020-12-15 15:00:00,load,RTS_DAY_AHEAD,3953.983466,3853.572652,100.410814
2020-12-15 16:00:00,load,random_forest,3831.781513,4140.431817,308.650304
2020-12-15 16:00:00,load,mlp,4050.733887,4140.431817,89.69793
2020-12-15 16:00:00,load,RTS_DAY_AHEAD,4252.827924,4140.431817,112.396107
2020-12-15 17:00:00,load,random_forest,4221.907801,4642.731965,420.824164
2020-12-15 17:00:00,load,mlp,4202.964844,4642.731965,439.767122
2020-12-15 17:00:00,load,RTS_DAY_AHEAD,4764.880143,4642.731965,122.148178
2020-12-15 18:00:00,load,random_forest,4409.006373,4631.642313,222.635939
2020-12-15 18:00:00,load,mlp,4164.368164,4631.642313,467.274149
2020-12-15 18:00:00,load,RTS_DAY_AHEAD,4753.674509,4631.642313,122.032196
2020-12-15 19:00:00,load,random_forest,4318.836844,4543.217416,224.380573
2020-12-15 19:00:00,load,mlp,4128.146973,4543.217416,415.070444
2020-12-15 19:00:00,load,RTS_DAY_AHEAD,4663.192549,4543.217416,119.975133
2020-12-15 20:00:00,load,random_forest,4482.224594,4391.355203,90.869391
2020-12-15 20:00:00,load,mlp,4062.351074,4391.355203,329.004129
2020-12-15 20:00:00,load,RTS_DAY_AHEAD,4507.731027,4391.355203,116.375824
2020-12-15 21:00:00,load,random_forest,4174.738351,4123.886973,50.851378
2020-12-15 21:00:00,load,mlp,3942.172607,4123.886973,181.714366
2020-12-15 21:00:00,load,RTS_DAY_AHEAD,4230.888199,4123.886973,107.001226
2020-12-15 22:00:00,load,random_forest,3805.640388,3787.654287,17.986101
2020-12-15 22:00:00,load,mlp,3812.094238,3787.654287,24.439951
2020-12-15 22:00:00,load,RTS_DAY_AHEAD,3885.566857,3787.654287,97.91257
2020-12-15 23:00:00,load,random_forest,3432.971337,3508.452655,75.481318
2020-12-15 23:00:00,load,mlp,3708.719971,3508.452655,200.267316
2020-12-15 23:00:00,load,RTS_DAY_AHEAD,3600.846351,3508.452655,92.393696
2020-12-16 00:00:00,load,random_forest,3293.65772,3346.273323,52.615603
2020-12-16 00:00:00,load,mlp,3649.578613,3346.273323,303.30529
2020-12-16 00:00:00,load,RTS_DAY_AHEAD,3437.057677,3346.273323,90.784354
2020-12-16 01:00:00,load,random_forest,3169.496368,3275.162361,105.665993
2020-12-16 01:00:00,load,mlp,3600.629639,3275.162361,325.467278
2020-12-16 01:00:00,load,RTS_DAY_AHEAD,3365.835037,3275.162361,90.672676
2020-12-16 02:00:00,load,random_forest,3173.552769,3251.113679,77.560909
2020-12-16 02:00:00,load,mlp,3575.946045,3251.113679,324.832366
2020-12-16 02:00:00,load,RTS_DAY_AHEAD,3343.036499,3251.113679,91.92282
2020-12-16 03:00:00,load,random_forest,3190.991675,3291.399964,100.408289
2020-12-16 03:00:00,load,mlp,3575.831543,3291.399964,284.431579
2020-12-16 03:00:00,load,RTS_DAY_AHEAD,3387.487441,3291.399964,96.087477
2020-12-16 04:00:00,load,random_forest,3355.538764,3451.680437,96.141672
2020-12-16 04:00:00,load,mlp,3627.673828,3451.680437,175.993391
2020-12-16 04:00:00,load,RTS_DAY_AHEAD,3558.021761,3451.680437,106.341324
2020-12-16 05:00:00,load,random_forest,3362.305395,3739.51619,377.210795
2020-12-16 05:00:00,load,mlp,3740.371094,3739.51619,0.854904
2020-12-16 05:00:00,load,RTS_DAY_AHEAD,3858.918975,3739.51619,119.402785
2020-12-16 06:00:00,load,random_forest,3797.905833,3981.665633,183.7598
2020-12-16 06:00:00,load,mlp,3850.621094,3981.665633,131.044539
2020-12-16 06:00:00,load,RTS_DAY_AHEAD,4104.526331,3981.665633,122.860698
2020-12-16 07:00:00,load,random_forest,3861.349083,3959.529337,98.180254
2020-12-16 07:00:00,load,mlp,3909.042236,3959.529337,50.487101
2020-12-16 07:00:00,load,RTS_DAY_AHEAD,4076.943349,3959.529337,117.414012
2020-12-16 08:00:00,load,random_forest,3942.763743,3932.561029,10.202715
2020-12-16 08:00:00,load,mlp,3937.842285,3932.561029,5.281257
2020-12-16 08:00:00,load,RTS_DAY_AHEAD,4042.966618,3932.561029,110.405589
2020-12-16 09:00:00,load,random_forest,3888.163432,3928.176821,40.013388
2020-12-16 09:00:00,load,mlp,3969.113281,3928.176821,40.936461
2020-12-16 09:00:00,load,RTS_DAY_AHEAD,4034.040876,3928.176821,105.864055
2020-12-16 10:00:00,load,random_forest,3821.36582,3917.001714,95.635893
2020-12-16 10:00:00,load,mlp,3995.278564,3917.001714,78.276851
2020-12-16 10:00:00,load,RTS_DAY_AHEAD,4019.920015,3917.001714,102.918301
2020-12-16 11:00:00,load,random_forest,3758.162382,3899.024314,140.861932
2020-12-16 11:00:00,load,mlp,4016.496826,3899.024314,117.472513
2020-12-16 11:00:00,load,RTS_DAY_AHEAD,3999.330627,3899.024314,100.306313
2020-12-16 12:00:00,load,random_forest,3802.338601,3866.350876,64.012275
2020-12-16 12:00:00,load,mlp,4032.031982,3866.350876,165.681107
2020-12-16 12:00:00,load,RTS_DAY_AHEAD,3964.967214,3866.350876,98.616338
2020-12-16 13:00:00,load,random_forest,3750.600475,3848.3612,97.760725
2020-12-16 13:00:00,load,mlp,4037.790527,3848.3612,189.429327
2020-12-16 13:00:00,load,RTS_DAY_AHEAD,3945.818571,3848.3612,97.457371
2020-12-16 14:00:00,load,random_forest,3675.260941,3830.730523,155.469583
2020-12-16 14:00:00,load,mlp,4036.585449,3830.730523,205.854926
2020-12-16 14:00:00,load,RTS_DAY_AHEAD,3927.793213,3830.730523,97.06269
2020-12-16 15:00:00,load,random_forest,3660.833192,3842.553482,181.72029
2020-12-16 15:00:00,load,mlp,4035.634277,3842.553482,193.080795
2020-12-16 15:00:00,load,RTS_DAY_AHEAD,3941.2252,3842.553482,98.671718
2020-12-16 16:00:00,load,random_forest,3881.886501,4121.742394,239.855893
2020-12-16 16:00:00,load,mlp,4118.550781,4121.742394,3.191613
2020-12-16 16:00:00,load,RTS_DAY_AHEAD,4231.965136,4121.742394,110.222742
2020-12-16 17:00:00,load,random_forest,4252.530148,4574.791279,322.261131
2020-12-16 17:00:00,load,mlp,4250.265625,4574.791279,324.525654
2020-12-16 17:00:00,load,RTS_DAY_AHEAD,4695.225484,4574.791279,120.434205
2020-12-16 18:00:00,load,random_forest,4396.866346,4564.272317,167.405971
2020-12-16 18:00:00,load,mlp,4229.985352,4564.272317,334.286965
2020-12-16 18:00:00,load,RTS_DAY_AHEAD,4684.505271,4564.272317,120.232954
2020-12-16 19:00:00,load,random_forest,4431.447257,4441.745132,10.297875
2020-12-16 19:00:00,load,mlp,4182.882324,4441.745132,258.862808
2020-12-16 19:00:00,load,RTS_DAY_AHEAD,4559.830774,4441.745132,118.085642
2020-12-16 20:00:00,load,random_forest,4312.542953,4304.474357,8.068596
2020-12-16 20:00:00,load,mlp,4109.114746,4304.474357,195.359611
2020-12-16 20:00:00,load,RTS_DAY_AHEAD,4418.735985,4304.474357,114.261628
2020-12-16 21:00:00,load,random_forest,4181.965173,4064.807061,117.158112
2020-12-16 21:00:00,load,mlp,3998.487793,4064.807061,66.319268
2020-12-16 21:00:00,load,RTS_DAY_AHEAD,4170.429592,4064.807061,105.622531
2020-12-16 22:00:00,load,random_forest,3869.330786,3723.698579,145.632208
2020-12-16 22:00:00,load,mlp,3869.911377,3723.698579,146.212798
2020-12-16 22:00:00,load,RTS_DAY_AHEAD,3819.4427,3723.698579,95.744121
2020-12-16 23:00:00,load,random_forest,3502.330033,3448.04244,54.287593
2020-12-16 23:00:00,load,mlp,3753.635254,3448.04244,305.592814
2020-12-16 23:00:00,load,RTS_DAY_AHEAD,3537.931415,3448.04244,89.888975
2020-12-17 00:00:00,load,random_forest,3309.010008,3298.182046,10.827962
2020-12-17 00:00:00,load,mlp,3664.893799,3298.182046,366.711752
2020-12-17 00:00:00,load,RTS_DAY_AHEAD,3386.279328,3298.182046,88.097282
2020-12-17 01:00:00,load,random_forest,3259.728915,3215.109088,44.619827
2020-12-17 01:00:00,load,mlp,3602.248047,3215.109088,387.138959
2020-12-17 01:00:00,load,RTS_DAY_AHEAD,3302.288378,3215.109088,87.17929
2020-12-17 02:00:00,load,random_forest,3246.687223,3183.26915,63.418074
2020-12-17 02:00:00,load,mlp,3572.605957,3183.26915,389.336807
2020-12-17 02:00:00,load,RTS_DAY_AHEAD,3271.850323,3183.26915,88.581173
2020-12-17 03:00:00,load,random_forest,3771.447572,3219.438681,552.008891
2020-12-17 03:00:00,load,mlp,3579.11377,3219.438681,359.675088
2020-12-17 03:00:00,load,RTS_DAY_AHEAD,3311.335415,3219.438681,91.896734
2020-12-17 04:00:00,load,random_forest,3439.771843,3366.565124,73.206718
2020-12-17 04:00:00,load,mlp,3622.610107,3366.565124,256.044983
2020-12-17 04:00:00,load,RTS_DAY_AHEAD,3468.372243,3366.565124,101.807119
2020-12-17 05:00:00,load,random_forest,3530.104363,3634.306402,104.202039
2020-12-17 05:00:00,load,mlp,3721.580811,3634.306402,87.274409
2020-12-17 05:00:00,load,RTS_DAY_AHEAD,3748.492793,3634.306402,114.186391
2020-12-17 06:00:00,load,random_forest,3791.768191,3892.913171,101.14498
2020-12-17 06:00:00,load,mlp,3839.360596,3892.913171,53.552576
2020-12-17 06:00:00,load,RTS_DAY_AHEAD,4012.203145,3892.913171,119.289974
2020-12-17 07:00:00,load,random_forest,3991.898086,3899.064471,92.833615
2020-12-17 07:00:00,load,mlp,3922.610107,3899.064471,23.545637
2020-12-17 07:00:00,load,RTS_DAY_AHEAD,4013.164978,3899.064471,114.100507
2020-12-17 08:00:00,load,random_forest,3993.089911,3923.06429,70.025621
2020-12-17 08:00:00,load,mlp,3945.968262,3923.06429,22.903972
2020-12-17 08:00:00,load,RTS_DAY_AHEAD,4031.494358,3923.06429,108.430068
2020-12-17 09:00:00,load,random_forest,3864.726466,3943.367731,78.641265
2020-12-17 09:00:00,load,mlp,3971.647217,3943.367731,28.279486
2020-12-17 09:00:00,load,RTS_DAY_AHEAD,4048.556042,3943.367731,105.188311
2020-12-17 10:00:00,load,random_forest,3840.46676,3951.632678,111.165917
2020-12-17 10:00:00,load,mlp,3998.162842,3951.632678,46.530164
2020-12-17 10:00:00,load,RTS_DAY_AHEAD,4054.099246,3951.632678,102.466568
2020-12-17 11:00:00,load,random_forest,3732.242675,3931.891909,199.649234
2020-12-17 11:00:00,load,mlp,4021.848389,3931.891909,89.956479
2020-12-17 11:00:00,load,RTS_DAY_AHEAD,4032.340554,3931.891909,100.448645
2020-12-17 12:00:00,load,random_forest,3830.949814,3934.17818,103.228367
2020-12-17 12:00:00,load,mlp,4035.165527,3934.17818,100.987347
2020-12-17 12:00:00,load,RTS_DAY_AHEAD,4035.059012,3934.17818,100.880832
2020-12-17 13:00:00,load,random_forest,3800.268991,3906.785983,106.516991
2020-12-17 13:00:00,load,mlp,4042.216797,3906.785983,135.430814
2020-12-17 13:00:00,load,RTS_DAY_AHEAD,4005.174693,3906.785983,98.38871
2020-12-17 14:00:00,load,random_forest,3686.959317,3890.07959,203.120273
2020-12-17 14:00:00,load,mlp,4038.953613,3890.07959,148.874023
2020-12-17 14:00:00,load,RTS_DAY_AHEAD,3987.623339,3890.07959,97.543749
2020-12-17 15:00:00,load,random_forest,3763.261916,3890.562365,127.300449
2020-12-17 15:00:00,load,mlp,4038.145996,3890.562365,147.583631
2020-12-17 15:00:00,load,RTS_DAY_AHEAD,3990.372308,3890.562365,99.809943
2020-12-17 16:00:00,load,random_forest,3992.793549,4117.993866,125.200317
2020-12-17 16:00:00,load,mlp,4107.355957,4117.993866,10.637909
2020-12-17 16:00:00,load,RTS_DAY_AHEAD,4227.47209,4117.993866,109.478224
2020-12-17 17:00:00,load,random_forest,4446.168748,4524.278257,78.109508
2020-12-17 17:00:00,load,mlp,4235.057617,4524.278257,289.22064
2020-12-17 17:00:00,load,RTS_DAY_AHEAD,4643.106669,4524.278257,118.828412
2020-12-17 18:00:00,load,random_forest,4526.427254,4490.023675,36.40358
2020-12-17 18:00:00,load,mlp,4225.770996,4490.023675,264.252678
2020-12-17 18:00:00,load,RTS_DAY_AHEAD,4608.219034,4490.023675,118.195359
2020-12-17 19:00:00,load,random_forest,4390.666149,4414.50499,23.838841
2020-12-17 19:00:00,load,mlp,4171.499512,4414.50499,243.005478
2020-12-17 19:00:00,load,RTS_DAY_AHEAD,4531.187484,4414.50499,116.682494
2020-12-17 20:00:00,load,random_forest,4179.305922,4288.60888,109.302957
2020-12-17 20:00:00,load,mlp,4095.099609,4288.60888,193.50927
2020-12-17 20:00:00,load,RTS_DAY_AHEAD,4401.699121,4288.60888,113.090241
2020-12-17 21:00:00,load,random_forest,4137.23995,4032.881096,104.358854
2020-12-17 21:00:00,load,mlp,3989.737793,4032.881096,43.143303
2020-12-17 21:00:00,load,RTS_DAY_AHEAD,4136.878332,4032.881096,103.997236
2020-12-17 22:00:00,load,random_forest,3815.029101,3709.775941,105.25316
2020-12-17 22:00:00,load,mlp,3867.151611,3709.775941,157.37567
2020-12-17 22:00:00,load,RTS_DAY_AHEAD,3804.126096,3709.775941,94.350155
2020-12-17 23:00:00,load,random_forest,3579.179168,3434.650158,144.52901
2020-12-17 23:00:00,load,mlp,3754.048096,3434.650158,319.397937
2020-12-17 23:00:00,load,RTS_DAY_AHEAD,3523.496735,3434.650158,88.846577
2020-12-18 00:00:00,load,random_forest,3293.158824,3273.20237,19.956454
2020-12-18 00:00:00,load,mlp,3637.260498,3273.20237,364.058129
2020-12-18 00:00:00,load,RTS_DAY_AHEAD,3359.796522,3273.20237,86.594153
2020-12-18 01:00:00,load,random_forest,3259.879485,3179.627279,80.252206
2020-12-18 01:00:00,load,mlp,3580.23584,3179.627279,400.60856
2020-12-18 01:00:00,load,RTS_DAY_AHEAD,3265.42513,3179.627279,85.79785
2020-12-18 02:00:00,load,random_forest,3257.453211,3148.692641,108.76057
2020-12-18 02:00:00,load,mlp,3552.563965,3148.692641,403.871323
2020-12-18 02:00:00,load,RTS_DAY_AHEAD,3235.153997,3148.692641,86.461355
2020-12-18 03:00:00,load,random_forest,3279.754979,3187.058978,92.696002
2020-12-18 03:00:00,load,mlp,3552.324707,3187.058978,365.26573
2020-12-18 03:00:00,load,RTS_DAY_AHEAD,3277.262958,3187.058978,90.20398
2020-12-18 04:00:00,load,random_forest,3609.825315,3331.018645,278.80667
2020-12-18 04:00:00,load,mlp,3586.441406,3331.018645,255.422761
2020-12-18 04:00:00,load,RTS_DAY_AHEAD,3430.233348,3331.018645,99.214703
2020-12-18 05:00:00,load,random_forest,3609.519538,3614.225128,4.70559
2020-12-18 05:00:00,load,mlp,3679.633301,3614.225128,65.408173
2020-12-18 05:00:00,load,RTS_DAY_AHEAD,3727.020036,3614.225128,112.794908
2020-12-18 06:00:00,load,random_forest,3698.922423,3862.275268,163.352845
2020-12-18 06:00:00,load,mlp,3786.868652,3862.275268,75.406615
2020-12-18 06:00:00,load,RTS_DAY_AHEAD,3979.503527,3862.275268,117.228259
2020-12-18 07:00:00,load,random_forest,3910.180668,3888.898734,21.281934
2020-12-18 07:00:00,load,mlp,3876.770264,3888.898734,12.12847
2020-12-18 07:00:00,load,RTS_DAY_AHEAD,4002.275578,3888.898734,113.376844
2020-12-18 08:00:00,load,random_forest,3820.556918,3895.652515,75.095597
2020-12-18 08:00:00,load,mlp,3908.914551,3895.652515,13.262036
2020-12-18 08:00:00,load,RTS_DAY_AHEAD,4004.214083,3895.652515,108.561568
2020-12-18 09:00:00,load,random_forest,3757.931232,3900.027461,142.096229
2020-12-18 09:00:00,load,mlp,3945.938965,3900.027461,45.911503
2020-12-18 09:00:00,load,RTS_DAY_AHEAD,4005.252042,3900.027461,105.224581
2020-12-18 10:00:00,load,random_forest,3831.81423,3897.375995,65.561766
2020-12-18 10:00:00,load,mlp,3980.549316,3897.375995,83.173321
2020-12-18 10:00:00,load,RTS_DAY_AHEAD,3999.358358,3897.375995,101.982363
2020-12-18 11:00:00,load,random_forest,3873.121978,3864.692525,8.429453
2020-12-18 11:00:00,load,mlp,4009.874268,3864.692525,145.181742
2020-12-18 11:00:00,load,RTS_DAY_AHEAD,3964.402817,3864.692525,99.710292
2020-12-18 12:00:00,load,random_forest,3762.800688,3823.922937,61.122249
2020-12-18 12:00:00,load,mlp,4025.886719,3823.922937,201.963781
2020-12-18 12:00:00,load,RTS_DAY_AHEAD,3921.744076,3823.922937,97.821139
2020-12-18 13:00:00,load,random_forest,3758.606479,3795.740662,37.134182
2020-12-18 13:00:00,load,mlp,4040.207031,3795.740662,244.46637
2020-12-18 13:00:00,load,RTS_DAY_AHEAD,3892.576917,3795.740662,96.836255
2020-12-18 14:00:00,load,random_forest,3796.341688,3765.390305,30.951383
2020-12-18 14:00:00,load,mlp,4042.730469,3765.390305,277.340164
2020-12-18 14:00:00,load,RTS_DAY_AHEAD,3861.206897,3765.390305,95.816592
2020-12-18 15:00:00,load,random_forest,3888.656343,3763.557358,125.098985
2020-12-18 15:00:00,load,mlp,4038.508545,3763.557358,274.951187
2020-12-18 15:00:00,load,RTS_DAY_AHEAD,3860.277644,3763.557358,96.720286
2020-12-18 16:00:00,load,random_forest,3999.881554,4007.03108,7.149526
2020-12-18 16:00:00,load,mlp,4078.959473,4007.03108,71.928392
2020-12-18 16:00:00,load,RTS_DAY_AHEAD,4113.50543,4007.03108,106.47435
2020-12-18 17:00:00,load,random_forest,4250.947092,4399.514533,148.567441
2020-12-18 17:00:00,load,mlp,4192.079102,4399.514533,207.435431
2020-12-18 17:00:00,load,RTS_DAY_AHEAD,4514.116819,4399.514533,114.602286
2020-12-18 18:00:00,load,random_forest,4447.499013,4357.362435,90.136578
2020-12-18 18:00:00,load,mlp,4180.590332,4357.362435,176.772102
2020-12-18 18:00:00,load,RTS_DAY_AHEAD,4470.472253,4357.362435,113.109818
2020-12-18 19:00:00,load,random_forest,4341.12662,4243.33365,97.79297
2020-12-18 19:00:00,load,mlp,4123.553223,4243.33365,119.780428
2020-12-18 19:00:00,load,RTS_DAY_AHEAD,4354.596106,4243.33365,111.262456
2020-12-18 20:00:00,load,random_forest,4181.99233,4131.452344,50.539986
2020-12-18 20:00:00,load,mlp,4053.291504,4131.452344,78.160841
2020-12-18 20:00:00,load,RTS_DAY_AHEAD,4240.090179,4131.452344,108.637835
2020-12-18 21:00:00,load,random_forest,4039.672511,3951.491173,88.181339
2020-12-18 21:00:00,load,mlp,3959.910645,3951.491173,8.419472
2020-12-18 21:00:00,load,RTS_DAY_AHEAD,4053.929983,3951.491173,102.43881
2020-12-18 22:00:00,load,random_forest,3828.345412,3704.805878,123.539534
2020-12-18 22:00:00,load,mlp,3834.032715,3704.805878,129.226836
2020-12-18 22:00:00,load,RTS_DAY_AHEAD,3799.660512,3704.805878,94.854634
2020-12-18 23:00:00,load,random_forest,3451.486691,3452.705255,1.218564
2020-12-18 23:00:00,load,mlp,3721.031982,3452.705255,268.326727
2020-12-18 23:00:00,load,RTS_DAY_AHEAD,3541.689434,3452.705255,88.984179
2020-12-19 00:00:00,load,random_forest,3257.507063,3286.3265,28.819437
2020-12-19 00:00:00,load,mlp,3614.53833,3286.3265,328.21183
2020-12-19 00:00:00,load,RTS_DAY_AHEAD,3372.586762,3286.3265,86.260262
2020-12-19 01:00:00,load,random_forest,3211.641488,3181.911862,29.729626
2020-12-19 01:00:00,load,mlp,3555.842529,3181.911862,373.930668
2020-12-19 01:00:00,load,RTS_DAY_AHEAD,3266.463221,3181.911862,84.55136
2020-12-19 02:00:00,load,random_forest,3136.82513,3133.370621,3.454509
2020-12-19 02:00:00,load,mlp,3522.119141,3133.370621,388.74852
2020-12-19 02:00:00,load,RTS_DAY_AHEAD,3218.008809,3133.370621,84.638188
2020-12-19 03:00:00,load,random_forest,3181.889671,3128.901521,52.988149
2020-12-19 03:00:00,load,mlp,3521.14917,3128.901521,392.247649
2020-12-19 03:00:00,load,RTS_DAY_AHEAD,3214.905711,3128.901521,86.00419
2020-12-19 04:00:00,load,random_forest,3307.538578,3175.852916,131.685663
2020-12-19 04:00:00,load,mlp,3559.717285,3175.852916,383.86437
2020-12-19 04:00:00,load,RTS_DAY_AHEAD,3265.684548,3175.852916,89.831632
2020-12-19 05:00:00,load,random_forest,3722.427334,3286.101066,436.326268
2020-12-19 05:00:00,load,mlp,3646.556152,3286.101066,360.455087
2020-12-19 05:00:00,load,RTS_DAY_AHEAD,3382.205926,3286.101066,96.10486
2020-12-19 06:00:00,load,random_forest,3755.097434,3394.179426,360.918008
2020-12-19 06:00:00,load,mlp,3767.280762,3394.179426,373.101336
2020-12-19 06:00:00,load,RTS_DAY_AHEAD,3495.266437,3394.179426,101.087011
2020-12-19 07:00:00,load,random_forest,3740.698117,3444.867661,295.830457
2020-12-19 07:00:00,load,mlp,3829.819092,3444.867661,384.951431
2020-12-19 07:00:00,load,RTS_DAY_AHEAD,3548.994647,3444.867661,104.126986
2020-12-19 08:00:00,load,random_forest,3884.912484,3568.977888,315.934596
2020-12-19 08:00:00,load,mlp,3884.903564,3568.977888,315.925677
2020-12-19 08:00:00,load,RTS_DAY_AHEAD,3673.473342,3568.977888,104.495454
2020-12-19 09:00:00,load,random_forest,3863.691879,3646.114465,217.577415
2020-12-19 09:00:00,load,mlp,3926.843018,3646.114465,280.728553
2020-12-19 09:00:00,load,RTS_DAY_AHEAD,3748.715403,3646.114465,102.600938
2020-12-19 10:00:00,load,random_forest,3770.772743,3645.72138,125.051362
2020-12-19 10:00:00,load,mlp,3967.987549,3645.72138,322.266168
2020-12-19 10:00:00,load,RTS_DAY_AHEAD,3745.01416,3645.72138,99.29278
2020-12-19 11:00:00,load,random_forest,3858.943322,3611.45843,247.484892
2020-12-19 11:00:00,load,mlp,4001.985596,3611.45843,390.527166
2020-12-19 11:00:00,load,RTS_DAY_AHEAD,3708.229306,3611.45843,96.770876
2020-12-19 12:00:00,load,random_forest,3715.527485,3561.899009,153.628477
2020-12-19 12:00:00,load,mlp,4022.821777,3561.899009,460.922769
2020-12-19 12:00:00,load,RTS_DAY_AHEAD,3656.15191,3561.899009,94.252901
2020-12-19 13:00:00,load,random_forest,3750.432239,3521.097618,229.334621
2020-12-19 13:00:00,load,mlp,4027.938965,3521.097618,506.841347
2020-12-19 13:00:00,load,RTS_DAY_AHEAD,3613.960951,3521.097618,92.863333
2020-12-19 14:00:00,load,random_forest,3847.561901,3488.717654,358.844247
2020-12-19 14:00:00,load,mlp,4026.319092,3488.717654,537.601438
2020-12-19 14:00:00,load,RTS_DAY_AHEAD,3581.560641,3488.717654,92.842987
2020-12-19 15:00:00,load,random_forest,3809.67805,3537.43305,272.245
2020-12-19 15:00:00,load,mlp,4020.483154,3537.43305,483.050104
2020-12-19 15:00:00,load,RTS_DAY_AHEAD,3632.903145,3537.43305,95.470095
2020-12-19 16:00:00,load,random_forest,3832.398618,3846.314356,13.915738
2020-12-19 16:00:00,load,mlp,4059.308594,3846.314356,212.994238
2020-12-19 16:00:00,load,RTS_DAY_AHEAD,3952.539527,3846.314356,106.225171
2020-12-19 17:00:00,load,random_forest,4178.829963,4186.448059,7.618096
2020-12-19 17:00:00,load,mlp,4152.966797,4186.448059,33.481262
2020-12-19 17:00:00,load,RTS_DAY_AHEAD,4299.333422,4186.448059,112.885363
2020-12-19 18:00:00,load,random_forest,4267.774672,4170.092696,97.681977
2020-12-19 18:00:00,load,mlp,4137.206543,4170.092696,32.886153
2020-12-19 18:00:00,load,RTS_DAY_AHEAD,4281.21754,4170.092696,111.124844
2020-12-19 19:00:00,load,random_forest,4186.89573,4092.340367,94.555363
2020-12-19 19:00:00,load,mlp,4083.790527,4092.340367,8.54984
2020-12-19 19:00:00,load,RTS_DAY_AHEAD,4201.362555,4092.340367,109.022188
2020-12-19 20:00:00,load,random_forest,4121.948329,4011.272782,110.675546
2020-12-19 20:00:00,load,mlp,4017.469971,4011.272782,6.197188
2020-12-19 20:00:00,load,RTS_DAY_AHEAD,4117.30768,4011.272782,106.034898
2020-12-19 21:00:00,load,random_forest,3950.689752,3751.452976,199.236775
2020-12-19 21:00:00,load,mlp,3925.955078,3751.452976,174.502102
2020-12-19 21:00:00,load,RTS_DAY_AHEAD,3851.468185,3751.452976,100.015209
2020-12-19 22:00:00,load,random_forest,3734.158738,3630.625771,103.532967
2020-12-19 22:00:00,load,mlp,3809.571777,3630.625771,178.946007
2020-12-19 22:00:00,load,RTS_DAY_AHEAD,3722.934669,3630.625771,92.308898
2020-12-19 23:00:00,load,random_forest,3439.6291,3425.65437,13.97473
2020-12-19 23:00:00,load,mlp,3699.735596,3425.65437,274.081226
2020-12-19 23:00:00,load,RTS_DAY_AHEAD,3512.790855,3425.65437,87.136486
2020-12-20 00:00:00,load,random_forest,3262.263254,3258.750426,3.512828
2020-12-20 00:00:00,load,mlp,3594.868408,3258.750426,336.117982
2020-12-20 00:00:00,load,RTS_DAY_AHEAD,3341.895158,3258.750426,83.144731
2020-12-20 01:00:00,load,random_forest,3165.308196,3167.036979,1.728783
2020-12-20 01:00:00,load,mlp,3537.212158,3167.036979,370.175179
2020-12-20 01:00:00,load,RTS_DAY_AHEAD,3248.060768,3167.036979,81.023789
2020-12-20 02:00:00,load,random_forest,3135.563285,3125.467742,10.095543
2020-12-20 02:00:00,load,mlp,3501.614014,3125.467742,376.146272
2020-12-20 02:00:00,load,RTS_DAY_AHEAD,3205.794815,3125.467742,80.327073
2020-12-20 03:00:00,load,random_forest,3086.946203,3109.105399,22.159195
2020-12-20 03:00:00,load,mlp,3498.458984,3109.105399,389.353586
2020-12-20 03:00:00,load,RTS_DAY_AHEAD,3189.83924,3109.105399,80.733841
2020-12-20 04:00:00,load,random_forest,3416.162093,3147.573555,268.588538
2020-12-20 04:00:00,load,mlp,3530.726562,3147.573555,383.153008
2020-12-20 04:00:00,load,RTS_DAY_AHEAD,3231.207221,3147.573555,83.633666
2020-12-20 05:00:00,load,random_forest,3218.535989,3212.028201,6.507788
2020-12-20 05:00:00,load,mlp,3602.349121,3212.028201,390.32092
2020-12-20 05:00:00,load,RTS_DAY_AHEAD,3299.528233,3212.028201,87.500032
2020-12-20 06:00:00,load,random_forest,3349.713089,3285.775296,63.937793
2020-12-20 06:00:00,load,mlp,3680.012207,3285.775296,394.236911
2020-12-20 06:00:00,load,RTS_DAY_AHEAD,3376.963639,3285.775296,91.188343
2020-12-20 07:00:00,load,random_forest,3602.30007,3337.644872,264.655197
2020-12-20 07:00:00,load,mlp,3719.672607,3337.644872,382.027735
2020-12-20 07:00:00,load,RTS_DAY_AHEAD,3432.724387,3337.644872,95.079515
2020-12-20 08:00:00,load,random_forest,3528.68593,3440.289291,88.39664
2020-12-20 08:00:00,load,mlp,3764.895996,3440.289291,324.606705
2020-12-20 08:00:00,load,RTS_DAY_AHEAD,3537.618651,3440.289291,97.32936
2020-12-20 09:00:00,load,random_forest,3455.376778,3493.621274,38.244497
2020-12-20 09:00:00,load,mlp,3819.947266,3493.621274,326.325991
2020-12-20 09:00:00,load,RTS_DAY_AHEAD,3592.771966,3493.621274,99.150692
2020-12-20 10:00:00,load,random_forest,3777.13864,3483.305919,293.832722
2020-12-20 10:00:00,load,mlp,3864.296143,3483.305919,380.990224
2020-12-20 10:00:00,load,RTS_DAY_AHEAD,3580.295168,3483.305919,96.989249
2020-12-20 11:00:00,load,random_forest,3639.208208,3456.464954,182.743255
2020-12-20 11:00:00,load,mlp,3889.252686,3456.464954,432.787732
2020-12-20 11:00:00,load,RTS_DAY_AHEAD,3551.620813,3456.464954,95.155859
2020-12-20 12:00:00,load,random_forest,3575.588353,3429.022032,146.566321
2020-12-20 12:00:00,load,mlp,3904.414551,3429.022032,475.392518
2020-12-20 12:00:00,load,RTS_DAY_AHEAD,3522.400482,3429.022032,93.37845
2020-12-20 13:00:00,load,random_forest,3496.344392,3405.65066,90.693731
2020-12-20 13:00:00,load,mlp,3915.098877,3405.65066,509.448217
2020-12-20 13:00:00,load,RTS_DAY_AHEAD,3497.606937,3405.65066,91.956277
2020-12-20 14:00:00,load,random_forest,3597.002395,3402.874808,194.127587
2020-12-20 14:00:00,load,mlp,3919.620361,3402.874808,516.745553
2020-12-20 14:00:00,load,RTS_DAY_AHEAD,3495.102702,3402.874808,92.227894
2020-12-20 15:00:00,load,random_forest,3492.375027,3443.460724,48.914303
2020-12-20 15:00:00,load,mlp,3924.063721,3443.460724,480.602997
2020-12-20 15:00:00,load,RTS_DAY_AHEAD,3538.334504,3443.460724,94.87378
2020-12-20 16:00:00,load,random_forest,3518.329925,3749.970886,231.640961
2020-12-20 16:00:00,load,mlp,3997.519531,3749.970886,247.548645
2020-12-20 16:00:00,load,RTS_DAY_AHEAD,3856.533164,3749.970886,106.562278
2020-12-20 17:00:00,load,random_forest,4070.52153,4231.216229,160.694699
2020-12-20 17:00:00,load,mlp,4103.87207,4231.216229,127.344159
2020-12-20 17:00:00,load,RTS_DAY_AHEAD,4347.989908,4231.216229,116.773679
2020-12-20 18:00:00,load,random_forest,4067.062109,4313.667581,246.605472
2020-12-20 18:00:00,load,mlp,4074.283203,4313.667581,239.384378
2020-12-20 18:00:00,load,RTS_DAY_AHEAD,4431.36271,4313.667581,117.695129
2020-12-20 19:00:00,load,random_forest,4013.620589,4294.813128,281.192539
2020-12-20 19:00:00,load,mlp,4019.091309,4294.813128,275.721819
2020-12-20 19:00:00,load,RTS_DAY_AHEAD,4410.769879,4294.813128,115.956751
2020-12-20 20:00:00,load,random_forest,3998.445327,4222.076214,223.630887
2020-12-20 20:00:00,load,mlp,3956.296387,4222.076214,265.779827
2020-12-20 20:00:00,load,RTS_DAY_AHEAD,4334.496086,4222.076214,112.419872
2020-12-20 21:00:00,load,random_forest,3861.939584,4040.840363,178.900779
2020-12-20 21:00:00,load,mlp,3859.595215,4040.840363,181.245148
2020-12-20 21:00:00,load,RTS_DAY_AHEAD,4144.775658,4040.840363,103.935295
2020-12-20 22:00:00,load,random_forest,3673.3396,3788.273517,114.933917
2020-12-20 22:00:00,load,mlp,3763.561768,3788.273517,24.711749
2020-12-20 22:00:00,load,RTS_DAY_AHEAD,3883.491039,3788.273517,95.217522
2020-12-20 23:00:00,load,random_forest,3371.801681,3535.442081,163.6404
2020-12-20 23:00:00,load,mlp,3663.140625,3535.442081,127.698544
2020-12-20 23:00:00,load,RTS_DAY_AHEAD,3625.580622,3535.442081,90.138541
2020-12-21 00:00:00,load,random_forest,3250.483047,3362.529778,112.046731
2020-12-21 00:00:00,load,mlp,3577.589111,3362.529778,215.059334
2020-12-21 00:00:00,load,RTS_DAY_AHEAD,3449.500157,3362.529778,86.970379
2020-12-21 01:00:00,load,random_forest,3159.831025,3287.783599,127.952573
2020-12-21 01:00:00,load,mlp,3521.011719,3287.783599,233.22812
2020-12-21 01:00:00,load,RTS_DAY_AHEAD,3374.087733,3287.783599,86.304134
2020-12-21 02:00:00,load,random_forest,3103.532618,3256.09386,152.561242
2020-12-21 02:00:00,load,mlp,3484.803467,3256.09386,228.709606
2020-12-21 02:00:00,load,RTS_DAY_AHEAD,3342.689603,3256.09386,86.595743
2020-12-21 03:00:00,load,random_forest,3078.522825,3298.745645,220.222819
2020-12-21 03:00:00,load,mlp,3469.750732,3298.745645,171.005088
2020-12-21 03:00:00,load,RTS_DAY_AHEAD,3389.613094,3298.745645,90.867449
2020-12-21 04:00:00,load,random_forest,3134.551593,3433.774011,299.222418
2020-12-21 04:00:00,load,mlp,3481.378906,3433.774011,47.604895
2020-12-21 04:00:00,load,RTS_DAY_AHEAD,3533.269378,3433.774011,99.495367
2020-12-21 05:00:00,load,random_forest,3398.602356,3706.286971,307.684616
2020-12-21 05:00:00,load,mlp,3522.942627,3706.286971,183.344344
2020-12-21 05:00:00,load,RTS_DAY_AHEAD,3818.454968,3706.286971,112.167997
2020-12-21 06:00:00,load,random_forest,3375.433483,3934.690466,559.256983
2020-12-21 06:00:00,load,mlp,3571.083984,3934.690466,363.606482
2020-12-21 06:00:00,load,RTS_DAY_AHEAD,4052.002177,3934.690466,117.311711
2020-12-21 07:00:00,load,random_forest,3639.373492,3978.925233,339.551741
2020-12-21 07:00:00,load,mlp,3621.950439,3978.925233,356.974794
2020-12-21 07:00:00,load,RTS_DAY_AHEAD,4093.541876,3978.925233,114.616643
2020-12-21 08:00:00,load,random_forest,3736.909606,4020.964031,284.054425
2020-12-21 08:00:00,load,mlp,3674.210938,4020.964031,346.753094
2020-12-21 08:00:00,load,RTS_DAY_AHEAD,4131.989192,4020.964031,111.025161
2020-12-21 09:00:00,load,random_forest,3808.59321,4064.820866,256.227657
2020-12-21 09:00:00,load,mlp,3727.699951,4064.820866,337.120915
2020-12-21 09:00:00,load,RTS_DAY_AHEAD,4174.195928,4064.820866,109.375062
2020-12-21 10:00:00,load,random_forest,3587.134789,4065.008294,477.873505
2020-12-21 10:00:00,load,mlp,3765.352783,4065.008294,299.655511
2020-12-21 10:00:00,load,RTS_DAY_AHEAD,4172.620149,4065.008294,107.611855
2020-12-21 11:00:00,load,random_forest,3527.363676,4011.512124,484.148448
2020-12-21 11:00:00,load,mlp,3790.087891,4011.512124,221.424233
2020-12-21 11:00:00,load,RTS_DAY_AHEAD,4116.528178,4011.512124,105.016054
2020-12-21 12:00:00,load,random_forest,3521.296546,3959.060086,437.76354
2020-12-21 12:00:00,load,mlp,3804.787109,3959.060086,154.272977
2020-12-21 12:00:00,load,RTS_DAY_AHEAD,4063.268346,3959.060086,104.20826
2020-12-21 13:00:00,load,random_forest,3770.268034,3916.443941,146.175907
2020-12-21 13:00:00,load,mlp,3815.311279,3916.443941,101.132661
2020-12-21 13:00:00,load,RTS_DAY_AHEAD,4018.61824,3916.443941,102.174299
2020-12-21 14:00:00,load,random_forest,3797.680266,3898.657428,100.977162
2020-12-21 14:00:00,load,mlp,3824.699951,3898.657428,73.957477
2020-12-21 14:00:00,load,RTS_DAY_AHEAD,4000.651235,3898.657428,101.993807
2020-12-21 15:00:00,load,random_forest,3667.795885,3959.094544,291.298658
2020-12-21 15:00:00,load,mlp,3850.544189,3959.094544,108.550354
2020-12-21 15:00:00,load,RTS_DAY_AHEAD,4064.525932,3959.094544,105.431388
2020-12-21 16:00:00,load,random_forest,3488.966539,4257.924657,768.958118
2020-12-21 16:00:00,load,mlp,3959.660889,4257.924657,298.263768
2020-12-21 16:00:00,load,RTS_DAY_AHEAD,4373.958442,4257.924657,116.033785
2020-12-21 17:00:00,load,random_forest,4067.015778,4777.54067,710.524892
2020-12-21 17:00:00,load,mlp,4093.667969,4777.54067,683.872701
2020-12-21 17:00:00,load,RTS_DAY_AHEAD,4905.18639,4777.54067,127.64572
2020-12-21 18:00:00,load,random_forest,4050.288047,4821.969685,771.681638
2020-12-21 18:00:00,load,mlp,4078.936768,4821.969685,743.032917
2020-12-21 18:00:00,load,RTS_DAY_AHEAD,4950.485222,4821.969685,128.515537
2020-12-21 19:00:00,load,random_forest,4205.259167,4768.064595,562.805429
2020-12-21 19:00:00,load,mlp,4038.73291,4768.064595,729.331685
2020-12-21 19:00:00,load,RTS_DAY_AHEAD,4895.106633,4768.064595,127.042037
2020-12-21 20:00:00,load,random_forest,4117.885584,4604.671376,486.785792
2020-12-21 20:00:00,load,mlp,3977.738281,4604.671376,626.933095
2020-12-21 20:00:00,load,RTS_DAY_AHEAD,4727.135223,4604.671376,122.463847
2020-12-21 21:00:00,load,random_forest,4044.104969,4352.368025,308.263056
2020-12-21 21:00:00,load,mlp,3867.254639,4352.368025,485.113387
2020-12-21 21:00:00,load,RTS_DAY_AHEAD,4465.125644,4352.368025,112.757619
2020-12-21 22:00:00,load,random_forest,3684.42657,3986.559004,302.132434
2020-12-21 22:00:00,load,mlp,3769.578857,3986.559004,216.980147
2020-12-21 22:00:00,load,RTS_DAY_AHEAD,4089.232658,3986.559004,102.673654
2020-12-21 23:00:00,load,random_forest,3480.594247,3698.492834,217.898588
2020-12-21 23:00:00,load,mlp,3671.171143,3698.492834,27.321692
2020-12-21 23:00:00,load,RTS_DAY_AHEAD,3795.522724,3698.492834,97.02989
2020-12-22 00:00:00,load,random_forest,3332.871478,3507.61979,174.748312
2020-12-22 00:00:00,load,mlp,3600.86377,3507.61979,93.24398
2020-12-22 00:00:00,load,RTS_DAY_AHEAD,3602.458322,3507.61979,94.838532
2020-12-22 01:00:00,load,random_forest,3179.45039,3423.397947,243.947557
2020-12-22 01:00:00,load,mlp,3549.905762,3423.397947,126.507815
2020-12-22 01:00:00,load,RTS_DAY_AHEAD,3518.326228,3423.397947,94.928281
2020-12-22 02:00:00,load,random_forest,3115.478287,3401.157506,285.679219
2020-12-22 02:00:00,load,mlp,3522.833252,3401.157506,121.675746
2020-12-22 02:00:00,load,RTS_DAY_AHEAD,3497.117112,3401.157506,95.959606
2020-12-22 03:00:00,load,random_forest,3116.97457,3447.904634,330.930064
2020-12-22 03:00:00,load,mlp,3518.380127,3447.904634,70.475493
2020-12-22 03:00:00,load,RTS_DAY_AHEAD,3548.468278,3447.904634,100.563644
2020-12-22 04:00:00,load,random_forest,3269.849894,3607.792815,337.942922
2020-12-22 04:00:00,load,mlp,3554.873779,3607.792815,52.919036
2020-12-22 04:00:00,load,RTS_DAY_AHEAD,3717.756549,3607.792815,109.963733
2020-12-22 05:00:00,load,random_forest,3414.695792,3885.305999,470.610206
2020-12-22 05:00:00,load,mlp,3638.11792,3885.305999,247.188079
2020-12-22 05:00:00,load,RTS_DAY_AHEAD,4007.893104,3885.305999,122.587105
2020-12-22 06:00:00,load,random_forest,3818.952348,4106.283471,287.331123
2020-12-22 06:00:00,load,mlp,3725.841309,4106.283471,380.442163
2020-12-22 06:00:00,load,RTS_DAY_AHEAD,4233.797286,4106.283471,127.513815
2020-12-22 07:00:00,load,random_forest,3943.120764,4138.62571,195.504946
2020-12-22 07:00:00,load,mlp,3772.180176,4138.62571,366.445534
2020-12-22 07:00:00,load,RTS_DAY_AHEAD,4261.450842,4138.62571,122.825133
2020-12-22 08:00:00,load,random_forest,3949.204606,4155.348207,206.143601
2020-12-22 08:00:00,load,mlp,3817.383301,4155.348207,337.964907
2020-12-22 08:00:00,load,RTS_DAY_AHEAD,4271.806227,4155.348207,116.45802
2020-12-22 09:00:00,load,random_forest,3915.881348,4149.065556,233.184208
2020-12-22 09:00:00,load,mlp,3861.854248,4149.065556,287.211308
2020-12-22 09:00:00,load,RTS_DAY_AHEAD,4261.189564,4149.065556,112.124008
2020-12-22 10:00:00,load,random_forest,3893.512541,4099.551742,206.039201
2020-12-22 10:00:00,load,mlp,3895.539062,4099.551742,204.012679
2020-12-22 10:00:00,load,RTS_DAY_AHEAD,4208.307856,4099.551742,108.756114
2020-12-22 11:00:00,load,random_forest,3909.512293,4015.946265,106.433972
2020-12-22 11:00:00,load,mlp,3916.944824,4015.946265,99.001441
2020-12-22 11:00:00,load,RTS_DAY_AHEAD,4121.769585,4015.946265,105.82332
2020-12-22 12:00:00,load,random_forest,3901.975263,3955.091506,53.116243
2020-12-22 12:00:00,load,mlp,3931.199219,3955.091506,23.892288
2020-12-22 12:00:00,load,RTS_DAY_AHEAD,4059.514349,3955.091506,104.422843
2020-12-22 13:00:00,load,random_forest,3869.042194,3895.395369,26.353175
2020-12-22 13:00:00,load,mlp,3941.568848,3895.395369,46.173479
2020-12-22 13:00:00,load,RTS_DAY_AHEAD,3998.519563,3895.395369,103.124194
2020-12-22 14:00:00,load,random_forest,3832.312371,3861.644839,29.332468
2020-12-22 14:00:00,load,mlp,3948.748779,3861.644839,87.10394
2020-12-22 14:00:00,load,RTS_DAY_AHEAD,3965.070826,3861.644839,103.425987
2020-12-22 15:00:00,load,random_forest,3807.893883,3892.398941,84.505058
2020-12-22 15:00:00,load,mlp,3969.877686,3892.398941,77.478744
2020-12-22 15:00:00,load,RTS_DAY_AHEAD,3999.075268,3892.398941,106.676327
2020-12-22 16:00:00,load,random_forest,4009.607865,4181.89435,172.286484
2020-12-22 16:00:00,load,mlp,4087.029297,4181.89435,94.865053
2020-12-22 16:00:00,load,RTS_DAY_AHEAD,4300.289195,4181.89435,118.394845
2020-12-22 17:00:00,load,random_forest,4384.158293,4696.688089,312.529796
2020-12-22 17:00:00,load,mlp,4252.905762,4696.688089,443.782328
2020-12-22 17:00:00,load,RTS_DAY_AHEAD,4826.173926,4696.688089,129.485837
2020-12-22 18:00:00,load,random_forest,4658.803846,4750.427039,91.623194
2020-12-22 18:00:00,load,mlp,4227.557617,4750.427039,522.869422
2020-12-22 18:00:00,load,RTS_DAY_AHEAD,4880.633505,4750.427039,130.206466
2020-12-22 19:00:00,load,random_forest,4655.659837,4704.994684,49.334847
2020-12-22 19:00:00,load,mlp,4196.96582,4704.994684,508.028864
2020-12-22 19:00:00,load,RTS_DAY_AHEAD,4834.319981,4704.994684,129.325297
2020-12-22 20:00:00,load,random_forest,4639.440463,4608.232338,31.208124
2020-12-22 20:00:00,load,mlp,4132.004883,4608.232338,476.227456
2020-12-22 20:00:00,load,RTS_DAY_AHEAD,4734.431298,4608.232338,126.19896
2020-12-22 21:00:00,load,random_forest,4241.569245,4377.456353,135.887108
2020-12-22 21:00:00,load,mlp,4020.891846,4377.456353,356.564508
2020-12-22 21:00:00,load,RTS_DAY_AHEAD,4495.099976,4377.456353,117.643622
2020-12-22 22:00:00,load,random_forest,4036.029568,4075.316688,39.287119
2020-12-22 22:00:00,load,mlp,3880.69458,4075.316688,194.622108
2020-12-22 22:00:00,load,RTS_DAY_AHEAD,4183.604115,4075.316688,108.287427
2020-12-22 23:00:00,load,random_forest,3632.153427,3793.502466,161.349039
2020-12-22 23:00:00,load,mlp,3770.11792,3793.502466,23.384546
2020-12-22 23:00:00,load,RTS_DAY_AHEAD,3897.122863,3793.502466,103.620397
2020-12-23 00:00:00,load,random_forest,3394.17589,3627.491733,233.315843
2020-12-23 00:00:00,load,mlp,3706.82666,3627.491733,79.334927
2020-12-23 00:00:00,load,RTS_DAY_AHEAD,3729.615079,3627.491733,102.123346
2020-12-23 01:00:00,load,random_forest,3293.634956,3539.775869,246.140913
2020-12-23 01:00:00,load,mlp,3656.269531,3539.775869,116.493662
2020-12-23 01:00:00,load,RTS_DAY_AHEAD,3641.941214,3539.775869,102.165345
2020-12-23 02:00:00,load,random_forest,3265.040745,3526.59704,261.556295
2020-12-23 02:00:00,load,mlp,3625.552002,3526.59704,98.954962
2020-12-23 02:00:00,load,RTS_DAY_AHEAD,3630.478794,3526.59704,103.881754
2020-12-23 03:00:00,load,random_forest,3306.114847,3578.208614,272.093768
2020-12-23 03:00:00,load,mlp,3627.121826,3578.208614,48.913212
2020-12-23 03:00:00,load,RTS_DAY_AHEAD,3686.837807,3578.208614,108.629193
2020-12-23 04:00:00,load,random_forest,3335.808451,3746.22791,410.41946
2020-12-23 04:00:00,load,mlp,3678.270752,3746.22791,67.957158
2020-12-23 04:00:00,load,RTS_DAY_AHEAD,3864.873522,3746.22791,118.645612
2020-12-23 05:00:00,load,random_forest,3574.055684,4035.169862,461.114178
2020-12-23 05:00:00,load,mlp,3784.233643,4035.169862,250.93622
2020-12-23 05:00:00,load,RTS_DAY_AHEAD,4165.916279,4035.169862,130.746417
2020-12-23 06:00:00,load,random_forest,3906.130214,4259.282115,353.151901
2020-12-23 06:00:00,load,mlp,3895.238281,4259.282115,364.043834
2020-12-23 06:00:00,load,RTS_DAY_AHEAD,4394.96291,4259.282115,135.680795
2020-12-23 07:00:00,load,random_forest,4072.246542,4263.997045,191.750503
2020-12-23 07:00:00,load,mlp,3953.279785,4263.997045,310.71726
2020-12-23 07:00:00,load,RTS_DAY_AHEAD,4395.00286,4263.997045,131.005815
2020-12-23 08:00:00,load,random_forest,4141.943093,4247.600357,105.657263
2020-12-23 08:00:00,load,mlp,3994.07666,4247.600357,253.523697
2020-12-23 08:00:00,load,RTS_DAY_AHEAD,4371.387085,4247.600357,123.786728
2020-12-23 09:00:00,load,random_forest,4003.70991,4196.917604,193.207694
2020-12-23 09:00:00,load,mlp,4031.505127,4196.917604,165.412477
2020-12-23 09:00:00,load,RTS_DAY_AHEAD,4314.666077,4196.917604,117.748473
2020-12-23 10:00:00,load,random_forest,4016.697588,4131.344397,114.646809
2020-12-23 10:00:00,load,mlp,4055.452637,4131.344397,75.891761
2020-12-23 10:00:00,load,RTS_DAY_AHEAD,4244.313878,4131.344397,112.969481
2020-12-23 11:00:00,load,random_forest,4000.602844,4050.104074,49.50123
2020-12-23 11:00:00,load,mlp,4067.802246,4050.104074,17.698172
2020-12-23 11:00:00,load,RTS_DAY_AHEAD,4158.897138,4050.104074,108.793064
2020-12-23 12:00:00,load,random_forest,3968.456156,3948.477151,19.979005
2020-12-23 12:00:00,load,mlp,4072.828857,3948.477151,124.351706
2020-12-23 12:00:00,load,RTS_DAY_AHEAD,4053.557022,3948.477151,105.079871
2020-12-23 13:00:00,load,random_forest,3865.375318,3880.827041,15.451723
2020-12-23 13:00:00,load,mlp,4070.897949,3880.827041,190.070909
2020-12-23 13:00:00,load,RTS_DAY_AHEAD,3983.75413,3880.827041,102.927089
2020-12-23 14:00:00,load,random_forest,3860.737289,3852.000664,8.736625
2020-12-23 14:00:00,load,mlp,4066.304199,3852.000664,214.303535
2020-12-23 14:00:00,load,RTS_DAY_AHEAD,3953.959445,3852.000664,101.958781
2020-12-23 15:00:00,load,random_forest,3755.369468,3852.346311,96.976844
2020-12-23 15:00:00,load,mlp,4076.865723,3852.346311,224.519411
2020-12-23 15:00:00,load,RTS_DAY_AHEAD,3956.358065,3852.346311,104.011754
2020-12-23 16:00:00,load,random_forest,4102.250042,4154.522103,52.272062
2020-12-23 16:00:00,load,mlp,4178.327637,4154.522103,23.805533
2020-12-23 16:00:00,load,RTS_DAY_AHEAD,4271.155964,4154.522103,116.633861
2020-12-23 17:00:00,load,random_forest,4350.947986,4706.963086,356.015101
2020-12-23 17:00:00,load,mlp,4320.391602,4706.963086,386.571485
2020-12-23 17:00:00,load,RTS_DAY_AHEAD,4836.761414,4706.963086,129.798328
2020-12-23 18:00:00,load,random_forest,4980.425889,4774.463941,205.961949
2020-12-23 18:00:00,load,mlp,4309.972168,4774.463941,464.491773
2020-12-23 18:00:00,load,RTS_DAY_AHEAD,4905.8525,4774.463941,131.388559
2020-12-23 19:00:00,load,random_forest,4702.058031,4746.081904,44.023873
2020-12-23 19:00:00,load,mlp,4272.46582,4746.081904,473.616084
2020-12-23 19:00:00,load,RTS_DAY_AHEAD,4876.490294,4746.081904,130.40839
2020-12-23 20:00:00,load,random_forest,4423.162879,4654.167102,231.004223
2020-12-23 20:00:00,load,mlp,4201.885254,4654.167102,452.281849
2020-12-23 20:00:00,load,RTS_DAY_AHEAD,4782.795334,4654.167102,128.628232
2020-12-23 21:00:00,load,random_forest,4273.549318,4447.695274,174.145956
2020-12-23 21:00:00,load,mlp,4089.28125,4447.695274,358.414024
2020-12-23 21:00:00,load,RTS_DAY_AHEAD,4568.131794,4447.695274,120.43652
2020-12-23 22:00:00,load,random_forest,4213.389867,4138.093982,75.295886
2020-12-23 22:00:00,load,mlp,3947.56958,4138.093982,190.524402
2020-12-23 22:00:00,load,RTS_DAY_AHEAD,4249.384739,4138.093982,111.290757
2020-12-23 23:00:00,load,random_forest,3745.059786,3866.441123,121.381337
2020-12-23 23:00:00,load,mlp,3829.165283,3866.441123,37.27584
2020-12-23 23:00:00,load,RTS_DAY_AHEAD,3973.363391,3866.441123,106.922268
2020-12-24 00:00:00,load,random_forest,3515.394476,3682.225935,166.831459
2020-12-24 00:00:00,load,mlp,3735.809326,3682.225935,53.583391
2020-12-24 00:00:00,load,RTS_DAY_AHEAD,3787.038203,3682.225935,104.812268
2020-12-24 01:00:00,load,random_forest,3349.492177,3599.623263,250.131087
2020-12-24 01:00:00,load,mlp,3671.250732,3599.623263,71.627469
2020-12-24 01:00:00,load,RTS_DAY_AHEAD,3704.482022,3599.623263,104.858759
2020-12-24 02:00:00,load,random_forest,3365.756369,3584.99098,219.234611
2020-12-24 02:00:00,load,mlp,3638.591064,3584.99098,53.600085
2020-12-24 02:00:00,load,RTS_DAY_AHEAD,3691.001882,3584.99098,106.010902
2020-12-24 03:00:00,load,random_forest,3364.979157,3635.616847,270.63769
2020-12-24 03:00:00,load,mlp,3642.573486,3635.616847,6.956639
2020-12-24 03:00:00,load,RTS_DAY_AHEAD,3746.453993,3635.616847,110.837146
2020-12-24 04:00:00,load,random_forest,3454.233528,3785.980085,331.746557
2020-12-24 04:00:00,load,mlp,3689.121582,3785.980085,96.858503
2020-12-24 04:00:00,load,RTS_DAY_AHEAD,3905.643599,3785.980085,119.663514
2020-12-24 05:00:00,load,random_forest,3859.323478,4056.754252,197.430775
2020-12-24 05:00:00,load,mlp,3788.577637,4056.754252,268.176615
2020-12-24 05:00:00,load,RTS_DAY_AHEAD,4188.503767,4056.754252,131.749515
2020-12-24 06:00:00,load,random_forest,4030.564455,4274.783062,244.218606
2020-12-24 06:00:00,load,mlp,3905.023438,4274.783062,369.759624
2020-12-24 06:00:00,load,RTS_DAY_AHEAD,4410.865178,4274.783062,136.082116
2020-12-24 07:00:00,load,random_forest,4099.187921,4269.572133,170.384212
2020-12-24 07:00:00,load,mlp,3978.687988,4269.572133,290.884145
2020-12-24 07:00:00,load,RTS_DAY_AHEAD,4401.136814,4269.572133,131.564681
2020-12-24 08:00:00,load,random_forest,4048.621537,4244.855317,196.23378
2020-12-24 08:00:00,load,mlp,4012.936035,4244.855317,231.919282
2020-12-24 08:00:00,load,RTS_DAY_AHEAD,4369.149137,4244.855317,124.29382
2020-12-24 09:00:00,load,random_forest,4055.808266,4210.207573,154.399307
2020-12-24 09:00:00,load,mlp,4043.739502,4210.207573,166.468071
2020-12-24 09:00:00,load,RTS_DAY_AHEAD,4328.5972,4210.207573,118.389627
2020-12-24 10:00:00,load,random_forest,3982.3733,4145.616435,163.243135
2020-12-24 10:00:00,load,mlp,4062.576172,4145.616435,83.040263
2020-12-24 10:00:00,load,RTS_DAY_AHEAD,4258.569574,4145.616435,112.953139
2020-12-24 11:00:00,load,random_forest,4079.963457,4053.355529,26.607929
2020-12-24 11:00:00,load,mlp,4073.389404,4053.355529,20.033876
2020-12-24 11:00:00,load,RTS_DAY_AHEAD,4161.648954,4053.355529,108.293426
2020-12-24 12:00:00,load,random_forest,3899.986113,3956.946052,56.959939
2020-12-24 12:00:00,load,mlp,4078.039062,3956.946052,121.09301
2020-12-24 12:00:00,load,RTS_DAY_AHEAD,4061.661745,3956.946052,104.715693
2020-12-24 13:00:00,load,random_forest,3894.817225,3885.041913,9.775312
2020-12-24 13:00:00,load,mlp,4071.424561,3885.041913,186.382647
2020-12-24 13:00:00,load,RTS_DAY_AHEAD,3986.839318,3885.041913,101.797405
2020-12-24 14:00:00,load,random_forest,3818.447088,3862.321214,43.874126
2020-12-24 14:00:00,load,mlp,4065.863281,3862.321214,203.542068
2020-12-24 14:00:00,load,RTS_DAY_AHEAD,3963.042243,3862.321214,100.721029
2020-12-24 15:00:00,load,random_forest,3765.393537,3867.888746,102.495208
2020-12-24 15:00:00,load,mlp,4067.561035,3867.888746,199.672289
2020-12-24 15:00:00,load,RTS_DAY_AHEAD,3971.212891,3867.888746,103.324145
2020-12-24 16:00:00,load,random_forest,4036.317378,4138.221753,101.904376
2020-12-24 16:00:00,load,mlp,4148.96875,4138.221753,10.746997
2020-12-24 16:00:00,load,RTS_DAY_AHEAD,4253.536772,4138.221753,115.315018
2020-12-24 17:00:00,load,random_forest,4419.823289,4666.328026,246.504736
2020-12-24 17:00:00,load,mlp,4283.353516,4666.328026,382.97451
2020-12-24 17:00:00,load,RTS_DAY_AHEAD,4793.62698,4666.328026,127.298954
2020-12-24 18:00:00,load,random_forest,4736.179139,4738.447206,2.268067
2020-12-24 18:00:00,load,mlp,4288.46875,4738.447206,449.978456
2020-12-24 18:00:00,load,RTS_DAY_AHEAD,4867.180099,4738.447206,128.732893
2020-12-24 19:00:00,load,random_forest,4557.527044,4667.409282,109.882238
2020-12-24 19:00:00,load,mlp,4250.846191,4667.409282,416.56309
2020-12-24 19:00:00,load,RTS_DAY_AHEAD,4795.553468,4667.409282,128.144186
2020-12-24 20:00:00,load,random_forest,4454.804026,4576.1194,121.315374
2020-12-24 20:00:00,load,mlp,4191.756348,4576.1194,384.363052
2020-12-24 20:00:00,load,RTS_DAY_AHEAD,4701.927483,4576.1194,125.808083
2020-12-24 21:00:00,load,random_forest,4328.329079,4385.551155,57.222076
2020-12-24 21:00:00,load,mlp,4093.529785,4385.551155,292.02137
2020-12-24 21:00:00,load,RTS_DAY_AHEAD,4504.040226,4385.551155,118.489071
2020-12-24 22:00:00,load,random_forest,4128.445377,4083.638615,44.806762
2020-12-24 22:00:00,load,mlp,3975.85083,4083.638615,107.787785
2020-12-24 22:00:00,load,RTS_DAY_AHEAD,4193.18169,4083.638615,109.543075
2020-12-24 23:00:00,load,random_forest,4036.129014,3796.645497,239.483517
2020-12-24 23:00:00,load,mlp,3857.69458,3796.645497,61.049083
2020-12-24 23:00:00,load,RTS_DAY_AHEAD,3901.101462,3796.645497,104.455965
2020-12-25 00:00:00,load,random_forest,3644.393813,3600.577216,43.816597
2020-12-25 00:00:00,load,mlp,3744.897705,3600.577216,144.320489
2020-12-25 00:00:00,load,RTS_DAY_AHEAD,3702.498636,3600.577216,101.92142
2020-12-25 01:00:00,load,random_forest,3482.353448,3507.064866,24.711418
2020-12-25 01:00:00,load,mlp,3673.617676,3507.064866,166.55281
2020-12-25 01:00:00,load,RTS_DAY_AHEAD,3608.093979,3507.064866,101.029113
2020-12-25 02:00:00,load,random_forest,3488.203968,3457.415043,30.788924
2020-12-25 02:00:00,load,mlp,3643.404785,3457.415043,185.989742
2020-12-25 02:00:00,load,RTS_DAY_AHEAD,3558.581031,3457.415043,101.165988
2020-12-25 03:00:00,load,random_forest,3474.275757,3473.193527,1.08223
2020-12-25 03:00:00,load,mlp,3647.212402,3473.193527,174.018875
2020-12-25 03:00:00,load,RTS_DAY_AHEAD,3577.013175,3473.193527,103.819648
2020-12-25 04:00:00,load,random_forest,3823.735071,3586.232852,237.502219
2020-12-25 04:00:00,load,mlp,3687.777344,3586.232852,101.544492
2020-12-25 04:00:00,load,RTS_DAY_AHEAD,3697.481731,3586.232852,111.248879
2020-12-25 05:00:00,load,random_forest,3852.877828,3798.029305,54.848522
2020-12-25 05:00:00,load,mlp,3781.796387,3798.029305,16.232919
2020-12-25 05:00:00,load,RTS_DAY_AHEAD,3919.164617,3798.029305,121.135312
2020-12-25 06:00:00,load,random_forest,4038.810445,4009.118696,29.691749
2020-12-25 06:00:00,load,mlp,3894.067139,4009.118696,115.051557
2020-12-25 06:00:00,load,RTS_DAY_AHEAD,4135.4936,4009.118696,126.374904
2020-12-25 07:00:00,load,random_forest,4078.924421,4082.769223,3.844803
2020-12-25 07:00:00,load,mlp,3973.041504,4082.769223,109.72772
2020-12-25 07:00:00,load,RTS_DAY_AHEAD,4208.131077,4082.769223,125.361854
2020-12-25 08:00:00,load,random_forest,4083.839136,4140.63732,56.798184
2020-12-25 08:00:00,load,mlp,4005.616455,4140.63732,135.020865
2020-12-25 08:00:00,load,RTS_DAY_AHEAD,4263.115056,4140.63732,122.477736
2020-12-25 09:00:00,load,random_forest,4088.922584,4160.582931,71.660348
2020-12-25 09:00:00,load,mlp,4030.190918,4160.582931,130.392013
2020-12-25 09:00:00,load,RTS_DAY_AHEAD,4280.328639,4160.582931,119.745708
2020-12-25 10:00:00,load,random_forest,4224.82044,4161.693467,63.126973
2020-12-25 10:00:00,load,mlp,4053.891113,4161.693467,107.802353
2020-12-25 10:00:00,load,RTS_DAY_AHEAD,4281.309755,4161.693467,119.616288
2020-12-25 11:00:00,load,random_forest,4053.71539,4073.070932,19.355542
2020-12-25 11:00:00,load,mlp,4064.875732,4073.070932,8.195199
2020-12-25 11:00:00,load,RTS_DAY_AHEAD,4189.906738,4073.070932,116.835806
2020-12-25 12:00:00,load,random_forest,3839.422686,3958.046235,118.623549
2020-12-25 12:00:00,load,mlp,4072.598877,3958.046235,114.552642
2020-12-25 12:00:00,load,RTS_DAY_AHEAD,4072.53538,3958.046235,114.489145
2020-12-25 13:00:00,load,random_forest,3897.489689,3873.095552,24.394137
2020-12-25 13:00:00,load,mlp,4073.02417,3873.095552,199.928618
2020-12-25 13:00:00,load,RTS_DAY_AHEAD,3985.988066,3873.095552,112.892514
2020-12-25 14:00:00,load,random_forest,3838.151595,3819.37639,18.775205
2020-12-25 14:00:00,load,mlp,4068.992188,3819.37639,249.615798
2020-12-25 14:00:00,load,RTS_DAY_AHEAD,3931.124035,3819.37639,111.747645
2020-12-25 15:00:00,load,random_forest,3828.262426,3809.60156,18.660866
2020-12-25 15:00:00,load,mlp,4063.907471,3809.60156,254.305911
2020-12-25 15:00:00,load,RTS_DAY_AHEAD,3922.858058,3809.60156,113.256498
2020-12-25 16:00:00,load,random_forest,4022.481426,4041.391177,18.909751
2020-12-25 16:00:00,load,mlp,4114.777344,4041.391177,73.386167
2020-12-25 16:00:00,load,RTS_DAY_AHEAD,4163.140707,4041.391177,121.74953
2020-12-25 17:00:00,load,random_forest,4507.981197,4486.232731,21.748466
2020-12-25 17:00:00,load,mlp,4249.725098,4486.232731,236.507633
2020-12-25 17:00:00,load,RTS_DAY_AHEAD,4614.631646,4486.232731,128.398915
2020-12-25 18:00:00,load,random_forest,4829.243475,4515.425791,313.817684
2020-12-25 18:00:00,load,mlp,4255.969727,4515.425791,259.456064
2020-12-25 18:00:00,load,RTS_DAY_AHEAD,4642.759784,4515.425791,127.333993
2020-12-25 19:00:00,load,random_forest,4534.869013,4444.431296,90.437716
2020-12-25 19:00:00,load,mlp,4227.873535,4444.431296,216.557761
2020-12-25 19:00:00,load,RTS_DAY_AHEAD,4570.07749,4444.431296,125.646194
2020-12-25 20:00:00,load,random_forest,4561.55347,4353.701258,207.852212
2020-12-25 20:00:00,load,mlp,4171.388672,4353.701258,182.312586
2020-12-25 20:00:00,load,RTS_DAY_AHEAD,4477.286654,4353.701258,123.585396
2020-12-25 21:00:00,load,random_forest,4306.443571,4197.788648,108.654922
2020-12-25 21:00:00,load,mlp,4078.746094,4197.788648,119.042555
2020-12-25 21:00:00,load,RTS_DAY_AHEAD,4315.728978,4197.788648,117.94033
2020-12-25 22:00:00,load,random_forest,4074.358365,3968.754564,105.603802
2020-12-25 22:00:00,load,mlp,3965.344238,3968.754564,3.410326
2020-12-25 22:00:00,load,RTS_DAY_AHEAD,4079.323855,3968.754564,110.569291
2020-12-25 23:00:00,load,random_forest,4013.982602,3735.610213,278.372389
2020-12-25 23:00:00,load,mlp,3843.641357,3735.610213,108.031144
2020-12-25 23:00:00,load,RTS_DAY_AHEAD,3841.146855,3735.610213,105.536642
2020-12-26 00:00:00,load,random_forest,3519.916906,3555.855233,35.938327
2020-12-26 00:00:00,load,mlp,3721.559082,3555.855233,165.703849
2020-12-26 00:00:00,load,RTS_DAY_AHEAD,3658.833354,3555.855233,102.978121
2020-12-26 01:00:00,load,random_forest,3464.211165,3452.365855,11.84531
2020-12-26 01:00:00,load,mlp,3665.462891,3452.365855,213.097035
2020-12-26 01:00:00,load,RTS_DAY_AHEAD,3554.107228,3452.365855,101.741373
2020-12-26 02:00:00,load,random_forest,3569.231817,3410.0813,159.150517
2020-12-26 02:00:00,load,mlp,3637.764893,3410.0813,227.683592
2020-12-26 02:00:00,load,RTS_DAY_AHEAD,3512.355942,3410.0813,102.274642
2020-12-26 03:00:00,load,random_forest,3594.488411,3399.362649,195.125762
2020-12-26 03:00:00,load,mlp,3638.160645,3399.362649,238.797996
2020-12-26 03:00:00,load,RTS_DAY_AHEAD,3503.070296,3399.362649,103.707647
2020-12-26 04:00:00,load,random_forest,3604.378046,3456.648928,147.729118
2020-12-26 04:00:00,load,mlp,3678.57959,3456.648928,221.930661
2020-12-26 04:00:00,load,RTS_DAY_AHEAD,3564.075742,3456.648928,107.426814
2020-12-26 05:00:00,load,random_forest,3526.329383,3568.983409,42.654026
2020-12-26 05:00:00,load,mlp,3769.923096,3568.983409,200.939687
2020-12-26 05:00:00,load,RTS_DAY_AHEAD,3682.752895,3568.983409,113.769486
2020-12-26 06:00:00,load,random_forest,4039.956714,3674.148277,365.808438
2020-12-26 06:00:00,load,mlp,3872.125732,3674.148277,197.977456
2020-12-26 06:00:00,load,RTS_DAY_AHEAD,3793.118364,3674.148277,118.970087
2020-12-26 07:00:00,load,random_forest,4060.989399,3675.42308,385.566319
2020-12-26 07:00:00,load,mlp,3929.703125,3675.42308,254.280045
2020-12-26 07:00:00,load,RTS_DAY_AHEAD,3795.58642,3675.42308,120.16334
2020-12-26 08:00:00,load,random_forest,4052.401473,3716.762897,335.638575
2020-12-26 08:00:00,load,mlp,3967.203613,3716.762897,250.440716
2020-12-26 08:00:00,load,RTS_DAY_AHEAD,3834.585647,3716.762897,117.82275
2020-12-26 09:00:00,load,random_forest,4050.318946,3720.942205,329.376741
2020-12-26 09:00:00,load,mlp,4004.003174,3720.942205,283.060968
2020-12-26 09:00:00,load,RTS_DAY_AHEAD,3834.618225,3720.942205,113.67602
2020-12-26 10:00:00,load,random_forest,3950.475076,3671.23563,279.239445
2020-12-26 10:00:00,load,mlp,4033.754639,3671.23563,362.519008
2020-12-26 10:00:00,load,RTS_DAY_AHEAD,3779.722091,3671.23563,108.48646
2020-12-26 11:00:00,load,random_forest,3856.850895,3588.595606,268.255289
2020-12-26 11:00:00,load,mlp,4054.546387,3588.595606,465.950781
2020-12-26 11:00:00,load,RTS_DAY_AHEAD,3691.856203,3588.595606,103.260597
2020-12-26 12:00:00,load,random_forest,3868.666925,3506.50303,362.163895
2020-12-26 12:00:00,load,mlp,4051.090576,3506.50303,544.587546
2020-12-26 12:00:00,load,RTS_DAY_AHEAD,3605.302937,3506.50303,98.799907
2020-12-26 13:00:00,load,random_forest,3874.305818,3437.237954,437.067864
2020-12-26 13:00:00,load,mlp,4047.420654,3437.237954,610.182701
2020-12-26 13:00:00,load,RTS_DAY_AHEAD,3532.44877,3437.237954,95.210816
2020-12-26 14:00:00,load,random_forest,3794.195849,3401.045846,393.150003
2020-12-26 14:00:00,load,mlp,4043.089844,3401.045846,642.043998
2020-12-26 14:00:00,load,RTS_DAY_AHEAD,3494.814852,3401.045846,93.769006
2020-12-26 15:00:00,load,random_forest,3723.879746,3399.890272,323.989475
2020-12-26 15:00:00,load,mlp,4038.233643,3399.890272,638.343371
2020-12-26 15:00:00,load,RTS_DAY_AHEAD,3494.913178,3399.890272,95.022906
2020-12-26 16:00:00,load,random_forest,3881.337443,3641.815687,239.521755
2020-12-26 16:00:00,load,mlp,4090.709473,3641.815687,448.893785
2020-12-26 16:00:00,load,RTS_DAY_AHEAD,3747.332117,3641.815687,105.51643
2020-12-26 17:00:00,load,random_forest,4279.187235,4105.751151,173.436084
2020-12-26 17:00:00,load,mlp,4211.221191,4105.751151,105.470041
2020-12-26 17:00:00,load,RTS_DAY_AHEAD,4222.44696,4105.751151,116.695809
2020-12-26 18:00:00,load,random_forest,4519.889566,4165.966758,353.922808
2020-12-26 18:00:00,load,mlp,4208.547363,4165.966758,42.580606
2020-12-26 18:00:00,load,RTS_DAY_AHEAD,4283.090709,4165.966758,117.123951
2020-12-26 19:00:00,load,random_forest,4494.098467,4158.600031,335.498436
2020-12-26 19:00:00,load,mlp,4162.547852,4158.600031,3.947821
2020-12-26 19:00:00,load,RTS_DAY_AHEAD,4275.958152,4158.600031,117.358121
2020-12-26 20:00:00,load,random_forest,4268.969009,4096.863261,172.105748
2020-12-26 20:00:00,load,mlp,4104.241211,4096.863261,7.37795
2020-12-26 20:00:00,load,RTS_DAY_AHEAD,4212.285704,4096.863261,115.422443
2020-12-26 21:00:00,load,random_forest,4186.819188,3999.785037,187.034152
2020-12-26 21:00:00,load,mlp,4017.632324,3999.785037,17.847288
2020-12-26 21:00:00,load,RTS_DAY_AHEAD,4111.105086,3999.785037,111.320049
2020-12-26 22:00:00,load,random_forest,4014.276762,3823.133488,191.143274
2020-12-26 22:00:00,load,mlp,3905.187012,3823.133488,82.053524
2020-12-26 22:00:00,load,RTS_DAY_AHEAD,3928.186487,3823.133488,105.052999
2020-12-26 23:00:00,load,random_forest,3844.592736,3629.395524,215.197212
2020-12-26 23:00:00,load,mlp,3789.960205,3629.395524,160.564681
2020-12-26 23:00:00,load,RTS_DAY_AHEAD,3729.549223,3629.395524,100.153699
2020-12-27 00:00:00,load,random_forest,3547.932731,3465.064016,82.868715
2020-12-27 00:00:00,load,mlp,3695.328613,3465.064016,230.264598
2020-12-27 00:00:00,load,RTS_DAY_AHEAD,3562.771555,3465.064016,97.707539
2020-12-27 01:00:00,load,random_forest,3523.847808,3367.683283,156.164526
2020-12-27 01:00:00,load,mlp,3637.434814,3367.683283,269.751532
2020-12-27 01:00:00,load,RTS_DAY_AHEAD,3464.027062,3367.683283,96.343779
2020-12-27 02:00:00,load,random_forest,3381.765471,3319.310043,62.455428
2020-12-27 02:00:00,load,mlp,3608.151855,3319.310043,288.841812
2020-12-27 02:00:00,load,RTS_DAY_AHEAD,3416.14309,3319.310043,96.833047
2020-12-27 03:00:00,load,random_forest,3558.79102,3310.013879,248.77714
2020-12-27 03:00:00,load,mlp,3599.424316,3310.013879,289.410437
2020-12-27 03:00:00,load,RTS_DAY_AHEAD,3408.297124,3310.013879,98.283245
2020-12-27 04:00:00,load,random_forest,3556.083457,3364.951252,191.132205
2020-12-27 04:00:00,load,mlp,3626.655518,3364.951252,261.704265
2020-12-27 04:00:00,load,RTS_DAY_AHEAD,3467.155284,3364.951252,102.204032
2020-12-27 05:00:00,load,random_forest,3597.440173,3469.406263,128.03391
2020-12-27 05:00:00,load,mlp,3684.912598,3469.406263,215.506335
2020-12-27 05:00:00,load,RTS_DAY_AHEAD,3577.255422,3469.406263,107.849159
2020-12-27 06:00:00,load,random_forest,3715.586437,3538.838083,176.748355
2020-12-27 06:00:00,load,mlp,3756.257812,3538.838083,217.41973
2020-12-27 06:00:00,load,RTS_DAY_AHEAD,3651.122458,3538.838083,112.284375
2020-12-27 07:00:00,load,random_forest,3882.278087,3543.220433,339.057654
2020-12-27 07:00:00,load,mlp,3799.171143,3543.220433,255.950709
2020-12-27 07:00:00,load,RTS_DAY_AHEAD,3657.133594,3543.220433,113.913161
2020-12-27 08:00:00,load,random_forest,3837.474393,3553.506106,283.968287
2020-12-27 08:00:00,load,mlp,3852.789062,3553.506106,299.282957
2020-12-27 08:00:00,load,RTS_DAY_AHEAD,3664.425341,3553.506106,110.919236
2020-12-27 09:00:00,load,random_forest,3961.612407,3535.900599,425.711808
2020-12-27 09:00:00,load,mlp,3902.539795,3535.900599,366.639196
2020-12-27 09:00:00,load,RTS_DAY_AHEAD,3642.102524,3535.900599,106.201925
2020-12-27 10:00:00,load,random_forest,3970.465537,3490.617914,479.847623
2020-12-27 10:00:00,load,mlp,3933.912109,3490.617914,443.294196
2020-12-27 10:00:00,load,RTS_DAY_AHEAD,3592.377865,3490.617914,101.759951
2020-12-27 11:00:00,load,random_forest,3688.451675,3432.356191,256.095483
2020-12-27 11:00:00,load,mlp,3944.580566,3432.356191,512.224375
2020-12-27 11:00:00,load,RTS_DAY_AHEAD,3529.860189,3432.356191,97.503998
2020-12-27 12:00:00,load,random_forest,3529.024936,3385.995567,143.02937
2020-12-27 12:00:00,load,mlp,3941.591309,3385.995567,555.595742
2020-12-27 12:00:00,load,RTS_DAY_AHEAD,3480.83609,3385.995567,94.840523
2020-12-27 13:00:00,load,random_forest,3363.454971,3355.889369,7.565602
2020-12-27 13:00:00,load,mlp,3939.783936,3355.889369,583.894567
2020-12-27 13:00:00,load,RTS_DAY_AHEAD,3448.25793,3355.889369,92.368561
2020-12-27 14:00:00,load,random_forest,3470.091309,3336.856706,133.234603
2020-12-27 14:00:00,load,mlp,3937.834717,3336.856706,600.978011
2020-12-27 14:00:00,load,RTS_DAY_AHEAD,3428.394771,3336.856706,91.538065
2020-12-27 15:00:00,load,random_forest,3424.042691,3349.007667,75.035023
2020-12-27 15:00:00,load,mlp,3945.687988,3349.007667,596.680321
2020-12-27 15:00:00,load,RTS_DAY_AHEAD,3441.41297,3349.007667,92.405303
2020-12-27 16:00:00,load,random_forest,3624.629667,3555.338377,69.29129
2020-12-27 16:00:00,load,mlp,4024.485596,3555.338377,469.147218
2020-12-27 16:00:00,load,RTS_DAY_AHEAD,3656.431795,3555.338377,101.093418
2020-12-27 17:00:00,load,random_forest,3876.817194,3963.951483,87.134289
2020-12-27 17:00:00,load,mlp,4131.115723,3963.951483,167.164239
2020-12-27 17:00:00,load,RTS_DAY_AHEAD,4073.193035,3963.951483,109.241552
2020-12-27 18:00:00,load,random_forest,4269.696983,3959.213529,310.483454
2020-12-27 18:00:00,load,mlp,4125.295898,3959.213529,166.082369
2020-12-27 18:00:00,load,RTS_DAY_AHEAD,4067.896323,3959.213529,108.682794
2020-12-27 19:00:00,load,random_forest,4164.392043,3901.006755,263.385288
2020-12-27 19:00:00,load,mlp,4083.93042,3901.006755,182.923665
2020-12-27 19:00:00,load,RTS_DAY_AHEAD,4009.167837,3901.006755,108.161082
2020-12-27 20:00:00,load,random_forest,4070.783644,3845.48511,225.298533
2020-12-27 20:00:00,load,mlp,4029.57959,3845.48511,184.094479
2020-12-27 20:00:00,load,RTS_DAY_AHEAD,3953.06662,3845.48511,107.58151
2020-12-27 21:00:00,load,random_forest,4018.339451,3766.046507,252.292944
2020-12-27 21:00:00,load,mlp,3934.443359,3766.046507,168.396853
2020-12-27 21:00:00,load,RTS_DAY_AHEAD,3871.117924,3766.046507,105.071417
2020-12-27 22:00:00,load,random_forest,3942.908535,3650.334929,292.573605
2020-12-27 22:00:00,load,mlp,3841.36792,3650.334929,191.032991
2020-12-27 22:00:00,load,RTS_DAY_AHEAD,3750.990537,3650.334929,100.655608
2020-12-27 23:00:00,load,random_forest,3913.343726,3501.386516,411.957209
2020-12-27 23:00:00,load,mlp,3741.055176,3501.386516,239.668659
2020-12-27 23:00:00,load,RTS_DAY_AHEAD,3598.503543,3501.386516,97.117027
2020-12-28 00:00:00,load,random_forest,3385.98959,3375.602601,10.386989
2020-12-28 00:00:00,load,mlp,3658.328125,3375.602601,282.725524
2020-12-28 00:00:00,load,RTS_DAY_AHEAD,3470.453147,3375.602601,94.850546
2020-12-28 01:00:00,load,random_forest,3351.846676,3310.831584,41.015092
2020-12-28 01:00:00,load,mlp,3598.740723,3310.831584,287.909138
2020-12-28 01:00:00,load,RTS_DAY_AHEAD,3405.114502,3310.831584,94.282918
2020-12-28 02:00:00,load,random_forest,3428.136397,3267.975737,160.16066
2020-12-28 02:00:00,load,mlp,3566.779785,3267.975737,298.804048
2020-12-28 02:00:00,load,RTS_DAY_AHEAD,3362.98087,3267.975737,95.005133
2020-12-28 03:00:00,load,random_forest,3437.454802,3264.043863,173.410939
2020-12-28 03:00:00,load,mlp,3551.642578,3264.043863,287.598715
2020-12-28 03:00:00,load,RTS_DAY_AHEAD,3360.553383,3264.043863,96.50952
2020-12-28 04:00:00,load,random_forest,3327.286828,3307.38334,19.903488
2020-12-28 04:00:00,load,mlp,3566.641113,3307.38334,259.257774
2020-12-28 04:00:00,load,RTS_DAY_AHEAD,3407.879597,3307.38334,100.496257
2020-12-28 05:00:00,load,random_forest,3603.314416,3405.627098,197.687318
2020-12-28 05:00:00,load,mlp,3609.332031,3405.627098,203.704933
2020-12-28 05:00:00,load,RTS_DAY_AHEAD,3511.801585,3405.627098,106.174487
2020-12-28 06:00:00,load,random_forest,3694.328936,3443.844109,250.484828
2020-12-28 06:00:00,load,mlp,3661.729004,3443.844109,217.884895
2020-12-28 06:00:00,load,RTS_DAY_AHEAD,3553.748958,3443.844109,109.904849
2020-12-28 07:00:00,load,random_forest,3643.292919,3405.843298,237.449621
2020-12-28 07:00:00,load,mlp,3695.937988,3405.843298,290.09469
2020-12-28 07:00:00,load,RTS_DAY_AHEAD,3514.644983,3405.843298,108.801685
2020-12-28 08:00:00,load,random_forest,3578.348698,3376.843401,201.505297
2020-12-28 08:00:00,load,mlp,3743.688721,3376.843401,366.84532
2020-12-28 08:00:00,load,RTS_DAY_AHEAD,3480.95845,3376.843401,104.115049
2020-12-28 09:00:00,load,random_forest,3754.523581,3364.746796,389.776785
2020-12-28 09:00:00,load,mlp,3776.110107,3364.746796,411.363312
2020-12-28 09:00:00,load,RTS_DAY_AHEAD,3464.996588,3364.746796,100.249792
2020-12-28 10:00:00,load,random_forest,3617.465554,3333.127744,284.337811
2020-12-28 10:00:00,load,mlp,3794.099609,3333.127744,460.971866
2020-12-28 10:00:00,load,RTS_DAY_AHEAD,3428.999826,3333.127744,95.872082
2020-12-28 11:00:00,load,random_forest,3548.617048,3291.936519,256.680528
2020-12-28 11:00:00,load,mlp,3805.707764,3291.936519,513.771245
2020-12-28 11:00:00,load,RTS_DAY_AHEAD,3383.846986,3291.936519,91.910467
2020-12-28 12:00:00,load,random_forest,3573.368777,3248.4915,324.877277
2020-12-28 12:00:00,load,mlp,3811.056641,3248.4915,562.565141
2020-12-28 12:00:00,load,RTS_DAY_AHEAD,3336.918893,3248.4915,88.427393
2020-12-28 13:00:00,load,random_forest,3588.342944,3195.060805,393.282139
2020-12-28 13:00:00,load,mlp,3814.39502,3195.060805,619.334215
2020-12-28 13:00:00,load,RTS_DAY_AHEAD,3280.640405,3195.060805,85.5796
2020-12-28 14:00:00,load,random_forest,3680.131994,3160.936121,519.195873
2020-12-28 14:00:00,load,mlp,3819.867188,3160.936121,658.931066
2020-12-28 14:00:00,load,RTS_DAY_AHEAD,3244.472766,3160.936121,83.536644
2020-12-28 15:00:00,load,random_forest,3603.141424,3171.597069,431.544356
2020-12-28 15:00:00,load,mlp,3832.143066,3171.597069,660.545997
2020-12-28 15:00:00,load,RTS_DAY_AHEAD,3255.548305,3171.597069,83.951236
2020-12-28 16:00:00,load,random_forest,3607.555914,3350.112709,257.443205
2020-12-28 16:00:00,load,mlp,3934.635986,3350.112709,584.523277
2020-12-28 16:00:00,load,RTS_DAY_AHEAD,3442.144934,3350.112709,92.032225
2020-12-28 17:00:00,load,random_forest,4088.742652,3722.932477,365.810176
2020-12-28 17:00:00,load,mlp,4071.863281,3722.932477,348.930805
2020-12-28 17:00:00,load,RTS_DAY_AHEAD,3825.446722,3722.932477,102.514245
2020-12-28 18:00:00,load,random_forest,4030.537194,3770.606123,259.931071
2020-12-28 18:00:00,load,mlp,4073.058105,3770.606123,302.451983
2020-12-28 18:00:00,load,RTS_DAY_AHEAD,3875.15265,3770.606123,104.546527
2020-12-28 19:00:00,load,random_forest,3980.698324,3776.15973,204.538594
2020-12-28 19:00:00,load,mlp,4042.128418,3776.15973,265.968688
2020-12-28 19:00:00,load,RTS_DAY_AHEAD,3880.997117,3776.15973,104.837387
2020-12-28 20:00:00,load,random_forest,4067.070681,3747.747381,319.3233
2020-12-28 20:00:00,load,mlp,3989.092529,3747.747381,241.345148
2020-12-28 20:00:00,load,RTS_DAY_AHEAD,3852.05225,3747.747381,104.304868
2020-12-28 21:00:00,load,random_forest,3857.413249,3652.496199,204.91705
2020-12-28 21:00:00,load,mlp,3914.938232,3652.496199,262.442033
2020-12-28 21:00:00,load,RTS_DAY_AHEAD,3752.497141,3652.496199,100.000942
2020-12-28 22:00:00,load,random_forest,3734.163528,3491.489291,242.674238
2020-12-28 22:00:00,load,mlp,3819.050781,3491.489291,327.561491
2020-12-28 22:00:00,load,RTS_DAY_AHEAD,3585.325981,3491.489291,93.83669
2020-12-28 23:00:00,load,random_forest,3583.793465,3328.089571,255.703894
2020-12-28 23:00:00,load,mlp,3719.842285,3328.089571,391.752714
2020-12-28 23:00:00,load,RTS_DAY_AHEAD,3418.655263,3328.089571,90.565692
2020-12-29 00:00:00,load,random_forest,3501.305088,3220.028556,281.276532
2020-12-29 00:00:00,load,mlp,3653.845703,3220.028556,433.817147
2020-12-29 00:00:00,load,RTS_DAY_AHEAD,3309.311812,3220.028556,89.283256
2020-12-29 01:00:00,load,random_forest,3478.737929,3173.463826,305.274103
2020-12-29 01:00:00,load,mlp,3603.593018,3173.463826,430.129192
2020-12-29 01:00:00,load,RTS_DAY_AHEAD,3262.783081,3173.463826,89.319255
2020-12-29 02:00:00,load,random_forest,3538.674361,3156.910122,381.764238
2020-12-29 02:00:00,load,mlp,3569.209473,3156.910122,412.29935
2020-12-29 02:00:00,load,RTS_DAY_AHEAD,3247.825975,3156.910122,90.915852
2020-12-29 03:00:00,load,random_forest,3715.996674,3191.170007,524.826667
2020-12-29 03:00:00,load,mlp,3560.941406,3191.170007,369.771399
2020-12-29 03:00:00,load,RTS_DAY_AHEAD,3285.044458,3191.170007,93.874451
2020-12-29 04:00:00,load,random_forest,3500.633103,3306.90076,193.732343
2020-12-29 04:00:00,load,mlp,3588.328613,3306.90076,281.427854
2020-12-29 04:00:00,load,RTS_DAY_AHEAD,3408.019449,3306.90076,101.118689
2020-12-29 05:00:00,load,random_forest,3565.040168,3480.674792,84.365376
2020-12-29 05:00:00,load,mlp,3656.014404,3480.674792,175.339612
2020-12-29 05:00:00,load,RTS_DAY_AHEAD,3590.281479,3480.674792,109.606687
2020-12-29 06:00:00,load,random_forest,3659.138372,3638.672485,20.465887
2020-12-29 06:00:00,load,mlp,3719.175781,3638.672485,80.503296
2020-12-29 06:00:00,load,RTS_DAY_AHEAD,3753.056585,3638.672485,114.3841
2020-12-29 07:00:00,load,random_forest,3569.836101,3682.431332,112.595231
2020-12-29 07:00:00,load,mlp,3744.588379,3682.431332,62.157047
2020-12-29 07:00:00,load,RTS_DAY_AHEAD,3796.212816,3682.431332,113.781484
2020-12-29 08:00:00,load,random_forest,3596.98695,3739.613749,142.626799
2020-12-29 08:00:00,load,mlp,3768.129395,3739.613749,28.515646
2020-12-29 08:00:00,load,RTS_DAY_AHEAD,3849.294823,3739.613749,109.681074
2020-12-29 09:00:00,load,random_forest,3648.729928,3788.559288,139.82936
2020-12-29 09:00:00,load,mlp,3792.94873,3788.559288,4.389443
2020-12-29 09:00:00,load,RTS_DAY_AHEAD,3894.352768,3788.559288,105.79348
2020-12-29 10:00:00,load,random_forest,3614.533244,3797.002092,182.468848
2020-12-29 10:00:00,load,mlp,3813.359863,3797.002092,16.357771
2020-12-29 10:00:00,load,RTS_DAY_AHEAD,3899.683057,3797.002092,102.680965
2020-12-29 11:00:00,load,random_forest,3529.814117,3767.916296,238.102179
2020-12-29 11:00:00,load,mlp,3822.287109,3767.916296,54.370813
2020-12-29 11:00:00,load,RTS_DAY_AHEAD,3866.949378,3767.916296,99.033082
2020-12-29 12:00:00,load,random_forest,3534.628871,3719.61355,184.984679
2020-12-29 12:00:00,load,mlp,3830.592529,3719.61355,110.978979
2020-12-29 12:00:00,load,RTS_DAY_AHEAD,3815.617455,3719.61355,96.003905
2020-12-29 13:00:00,load,random_forest,3504.358808,3667.804157,163.445348
2020-12-29 13:00:00,load,mlp,3840.180908,3667.804157,172.376751
2020-12-29 13:00:00,load,RTS_DAY_AHEAD,3761.499829,3667.804157,93.695672
2020-12-29 14:00:00,load,random_forest,3525.202815,3634.220357,109.017542
2020-12-29 14:00:00,load,mlp,3843.388672,3634.220357,209.168315
2020-12-29 14:00:00,load,RTS_DAY_AHEAD,3727.149992,3634.220357,92.929635
2020-12-29 15:00:00,load,random_forest,3533.973216,3659.46389,125.490673
2020-12-29 15:00:00,load,mlp,3858.485596,3659.46389,199.021706
2020-12-29 15:00:00,load,RTS_DAY_AHEAD,3753.841202,3659.46389,94.377312
2020-12-29 16:00:00,load,random_forest,3705.382315,3912.894354,207.512039
2020-12-29 16:00:00,load,mlp,3935.460205,3912.894354,22.565851
2020-12-29 16:00:00,load,RTS_DAY_AHEAD,4018.004852,3912.894354,105.110498
2020-12-29 17:00:00,load,random_forest,3918.891859,4322.243999,403.35214
2020-12-29 17:00:00,load,mlp,4083.945801,4322.243999,238.298198
2020-12-29 17:00:00,load,RTS_DAY_AHEAD,4437.513171,4322.243999,115.269172
2020-12-29 18:00:00,load,random_forest,4153.429482,4320.154058,166.724576
2020-12-29 18:00:00,load,mlp,4076.352295,4320.154058,243.801763
2020-12-29 18:00:00,load,RTS_DAY_AHEAD,4434.765847,4320.154058,114.611789
2020-12-29 19:00:00,load,random_forest,4171.394376,4228.934415,57.540039
2020-12-29 19:00:00,load,mlp,4038.721436,4228.934415,190.21298
2020-12-29 19:00:00,load,RTS_DAY_AHEAD,4341.373463,4228.934415,112.439048
2020-12-29 20:00:00,load,random_forest,4152.000365,4121.419714,30.580652
2020-12-29 20:00:00,load,mlp,3982.669189,4121.419714,138.750524
2020-12-29 20:00:00,load,RTS_DAY_AHEAD,4230.750899,4121.419714,109.331185
2020-12-29 21:00:00,load,random_forest,4171.104756,3864.25577,306.848987
2020-12-29 21:00:00,load,mlp,3896.067871,3864.25577,31.812101
2020-12-29 21:00:00,load,RTS_DAY_AHEAD,3966.832158,3864.25577,102.576388
2020-12-29 22:00:00,load,random_forest,3817.780081,3662.749565,155.030516
2020-12-29 22:00:00,load,mlp,3792.962402,3662.749565,130.212838
2020-12-29 22:00:00,load,RTS_DAY_AHEAD,3756.994777,3662.749565,94.245212
2020-12-29 23:00:00,load,random_forest,3495.464212,3418.8212,76.643012
2020-12-29 23:00:00,load,mlp,3701.868408,3418.8212,283.047208
2020-12-29 23:00:00,load,RTS_DAY_AHEAD,3508.095204,3418.8212,89.274003
2020-12-30 00:00:00,load,random_forest,3476.448278,3264.931228,211.51705
2020-12-30 00:00:00,load,mlp,3641.73291,3264.931228,376.801683
2020-12-30 00:00:00,load,RTS_DAY_AHEAD,3351.993442,3264.931228,87.062215
2020-12-30 01:00:00,load,random_forest,3270.197903,3179.993582,90.204322
2020-12-30 01:00:00,load,mlp,3592.317871,3179.993582,412.324289
2020-12-30 01:00:00,load,RTS_DAY_AHEAD,3266.107919,3179.993582,86.114337
2020-12-30 02:00:00,load,random_forest,3191.32159,3167.385665,23.935925
2020-12-30 02:00:00,load,mlp,3561.175293,3167.385665,393.789628
2020-12-30 02:00:00,load,RTS_DAY_AHEAD,3254.095057,3167.385665,86.709392
2020-12-30 03:00:00,load,random_forest,3244.721142,3174.836405,69.884737
2020-12-30 03:00:00,load,mlp,3555.186768,3174.836405,380.350362
2020-12-30 03:00:00,load,RTS_DAY_AHEAD,3263.650121,3174.836405,88.813716
2020-12-30 04:00:00,load,random_forest,3364.418787,3289.195946,75.22284
2020-12-30 04:00:00,load,mlp,3585.99292,3289.195946,296.796974
2020-12-30 04:00:00,load,RTS_DAY_AHEAD,3384.997026,3289.195946,95.80108
2020-12-30 05:00:00,load,random_forest,3544.913752,3451.904805,93.008946
2020-12-30 05:00:00,load,mlp,3661.00708,3451.904805,209.102275
2020-12-30 05:00:00,load,RTS_DAY_AHEAD,3555.939915,3451.904805,104.03511
2020-12-30 06:00:00,load,random_forest,3706.331192,3603.957444,102.373748
2020-12-30 06:00:00,load,mlp,3732.661621,3603.957444,128.704177
2020-12-30 06:00:00,load,RTS_DAY_AHEAD,3712.814048,3603.957444,108.856604
2020-12-30 07:00:00,load,random_forest,3958.513847,3679.372185,279.141662
2020-12-30 07:00:00,load,mlp,3768.902832,3679.372185,89.530647
2020-12-30 07:00:00,load,RTS_DAY_AHEAD,3790.428347,3679.372185,111.056162
2020-12-30 08:00:00,load,random_forest,3903.58316,3791.702943,111.880218
2020-12-30 08:00:00,load,mlp,3806.169922,3791.702943,14.466979
2020-12-30 08:00:00,load,RTS_DAY_AHEAD,3903.556323,3791.702943,111.85338
2020-12-30 09:00:00,load,random_forest,3926.387459,3833.628521,92.758938
2020-12-30 09:00:00,load,mlp,3846.153809,3833.628521,12.525288
2020-12-30 09:00:00,load,RTS_DAY_AHEAD,3943.89017,3833.628521,110.261649
2020-12-30 10:00:00,load,random_forest,3875.559804,3854.950604,20.609199
2020-12-30 10:00:00,load,mlp,3874.387207,3854.950604,19.436603
2020-12-30 10:00:00,load,RTS_DAY_AHEAD,3963.658028,3854.950604,108.707424
2020-12-30 11:00:00,load,random_forest,3848.093996,3837.783734,10.310262
2020-12-30 11:00:00,load,mlp,3884.404785,3837.783734,46.621051
2020-12-30 11:00:00,load,RTS_DAY_AHEAD,3944.126864,3837.783734,106.34313
2020-12-30 12:00:00,load,random_forest,3868.007975,3796.637551,71.370424
2020-12-30 12:00:00,load,mlp,3892.965576,3796.637551,96.328025
2020-12-30 12:00:00,load,RTS_DAY_AHEAD,3900.975521,3796.637551,104.33797
2020-12-30 13:00:00,load,random_forest,3849.447045,3752.299636,97.147409
2020-12-30 13:00:00,load,mlp,3894.520264,3752.299636,142.220628
2020-12-30 13:00:00,load,RTS_DAY_AHEAD,3854.523808,3752.299636,102.224172
2020-12-30 14:00:00,load,random_forest,3822.537343,3702.024595,120.512748
2020-12-30 14:00:00,load,mlp,3896.204346,3702.024595,194.179751
2020-12-30 14:00:00,load,RTS_DAY_AHEAD,3802.171703,3702.024595,100.147108
2020-12-30 15:00:00,load,random_forest,3816.646,3744.346283,72.299718
2020-12-30 15:00:00,load,mlp,3911.598389,3744.346283,167.252106
2020-12-30 15:00:00,load,RTS_DAY_AHEAD,3846.675156,3744.346283,102.328873
2020-12-30 16:00:00,load,random_forest,3982.116721,3956.508894,25.607827
2020-12-30 16:00:00,load,mlp,3990.36792,3956.508894,33.859026
2020-12-30 16:00:00,load,RTS_DAY_AHEAD,4066.994875,3956.508894,110.485981
2020-12-30 17:00:00,load,random_forest,4214.359733,4371.13819,156.778457
2020-12-30 17:00:00,load,mlp,4129.942383,4371.13819,241.195808
2020-12-30 17:00:00,load,RTS_DAY_AHEAD,4491.820636,4371.13819,120.682446
2020-12-30 18:00:00,load,random_forest,4518.466228,4393.824563,124.641665
2020-12-30 18:00:00,load,mlp,4119.666504,4393.824563,274.158059
2020-12-30 18:00:00,load,RTS_DAY_AHEAD,4513.705941,4393.824563,119.881378
2020-12-30 19:00:00,load,random_forest,4317.714009,4321.881844,4.167835
2020-12-30 19:00:00,load,mlp,4089.707764,4321.881844,232.17408
2020-12-30 19:00:00,load,RTS_DAY_AHEAD,4439.262729,4321.881844,117.380885
2020-12-30 20:00:00,load,random_forest,4193.645163,4192.476228,1.168935
2020-12-30 20:00:00,load,mlp,4035.913574,4192.476228,156.562654
2020-12-30 20:00:00,load,RTS_DAY_AHEAD,4306.309856,4192.476228,113.833628
2020-12-30 21:00:00,load,random_forest,4177.628757,3982.251485,195.377273
2020-12-30 21:00:00,load,mlp,3943.586426,3982.251485,38.665059
2020-12-30 21:00:00,load,RTS_DAY_AHEAD,4088.231088,3982.251485,105.979603
2020-12-30 22:00:00,load,random_forest,3855.863302,3708.462557,147.400745
2020-12-30 22:00:00,load,mlp,3842.390625,3708.462557,133.928068
2020-12-30 22:00:00,load,RTS_DAY_AHEAD,3806.445851,3708.462557,97.983295
2020-12-30 23:00:00,load,random_forest,3701.19027,3468.259281,232.930989
2020-12-30 23:00:00,load,mlp,3741.780029,3468.259281,273.520749
2020-12-30 23:00:00,load,RTS_DAY_AHEAD,3560.857848,3468.259281,92.598567
2020-12-31 00:00:00,load,random_forest,3280.250783,3313.446795,33.196012
2020-12-31 00:00:00,load,mlp,3654.719238,3313.446795,341.272443
2020-12-31 00:00:00,load,RTS_DAY_AHEAD,3403.888049,3313.446795,90.441254
2020-12-31 01:00:00,load,random_forest,3290.214186,3244.679899,45.534287
2020-12-31 01:00:00,load,mlp,3598.469482,3244.679899,353.789583
2020-12-31 01:00:00,load,RTS_DAY_AHEAD,3335.044097,3244.679899,90.364198
2020-12-31 02:00:00,load,random_forest,3159.27234,3224.95564,65.6833
2020-12-31 02:00:00,load,mlp,3568.326904,3224.95564,343.371264
2020-12-31 02:00:00,load,RTS_DAY_AHEAD,3316.343305,3224.95564,91.387665
2020-12-31 03:00:00,load,random_forest,3181.825064,3233.995503,52.170439
2020-12-31 03:00:00,load,mlp,3576.136719,3233.995503,342.141215
2020-12-31 03:00:00,load,RTS_DAY_AHEAD,3327.595429,3233.995503,93.599926
2020-12-31 04:00:00,load,random_forest,3371.001475,3349.978974,21.022501
2020-12-31 04:00:00,load,mlp,3610.913574,3349.978974,260.9346
2020-12-31 04:00:00,load,RTS_DAY_AHEAD,3450.00427,3349.978974,100.025296
2020-12-31 05:00:00,load,random_forest,3580.699835,3540.009736,40.690099
2020-12-31 05:00:00,load,mlp,3689.407715,3540.009736,149.397978
2020-12-31 05:00:00,load,RTS_DAY_AHEAD,3648.660751,3540.009736,108.651015
2020-12-31 06:00:00,load,random_forest,3921.165812,3743.153654,178.012158
2020-12-31 06:00:00,load,mlp,3777.824707,3743.153654,34.671053
2020-12-31 06:00:00,load,RTS_DAY_AHEAD,3857.07304,3743.153654,113.919386
2020-12-31 07:00:00,load,random_forest,4137.424921,3796.535787,340.889134
2020-12-31 07:00:00,load,mlp,3835.692139,3796.535787,39.156351
2020-12-31 07:00:00,load,RTS_DAY_AHEAD,3911.27759,3796.535787,114.741803
2020-12-31 08:00:00,load,random_forest,4067.971411,3876.85078,191.120631
2020-12-31 08:00:00,load,mlp,3882.132812,3876.85078,5.282032
2020-12-31 08:00:00,load,RTS_DAY_AHEAD,3991.275895,3876.85078,114.425115
2020-12-31 09:00:00,load,random_forest,3938.738286,3937.508325,1.229961
2020-12-31 09:00:00,load,mlp,3932.910889,3937.508325,4.597437
2020-12-31 09:00:00,load,RTS_DAY_AHEAD,4052.006946,3937.508325,114.498621
2020-12-31 10:00:00,load,random_forest,3925.615644,3971.248655,45.633011
2020-12-31 10:00:00,load,mlp,3964.276611,3971.248655,6.972044
2020-12-31 10:00:00,load,RTS_DAY_AHEAD,4084.126394,3971.248655,112.877739
2020-12-31 11:00:00,load,random_forest,3842.340285,3936.407055,94.06677
2020-12-31 11:00:00,load,mlp,3985.460449,3936.407055,49.053394
2020-12-31 11:00:00,load,RTS_DAY_AHEAD,4047.162,3936.407055,110.754945
2020-12-31 12:00:00,load,random_forest,3825.685836,3886.990094,61.304258
2020-12-31 12:00:00,load,mlp,3992.475098,3886.990094,105.485004
2020-12-31 12:00:00,load,RTS_DAY_AHEAD,3995.20575,3886.990094,108.215656
2020-12-31 13:00:00,load,random_forest,3735.515196,3837.04224,101.527044
2020-12-31 13:00:00,load,mlp,3991.734863,3837.04224,154.692624
2020-12-31 13:00:00,load,RTS_DAY_AHEAD,3944.21377,3837.04224,107.17153
2020-12-31 14:00:00,load,random_forest,3692.105473,3812.569539,120.464066
2020-12-31 14:00:00,load,mlp,3986.280762,3812.569539,173.711223
2020-12-31 14:00:00,load,RTS_DAY_AHEAD,3919.175843,3812.569539,106.606304
2020-12-31 15:00:00,load,random_forest,3686.469504,3834.329775,147.86027
2020-12-31 15:00:00,load,mlp,3989.159424,3834.329775,154.829649
2020-12-31 15:00:00,load,RTS_DAY_AHEAD,3943.951655,3834.329775,109.62188
2020-12-31 16:00:00,load,random_forest,3908.809128,4063.913705,155.104577
2020-12-31 16:00:00,load,mlp,4059.957764,4063.913705,3.955942
2020-12-31 16:00:00,load,RTS_DAY_AHEAD,4183.334067,4063.913705,119.420362
2020-12-31 17:00:00,load,random_forest,4409.895868,4501.639428,91.743561
2020-12-31 17:00:00,load,mlp,4188.111328,4501.639428,313.5281
2020-12-31 17:00:00,load,RTS_DAY_AHEAD,4628.623615,4501.639428,126.984187
2020-12-31 18:00:00,load,random_forest,4470.113303,4513.586474,43.473171
2020-12-31 18:00:00,load,mlp,4190.638184,4513.586474,322.94829
2020-12-31 18:00:00,load,RTS_DAY_AHEAD,4638.663222,4513.586474,125.076748
2020-12-31 19:00:00,load,random_forest,4558.57476,4429.693144,128.881616
2020-12-31 19:00:00,load,mlp,4148.222168,4429.693144,281.470976
2020-12-31 19:00:00,load,RTS_DAY_AHEAD,4552.003655,4429.693144,122.310511
2020-12-31 20:00:00,load,random_forest,4351.713122,4326.915807,24.797315
2020-12-31 20:00:00,load,mlp,4084.436035,4326.915807,242.479771
2020-12-31 20:00:00,load,RTS_DAY_AHEAD,4445.642978,4326.915807,118.727171
2020-12-31 21:00:00,load,random_forest,4172.451923,4109.933546,62.518377
2020-12-31 21:00:00,load,mlp,3976.616699,4109.933546,133.316847
2020-12-31 21:00:00,load,RTS_DAY_AHEAD,4221.05211,4109.933546,111.118564
2020-12-31 22:00:00,load,random_forest,3909.192445,3814.611045,94.581401
2020-12-31 22:00:00,load,mlp,3875.565674,3814.611045,60.954629
2020-12-31 22:00:00,load,RTS_DAY_AHEAD,3916.772666,3814.611045,102.161621
2020-12-31 23:00:00,load,random_forest,3633.602091,3565.330623,68.271468
2020-12-31 23:00:00,load,mlp,3768.884277,3565.330623,203.553654
2020-12-31 23:00:00,load,RTS_DAY_AHEAD,3662.093888,3565.330623,96.763265
2020-11-01 00:00:00,wind,hist_gradient_boosting,659.793643,1008.358333,348.56469
2020-11-01 00:00:00,wind,mlp,744.292175,1008.358333,264.066158
2020-11-01 00:00:00,wind,RTS_DAY_AHEAD,1400.1,1008.358333,391.741667
2020-11-01 01:00:00,wind,hist_gradient_boosting,698.741137,1491.0,792.258863
2020-11-01 01:00:00,wind,mlp,744.800781,1491.0,746.199219
2020-11-01 01:00:00,wind,RTS_DAY_AHEAD,1508.8,1491.0,17.8
2020-11-01 02:00:00,wind,hist_gradient_boosting,706.38603,1868.75,1162.36397
2020-11-01 02:00:00,wind,mlp,752.972473,1868.75,1115.777527
2020-11-01 02:00:00,wind,RTS_DAY_AHEAD,1770.2,1868.75,98.55
2020-11-01 03:00:00,wind,hist_gradient_boosting,668.021915,2123.208333,1455.186418
2020-11-01 03:00:00,wind,mlp,745.612793,2123.208333,1377.59554
2020-11-01 03:00:00,wind,RTS_DAY_AHEAD,1786.8,2123.208333,336.408333
2020-11-01 04:00:00,wind,hist_gradient_boosting,768.661867,1789.216667,1020.5548
2020-11-01 04:00:00,wind,mlp,735.036255,1789.216667,1054.180412
2020-11-01 04:00:00,wind,RTS_DAY_AHEAD,1846.3,1789.216667,57.083333
2020-11-01 05:00:00,wind,hist_gradient_boosting,778.570492,1819.516667,1040.946174
2020-11-01 05:00:00,wind,mlp,726.24353,1819.516667,1093.273136
2020-11-01 05:00:00,wind,RTS_DAY_AHEAD,1722.3,1819.516667,97.216667
2020-11-01 06:00:00,wind,hist_gradient_boosting,716.384439,2028.441667,1312.057227
2020-11-01 06:00:00,wind,mlp,718.205627,2028.441667,1310.236039
2020-11-01 06:00:00,wind,RTS_DAY_AHEAD,1783.4,2028.441667,245.041667
2020-11-01 07:00:00,wind,hist_gradient_boosting,645.478103,1700.316667,1054.838564
2020-11-01 07:00:00,wind,mlp,704.544556,1700.316667,995.772111
2020-11-01 07:00:00,wind,RTS_DAY_AHEAD,2090.6,1700.316667,390.283333
2020-11-01 08:00:00,wind,hist_gradient_boosting,655.9775,2220.775,1564.7975
2020-11-01 08:00:00,wind,mlp,686.417603,2220.775,1534.357397
2020-11-01 08:00:00,wind,RTS_DAY_AHEAD,2137.2,2220.775,83.575
2020-11-01 09:00:00,wind,hist_gradient_boosting,667.022107,2456.933333,1789.911226
2020-11-01 09:00:00,wind,mlp,660.397888,2456.933333,1796.535445
2020-11-01 09:00:00,wind,RTS_DAY_AHEAD,2200.0,2456.933333,256.933333
2020-11-01 10:00:00,wind,hist_gradient_boosting,636.136424,2462.991667,1826.855243
2020-11-01 10:00:00,wind,mlp,633.241821,2462.991667,1829.749845
2020-11-01 10:00:00,wind,RTS_DAY_AHEAD,2363.1,2462.991667,99.891667
2020-11-01 11:00:00,wind,hist_gradient_boosting,734.808341,2465.05,1730.241659
2020-11-01 11:00:00,wind,mlp,620.477478,2465.05,1844.572522
2020-11-01 11:00:00,wind,RTS_DAY_AHEAD,2298.5,2465.05,166.55
2020-11-01 12:00:00,wind,hist_gradient_boosting,628.833994,2305.05,1676.216006
2020-11-01 12:00:00,wind,mlp,618.423462,2305.05,1686.626538
2020-11-01 12:00:00,wind,RTS_DAY_AHEAD,2167.0,2305.05,138.05
2020-11-01 13:00:00,wind,hist_gradient_boosting,569.66088,2288.6,1718.93912
2020-11-01 13:00:00,wind,mlp,617.941162,2288.6,1670.658838
2020-11-01 13:00:00,wind,RTS_DAY_AHEAD,2325.0,2288.6,36.4
2020-11-01 14:00:00,wind,hist_gradient_boosting,522.434556,2438.391667,1915.957111
2020-11-01 14:00:00,wind,mlp,634.195923,2438.391667,1804.195744
2020-11-01 14:00:00,wind,RTS_DAY_AHEAD,2264.5,2438.391667,173.891667
2020-11-01 15:00:00,wind,hist_gradient_boosting,529.548145,2255.991667,1726.443522
2020-11-01 15:00:00,wind,mlp,631.081848,2255.991667,1624.909819
2020-11-01 15:00:00,wind,RTS_DAY_AHEAD,2325.7,2255.991667,69.708333
2020-11-01 16:00:00,wind,hist_gradient_boosting,612.199744,2110.241667,1498.041923
2020-11-01 16:00:00,wind,mlp,646.403625,2110.241667,1463.838041
2020-11-01 16:00:00,wind,RTS_DAY_AHEAD,2261.8,2110.241667,151.558333
2020-11-01 17:00:00,wind,hist_gradient_boosting,663.779028,2118.758333,1454.979305
2020-11-01 17:00:00,wind,mlp,671.19519,2118.758333,1447.563143
2020-11-01 17:00:00,wind,RTS_DAY_AHEAD,2224.3,2118.758333,105.541667
2020-11-01 18:00:00,wind,hist_gradient_boosting,574.163435,1882.391667,1308.228232
2020-11-01 18:00:00,wind,mlp,693.758789,1882.391667,1188.632878
2020-11-01 18:00:00,wind,RTS_DAY_AHEAD,2103.0,1882.391667,220.608333
2020-11-01 19:00:00,wind,hist_gradient_boosting,548.820881,1624.025,1075.204119
2020-11-01 19:00:00,wind,mlp,705.639771,1624.025,918.385229
2020-11-01 19:00:00,wind,RTS_DAY_AHEAD,1934.2,1624.025,310.175
2020-11-01 20:00:00,wind,hist_gradient_boosting,574.525378,1387.925,813.399622
2020-11-01 20:00:00,wind,mlp,731.024109,1387.925,656.900891
2020-11-01 20:00:00,wind,RTS_DAY_AHEAD,1898.9,1387.925,510.975
2020-11-01 21:00:00,wind,hist_gradient_boosting,623.582418,1589.683333,966.100915
2020-11-01 21:00:00,wind,mlp,721.917847,1589.683333,867.765487
2020-11-01 21:00:00,wind,RTS_DAY_AHEAD,1430.6,1589.683333,159.083333
2020-11-01 22:00:00,wind,hist_gradient_boosting,616.158552,1759.283333,1143.124781
2020-11-01 22:00:00,wind,mlp,712.161255,1759.283333,1047.122078
2020-11-01 22:00:00,wind,RTS_DAY_AHEAD,1405.9,1759.283333,353.383333
2020-11-01 23:00:00,wind,hist_gradient_boosting,623.582418,1538.775,915.192582
2020-11-01 23:00:00,wind,mlp,713.238098,1538.775,825.536902
2020-11-01 23:00:00,wind,RTS_DAY_AHEAD,963.2,1538.775,575.575
2020-11-02 00:00:00,wind,hist_gradient_boosting,937.769548,1229.766667,291.997119
2020-11-02 00:00:00,wind,mlp,776.08197,1229.766667,453.684696
2020-11-02 00:00:00,wind,RTS_DAY_AHEAD,1143.0,1229.766667,86.766667
2020-11-02 01:00:00,wind,hist_gradient_boosting,908.813645,1059.391667,150.578022
2020-11-02 01:00:00,wind,mlp,797.759521,1059.391667,261.632145
2020-11-02 01:00:00,wind,RTS_DAY_AHEAD,1416.2,1059.391667,356.808333
2020-11-02 02:00:00,wind,hist_gradient_boosting,979.732158,1012.008333,32.276175
2020-11-02 02:00:00,wind,mlp,799.982788,1012.008333,212.025545
2020-11-02 02:00:00,wind,RTS_DAY_AHEAD,1375.1,1012.008333,363.091667
2020-11-02 03:00:00,wind,hist_gradient_boosting,925.75709,940.416667,14.659577
2020-11-02 03:00:00,wind,mlp,796.843872,940.416667,143.572795
2020-11-02 03:00:00,wind,RTS_DAY_AHEAD,1174.9,940.416667,234.483333
2020-11-02 04:00:00,wind,hist_gradient_boosting,762.803383,1178.1,415.296617
2020-11-02 04:00:00,wind,mlp,761.779236,1178.1,416.320764
2020-11-02 04:00:00,wind,RTS_DAY_AHEAD,1143.1,1178.1,35.0
2020-11-02 05:00:00,wind,hist_gradient_boosting,901.94926,1174.291667,272.342407
2020-11-02 05:00:00,wind,mlp,766.646606,1174.291667,407.64506
2020-11-02 05:00:00,wind,RTS_DAY_AHEAD,1174.9,1174.291667,0.608333
2020-11-02 06:00:00,wind,hist_gradient_boosting,746.769613,1167.525,420.755387
2020-11-02 06:00:00,wind,mlp,771.31427,1167.525,396.21073
2020-11-02 06:00:00,wind,RTS_DAY_AHEAD,642.2,1167.525,525.325
2020-11-02 07:00:00,wind,hist_gradient_boosting,688.244232,1157.866667,469.622435
2020-11-02 07:00:00,wind,mlp,731.804077,1157.866667,426.06259
2020-11-02 07:00:00,wind,RTS_DAY_AHEAD,340.9,1157.866667,816.966667
2020-11-02 08:00:00,wind,hist_gradient_boosting,658.824158,899.05,240.225842
2020-11-02 08:00:00,wind,mlp,797.94104,899.05,101.10896
2020-11-02 08:00:00,wind,RTS_DAY_AHEAD,258.5,899.05,640.55
2020-11-02 09:00:00,wind,hist_gradient_boosting,828.932696,956.183333,127.250638
2020-11-02 09:00:00,wind,mlp,766.208191,956.183333,189.975142
2020-11-02 09:00:00,wind,RTS_DAY_AHEAD,233.5,956.183333,722.683333
2020-11-02 10:00:00,wind,hist_gradient_boosting,1035.70165,846.683333,189.018316
2020-11-02 10:00:00,wind,mlp,732.697754,846.683333,113.985579
2020-11-02 10:00:00,wind,RTS_DAY_AHEAD,590.1,846.683333,256.583333
2020-11-02 11:00:00,wind,hist_gradient_boosting,962.924537,778.425,184.499537
2020-11-02 11:00:00,wind,mlp,721.442993,778.425,56.982007
2020-11-02 11:00:00,wind,RTS_DAY_AHEAD,467.6,778.425,310.825
2020-11-02 12:00:00,wind,hist_gradient_boosting,862.858455,606.383333,256.475122
2020-11-02 12:00:00,wind,mlp,702.596741,606.383333,96.213407
2020-11-02 12:00:00,wind,RTS_DAY_AHEAD,343.4,606.383333,262.983333
2020-11-02 13:00:00,wind,hist_gradient_boosting,574.275566,365.908333,208.367233
2020-11-02 13:00:00,wind,mlp,707.181641,365.908333,341.273307
2020-11-02 13:00:00,wind,RTS_DAY_AHEAD,297.4,365.908333,68.508333
2020-11-02 14:00:00,wind,hist_gradient_boosting,795.999355,269.116667,526.882688
2020-11-02 14:00:00,wind,mlp,737.643799,269.116667,468.527132
2020-11-02 14:00:00,wind,RTS_DAY_AHEAD,175.3,269.116667,93.816667
2020-11-02 15:00:00,wind,hist_gradient_boosting,811.545587,144.225,667.320587
2020-11-02 15:00:00,wind,mlp,704.829102,144.225,560.604102
2020-11-02 15:00:00,wind,RTS_DAY_AHEAD,136.7,144.225,7.525
2020-11-02 16:00:00,wind,hist_gradient_boosting,533.153415,79.275,453.878415
2020-11-02 16:00:00,wind,mlp,699.336304,79.275,620.061304
2020-11-02 16:00:00,wind,RTS_DAY_AHEAD,104.1,79.275,24.825
2020-11-02 17:00:00,wind,hist_gradient_boosting,656.599699,52.375,604.224699
2020-11-02 17:00:00,wind,mlp,711.802307,52.375,659.427307
2020-11-02 17:00:00,wind,RTS_DAY_AHEAD,132.6,52.375,80.225
2020-11-02 18:00:00,wind,hist_gradient_boosting,637.358853,31.2,606.158853
2020-11-02 18:00:00,wind,mlp,716.624817,31.2,685.424817
2020-11-02 18:00:00,wind,RTS_DAY_AHEAD,115.5,31.2,84.3
2020-11-02 19:00:00,wind,hist_gradient_boosting,810.009368,26.141667,783.867702
2020-11-02 19:00:00,wind,mlp,724.262939,26.141667,698.121273
2020-11-02 19:00:00,wind,RTS_DAY_AHEAD,130.7,26.141667,104.558333
2020-11-02 20:00:00,wind,hist_gradient_boosting,869.394191,26.225,843.169191
2020-11-02 20:00:00,wind,mlp,734.878784,26.225,708.653784
2020-11-02 20:00:00,wind,RTS_DAY_AHEAD,128.3,26.225,102.075
2020-11-02 21:00:00,wind,hist_gradient_boosting,600.90045,31.366667,569.533783
2020-11-02 21:00:00,wind,mlp,766.727051,31.366667,735.360384
2020-11-02 21:00:00,wind,RTS_DAY_AHEAD,84.5,31.366667,53.133333
2020-11-02 22:00:00,wind,hist_gradient_boosting,734.81096,26.866667,707.944294
2020-11-02 22:00:00,wind,mlp,789.631165,26.866667,762.764498
2020-11-02 22:00:00,wind,RTS_DAY_AHEAD,73.8,26.866667,46.933333
2020-11-02 23:00:00,wind,hist_gradient_boosting,779.727077,20.541667,759.18541
2020-11-02 23:00:00,wind,mlp,776.709351,20.541667,756.167684
2020-11-02 23:00:00,wind,RTS_DAY_AHEAD,93.3,20.541667,72.758333
2020-11-03 00:00:00,wind,hist_gradient_boosting,846.332999,18.133333,828.199666
2020-11-03 00:00:00,wind,mlp,808.784546,18.133333,790.651213
2020-11-03 00:00:00,wind,RTS_DAY_AHEAD,89.4,18.133333,71.266667
2020-11-03 01:00:00,wind,hist_gradient_boosting,1206.794952,16.366667,1190.428285
2020-11-03 01:00:00,wind,mlp,830.646851,16.366667,814.280184
2020-11-03 01:00:00,wind,RTS_DAY_AHEAD,57.5,16.366667,41.133333
2020-11-03 02:00:00,wind,hist_gradient_boosting,763.188449,16.091667,747.096782
2020-11-03 02:00:00,wind,mlp,855.218262,16.091667,839.126595
2020-11-03 02:00:00,wind,RTS_DAY_AHEAD,40.8,16.091667,24.708333
2020-11-03 03:00:00,wind,hist_gradient_boosting,457.574442,16.191667,441.382775
2020-11-03 03:00:00,wind,mlp,856.869019,16.191667,840.677352
2020-11-03 03:00:00,wind,RTS_DAY_AHEAD,28.4,16.191667,12.208333
2020-11-03 04:00:00,wind,hist_gradient_boosting,568.848402,16.65,552.198402
2020-11-03 04:00:00,wind,mlp,870.521667,16.65,853.871667
2020-11-03 04:00:00,wind,RTS_DAY_AHEAD,17.7,16.65,1.05
2020-11-03 05:00:00,wind,hist_gradient_boosting,783.035035,16.55,766.485035
2020-11-03 05:00:00,wind,mlp,850.038452,16.55,833.488452
2020-11-03 05:00:00,wind,RTS_DAY_AHEAD,4.8,16.55,11.75
2020-11-03 06:00:00,wind,hist_gradient_boosting,702.194478,16.991667,685.202811
2020-11-03 06:00:00,wind,mlp,850.194031,16.991667,833.202364
2020-11-03 06:00:00,wind,RTS_DAY_AHEAD,6.0,16.991667,10.991667
2020-11-03 07:00:00,wind,hist_gradient_boosting,1049.437331,18.316667,1031.120664
2020-11-03 07:00:00,wind,mlp,828.066223,18.316667,809.749556
2020-11-03 07:00:00,wind,RTS_DAY_AHEAD,6.8,18.316667,11.516667
2020-11-03 08:00:00,wind,hist_gradient_boosting,407.351556,19.608333,387.743223
2020-11-03 08:00:00,wind,mlp,809.697327,19.608333,790.088993
2020-11-03 08:00:00,wind,RTS_DAY_AHEAD,22.8,19.608333,3.191667
2020-11-03 09:00:00,wind,hist_gradient_boosting,443.75977,22.508333,421.251437
2020-11-03 09:00:00,wind,mlp,828.309448,22.508333,805.801115
2020-11-03 09:00:00,wind,RTS_DAY_AHEAD,41.5,22.508333,18.991667
2020-11-03 10:00:00,wind,hist_gradient_boosting,499.497686,23.966667,475.531019
2020-11-03 10:00:00,wind,mlp,795.359009,23.966667,771.392342
2020-11-03 10:00:00,wind,RTS_DAY_AHEAD,18.9,23.966667,5.066667
2020-11-03 11:00:00,wind,hist_gradient_boosting,499.497686,33.108333,466.389353
2020-11-03 11:00:00,wind,mlp,786.533447,33.108333,753.425114
2020-11-03 11:00:00,wind,RTS_DAY_AHEAD,30.0,33.108333,3.108333
2020-11-03 12:00:00,wind,hist_gradient_boosting,873.065995,39.325,833.740995
2020-11-03 12:00:00,wind,mlp,755.189331,39.325,715.864331
2020-11-03 12:00:00,wind,RTS_DAY_AHEAD,57.8,39.325,18.475
2020-11-03 13:00:00,wind,hist_gradient_boosting,716.333002,48.883333,667.449668
2020-11-03 13:00:00,wind,mlp,740.079041,48.883333,691.195707
2020-11-03 13:00:00,wind,RTS_DAY_AHEAD,82.8,48.883333,33.916667
2020-11-03 14:00:00,wind,hist_gradient_boosting,499.044809,103.083333,395.961476
2020-11-03 14:00:00,wind,mlp,738.253357,103.083333,635.170024
2020-11-03 14:00:00,wind,RTS_DAY_AHEAD,128.9,103.083333,25.816667
2020-11-03 15:00:00,wind,hist_gradient_boosting,567.667396,143.9,423.767396
2020-11-03 15:00:00,wind,mlp,722.542847,143.9,578.642847
2020-11-03 15:00:00,wind,RTS_DAY_AHEAD,216.1,143.9,72.2
2020-11-03 16:00:00,wind,hist_gradient_boosting,551.845614,242.525,309.320614
2020-11-03 16:00:00,wind,mlp,713.257202,242.525,470.732202
2020-11-03 16:00:00,wind,RTS_DAY_AHEAD,276.9,242.525,34.375
2020-11-03 17:00:00,wind,hist_gradient_boosting,628.274619,351.391667,276.882952
2020-11-03 17:00:00,wind,mlp,710.252319,351.391667,358.860653
2020-11-03 17:00:00,wind,RTS_DAY_AHEAD,104.2,351.391667,247.191667
2020-11-03 18:00:00,wind,hist_gradient_boosting,425.460782,381.325,44.135782
2020-11-03 18:00:00,wind,mlp,699.767578,381.325,318.442578
2020-11-03 18:00:00,wind,RTS_DAY_AHEAD,196.6,381.325,184.725
2020-11-03 19:00:00,wind,hist_gradient_boosting,430.788548,574.266667,143.478119
2020-11-03 19:00:00,wind,mlp,692.815857,574.266667,118.54919
2020-11-03 19:00:00,wind,RTS_DAY_AHEAD,479.1,574.266667,95.166667
2020-11-03 20:00:00,wind,hist_gradient_boosting,479.39091,599.65,120.25909
2020-11-03 20:00:00,wind,mlp,688.705444,599.65,89.055444
2020-11-03 20:00:00,wind,RTS_DAY_AHEAD,547.6,599.65,52.05
2020-11-03 21:00:00,wind,hist_gradient_boosting,479.39091,547.625,68.23409
2020-11-03 21:00:00,wind,mlp,699.57843,547.625,151.95343
2020-11-03 21:00:00,wind,RTS_DAY_AHEAD,588.8,547.625,41.175
2020-11-03 22:00:00,wind,hist_gradient_boosting,479.39091,647.05,167.65909
2020-11-03 22:00:00,wind,mlp,709.697693,647.05,62.647693
2020-11-03 22:00:00,wind,RTS_DAY_AHEAD,556.6,647.05,90.45
2020-11-03 23:00:00,wind,hist_gradient_boosting,479.39091,700.483333,221.092424
2020-11-03 23:00:00,wind,mlp,710.556458,700.483333,10.073124
2020-11-03 23:00:00,wind,RTS_DAY_AHEAD,672.2,700.483333,28.283333
2020-11-04 00:00:00,wind,hist_gradient_boosting,435.521427,568.416667,132.89524
2020-11-04 00:00:00,wind,mlp,731.080139,568.416667,162.663472
2020-11-04 00:00:00,wind,RTS_DAY_AHEAD,790.1,568.416667,221.683333
2020-11-04 01:00:00,wind,hist_gradient_boosting,539.573855,418.191667,121.382189
2020-11-04 01:00:00,wind,mlp,733.032715,418.191667,314.841048
2020-11-04 01:00:00,wind,RTS_DAY_AHEAD,655.5,418.191667,237.308333
2020-11-04 02:00:00,wind,hist_gradient_boosting,535.559481,433.6,101.959481
2020-11-04 02:00:00,wind,mlp,732.380066,433.6,298.780066
2020-11-04 02:00:00,wind,RTS_DAY_AHEAD,516.8,433.6,83.2
2020-11-04 03:00:00,wind,hist_gradient_boosting,539.573855,477.933333,61.640522
2020-11-04 03:00:00,wind,mlp,730.055664,477.933333,252.122331
2020-11-04 03:00:00,wind,RTS_DAY_AHEAD,551.9,477.933333,73.966667
2020-11-04 04:00:00,wind,hist_gradient_boosting,539.573855,459.816667,79.757189
2020-11-04 04:00:00,wind,mlp,732.504211,459.816667,272.687545
2020-11-04 04:00:00,wind,RTS_DAY_AHEAD,576.5,459.816667,116.683333
2020-11-04 05:00:00,wind,hist_gradient_boosting,539.573855,485.2,54.373855
2020-11-04 05:00:00,wind,mlp,731.027344,485.2,245.827344
2020-11-04 05:00:00,wind,RTS_DAY_AHEAD,524.1,485.2,38.9
2020-11-04 06:00:00,wind,hist_gradient_boosting,289.092604,503.166667,214.074063
2020-11-04 06:00:00,wind,mlp,725.223267,503.166667,222.0566
2020-11-04 06:00:00,wind,RTS_DAY_AHEAD,544.0,503.166667,40.833333
2020-11-04 07:00:00,wind,hist_gradient_boosting,289.092604,486.425,197.332396
2020-11-04 07:00:00,wind,mlp,712.513062,486.425,226.088062
2020-11-04 07:00:00,wind,RTS_DAY_AHEAD,545.9,486.425,59.475
2020-11-04 08:00:00,wind,hist_gradient_boosting,289.092604,466.216667,177.124063
2020-11-04 08:00:00,wind,mlp,687.532349,466.216667,221.315682
2020-11-04 08:00:00,wind,RTS_DAY_AHEAD,516.6,466.216667,50.383333
2020-11-04 09:00:00,wind,hist_gradient_boosting,321.351548,378.75,57.398452
2020-11-04 09:00:00,wind,mlp,679.367065,378.75,300.617065
2020-11-04 09:00:00,wind,RTS_DAY_AHEAD,498.2,378.75,119.45
2020-11-04 10:00:00,wind,hist_gradient_boosting,302.150238,292.958333,9.191905
2020-11-04 10:00:00,wind,mlp,668.220337,292.958333,375.262004
2020-11-04 10:00:00,wind,RTS_DAY_AHEAD,324.1,292.958333,31.141667
2020-11-04 11:00:00,wind,hist_gradient_boosting,307.171395,269.733333,37.438061
2020-11-04 11:00:00,wind,mlp,662.728149,269.733333,392.994816
2020-11-04 11:00:00,wind,RTS_DAY_AHEAD,265.3,269.733333,4.433333
2020-11-04 12:00:00,wind,hist_gradient_boosting,293.944861,276.716667,17.228195
2020-11-04 12:00:00,wind,mlp,658.719421,276.716667,382.002755
2020-11-04 12:00:00,wind,RTS_DAY_AHEAD,192.6,276.716667,84.116667
2020-11-04 13:00:00,wind,hist_gradient_boosting,293.944861,250.216667,43.728195
2020-11-04 13:00:00,wind,mlp,654.44519,250.216667,404.228524
2020-11-04 13:00:00,wind,RTS_DAY_AHEAD,149.7,250.216667,100.516667
2020-11-04 14:00:00,wind,hist_gradient_boosting,340.456731,218.516667,121.940064
2020-11-04 14:00:00,wind,mlp,657.698425,218.516667,439.181759
2020-11-04 14:00:00,wind,RTS_DAY_AHEAD,128.1,218.516667,90.416667
2020-11-04 15:00:00,wind,hist_gradient_boosting,449.477031,196.575,252.902031
2020-11-04 15:00:00,wind,mlp,655.961304,196.575,459.386304
2020-11-04 15:00:00,wind,RTS_DAY_AHEAD,104.3,196.575,92.275
2020-11-04 16:00:00,wind,hist_gradient_boosting,469.177828,194.216667,274.961161
2020-11-04 16:00:00,wind,mlp,664.565491,194.216667,470.348824
2020-11-04 16:00:00,wind,RTS_DAY_AHEAD,84.5,194.216667,109.716667
2020-11-04 17:00:00,wind,hist_gradient_boosting,528.782181,178.183333,350.598847
2020-11-04 17:00:00,wind,mlp,682.880066,178.183333,504.696733
2020-11-04 17:00:00,wind,RTS_DAY_AHEAD,213.1,178.183333,34.916667
2020-11-04 18:00:00,wind,hist_gradient_boosting,772.008559,169.041667,602.966893
2020-11-04 18:00:00,wind,mlp,685.693604,169.041667,516.651937
2020-11-04 18:00:00,wind,RTS_DAY_AHEAD,363.2,169.041667,194.158333
2020-11-04 19:00:00,wind,hist_gradient_boosting,824.727511,134.958333,689.769178
2020-11-04 19:00:00,wind,mlp,703.161377,134.958333,568.203044
2020-11-04 19:00:00,wind,RTS_DAY_AHEAD,615.1,134.958333,480.141667
2020-11-04 20:00:00,wind,hist_gradient_boosting,1049.208195,93.95,955.258195
2020-11-04 20:00:00,wind,mlp,702.456787,93.95,608.506787
2020-11-04 20:00:00,wind,RTS_DAY_AHEAD,926.7,93.95,832.75
2020-11-04 21:00:00,wind,hist_gradient_boosting,1049.208195,64.8,984.408195
2020-11-04 21:00:00,wind,mlp,702.498047,64.8,637.698047
2020-11-04 21:00:00,wind,RTS_DAY_AHEAD,927.6,64.8,862.8
2020-11-04 22:00:00,wind,hist_gradient_boosting,1062.148347,58.85,1003.298347
2020-11-04 22:00:00,wind,mlp,725.560425,58.85,666.710425
2020-11-04 22:00:00,wind,RTS_DAY_AHEAD,863.2,58.85,804.35
2020-11-04 23:00:00,wind,hist_gradient_boosting,1045.578473,49.975,995.603473
2020-11-04 23:00:00,wind,mlp,731.380981,49.975,681.405981
2020-11-04 23:00:00,wind,RTS_DAY_AHEAD,858.5,49.975,808.525
2020-11-05 00:00:00,wind,hist_gradient_boosting,1096.950734,41.808333,1055.142401
2020-11-05 00:00:00,wind,mlp,720.495239,41.808333,678.686906
2020-11-05 00:00:00,wind,RTS_DAY_AHEAD,895.8,41.808333,853.991667
2020-11-05 01:00:00,wind,hist_gradient_boosting,1324.038554,53.908333,1270.13022
2020-11-05 01:00:00,wind,mlp,716.667969,53.908333,662.759635
2020-11-05 01:00:00,wind,RTS_DAY_AHEAD,899.7,53.908333,845.791667
2020-11-05 02:00:00,wind,hist_gradient_boosting,1267.116206,61.575,1205.541206
2020-11-05 02:00:00,wind,mlp,720.999146,61.575,659.424146
2020-11-05 02:00:00,wind,RTS_DAY_AHEAD,879.0,61.575,817.425
2020-11-05 03:00:00,wind,hist_gradient_boosting,1281.506226,70.283333,1211.222893
2020-11-05 03:00:00,wind,mlp,719.081787,70.283333,648.798454
2020-11-05 03:00:00,wind,RTS_DAY_AHEAD,875.7,70.283333,805.416667
2020-11-05 04:00:00,wind,hist_gradient_boosting,1281.506226,64.083333,1217.422893
2020-11-05 04:00:00,wind,mlp,712.375488,64.083333,648.292155
2020-11-05 04:00:00,wind,RTS_DAY_AHEAD,850.5,64.083333,786.416667
2020-11-05 05:00:00,wind,hist_gradient_boosting,1281.506226,60.075,1221.431226
2020-11-05 05:00:00,wind,mlp,709.057678,60.075,648.982678
2020-11-05 05:00:00,wind,RTS_DAY_AHEAD,909.8,60.075,849.725
2020-11-05 06:00:00,wind,hist_gradient_boosting,1337.03292,74.283333,1262.749586
2020-11-05 06:00:00,wind,mlp,703.841187,74.283333,629.557853
2020-11-05 06:00:00,wind,RTS_DAY_AHEAD,910.0,74.283333,835.716667
2020-11-05 07:00:00,wind,hist_gradient_boosting,1353.13705,78.416667,1274.720383
2020-11-05 07:00:00,wind,mlp,694.646729,78.416667,616.230062
2020-11-05 07:00:00,wind,RTS_DAY_AHEAD,938.2,78.416667,859.783333
2020-11-05 08:00:00,wind,hist_gradient_boosting,1148.791204,92.575,1056.216204
2020-11-05 08:00:00,wind,mlp,683.15448,92.575,590.57948
2020-11-05 08:00:00,wind,RTS_DAY_AHEAD,896.6,92.575,804.025
2020-11-05 09:00:00,wind,hist_gradient_boosting,793.274509,91.816667,701.457842
2020-11-05 09:00:00,wind,mlp,673.163879,91.816667,581.347213
2020-11-05 09:00:00,wind,RTS_DAY_AHEAD,767.1,91.816667,675.283333
2020-11-05 10:00:00,wind,hist_gradient_boosting,828.097992,60.375,767.722992
2020-11-05 10:00:00,wind,mlp,659.933167,60.375,599.558167
2020-11-05 10:00:00,wind,RTS_DAY_AHEAD,672.0,60.375,611.625
2020-11-05 11:00:00,wind,hist_gradient_boosting,766.255477,34.066667,732.188811
2020-11-05 11:00:00,wind,mlp,652.071472,34.066667,618.004806
2020-11-05 11:00:00,wind,RTS_DAY_AHEAD,350.5,34.066667,316.433333
2020-11-05 12:00:00,wind,hist_gradient_boosting,775.61496,26.991667,748.623294
2020-11-05 12:00:00,wind,mlp,652.833618,26.991667,625.841951
2020-11-05 12:00:00,wind,RTS_DAY_AHEAD,231.4,26.991667,204.408333
2020-11-05 13:00:00,wind,hist_gradient_boosting,806.750737,22.45,784.300737
2020-11-05 13:00:00,wind,mlp,647.658997,22.45,625.208997
2020-11-05 13:00:00,wind,RTS_DAY_AHEAD,236.6,22.45,214.15
2020-11-05 14:00:00,wind,hist_gradient_boosting,539.623048,20.3,519.323048
2020-11-05 14:00:00,wind,mlp,649.903809,20.3,629.603809
2020-11-05 14:00:00,wind,RTS_DAY_AHEAD,377.4,20.3,357.1
2020-11-05 15:00:00,wind,hist_gradient_boosting,540.526864,33.683333,506.84353
2020-11-05 15:00:00,wind,mlp,655.418335,33.683333,621.735002
2020-11-05 15:00:00,wind,RTS_DAY_AHEAD,638.7,33.683333,605.016667
2020-11-05 16:00:00,wind,hist_gradient_boosting,455.094263,64.575,390.519263
2020-11-05 16:00:00,wind,mlp,666.819885,64.575,602.244885
2020-11-05 16:00:00,wind,RTS_DAY_AHEAD,740.9,64.575,676.325
2020-11-05 17:00:00,wind,hist_gradient_boosting,552.322482,81.208333,471.114148
2020-11-05 17:00:00,wind,mlp,675.18219,81.208333,593.973857
2020-11-05 17:00:00,wind,RTS_DAY_AHEAD,865.2,81.208333,783.991667
2020-11-05 18:00:00,wind,hist_gradient_boosting,552.322482,108.95,443.372482
2020-11-05 18:00:00,wind,mlp,682.465637,108.95,573.515637
2020-11-05 18:00:00,wind,RTS_DAY_AHEAD,1047.6,108.95,938.65
2020-11-05 19:00:00,wind,hist_gradient_boosting,522.415023,258.991667,263.423356
2020-11-05 19:00:00,wind,mlp,690.662476,258.991667,431.670809
2020-11-05 19:00:00,wind,RTS_DAY_AHEAD,1171.9,258.991667,912.908333
2020-11-05 20:00:00,wind,hist_gradient_boosting,447.755008,450.458333,2.703326
2020-11-05 20:00:00,wind,mlp,692.23468,450.458333,241.776347
2020-11-05 20:00:00,wind,RTS_DAY_AHEAD,1198.5,450.458333,748.041667
2020-11-05 21:00:00,wind,hist_gradient_boosting,441.605974,674.908333,233.302359
2020-11-05 21:00:00,wind,mlp,693.660217,674.908333,18.751884
2020-11-05 21:00:00,wind,RTS_DAY_AHEAD,1324.5,674.908333,649.591667
2020-11-05 22:00:00,wind,hist_gradient_boosting,469.574903,407.941667,61.633236
2020-11-05 22:00:00,wind,mlp,705.421753,407.941667,297.480086
2020-11-05 22:00:00,wind,RTS_DAY_AHEAD,1574.5,407.941667,1166.558333
2020-11-05 23:00:00,wind,hist_gradient_boosting,349.311041,395.108333,45.797292
2020-11-05 23:00:00,wind,mlp,714.804016,395.108333,319.695683
2020-11-05 23:00:00,wind,RTS_DAY_AHEAD,1666.0,395.108333,1270.891667
2020-11-06 00:00:00,wind,hist_gradient_boosting,338.305048,234.575,103.730048
2020-11-06 00:00:00,wind,mlp,707.231995,234.575,472.656995
2020-11-06 00:00:00,wind,RTS_DAY_AHEAD,1843.7,234.575,1609.125
2020-11-06 01:00:00,wind,hist_gradient_boosting,293.944861,301.308333,7.363472
2020-11-06 01:00:00,wind,mlp,705.06842,301.308333,403.760087
2020-11-06 01:00:00,wind,RTS_DAY_AHEAD,1956.9,301.308333,1655.591667
2020-11-06 02:00:00,wind,hist_gradient_boosting,340.456731,566.933333,226.476603
2020-11-06 02:00:00,wind,mlp,702.596558,566.933333,135.663224
2020-11-06 02:00:00,wind,RTS_DAY_AHEAD,1960.6,566.933333,1393.666667
2020-11-06 03:00:00,wind,hist_gradient_boosting,349.820757,624.908333,275.087577
2020-11-06 03:00:00,wind,mlp,693.334473,624.908333,68.426139
2020-11-06 03:00:00,wind,RTS_DAY_AHEAD,1904.6,624.908333,1279.691667
2020-11-06 04:00:00,wind,hist_gradient_boosting,474.846351,570.6,95.753649
2020-11-06 04:00:00,wind,mlp,683.259766,570.6,112.659766
2020-11-06 04:00:00,wind,RTS_DAY_AHEAD,1872.2,570.6,1301.6
2020-11-06 05:00:00,wind,hist_gradient_boosting,474.846351,609.633333,134.786982
2020-11-06 05:00:00,wind,mlp,679.73468,609.633333,70.101347
2020-11-06 05:00:00,wind,RTS_DAY_AHEAD,1946.2,609.633333,1336.566667
2020-11-06 06:00:00,wind,hist_gradient_boosting,335.376447,979.216667,643.84022
2020-11-06 06:00:00,wind,mlp,680.565125,979.216667,298.651542
2020-11-06 06:00:00,wind,RTS_DAY_AHEAD,1939.3,979.216667,960.083333
2020-11-06 07:00:00,wind,hist_gradient_boosting,438.677373,1105.341667,666.664294
2020-11-06 07:00:00,wind,mlp,677.919495,1105.341667,427.422172
2020-11-06 07:00:00,wind,RTS_DAY_AHEAD,1932.1,1105.341667,826.758333
2020-11-06 08:00:00,wind,hist_gradient_boosting,453.121683,1330.35,877.228317
2020-11-06 08:00:00,wind,mlp,672.454468,1330.35,657.895532
2020-11-06 08:00:00,wind,RTS_DAY_AHEAD,1885.3,1330.35,554.95
2020-11-06 09:00:00,wind,hist_gradient_boosting,450.260674,1567.083333,1116.82266
2020-11-06 09:00:00,wind,mlp,666.774048,1567.083333,900.309285
2020-11-06 09:00:00,wind,RTS_DAY_AHEAD,1850.2,1567.083333,283.116667
2020-11-06 10:00:00,wind,hist_gradient_boosting,450.260674,1736.85,1286.589326
2020-11-06 10:00:00,wind,mlp,657.324829,1736.85,1079.525171
2020-11-06 10:00:00,wind,RTS_DAY_AHEAD,1712.9,1736.85,23.95
2020-11-06 11:00:00,wind,hist_gradient_boosting,340.456731,1598.05,1257.593269
2020-11-06 11:00:00,wind,mlp,652.203674,1598.05,945.846326
2020-11-06 11:00:00,wind,RTS_DAY_AHEAD,1529.1,1598.05,68.95
2020-11-06 12:00:00,wind,hist_gradient_boosting,293.944861,1248.466667,954.521805
2020-11-06 12:00:00,wind,mlp,647.65448,1248.466667,600.812187
2020-11-06 12:00:00,wind,RTS_DAY_AHEAD,1796.2,1248.466667,547.733333
2020-11-06 13:00:00,wind,hist_gradient_boosting,293.944861,1057.041667,763.096805
2020-11-06 13:00:00,wind,mlp,649.665161,1057.041667,407.376506
2020-11-06 13:00:00,wind,RTS_DAY_AHEAD,1513.6,1057.041667,456.558333
2020-11-06 14:00:00,wind,hist_gradient_boosting,288.923705,1323.308333,1034.384628
2020-11-06 14:00:00,wind,mlp,646.862366,1323.308333,676.445968
2020-11-06 14:00:00,wind,RTS_DAY_AHEAD,1375.8,1323.308333,52.491667
2020-11-06 15:00:00,wind,hist_gradient_boosting,307.70091,1474.291667,1166.590756
2020-11-06 15:00:00,wind,mlp,642.825623,1474.291667,831.466044
2020-11-06 15:00:00,wind,RTS_DAY_AHEAD,1295.7,1474.291667,178.591667
2020-11-06 16:00:00,wind,hist_gradient_boosting,293.944861,1747.316667,1453.371805
2020-11-06 16:00:00,wind,mlp,649.643921,1747.316667,1097.672746
2020-11-06 16:00:00,wind,RTS_DAY_AHEAD,1138.8,1747.316667,608.516667
2020-11-06 17:00:00,wind,hist_gradient_boosting,447.005072,1852.408333,1405.403261
2020-11-06 17:00:00,wind,mlp,654.054626,1852.408333,1198.353707
2020-11-06 17:00:00,wind,RTS_DAY_AHEAD,1130.4,1852.408333,722.008333
2020-11-06 18:00:00,wind,hist_gradient_boosting,447.005072,2003.5,1556.494928
2020-11-06 18:00:00,wind,mlp,661.416809,2003.5,1342.083191
2020-11-06 18:00:00,wind,RTS_DAY_AHEAD,1715.1,2003.5,288.4
2020-11-06 19:00:00,wind,hist_gradient_boosting,449.477031,2144.158333,1694.681303
2020-11-06 19:00:00,wind,mlp,677.740845,2144.158333,1466.417489
2020-11-06 19:00:00,wind,RTS_DAY_AHEAD,1758.7,2144.158333,385.458333
2020-11-06 20:00:00,wind,hist_gradient_boosting,503.393144,2100.841667,1597.448522
2020-11-06 20:00:00,wind,mlp,692.058044,2100.841667,1408.783622
2020-11-06 20:00:00,wind,RTS_DAY_AHEAD,1677.6,2100.841667,423.241667
2020-11-06 21:00:00,wind,hist_gradient_boosting,521.329951,2165.316667,1643.986716
2020-11-06 21:00:00,wind,mlp,707.106934,2165.316667,1458.209733
2020-11-06 21:00:00,wind,RTS_DAY_AHEAD,2114.3,2165.316667,51.016667
2020-11-06 22:00:00,wind,hist_gradient_boosting,854.55068,2224.3,1369.74932
2020-11-06 22:00:00,wind,mlp,666.232605,2224.3,1558.067395
2020-11-06 22:00:00,wind,RTS_DAY_AHEAD,2311.9,2224.3,87.6
2020-11-06 23:00:00,wind,hist_gradient_boosting,941.255814,2438.258333,1497.002519
2020-11-06 23:00:00,wind,mlp,687.052917,2438.258333,1751.205416
2020-11-06 23:00:00,wind,RTS_DAY_AHEAD,2268.2,2438.258333,170.058333
2020-11-07 00:00:00,wind,hist_gradient_boosting,937.27261,2460.775,1523.50239
2020-11-07 00:00:00,wind,mlp,648.391663,2460.775,1812.383337
2020-11-07 00:00:00,wind,RTS_DAY_AHEAD,2424.7,2460.775,36.075
2020-11-07 01:00:00,wind,hist_gradient_boosting,709.62049,2462.841667,1753.221176
2020-11-07 01:00:00,wind,mlp,677.094116,2462.841667,1785.74755
2020-11-07 01:00:00,wind,RTS_DAY_AHEAD,2386.5,2462.841667,76.341667
2020-11-07 02:00:00,wind,hist_gradient_boosting,695.404882,2455.391667,1759.986785
2020-11-07 02:00:00,wind,mlp,704.711304,2455.391667,1750.680363
2020-11-07 02:00:00,wind,RTS_DAY_AHEAD,2407.0,2455.391667,48.391667
2020-11-07 03:00:00,wind,hist_gradient_boosting,835.676966,2453.741667,1618.064701
2020-11-07 03:00:00,wind,mlp,679.334045,2453.741667,1774.407621
2020-11-07 03:00:00,wind,RTS_DAY_AHEAD,2454.8,2453.741667,1.058333
2020-11-07 04:00:00,wind,hist_gradient_boosting,793.880773,2455.041667,1661.160894
2020-11-07 04:00:00,wind,mlp,655.772034,2455.041667,1799.269633
2020-11-07 04:00:00,wind,RTS_DAY_AHEAD,2471.9,2455.041667,16.858333
2020-11-07 05:00:00,wind,hist_gradient_boosting,1179.437039,2457.566667,1278.129628
2020-11-07 05:00:00,wind,mlp,663.086548,2457.566667,1794.480119
2020-11-07 05:00:00,wind,RTS_DAY_AHEAD,2460.8,2457.566667,3.233333
2020-11-07 06:00:00,wind,hist_gradient_boosting,794.291584,2456.908333,1662.61675
2020-11-07 06:00:00,wind,mlp,710.620483,2456.908333,1746.28785
2020-11-07 06:00:00,wind,RTS_DAY_AHEAD,2467.9,2456.908333,10.991667
2020-11-07 07:00:00,wind,hist_gradient_boosting,829.891042,2415.558333,1585.667291
2020-11-07 07:00:00,wind,mlp,681.26123,2415.558333,1734.297103
2020-11-07 07:00:00,wind,RTS_DAY_AHEAD,2468.9,2415.558333,53.341667
2020-11-07 08:00:00,wind,hist_gradient_boosting,801.139346,2423.708333,1622.568988
2020-11-07 08:00:00,wind,mlp,693.192993,2423.708333,1730.51534
2020-11-07 08:00:00,wind,RTS_DAY_AHEAD,2388.3,2423.708333,35.408333
2020-11-07 09:00:00,wind,hist_gradient_boosting,1002.239539,2445.241667,1443.002128
2020-11-07 09:00:00,wind,mlp,690.337036,2445.241667,1754.904631
2020-11-07 09:00:00,wind,RTS_DAY_AHEAD,2257.3,2445.241667,187.941667
2020-11-07 10:00:00,wind,hist_gradient_boosting,766.13296,2379.958333,1613.825373
2020-11-07 10:00:00,wind,mlp,682.643188,2379.958333,1697.315145
2020-11-07 10:00:00,wind,RTS_DAY_AHEAD,1881.5,2379.958333,498.458333
2020-11-07 11:00:00,wind,hist_gradient_boosting,881.502658,2320.091667,1438.589009
2020-11-07 11:00:00,wind,mlp,644.04425,2320.091667,1676.047416
2020-11-07 11:00:00,wind,RTS_DAY_AHEAD,1440.3,2320.091667,879.791667
2020-11-07 12:00:00,wind,hist_gradient_boosting,845.552528,2265.866667,1420.314139
2020-11-07 12:00:00,wind,mlp,622.136414,2265.866667,1643.730253
2020-11-07 12:00:00,wind,RTS_DAY_AHEAD,1435.3,2265.866667,830.566667
2020-11-07 13:00:00,wind,hist_gradient_boosting,906.132177,2066.966667,1160.834489
2020-11-07 13:00:00,wind,mlp,621.957153,2066.966667,1445.009513
2020-11-07 13:00:00,wind,RTS_DAY_AHEAD,1172.4,2066.966667,894.566667
2020-11-07 14:00:00,wind,hist_gradient_boosting,1020.641843,1998.391667,977.749824
2020-11-07 14:00:00,wind,mlp,676.98645,1998.391667,1321.405216
2020-11-07 14:00:00,wind,RTS_DAY_AHEAD,798.3,1998.391667,1200.091667
2020-11-07 15:00:00,wind,hist_gradient_boosting,925.507436,2129.983333,1204.475898
2020-11-07 15:00:00,wind,mlp,674.164673,2129.983333,1455.81866
2020-11-07 15:00:00,wind,RTS_DAY_AHEAD,737.0,2129.983333,1392.983333
2020-11-07 16:00:00,wind,hist_gradient_boosting,1463.599094,2277.316667,813.717573
2020-11-07 16:00:00,wind,mlp,700.185242,2277.316667,1577.131425
2020-11-07 16:00:00,wind,RTS_DAY_AHEAD,830.0,2277.316667,1447.316667
2020-11-07 17:00:00,wind,hist_gradient_boosting,1098.169632,2350.9,1252.730368
2020-11-07 17:00:00,wind,mlp,702.156433,2350.9,1648.743567
2020-11-07 17:00:00,wind,RTS_DAY_AHEAD,488.1,2350.9,1862.8
2020-11-07 18:00:00,wind,hist_gradient_boosting,676.347178,2342.608333,1666.261155
2020-11-07 18:00:00,wind,mlp,721.46637,2342.608333,1621.141964
2020-11-07 18:00:00,wind,RTS_DAY_AHEAD,2030.8,2342.608333,311.808333
2020-11-07 19:00:00,wind,hist_gradient_boosting,941.822464,2168.333333,1226.510869
2020-11-07 19:00:00,wind,mlp,737.701538,2168.333333,1430.631795
2020-11-07 19:00:00,wind,RTS_DAY_AHEAD,2422.9,2168.333333,254.566667
2020-11-07 20:00:00,wind,hist_gradient_boosting,1181.198704,2165.416667,984.217963
2020-11-07 20:00:00,wind,mlp,734.887024,2165.416667,1430.529643
2020-11-07 20:00:00,wind,RTS_DAY_AHEAD,2290.9,2165.416667,125.483333
2020-11-07 21:00:00,wind,hist_gradient_boosting,1418.832133,2027.95,609.117867
2020-11-07 21:00:00,wind,mlp,762.527771,2027.95,1265.422229
2020-11-07 21:00:00,wind,RTS_DAY_AHEAD,2416.1,2027.95,388.15
2020-11-07 22:00:00,wind,hist_gradient_boosting,1157.658143,2150.375,992.716857
2020-11-07 22:00:00,wind,mlp,762.242798,2150.375,1388.132202
2020-11-07 22:00:00,wind,RTS_DAY_AHEAD,2402.5,2150.375,252.125
2020-11-07 23:00:00,wind,hist_gradient_boosting,1475.446176,2277.841667,802.395491
2020-11-07 23:00:00,wind,mlp,789.715759,2277.841667,1488.125907
2020-11-07 23:00:00,wind,RTS_DAY_AHEAD,2413.3,2277.841667,135.458333
2020-11-08 00:00:00,wind,hist_gradient_boosting,1276.648941,2317.825,1041.176059
2020-11-08 00:00:00,wind,mlp,780.986694,2317.825,1536.838306
2020-11-08 00:00:00,wind,RTS_DAY_AHEAD,2361.4,2317.825,43.575
2020-11-08 01:00:00,wind,hist_gradient_boosting,1276.648941,2446.191667,1169.542726
2020-11-08 01:00:00,wind,mlp,790.784668,2446.191667,1655.406999
2020-11-08 01:00:00,wind,RTS_DAY_AHEAD,2363.9,2446.191667,82.291667
2020-11-08 02:00:00,wind,hist_gradient_boosting,1439.815032,2462.441667,1022.626634
2020-11-08 02:00:00,wind,mlp,807.402222,2462.441667,1655.039445
2020-11-08 02:00:00,wind,RTS_DAY_AHEAD,2461.4,2462.441667,1.041667
2020-11-08 03:00:00,wind,hist_gradient_boosting,1448.279719,2464.008333,1015.728615
2020-11-08 03:00:00,wind,mlp,813.796692,2464.008333,1650.211641
2020-11-08 03:00:00,wind,RTS_DAY_AHEAD,2485.9,2464.008333,21.891667
2020-11-08 04:00:00,wind,hist_gradient_boosting,1447.704539,2463.691667,1015.987127
2020-11-08 04:00:00,wind,mlp,814.291504,2463.691667,1649.400163
2020-11-08 04:00:00,wind,RTS_DAY_AHEAD,2474.1,2463.691667,10.408333
2020-11-08 05:00:00,wind,hist_gradient_boosting,1504.040196,2458.716667,954.67647
2020-11-08 05:00:00,wind,mlp,814.383911,2458.716667,1644.332756
2020-11-08 05:00:00,wind,RTS_DAY_AHEAD,2476.4,2458.716667,17.683333
2020-11-08 06:00:00,wind,hist_gradient_boosting,1547.120498,2455.416667,908.296168
2020-11-08 06:00:00,wind,mlp,820.933472,2455.416667,1634.483195
2020-11-08 06:00:00,wind,RTS_DAY_AHEAD,2438.2,2455.416667,17.216667
2020-11-08 07:00:00,wind,hist_gradient_boosting,1333.109672,2418.466667,1085.356994
2020-11-08 07:00:00,wind,mlp,814.748657,2418.466667,1603.718009
2020-11-08 07:00:00,wind,RTS_DAY_AHEAD,2470.8,2418.466667,52.333333
2020-11-08 08:00:00,wind,hist_gradient_boosting,1256.046465,2457.95,1201.903535
2020-11-08 08:00:00,wind,mlp,820.972961,2457.95,1636.977039
2020-11-08 08:00:00,wind,RTS_DAY_AHEAD,2440.6,2457.95,17.35
2020-11-08 09:00:00,wind,hist_gradient_boosting,1118.781786,2458.491667,1339.709881
2020-11-08 09:00:00,wind,mlp,825.581238,2458.491667,1632.910429
2020-11-08 09:00:00,wind,RTS_DAY_AHEAD,2459.3,2458.491667,0.808333
2020-11-08 10:00:00,wind,hist_gradient_boosting,964.846499,2454.875,1490.028501
2020-11-08 10:00:00,wind,mlp,811.973755,2454.875,1642.901245
2020-11-08 10:00:00,wind,RTS_DAY_AHEAD,2316.3,2454.875,138.575
2020-11-08 11:00:00,wind,hist_gradient_boosting,1131.889259,2458.766667,1326.877408
2020-11-08 11:00:00,wind,mlp,797.013184,2458.766667,1661.753483
2020-11-08 11:00:00,wind,RTS_DAY_AHEAD,2253.0,2458.766667,205.766667
2020-11-08 12:00:00,wind,hist_gradient_boosting,981.938982,2439.216667,1457.277685
2020-11-08 12:00:00,wind,mlp,773.050171,2439.216667,1666.166496
2020-11-08 12:00:00,wind,RTS_DAY_AHEAD,2202.1,2439.216667,237.116667
2020-11-08 13:00:00,wind,hist_gradient_boosting,880.949505,2412.375,1531.425495
2020-11-08 13:00:00,wind,mlp,736.869263,2412.375,1675.505737
2020-11-08 13:00:00,wind,RTS_DAY_AHEAD,1800.8,2412.375,611.575
2020-11-08 14:00:00,wind,hist_gradient_boosting,733.675034,2330.633333,1596.9583
2020-11-08 14:00:00,wind,mlp,756.326355,2330.633333,1574.306978
2020-11-08 14:00:00,wind,RTS_DAY_AHEAD,1147.9,2330.633333,1182.733333
2020-11-08 15:00:00,wind,hist_gradient_boosting,842.41046,1990.158333,1147.747873
2020-11-08 15:00:00,wind,mlp,781.781616,1990.158333,1208.376717
2020-11-08 15:00:00,wind,RTS_DAY_AHEAD,1109.9,1990.158333,880.258333
2020-11-08 16:00:00,wind,hist_gradient_boosting,1131.012784,1730.566667,599.553882
2020-11-08 16:00:00,wind,mlp,805.867188,1730.566667,924.699479
2020-11-08 16:00:00,wind,RTS_DAY_AHEAD,848.6,1730.566667,881.966667
2020-11-08 17:00:00,wind,hist_gradient_boosting,1466.639367,1692.716667,226.077299
2020-11-08 17:00:00,wind,mlp,812.523865,1692.716667,880.192802
2020-11-08 17:00:00,wind,RTS_DAY_AHEAD,1136.0,1692.716667,556.716667
2020-11-08 18:00:00,wind,hist_gradient_boosting,1587.351211,1971.975,384.623789
2020-11-08 18:00:00,wind,mlp,821.395508,1971.975,1150.579492
2020-11-08 18:00:00,wind,RTS_DAY_AHEAD,1297.3,1971.975,674.675
2020-11-08 19:00:00,wind,hist_gradient_boosting,1585.165401,2218.1,632.934599
2020-11-08 19:00:00,wind,mlp,816.262085,2218.1,1401.837915
2020-11-08 19:00:00,wind,RTS_DAY_AHEAD,1517.6,2218.1,700.5
2020-11-08 20:00:00,wind,hist_gradient_boosting,876.731717,2345.55,1468.818283
2020-11-08 20:00:00,wind,mlp,846.756042,2345.55,1498.793958
2020-11-08 20:00:00,wind,RTS_DAY_AHEAD,922.3,2345.55,1423.25
2020-11-08 21:00:00,wind,hist_gradient_boosting,876.731717,2408.841667,1532.10995
2020-11-08 21:00:00,wind,mlp,847.697632,2408.841667,1561.144035
2020-11-08 21:00:00,wind,RTS_DAY_AHEAD,1355.0,2408.841667,1053.841667
2020-11-08 22:00:00,wind,hist_gradient_boosting,802.536288,2442.083333,1639.547045
2020-11-08 22:00:00,wind,mlp,877.814636,2442.083333,1564.268697
2020-11-08 22:00:00,wind,RTS_DAY_AHEAD,2154.9,2442.083333,287.183333
2020-11-08 23:00:00,wind,hist_gradient_boosting,1650.825546,2463.475,812.649454
2020-11-08 23:00:00,wind,mlp,897.742859,2463.475,1565.732141
2020-11-08 23:00:00,wind,RTS_DAY_AHEAD,2470.8,2463.475,7.325
2020-11-09 00:00:00,wind,hist_gradient_boosting,1575.452239,2465.05,889.597761
2020-11-09 00:00:00,wind,mlp,918.590149,2465.05,1546.459851
2020-11-09 00:00:00,wind,RTS_DAY_AHEAD,2434.0,2465.05,31.05
2020-11-09 01:00:00,wind,hist_gradient_boosting,1614.185614,2460.725,846.539386
2020-11-09 01:00:00,wind,mlp,934.34082,2460.725,1526.38418
2020-11-09 01:00:00,wind,RTS_DAY_AHEAD,2496.6,2460.725,35.875
2020-11-09 02:00:00,wind,hist_gradient_boosting,1292.572178,2404.208333,1111.636155
2020-11-09 02:00:00,wind,mlp,920.994141,2404.208333,1483.214193
2020-11-09 02:00:00,wind,RTS_DAY_AHEAD,2494.6,2404.208333,90.391667
2020-11-09 03:00:00,wind,hist_gradient_boosting,1541.872854,2355.0,813.127146
2020-11-09 03:00:00,wind,mlp,920.03064,2355.0,1434.96936
2020-11-09 03:00:00,wind,RTS_DAY_AHEAD,2448.1,2355.0,93.1
2020-11-09 04:00:00,wind,hist_gradient_boosting,1314.064887,2233.5,919.435113
2020-11-09 04:00:00,wind,mlp,918.393188,2233.5,1315.106812
2020-11-09 04:00:00,wind,RTS_DAY_AHEAD,2393.4,2233.5,159.9
2020-11-09 05:00:00,wind,hist_gradient_boosting,1314.064887,1810.991667,496.92678
2020-11-09 05:00:00,wind,mlp,916.489075,1810.991667,894.502592
2020-11-09 05:00:00,wind,RTS_DAY_AHEAD,2300.6,1810.991667,489.608333
2020-11-09 06:00:00,wind,hist_gradient_boosting,1351.0531,1771.041667,419.988566
2020-11-09 06:00:00,wind,mlp,911.514038,1771.041667,859.527629
2020-11-09 06:00:00,wind,RTS_DAY_AHEAD,2126.9,1771.041667,355.858333
2020-11-09 07:00:00,wind,hist_gradient_boosting,1500.725883,1603.116667,102.390784
2020-11-09 07:00:00,wind,mlp,902.48114,1603.116667,700.635527
2020-11-09 07:00:00,wind,RTS_DAY_AHEAD,2194.6,1603.116667,591.483333
2020-11-09 08:00:00,wind,hist_gradient_boosting,1604.559143,1639.325,34.765857
2020-11-09 08:00:00,wind,mlp,903.599243,1639.325,735.725757
2020-11-09 08:00:00,wind,RTS_DAY_AHEAD,2231.5,1639.325,592.175
2020-11-09 09:00:00,wind,hist_gradient_boosting,1490.080296,1718.591667,228.511371
2020-11-09 09:00:00,wind,mlp,898.882446,1718.591667,819.70922
2020-11-09 09:00:00,wind,RTS_DAY_AHEAD,2202.6,1718.591667,484.008333
2020-11-09 10:00:00,wind,hist_gradient_boosting,1560.58855,1764.625,204.03645
2020-11-09 10:00:00,wind,mlp,892.256958,1764.625,872.368042
2020-11-09 10:00:00,wind,RTS_DAY_AHEAD,2159.0,1764.625,394.375
2020-11-09 11:00:00,wind,hist_gradient_boosting,1484.726963,1765.825,281.098037
2020-11-09 11:00:00,wind,mlp,888.680054,1765.825,877.144946
2020-11-09 11:00:00,wind,RTS_DAY_AHEAD,2187.1,1765.825,421.275
2020-11-09 12:00:00,wind,hist_gradient_boosting,1634.283541,1756.341667,122.058126
2020-11-09 12:00:00,wind,mlp,881.475464,1756.341667,874.866203
2020-11-09 12:00:00,wind,RTS_DAY_AHEAD,2143.3,1756.341667,386.958333
2020-11-09 13:00:00,wind,hist_gradient_boosting,1558.778135,1762.35,203.571865
2020-11-09 13:00:00,wind,mlp,870.502319,1762.35,891.847681
2020-11-09 13:00:00,wind,RTS_DAY_AHEAD,2146.4,1762.35,384.05
2020-11-09 14:00:00,wind,hist_gradient_boosting,1104.428093,1796.358333,691.93024
2020-11-09 14:00:00,wind,mlp,860.675964,1796.358333,935.682369
2020-11-09 14:00:00,wind,RTS_DAY_AHEAD,2148.2,1796.358333,351.841667
2020-11-09 15:00:00,wind,hist_gradient_boosting,1650.85381,1824.7,173.84619
2020-11-09 15:00:00,wind,mlp,832.7677,1824.7,991.9323
2020-11-09 15:00:00,wind,RTS_DAY_AHEAD,2160.8,1824.7,336.1
2020-11-09 16:00:00,wind,hist_gradient_boosting,866.533561,1879.958333,1013.424772
2020-11-09 16:00:00,wind,mlp,834.808411,1879.958333,1045.149923
2020-11-09 16:00:00,wind,RTS_DAY_AHEAD,2464.1,1879.958333,584.141667
2020-11-09 17:00:00,wind,hist_gradient_boosting,978.796345,1967.041667,988.245322
2020-11-09 17:00:00,wind,mlp,856.089172,1967.041667,1110.952494
2020-11-09 17:00:00,wind,RTS_DAY_AHEAD,2421.3,1967.041667,454.258333
2020-11-09 18:00:00,wind,hist_gradient_boosting,927.827264,2090.308333,1162.481069
2020-11-09 18:00:00,wind,mlp,893.887878,2090.308333,1196.420455
2020-11-09 18:00:00,wind,RTS_DAY_AHEAD,2400.3,2090.308333,309.991667
2020-11-09 19:00:00,wind,hist_gradient_boosting,1148.781867,2173.2,1024.418133
2020-11-09 19:00:00,wind,mlp,896.476379,2173.2,1276.723621
2020-11-09 19:00:00,wind,RTS_DAY_AHEAD,2380.0,2173.2,206.8
2020-11-09 20:00:00,wind,hist_gradient_boosting,1228.121381,2368.091667,1139.970286
2020-11-09 20:00:00,wind,mlp,894.644897,2368.091667,1473.446769
2020-11-09 20:00:00,wind,RTS_DAY_AHEAD,2456.0,2368.091667,87.908333
2020-11-09 21:00:00,wind,hist_gradient_boosting,1450.663391,2466.375,1015.711609
2020-11-09 21:00:00,wind,mlp,893.008118,2466.375,1573.366882
2020-11-09 21:00:00,wind,RTS_DAY_AHEAD,2496.2,2466.375,29.825
2020-11-09 22:00:00,wind,hist_gradient_boosting,1297.608598,2460.466667,1162.858069
2020-11-09 22:00:00,wind,mlp,905.566284,2460.466667,1554.900382
2020-11-09 22:00:00,wind,RTS_DAY_AHEAD,2504.8,2460.466667,44.333333
2020-11-09 23:00:00,wind,hist_gradient_boosting,1349.901953,2462.716667,1112.814713
2020-11-09 23:00:00,wind,mlp,914.422485,2462.716667,1548.294181
2020-11-09 23:00:00,wind,RTS_DAY_AHEAD,2503.4,2462.716667,40.683333
2020-11-10 00:00:00,wind,hist_gradient_boosting,1454.955036,2463.625,1008.669964
2020-11-10 00:00:00,wind,mlp,928.540161,2463.625,1535.084839
2020-11-10 00:00:00,wind,RTS_DAY_AHEAD,2504.3,2463.625,40.675
2020-11-10 01:00:00,wind,hist_gradient_boosting,1507.580315,2461.658333,954.078019
2020-11-10 01:00:00,wind,mlp,933.421265,2461.658333,1528.237069
2020-11-10 01:00:00,wind,RTS_DAY_AHEAD,2497.9,2461.658333,36.241667
2020-11-10 02:00:00,wind,hist_gradient_boosting,1585.573064,2464.416667,878.843603
2020-11-10 02:00:00,wind,mlp,926.510132,2464.416667,1537.906535
2020-11-10 02:00:00,wind,RTS_DAY_AHEAD,2489.2,2464.416667,24.783333
2020-11-10 03:00:00,wind,hist_gradient_boosting,1716.10989,2462.866667,746.756776
2020-11-10 03:00:00,wind,mlp,926.137024,2462.866667,1536.729643
2020-11-10 03:00:00,wind,RTS_DAY_AHEAD,2408.5,2462.866667,54.366667
2020-11-10 04:00:00,wind,hist_gradient_boosting,1523.653501,2459.866667,936.213166
2020-11-10 04:00:00,wind,mlp,920.825378,2459.866667,1539.041288
2020-11-10 04:00:00,wind,RTS_DAY_AHEAD,2462.4,2459.866667,2.533333
2020-11-10 05:00:00,wind,hist_gradient_boosting,1496.288904,2418.933333,922.64443
2020-11-10 05:00:00,wind,mlp,890.704712,2418.933333,1528.228621
2020-11-10 05:00:00,wind,RTS_DAY_AHEAD,2487.1,2418.933333,68.166667
2020-11-10 06:00:00,wind,hist_gradient_boosting,1280.139833,2351.158333,1071.0185
2020-11-10 06:00:00,wind,mlp,909.265015,2351.158333,1441.893319
2020-11-10 06:00:00,wind,RTS_DAY_AHEAD,2481.9,2351.158333,130.741667
2020-11-10 07:00:00,wind,hist_gradient_boosting,1027.969669,2303.916667,1275.946997
2020-11-10 07:00:00,wind,mlp,890.432251,2303.916667,1413.484416
2020-11-10 07:00:00,wind,RTS_DAY_AHEAD,2467.1,2303.916667,163.183333
2020-11-10 08:00:00,wind,hist_gradient_boosting,1611.077668,2129.7,518.622332
2020-11-10 08:00:00,wind,mlp,898.465454,2129.7,1231.234546
2020-11-10 08:00:00,wind,RTS_DAY_AHEAD,2403.6,2129.7,273.9
2020-11-10 09:00:00,wind,hist_gradient_boosting,1608.403468,2005.3,396.896532
2020-11-10 09:00:00,wind,mlp,894.487671,2005.3,1110.812329
2020-11-10 09:00:00,wind,RTS_DAY_AHEAD,2270.2,2005.3,264.9
2020-11-10 10:00:00,wind,hist_gradient_boosting,1607.371545,1814.85,207.478455
2020-11-10 10:00:00,wind,mlp,885.520813,1814.85,929.329187
2020-11-10 10:00:00,wind,RTS_DAY_AHEAD,2159.0,1814.85,344.15
2020-11-10 11:00:00,wind,hist_gradient_boosting,1607.371545,1691.333333,83.961788
2020-11-10 11:00:00,wind,mlp,876.617371,1691.333333,814.715963
2020-11-10 11:00:00,wind,RTS_DAY_AHEAD,2044.2,1691.333333,352.866667
2020-11-10 12:00:00,wind,hist_gradient_boosting,1490.116741,1469.325,20.791741
2020-11-10 12:00:00,wind,mlp,871.324829,1469.325,598.000171
2020-11-10 12:00:00,wind,RTS_DAY_AHEAD,1824.9,1469.325,355.575
2020-11-10 13:00:00,wind,hist_gradient_boosting,1602.340791,1441.441667,160.899124
2020-11-10 13:00:00,wind,mlp,862.179077,1441.441667,579.26259
2020-11-10 13:00:00,wind,RTS_DAY_AHEAD,1862.2,1441.441667,420.758333
2020-11-10 14:00:00,wind,hist_gradient_boosting,876.645911,1801.675,925.029089
2020-11-10 14:00:00,wind,mlp,853.668335,1801.675,948.006665
2020-11-10 14:00:00,wind,RTS_DAY_AHEAD,2020.1,1801.675,218.425
2020-11-10 15:00:00,wind,hist_gradient_boosting,1256.673272,2031.008333,774.335061
2020-11-10 15:00:00,wind,mlp,829.135071,2031.008333,1201.873263
2020-11-10 15:00:00,wind,RTS_DAY_AHEAD,2246.9,2031.008333,215.891667
2020-11-10 16:00:00,wind,hist_gradient_boosting,1347.357548,2162.8,815.442452
2020-11-10 16:00:00,wind,mlp,821.189087,2162.8,1341.610913
2020-11-10 16:00:00,wind,RTS_DAY_AHEAD,2340.4,2162.8,177.6
2020-11-10 17:00:00,wind,hist_gradient_boosting,1111.507867,2290.858333,1179.350466
2020-11-10 17:00:00,wind,mlp,827.999207,2290.858333,1462.859127
2020-11-10 17:00:00,wind,RTS_DAY_AHEAD,2164.5,2290.858333,126.358333
2020-11-10 18:00:00,wind,hist_gradient_boosting,1075.546239,2379.083333,1303.537095
2020-11-10 18:00:00,wind,mlp,855.28418,2379.083333,1523.799154
2020-11-10 18:00:00,wind,RTS_DAY_AHEAD,2312.3,2379.083333,66.783333
2020-11-10 19:00:00,wind,hist_gradient_boosting,1141.383821,2456.733333,1315.349512
2020-11-10 19:00:00,wind,mlp,871.59375,2456.733333,1585.139583
2020-11-10 19:00:00,wind,RTS_DAY_AHEAD,2382.6,2456.733333,74.133333
2020-11-10 20:00:00,wind,hist_gradient_boosting,1117.923366,2457.925,1340.001634
2020-11-10 20:00:00,wind,mlp,899.386353,2457.925,1558.538647
2020-11-10 20:00:00,wind,RTS_DAY_AHEAD,2447.0,2457.925,10.925
2020-11-10 21:00:00,wind,hist_gradient_boosting,1982.400434,2405.683333,423.282899
2020-11-10 21:00:00,wind,mlp,902.133789,2405.683333,1503.549544
2020-11-10 21:00:00,wind,RTS_DAY_AHEAD,2465.8,2405.683333,60.116667
2020-11-10 22:00:00,wind,hist_gradient_boosting,1997.980735,2140.933333,142.952598
2020-11-10 22:00:00,wind,mlp,903.297852,2140.933333,1237.635482
2020-11-10 22:00:00,wind,RTS_DAY_AHEAD,2442.0,2140.933333,301.066667
2020-11-10 23:00:00,wind,hist_gradient_boosting,1997.980735,1884.8,113.180735
2020-11-10 23:00:00,wind,mlp,910.334656,1884.8,974.465344
2020-11-10 23:00:00,wind,RTS_DAY_AHEAD,2187.8,1884.8,303.0
2020-11-11 00:00:00,wind,hist_gradient_boosting,1997.980735,1639.233333,358.747402
2020-11-11 00:00:00,wind,mlp,915.061157,1639.233333,724.172176
2020-11-11 00:00:00,wind,RTS_DAY_AHEAD,2030.3,1639.233333,391.066667
2020-11-11 01:00:00,wind,hist_gradient_boosting,1997.980735,1405.141667,592.839068
2020-11-11 01:00:00,wind,mlp,918.920532,1405.141667,486.221134
2020-11-11 01:00:00,wind,RTS_DAY_AHEAD,2039.4,1405.141667,634.258333
2020-11-11 02:00:00,wind,hist_gradient_boosting,1906.91649,1161.008333,745.908156
2020-11-11 02:00:00,wind,mlp,919.784546,1161.008333,241.223787
2020-11-11 02:00:00,wind,RTS_DAY_AHEAD,1813.4,1161.008333,652.391667
2020-11-11 03:00:00,wind,hist_gradient_boosting,1812.102543,1043.616667,768.485877
2020-11-11 03:00:00,wind,mlp,920.314758,1043.616667,123.301908
2020-11-11 03:00:00,wind,RTS_DAY_AHEAD,1690.8,1043.616667,647.183333
2020-11-11 04:00:00,wind,hist_gradient_boosting,1812.102543,1061.608333,750.49421
2020-11-11 04:00:00,wind,mlp,919.454224,1061.608333,142.15411
2020-11-11 04:00:00,wind,RTS_DAY_AHEAD,1430.7,1061.608333,369.091667
2020-11-11 05:00:00,wind,hist_gradient_boosting,1655.463561,966.366667,689.096895
2020-11-11 05:00:00,wind,mlp,904.884583,966.366667,61.482084
2020-11-11 05:00:00,wind,RTS_DAY_AHEAD,1351.4,966.366667,385.033333
2020-11-11 06:00:00,wind,hist_gradient_boosting,1468.852897,1047.066667,421.78623
2020-11-11 06:00:00,wind,mlp,900.306519,1047.066667,146.760148
2020-11-11 06:00:00,wind,RTS_DAY_AHEAD,1070.9,1047.066667,23.833333
2020-11-11 07:00:00,wind,hist_gradient_boosting,1197.377421,1119.016667,78.360755
2020-11-11 07:00:00,wind,mlp,890.990356,1119.016667,228.02631
2020-11-11 07:00:00,wind,RTS_DAY_AHEAD,1088.3,1119.016667,30.716667
2020-11-11 08:00:00,wind,hist_gradient_boosting,1197.377421,983.208333,214.169088
2020-11-11 08:00:00,wind,mlp,874.389282,983.208333,108.819051
2020-11-11 08:00:00,wind,RTS_DAY_AHEAD,1156.4,983.208333,173.191667
2020-11-11 09:00:00,wind,hist_gradient_boosting,1047.844809,832.941667,214.903143
2020-11-11 09:00:00,wind,mlp,872.248047,832.941667,39.30638
2020-11-11 09:00:00,wind,RTS_DAY_AHEAD,839.3,832.941667,6.358333
2020-11-11 10:00:00,wind,hist_gradient_boosting,1105.024009,708.35,396.674009
2020-11-11 10:00:00,wind,mlp,853.381226,708.35,145.031226
2020-11-11 10:00:00,wind,RTS_DAY_AHEAD,457.4,708.35,250.95
2020-11-11 11:00:00,wind,hist_gradient_boosting,1124.172168,627.908333,496.263835
2020-11-11 11:00:00,wind,mlp,849.434692,627.908333,221.526359
2020-11-11 11:00:00,wind,RTS_DAY_AHEAD,485.7,627.908333,142.208333
2020-11-11 12:00:00,wind,hist_gradient_boosting,1125.456847,502.95,622.506847
2020-11-11 12:00:00,wind,mlp,824.102173,502.95,321.152173
2020-11-11 12:00:00,wind,RTS_DAY_AHEAD,336.5,502.95,166.45
2020-11-11 13:00:00,wind,hist_gradient_boosting,1137.494279,491.858333,645.635946
2020-11-11 13:00:00,wind,mlp,836.339355,491.858333,344.481022
2020-11-11 13:00:00,wind,RTS_DAY_AHEAD,261.7,491.858333,230.158333
2020-11-11 14:00:00,wind,hist_gradient_boosting,1399.486927,448.1,951.386927
2020-11-11 14:00:00,wind,mlp,893.041199,448.1,444.941199
2020-11-11 14:00:00,wind,RTS_DAY_AHEAD,419.1,448.1,29.0
2020-11-11 15:00:00,wind,hist_gradient_boosting,1317.577479,304.366667,1013.210812
2020-11-11 15:00:00,wind,mlp,889.09314,304.366667,584.726473
2020-11-11 15:00:00,wind,RTS_DAY_AHEAD,413.8,304.366667,109.433333
2020-11-11 16:00:00,wind,hist_gradient_boosting,1086.488061,271.025,815.463061
2020-11-11 16:00:00,wind,mlp,881.274109,271.025,610.249109
2020-11-11 16:00:00,wind,RTS_DAY_AHEAD,567.1,271.025,296.075
2020-11-11 17:00:00,wind,hist_gradient_boosting,1079.172152,426.1,653.072152
2020-11-11 17:00:00,wind,mlp,891.305359,426.1,465.205359
2020-11-11 17:00:00,wind,RTS_DAY_AHEAD,376.8,426.1,49.3
2020-11-11 18:00:00,wind,hist_gradient_boosting,1258.341379,674.683333,583.658045
2020-11-11 18:00:00,wind,mlp,897.308289,674.683333,222.624955
2020-11-11 18:00:00,wind,RTS_DAY_AHEAD,407.5,674.683333,267.183333
2020-11-11 19:00:00,wind,hist_gradient_boosting,1070.621206,732.625,337.996206
2020-11-11 19:00:00,wind,mlp,908.519897,732.625,175.894897
2020-11-11 19:00:00,wind,RTS_DAY_AHEAD,118.0,732.625,614.625
2020-11-11 20:00:00,wind,hist_gradient_boosting,1258.71579,868.891667,389.824124
2020-11-11 20:00:00,wind,mlp,912.310181,868.891667,43.418514
2020-11-11 20:00:00,wind,RTS_DAY_AHEAD,175.3,868.891667,693.591667
2020-11-11 21:00:00,wind,hist_gradient_boosting,1617.911302,1151.416667,466.494635
2020-11-11 21:00:00,wind,mlp,916.52478,1151.416667,234.891886
2020-11-11 21:00:00,wind,RTS_DAY_AHEAD,378.6,1151.416667,772.816667
2020-11-11 22:00:00,wind,hist_gradient_boosting,1519.466973,700.416667,819.050306
2020-11-11 22:00:00,wind,mlp,901.963989,700.416667,201.547323
2020-11-11 22:00:00,wind,RTS_DAY_AHEAD,564.7,700.416667,135.716667
2020-11-11 23:00:00,wind,hist_gradient_boosting,1549.757964,552.308333,997.449631
2020-11-11 23:00:00,wind,mlp,902.916138,552.308333,350.607804
2020-11-11 23:00:00,wind,RTS_DAY_AHEAD,485.2,552.308333,67.108333
2020-11-12 00:00:00,wind,hist_gradient_boosting,1500.405412,500.966667,999.438745
2020-11-12 00:00:00,wind,mlp,890.417603,500.966667,389.450936
2020-11-12 00:00:00,wind,RTS_DAY_AHEAD,351.6,500.966667,149.366667
2020-11-12 01:00:00,wind,hist_gradient_boosting,1594.6447,674.5,920.1447
2020-11-12 01:00:00,wind,mlp,885.997192,674.5,211.497192
2020-11-12 01:00:00,wind,RTS_DAY_AHEAD,329.5,674.5,345.0
2020-11-12 02:00:00,wind,hist_gradient_boosting,1522.32511,727.325,795.00011
2020-11-12 02:00:00,wind,mlp,880.353516,727.325,153.028516
2020-11-12 02:00:00,wind,RTS_DAY_AHEAD,529.7,727.325,197.625
2020-11-12 03:00:00,wind,hist_gradient_boosting,730.510634,724.35,6.160634
2020-11-12 03:00:00,wind,mlp,892.676392,724.35,168.326392
2020-11-12 03:00:00,wind,RTS_DAY_AHEAD,624.1,724.35,100.25
2020-11-12 04:00:00,wind,hist_gradient_boosting,746.939343,825.191667,78.252323
2020-11-12 04:00:00,wind,mlp,906.839172,825.191667,81.647506
2020-11-12 04:00:00,wind,RTS_DAY_AHEAD,450.2,825.191667,374.991667
2020-11-12 05:00:00,wind,hist_gradient_boosting,480.129627,999.425,519.295373
2020-11-12 05:00:00,wind,mlp,882.476562,999.425,116.948437
2020-11-12 05:00:00,wind,RTS_DAY_AHEAD,728.1,999.425,271.325
2020-11-12 06:00:00,wind,hist_gradient_boosting,495.890477,1098.566667,602.67619
2020-11-12 06:00:00,wind,mlp,892.970032,1098.566667,205.596635
2020-11-12 06:00:00,wind,RTS_DAY_AHEAD,940.0,1098.566667,158.566667
2020-11-12 07:00:00,wind,hist_gradient_boosting,466.65119,873.375,406.72381
2020-11-12 07:00:00,wind,mlp,880.157227,873.375,6.782227
2020-11-12 07:00:00,wind,RTS_DAY_AHEAD,1056.3,873.375,182.925
2020-11-12 08:00:00,wind,hist_gradient_boosting,462.703128,696.658333,233.955206
2020-11-12 08:00:00,wind,mlp,833.182312,696.658333,136.523979
2020-11-12 08:00:00,wind,RTS_DAY_AHEAD,1132.5,696.658333,435.841667
2020-11-12 09:00:00,wind,hist_gradient_boosting,485.516826,468.033333,17.483493
2020-11-12 09:00:00,wind,mlp,810.204651,468.033333,342.171318
2020-11-12 09:00:00,wind,RTS_DAY_AHEAD,1223.1,468.033333,755.066667
2020-11-12 10:00:00,wind,hist_gradient_boosting,849.753858,266.316667,583.437191
2020-11-12 10:00:00,wind,mlp,796.097717,266.316667,529.781051
2020-11-12 10:00:00,wind,RTS_DAY_AHEAD,929.6,266.316667,663.283333
2020-11-12 11:00:00,wind,hist_gradient_boosting,803.833167,205.725,598.108167
2020-11-12 11:00:00,wind,mlp,787.400452,205.725,581.675452
2020-11-12 11:00:00,wind,RTS_DAY_AHEAD,825.3,205.725,619.575
2020-11-12 12:00:00,wind,hist_gradient_boosting,605.376104,286.391667,318.984438
2020-11-12 12:00:00,wind,mlp,761.912964,286.391667,475.521297
2020-11-12 12:00:00,wind,RTS_DAY_AHEAD,640.8,286.391667,354.408333
2020-11-12 13:00:00,wind,hist_gradient_boosting,575.463571,315.708333,259.755238
2020-11-12 13:00:00,wind,mlp,768.679993,315.708333,452.971659
2020-11-12 13:00:00,wind,RTS_DAY_AHEAD,599.6,315.708333,283.891667
2020-11-12 14:00:00,wind,hist_gradient_boosting,642.697984,350.991667,291.706317
2020-11-12 14:00:00,wind,mlp,779.463562,350.991667,428.471895
2020-11-12 14:00:00,wind,RTS_DAY_AHEAD,619.5,350.991667,268.508333
2020-11-12 15:00:00,wind,hist_gradient_boosting,728.373468,621.733333,106.640135
2020-11-12 15:00:00,wind,mlp,773.341797,621.733333,151.608464
2020-11-12 15:00:00,wind,RTS_DAY_AHEAD,483.6,621.733333,138.133333
2020-11-12 16:00:00,wind,hist_gradient_boosting,631.372771,435.033333,196.339438
2020-11-12 16:00:00,wind,mlp,788.860474,435.033333,353.82714
2020-11-12 16:00:00,wind,RTS_DAY_AHEAD,649.2,435.033333,214.166667
2020-11-12 17:00:00,wind,hist_gradient_boosting,649.762117,554.4,95.362117
2020-11-12 17:00:00,wind,mlp,810.893921,554.4,256.493921
2020-11-12 17:00:00,wind,RTS_DAY_AHEAD,924.4,554.4,370.0
2020-11-12 18:00:00,wind,hist_gradient_boosting,837.686088,563.508333,274.177755
2020-11-12 18:00:00,wind,mlp,829.601379,563.508333,266.093046
2020-11-12 18:00:00,wind,RTS_DAY_AHEAD,1128.5,563.508333,564.991667
2020-11-12 19:00:00,wind,hist_gradient_boosting,713.967463,674.966667,39.000796
2020-11-12 19:00:00,wind,mlp,818.793091,674.966667,143.826424
2020-11-12 19:00:00,wind,RTS_DAY_AHEAD,1096.6,674.966667,421.633333
2020-11-12 20:00:00,wind,hist_gradient_boosting,738.838396,909.133333,170.294938
2020-11-12 20:00:00,wind,mlp,830.46936,909.133333,78.663973
2020-11-12 20:00:00,wind,RTS_DAY_AHEAD,783.3,909.133333,125.833333
2020-11-12 21:00:00,wind,hist_gradient_boosting,840.736955,1356.2,515.463045
2020-11-12 21:00:00,wind,mlp,848.935913,1356.2,507.264087
2020-11-12 21:00:00,wind,RTS_DAY_AHEAD,1047.0,1356.2,309.2
2020-11-12 22:00:00,wind,hist_gradient_boosting,794.490064,1211.383333,416.893269
2020-11-12 22:00:00,wind,mlp,800.649719,1211.383333,410.733614
2020-11-12 22:00:00,wind,RTS_DAY_AHEAD,1621.6,1211.383333,410.216667
2020-11-12 23:00:00,wind,hist_gradient_boosting,593.597375,1152.908333,559.310958
2020-11-12 23:00:00,wind,mlp,804.134644,1152.908333,348.77369
2020-11-12 23:00:00,wind,RTS_DAY_AHEAD,1514.0,1152.908333,361.091667
2020-11-13 00:00:00,wind,hist_gradient_boosting,601.182903,1171.308333,570.12543
2020-11-13 00:00:00,wind,mlp,787.027039,1171.308333,384.281295
2020-11-13 00:00:00,wind,RTS_DAY_AHEAD,1330.4,1171.308333,159.091667
2020-11-13 01:00:00,wind,hist_gradient_boosting,516.116469,1276.808333,760.691865
2020-11-13 01:00:00,wind,mlp,778.078796,1276.808333,498.729537
2020-11-13 01:00:00,wind,RTS_DAY_AHEAD,1335.9,1276.808333,59.091667
2020-11-13 02:00:00,wind,hist_gradient_boosting,566.403724,1358.858333,792.454609
2020-11-13 02:00:00,wind,mlp,762.646973,1358.858333,596.211361
2020-11-13 02:00:00,wind,RTS_DAY_AHEAD,1266.6,1358.858333,92.258333
2020-11-13 03:00:00,wind,hist_gradient_boosting,593.554275,1350.958333,757.404058
2020-11-13 03:00:00,wind,mlp,754.118042,1350.958333,596.840291
2020-11-13 03:00:00,wind,RTS_DAY_AHEAD,1219.9,1350.958333,131.058333
2020-11-13 04:00:00,wind,hist_gradient_boosting,590.299948,923.041667,332.741718
2020-11-13 04:00:00,wind,mlp,752.70752,923.041667,170.334147
2020-11-13 04:00:00,wind,RTS_DAY_AHEAD,1325.0,923.041667,401.958333
2020-11-13 05:00:00,wind,hist_gradient_boosting,607.025129,796.65,189.624871
2020-11-13 05:00:00,wind,mlp,753.7005,796.65,42.9495
2020-11-13 05:00:00,wind,RTS_DAY_AHEAD,1192.9,796.65,396.25
2020-11-13 06:00:00,wind,hist_gradient_boosting,580.841941,605.675,24.833059
2020-11-13 06:00:00,wind,mlp,747.333313,605.675,141.658313
2020-11-13 06:00:00,wind,RTS_DAY_AHEAD,1154.1,605.675,548.425
2020-11-13 07:00:00,wind,hist_gradient_boosting,631.006713,563.158333,67.848379
2020-11-13 07:00:00,wind,mlp,737.044189,563.158333,173.885856
2020-11-13 07:00:00,wind,RTS_DAY_AHEAD,1299.9,563.158333,736.741667
2020-11-13 08:00:00,wind,hist_gradient_boosting,608.35693,743.675,135.31807
2020-11-13 08:00:00,wind,mlp,723.416321,743.675,20.258679
2020-11-13 08:00:00,wind,RTS_DAY_AHEAD,1301.8,743.675,558.125
2020-11-13 09:00:00,wind,hist_gradient_boosting,717.829993,1018.65,300.820007
2020-11-13 09:00:00,wind,mlp,703.246887,1018.65,315.403113
2020-11-13 09:00:00,wind,RTS_DAY_AHEAD,1354.2,1018.65,335.55
2020-11-13 10:00:00,wind,hist_gradient_boosting,623.197856,1275.333333,652.135477
2020-11-13 10:00:00,wind,mlp,686.74884,1275.333333,588.584493
2020-11-13 10:00:00,wind,RTS_DAY_AHEAD,1374.0,1275.333333,98.666667
2020-11-13 11:00:00,wind,hist_gradient_boosting,599.141168,1514.525,915.383832
2020-11-13 11:00:00,wind,mlp,679.878052,1514.525,834.646948
2020-11-13 11:00:00,wind,RTS_DAY_AHEAD,1425.9,1514.525,88.625
2020-11-13 12:00:00,wind,hist_gradient_boosting,481.078008,1697.383333,1216.305326
2020-11-13 12:00:00,wind,mlp,690.310425,1697.383333,1007.072909
2020-11-13 12:00:00,wind,RTS_DAY_AHEAD,1528.1,1697.383333,169.283333
2020-11-13 13:00:00,wind,hist_gradient_boosting,566.135129,2045.241667,1479.106538
2020-11-13 13:00:00,wind,mlp,684.472717,2045.241667,1360.768949
2020-11-13 13:00:00,wind,RTS_DAY_AHEAD,1728.9,2045.241667,316.341667
2020-11-13 14:00:00,wind,hist_gradient_boosting,589.490944,2109.316667,1519.825723
2020-11-13 14:00:00,wind,mlp,684.732117,2109.316667,1424.58455
2020-11-13 14:00:00,wind,RTS_DAY_AHEAD,1930.8,2109.316667,178.516667
2020-11-13 15:00:00,wind,hist_gradient_boosting,568.488849,2169.491667,1601.002818
2020-11-13 15:00:00,wind,mlp,723.074341,2169.491667,1446.417326
2020-11-13 15:00:00,wind,RTS_DAY_AHEAD,2122.4,2169.491667,47.091667
2020-11-13 16:00:00,wind,hist_gradient_boosting,621.071535,2169.216667,1548.145131
2020-11-13 16:00:00,wind,mlp,659.604492,2169.216667,1509.612174
2020-11-13 16:00:00,wind,RTS_DAY_AHEAD,2006.8,2169.216667,162.416667
2020-11-13 17:00:00,wind,hist_gradient_boosting,739.050342,2130.658333,1391.607991
2020-11-13 17:00:00,wind,mlp,708.954956,2130.658333,1421.703377
2020-11-13 17:00:00,wind,RTS_DAY_AHEAD,2360.0,2130.658333,229.341667
2020-11-13 18:00:00,wind,hist_gradient_boosting,659.103018,2176.291667,1517.188649
2020-11-13 18:00:00,wind,mlp,705.396057,2176.291667,1470.89561
2020-11-13 18:00:00,wind,RTS_DAY_AHEAD,2157.9,2176.291667,18.391667
2020-11-13 19:00:00,wind,hist_gradient_boosting,707.38318,2155.3,1447.91682
2020-11-13 19:00:00,wind,mlp,732.048035,2155.3,1423.251965
2020-11-13 19:00:00,wind,RTS_DAY_AHEAD,1731.5,2155.3,423.8
2020-11-13 20:00:00,wind,hist_gradient_boosting,1010.680098,2070.458333,1059.778236
2020-11-13 20:00:00,wind,mlp,764.374512,2070.458333,1306.083822
2020-11-13 20:00:00,wind,RTS_DAY_AHEAD,1544.0,2070.458333,526.458333
2020-11-13 21:00:00,wind,hist_gradient_boosting,737.906344,1855.433333,1117.526989
2020-11-13 21:00:00,wind,mlp,822.387512,1855.433333,1033.045821
2020-11-13 21:00:00,wind,RTS_DAY_AHEAD,1440.9,1855.433333,414.533333
2020-11-13 22:00:00,wind,hist_gradient_boosting,588.534444,1783.216667,1194.682223
2020-11-13 22:00:00,wind,mlp,751.518677,1783.216667,1031.69799
2020-11-13 22:00:00,wind,RTS_DAY_AHEAD,1379.4,1783.216667,403.816667
2020-11-13 23:00:00,wind,hist_gradient_boosting,599.419202,1763.0,1163.580798
2020-11-13 23:00:00,wind,mlp,752.410034,1763.0,1010.589966
2020-11-13 23:00:00,wind,RTS_DAY_AHEAD,1922.6,1763.0,159.6
2020-11-14 00:00:00,wind,hist_gradient_boosting,629.645797,1706.958333,1077.312537
2020-11-14 00:00:00,wind,mlp,734.716492,1706.958333,972.241842
2020-11-14 00:00:00,wind,RTS_DAY_AHEAD,1946.9,1706.958333,239.941667
2020-11-14 01:00:00,wind,hist_gradient_boosting,617.069585,1592.2,975.130415
2020-11-14 01:00:00,wind,mlp,747.87854,1592.2,844.32146
2020-11-14 01:00:00,wind,RTS_DAY_AHEAD,1907.8,1592.2,315.6
2020-11-14 02:00:00,wind,hist_gradient_boosting,591.611911,1434.441667,842.829756
2020-11-14 02:00:00,wind,mlp,756.468201,1434.441667,677.973466
2020-11-14 02:00:00,wind,RTS_DAY_AHEAD,1833.4,1434.441667,398.958333
2020-11-14 03:00:00,wind,hist_gradient_boosting,639.608679,1640.608333,1000.999655
2020-11-14 03:00:00,wind,mlp,752.810425,1640.608333,887.797909
2020-11-14 03:00:00,wind,RTS_DAY_AHEAD,1765.8,1640.608333,125.191667
2020-11-14 04:00:00,wind,hist_gradient_boosting,614.247985,1460.766667,846.518682
2020-11-14 04:00:00,wind,mlp,739.828857,1460.766667,720.937809
2020-11-14 04:00:00,wind,RTS_DAY_AHEAD,1695.7,1460.766667,234.933333
2020-11-14 05:00:00,wind,hist_gradient_boosting,965.461289,1483.375,517.913711
2020-11-14 05:00:00,wind,mlp,728.377136,1483.375,754.997864
2020-11-14 05:00:00,wind,RTS_DAY_AHEAD,1721.9,1483.375,238.525
2020-11-14 06:00:00,wind,hist_gradient_boosting,1049.866575,1228.066667,178.200092
2020-11-14 06:00:00,wind,mlp,724.087769,1228.066667,503.978898
2020-11-14 06:00:00,wind,RTS_DAY_AHEAD,1626.8,1228.066667,398.733333
2020-11-14 07:00:00,wind,hist_gradient_boosting,1372.914799,1246.641667,126.273133
2020-11-14 07:00:00,wind,mlp,708.628235,1246.641667,538.013432
2020-11-14 07:00:00,wind,RTS_DAY_AHEAD,1433.0,1246.641667,186.358333
2020-11-14 08:00:00,wind,hist_gradient_boosting,778.625258,1412.291667,633.666409
2020-11-14 08:00:00,wind,mlp,715.846558,1412.291667,696.445109
2020-11-14 08:00:00,wind,RTS_DAY_AHEAD,1231.0,1412.291667,181.291667
2020-11-14 09:00:00,wind,hist_gradient_boosting,554.352317,1309.825,755.472683
2020-11-14 09:00:00,wind,mlp,730.741211,1309.825,579.083789
2020-11-14 09:00:00,wind,RTS_DAY_AHEAD,1575.5,1309.825,265.675
2020-11-14 10:00:00,wind,hist_gradient_boosting,599.076264,1257.175,658.098736
2020-11-14 10:00:00,wind,mlp,727.880188,1257.175,529.294812
2020-11-14 10:00:00,wind,RTS_DAY_AHEAD,1101.1,1257.175,156.075
2020-11-14 11:00:00,wind,hist_gradient_boosting,607.313208,1354.966667,747.653459
2020-11-14 11:00:00,wind,mlp,726.332703,1354.966667,628.633964
2020-11-14 11:00:00,wind,RTS_DAY_AHEAD,1498.5,1354.966667,143.533333
2020-11-14 12:00:00,wind,hist_gradient_boosting,609.135997,1764.375,1155.239003
2020-11-14 12:00:00,wind,mlp,724.143311,1764.375,1040.231689
2020-11-14 12:00:00,wind,RTS_DAY_AHEAD,1564.5,1764.375,199.875
2020-11-14 13:00:00,wind,hist_gradient_boosting,717.432672,1931.633333,1214.200661
2020-11-14 13:00:00,wind,mlp,763.323303,1931.633333,1168.31003
2020-11-14 13:00:00,wind,RTS_DAY_AHEAD,1817.2,1931.633333,114.433333
2020-11-14 14:00:00,wind,hist_gradient_boosting,899.875448,1833.825,933.949552
2020-11-14 14:00:00,wind,mlp,733.942078,1833.825,1099.882922
2020-11-14 14:00:00,wind,RTS_DAY_AHEAD,1924.2,1833.825,90.375
2020-11-14 15:00:00,wind,hist_gradient_boosting,1182.713155,1835.916667,653.203512
2020-11-14 15:00:00,wind,mlp,752.657837,1835.916667,1083.25883
2020-11-14 15:00:00,wind,RTS_DAY_AHEAD,1919.7,1835.916667,83.783333
2020-11-14 16:00:00,wind,hist_gradient_boosting,1157.658143,1773.508333,615.85019
2020-11-14 16:00:00,wind,mlp,747.217957,1773.508333,1026.290377
2020-11-14 16:00:00,wind,RTS_DAY_AHEAD,1724.2,1773.508333,49.308333
2020-11-14 17:00:00,wind,hist_gradient_boosting,1188.293264,1991.008333,802.715069
2020-11-14 17:00:00,wind,mlp,754.412781,1991.008333,1236.595553
2020-11-14 17:00:00,wind,RTS_DAY_AHEAD,1643.1,1991.008333,347.908333
2020-11-14 18:00:00,wind,hist_gradient_boosting,1152.354529,2336.916667,1184.562138
2020-11-14 18:00:00,wind,mlp,777.085205,2336.916667,1559.831462
2020-11-14 18:00:00,wind,RTS_DAY_AHEAD,1793.1,2336.916667,543.816667
2020-11-14 19:00:00,wind,hist_gradient_boosting,1306.859602,2401.833333,1094.973731
2020-11-14 19:00:00,wind,mlp,785.977173,2401.833333,1615.85616
2020-11-14 19:00:00,wind,RTS_DAY_AHEAD,2322.9,2401.833333,78.933333
2020-11-14 20:00:00,wind,hist_gradient_boosting,1281.839589,2433.0,1151.160411
2020-11-14 20:00:00,wind,mlp,799.081421,2433.0,1633.918579
2020-11-14 20:00:00,wind,RTS_DAY_AHEAD,2265.6,2433.0,167.4
2020-11-14 21:00:00,wind,hist_gradient_boosting,1103.886055,2411.383333,1307.497278
2020-11-14 21:00:00,wind,mlp,811.063721,2411.383333,1600.319613
2020-11-14 21:00:00,wind,RTS_DAY_AHEAD,2358.7,2411.383333,52.683333
2020-11-14 22:00:00,wind,hist_gradient_boosting,1409.897221,2422.608333,1012.711112
2020-11-14 22:00:00,wind,mlp,822.974792,2422.608333,1599.633541
2020-11-14 22:00:00,wind,RTS_DAY_AHEAD,2407.3,2422.608333,15.308333
2020-11-14 23:00:00,wind,hist_gradient_boosting,999.980136,2382.883333,1382.903197
2020-11-14 23:00:00,wind,mlp,832.829712,2382.883333,1550.053621
2020-11-14 23:00:00,wind,RTS_DAY_AHEAD,2409.4,2382.883333,26.516667
2020-11-15 00:00:00,wind,hist_gradient_boosting,971.436519,2341.383333,1369.946814
2020-11-15 00:00:00,wind,mlp,842.957336,2341.383333,1498.425997
2020-11-15 00:00:00,wind,RTS_DAY_AHEAD,2434.9,2341.383333,93.516667
2020-11-15 01:00:00,wind,hist_gradient_boosting,977.022088,2278.533333,1301.511245
2020-11-15 01:00:00,wind,mlp,839.526367,2278.533333,1439.006966
2020-11-15 01:00:00,wind,RTS_DAY_AHEAD,2437.9,2278.533333,159.366667
2020-11-15 02:00:00,wind,hist_gradient_boosting,872.907954,2424.8,1551.892046
2020-11-15 02:00:00,wind,mlp,832.136353,2424.8,1592.663647
2020-11-15 02:00:00,wind,RTS_DAY_AHEAD,2423.3,2424.8,1.5
2020-11-15 03:00:00,wind,hist_gradient_boosting,1018.661091,2447.55,1428.888909
2020-11-15 03:00:00,wind,mlp,870.818848,2447.55,1576.731152
2020-11-15 03:00:00,wind,RTS_DAY_AHEAD,2457.5,2447.55,9.95
2020-11-15 04:00:00,wind,hist_gradient_boosting,672.510822,2443.791667,1771.280844
2020-11-15 04:00:00,wind,mlp,814.580933,2443.791667,1629.210734
2020-11-15 04:00:00,wind,RTS_DAY_AHEAD,2433.3,2443.791667,10.491667
2020-11-15 05:00:00,wind,hist_gradient_boosting,786.933959,2455.308333,1668.374374
2020-11-15 05:00:00,wind,mlp,827.915894,2455.308333,1627.39244
2020-11-15 05:00:00,wind,RTS_DAY_AHEAD,2446.5,2455.308333,8.808333
2020-11-15 06:00:00,wind,hist_gradient_boosting,768.45019,2439.775,1671.32481
2020-11-15 06:00:00,wind,mlp,779.695801,2439.775,1660.079199
2020-11-15 06:00:00,wind,RTS_DAY_AHEAD,2462.0,2439.775,22.225
2020-11-15 07:00:00,wind,hist_gradient_boosting,677.608499,2433.191667,1755.583167
2020-11-15 07:00:00,wind,mlp,793.432678,2433.191667,1639.758988
2020-11-15 07:00:00,wind,RTS_DAY_AHEAD,2462.8,2433.191667,29.608333
2020-11-15 08:00:00,wind,hist_gradient_boosting,694.500832,2426.058333,1731.557501
2020-11-15 08:00:00,wind,mlp,801.022278,2426.058333,1625.036056
2020-11-15 08:00:00,wind,RTS_DAY_AHEAD,2465.8,2426.058333,39.741667
2020-11-15 09:00:00,wind,hist_gradient_boosting,989.408827,2412.058333,1422.649506
2020-11-15 09:00:00,wind,mlp,788.504028,2412.058333,1623.554305
2020-11-15 09:00:00,wind,RTS_DAY_AHEAD,2470.6,2412.058333,58.541667
2020-11-15 10:00:00,wind,hist_gradient_boosting,1168.546605,2267.583333,1099.036728
2020-11-15 10:00:00,wind,mlp,790.80896,2267.583333,1476.774373
2020-11-15 10:00:00,wind,RTS_DAY_AHEAD,2460.3,2267.583333,192.716667
2020-11-15 11:00:00,wind,hist_gradient_boosting,1446.382647,2130.783333,684.400686
2020-11-15 11:00:00,wind,mlp,801.981079,2130.783333,1328.802254
2020-11-15 11:00:00,wind,RTS_DAY_AHEAD,2368.6,2130.783333,237.816667
2020-11-15 12:00:00,wind,hist_gradient_boosting,1393.219739,2229.325,836.105261
2020-11-15 12:00:00,wind,mlp,841.608276,2229.325,1387.716724
2020-11-15 12:00:00,wind,RTS_DAY_AHEAD,2208.6,2229.325,20.725
2020-11-15 13:00:00,wind,hist_gradient_boosting,1098.285688,2299.283333,1200.997646
2020-11-15 13:00:00,wind,mlp,839.004578,2299.283333,1460.278756
2020-11-15 13:00:00,wind,RTS_DAY_AHEAD,2341.4,2299.283333,42.116667
2020-11-15 14:00:00,wind,hist_gradient_boosting,875.860998,2292.433333,1416.572335
2020-11-15 14:00:00,wind,mlp,815.376038,2292.433333,1477.057296
2020-11-15 14:00:00,wind,RTS_DAY_AHEAD,2291.8,2292.433333,0.633333
2020-11-15 15:00:00,wind,hist_gradient_boosting,1110.63404,2308.416667,1197.782627
2020-11-15 15:00:00,wind,mlp,830.66571,2308.416667,1477.750956
2020-11-15 15:00:00,wind,RTS_DAY_AHEAD,2077.3,2308.416667,231.116667
2020-11-15 16:00:00,wind,hist_gradient_boosting,1309.749171,2132.75,823.000829
2020-11-15 16:00:00,wind,mlp,831.790039,2132.75,1300.959961
2020-11-15 16:00:00,wind,RTS_DAY_AHEAD,2087.1,2132.75,45.65
2020-11-15 17:00:00,wind,hist_gradient_boosting,1327.78166,2334.458333,1006.676674
2020-11-15 17:00:00,wind,mlp,867.900879,2334.458333,1466.557454
2020-11-15 17:00:00,wind,RTS_DAY_AHEAD,1790.5,2334.458333,543.958333
2020-11-15 18:00:00,wind,hist_gradient_boosting,1191.388515,2238.641667,1047.253152
2020-11-15 18:00:00,wind,mlp,908.213684,2238.641667,1330.427983
2020-11-15 18:00:00,wind,RTS_DAY_AHEAD,1736.3,2238.641667,502.341667
2020-11-15 19:00:00,wind,hist_gradient_boosting,1645.93396,2119.416667,473.482707
2020-11-15 19:00:00,wind,mlp,876.306824,2119.416667,1243.109843
2020-11-15 19:00:00,wind,RTS_DAY_AHEAD,2141.4,2119.416667,21.983333
2020-11-15 20:00:00,wind,hist_gradient_boosting,1502.675928,2176.8,674.124072
2020-11-15 20:00:00,wind,mlp,879.521851,2176.8,1297.278149
2020-11-15 20:00:00,wind,RTS_DAY_AHEAD,2156.7,2176.8,20.1
2020-11-15 21:00:00,wind,hist_gradient_boosting,867.022057,2435.591667,1568.56961
2020-11-15 21:00:00,wind,mlp,871.545715,2435.591667,1564.045951
2020-11-15 21:00:00,wind,RTS_DAY_AHEAD,2225.6,2435.591667,209.991667
2020-11-15 22:00:00,wind,hist_gradient_boosting,1214.889664,2406.658333,1191.768669
2020-11-15 22:00:00,wind,mlp,882.259277,2406.658333,1524.399056
2020-11-15 22:00:00,wind,RTS_DAY_AHEAD,1737.5,2406.658333,669.158333
2020-11-15 23:00:00,wind,hist_gradient_boosting,1253.923328,2378.375,1124.451672
2020-11-15 23:00:00,wind,mlp,883.318542,2378.375,1495.056458
2020-11-15 23:00:00,wind,RTS_DAY_AHEAD,1880.1,2378.375,498.275
2020-11-16 00:00:00,wind,hist_gradient_boosting,1491.927213,2420.3,928.372787
2020-11-16 00:00:00,wind,mlp,902.504761,2420.3,1517.795239
2020-11-16 00:00:00,wind,RTS_DAY_AHEAD,2164.5,2420.3,255.8
2020-11-16 01:00:00,wind,hist_gradient_boosting,1147.003443,2187.458333,1040.45489
2020-11-16 01:00:00,wind,mlp,901.358093,2187.458333,1286.10024
2020-11-16 01:00:00,wind,RTS_DAY_AHEAD,2193.4,2187.458333,5.941667
2020-11-16 02:00:00,wind,hist_gradient_boosting,1024.067157,2229.05,1204.982843
2020-11-16 02:00:00,wind,mlp,925.610352,2229.05,1303.439648
2020-11-16 02:00:00,wind,RTS_DAY_AHEAD,2373.0,2229.05,143.95
2020-11-16 03:00:00,wind,hist_gradient_boosting,1003.745411,2241.741667,1237.996255
2020-11-16 03:00:00,wind,mlp,922.018555,2241.741667,1319.723112
2020-11-16 03:00:00,wind,RTS_DAY_AHEAD,2398.2,2241.741667,156.458333
2020-11-16 04:00:00,wind,hist_gradient_boosting,1024.067157,1898.066667,873.999509
2020-11-16 04:00:00,wind,mlp,915.026367,1898.066667,983.040299
2020-11-16 04:00:00,wind,RTS_DAY_AHEAD,2272.3,1898.066667,374.233333
2020-11-16 05:00:00,wind,hist_gradient_boosting,1081.554095,1670.858333,589.304239
2020-11-16 05:00:00,wind,mlp,914.890442,1670.858333,755.967891
2020-11-16 05:00:00,wind,RTS_DAY_AHEAD,1466.3,1670.858333,204.558333
2020-11-16 06:00:00,wind,hist_gradient_boosting,1017.605222,1688.733333,671.128111
2020-11-16 06:00:00,wind,mlp,903.24353,1688.733333,785.489803
2020-11-16 06:00:00,wind,RTS_DAY_AHEAD,1140.3,1688.733333,548.433333
2020-11-16 07:00:00,wind,hist_gradient_boosting,1063.957416,1948.533333,884.575918
2020-11-16 07:00:00,wind,mlp,897.983276,1948.533333,1050.550057
2020-11-16 07:00:00,wind,RTS_DAY_AHEAD,998.4,1948.533333,950.133333
2020-11-16 08:00:00,wind,hist_gradient_boosting,1024.067157,2047.675,1023.607843
2020-11-16 08:00:00,wind,mlp,895.815125,2047.675,1151.859875
2020-11-16 08:00:00,wind,RTS_DAY_AHEAD,1127.1,2047.675,920.575
2020-11-16 09:00:00,wind,hist_gradient_boosting,1017.107116,2060.183333,1043.076217
2020-11-16 09:00:00,wind,mlp,886.421692,2060.183333,1173.761641
2020-11-16 09:00:00,wind,RTS_DAY_AHEAD,2259.2,2060.183333,199.016667
2020-11-16 10:00:00,wind,hist_gradient_boosting,1033.548907,2063.775,1030.226093
2020-11-16 10:00:00,wind,mlp,861.656555,2063.775,1202.118445
2020-11-16 10:00:00,wind,RTS_DAY_AHEAD,2426.4,2063.775,362.625
2020-11-16 11:00:00,wind,hist_gradient_boosting,1024.067157,2455.266667,1431.199509
2020-11-16 11:00:00,wind,mlp,856.949585,2455.266667,1598.317082
2020-11-16 11:00:00,wind,RTS_DAY_AHEAD,2182.4,2455.266667,272.866667
2020-11-16 12:00:00,wind,hist_gradient_boosting,950.31225,2461.816667,1511.504417
2020-11-16 12:00:00,wind,mlp,892.002625,2461.816667,1569.814042
2020-11-16 12:00:00,wind,RTS_DAY_AHEAD,2488.4,2461.816667,26.583333
2020-11-16 13:00:00,wind,hist_gradient_boosting,1401.95383,2455.833333,1053.879503
2020-11-16 13:00:00,wind,mlp,892.809448,2455.833333,1563.023885
2020-11-16 13:00:00,wind,RTS_DAY_AHEAD,2496.6,2455.833333,40.766667
2020-11-16 14:00:00,wind,hist_gradient_boosting,1414.249904,2034.258333,620.00843
2020-11-16 14:00:00,wind,mlp,880.271667,2034.258333,1153.986666
2020-11-16 14:00:00,wind,RTS_DAY_AHEAD,2481.1,2034.258333,446.841667
2020-11-16 15:00:00,wind,hist_gradient_boosting,969.353196,2098.983333,1129.630138
2020-11-16 15:00:00,wind,mlp,880.092163,2098.983333,1218.89117
2020-11-16 15:00:00,wind,RTS_DAY_AHEAD,2396.4,2098.983333,297.416667
2020-11-16 16:00:00,wind,hist_gradient_boosting,1076.046203,2335.15,1259.103797
2020-11-16 16:00:00,wind,mlp,849.805847,2335.15,1485.344153
2020-11-16 16:00:00,wind,RTS_DAY_AHEAD,2053.3,2335.15,281.85
2020-11-16 17:00:00,wind,hist_gradient_boosting,974.557252,2279.425,1304.867748
2020-11-16 17:00:00,wind,mlp,910.271484,2279.425,1369.153516
2020-11-16 17:00:00,wind,RTS_DAY_AHEAD,2218.2,2279.425,61.225
2020-11-16 18:00:00,wind,hist_gradient_boosting,1222.700078,2237.075,1014.374922
2020-11-16 18:00:00,wind,mlp,899.168579,2237.075,1337.906421
2020-11-16 18:00:00,wind,RTS_DAY_AHEAD,2322.3,2237.075,85.225
2020-11-16 19:00:00,wind,hist_gradient_boosting,1551.250129,2297.416667,746.166537
2020-11-16 19:00:00,wind,mlp,902.541992,2297.416667,1394.874674
2020-11-16 19:00:00,wind,RTS_DAY_AHEAD,2356.9,2297.416667,59.483333
2020-11-16 20:00:00,wind,hist_gradient_boosting,1322.261007,2086.383333,764.122326
2020-11-16 20:00:00,wind,mlp,933.396484,2086.383333,1152.986849
2020-11-16 20:00:00,wind,RTS_DAY_AHEAD,2232.7,2086.383333,146.316667
2020-11-16 21:00:00,wind,hist_gradient_boosting,1443.190267,2271.85,828.659733
2020-11-16 21:00:00,wind,mlp,973.63855,2271.85,1298.21145
2020-11-16 21:00:00,wind,RTS_DAY_AHEAD,1972.4,2271.85,299.45
2020-11-16 22:00:00,wind,hist_gradient_boosting,1534.728539,2224.75,690.021461
2020-11-16 22:00:00,wind,mlp,939.018433,2224.75,1285.731567
2020-11-16 22:00:00,wind,RTS_DAY_AHEAD,2147.9,2224.75,76.85
2020-11-16 23:00:00,wind,hist_gradient_boosting,1485.083145,2184.908333,699.825189
2020-11-16 23:00:00,wind,mlp,942.627808,2184.908333,1242.280526
2020-11-16 23:00:00,wind,RTS_DAY_AHEAD,2193.0,2184.908333,8.091667
2020-11-17 00:00:00,wind,hist_gradient_boosting,1552.47959,2174.808333,622.328743
2020-11-17 00:00:00,wind,mlp,966.263306,2174.808333,1208.545028
2020-11-17 00:00:00,wind,RTS_DAY_AHEAD,2157.3,2174.808333,17.508333
2020-11-17 01:00:00,wind,hist_gradient_boosting,1409.221558,2028.316667,619.095109
2020-11-17 01:00:00,wind,mlp,932.808411,2028.316667,1095.508256
2020-11-17 01:00:00,wind,RTS_DAY_AHEAD,2326.0,2028.316667,297.683333
2020-11-17 02:00:00,wind,hist_gradient_boosting,1443.190267,1831.683333,388.493066
2020-11-17 02:00:00,wind,mlp,962.884155,1831.683333,868.799178
2020-11-17 02:00:00,wind,RTS_DAY_AHEAD,2314.2,1831.683333,482.516667
2020-11-17 03:00:00,wind,hist_gradient_boosting,1595.83408,1731.333333,135.499253
2020-11-17 03:00:00,wind,mlp,959.714539,1731.333333,771.618795
2020-11-17 03:00:00,wind,RTS_DAY_AHEAD,2315.4,1731.333333,584.066667
2020-11-17 04:00:00,wind,hist_gradient_boosting,1466.296463,1697.491667,231.195203
2020-11-17 04:00:00,wind,mlp,919.296265,1697.491667,778.195402
2020-11-17 04:00:00,wind,RTS_DAY_AHEAD,2183.4,1697.491667,485.908333
2020-11-17 05:00:00,wind,hist_gradient_boosting,1140.193515,1533.783333,393.589818
2020-11-17 05:00:00,wind,mlp,915.667603,1533.783333,618.115731
2020-11-17 05:00:00,wind,RTS_DAY_AHEAD,2151.9,1533.783333,618.116667
2020-11-17 06:00:00,wind,hist_gradient_boosting,1146.130172,1504.525,358.394828
2020-11-17 06:00:00,wind,mlp,930.089722,1504.525,574.435278
2020-11-17 06:00:00,wind,RTS_DAY_AHEAD,2037.4,1504.525,532.875
2020-11-17 07:00:00,wind,hist_gradient_boosting,1329.849743,1509.25,179.400257
2020-11-17 07:00:00,wind,mlp,963.368958,1509.25,545.881042
2020-11-17 07:00:00,wind,RTS_DAY_AHEAD,1797.9,1509.25,288.65
2020-11-17 08:00:00,wind,hist_gradient_boosting,1149.487222,1368.916667,219.429445
2020-11-17 08:00:00,wind,mlp,935.695923,1368.916667,433.220744
2020-11-17 08:00:00,wind,RTS_DAY_AHEAD,1569.3,1368.916667,200.383333
2020-11-17 09:00:00,wind,hist_gradient_boosting,1236.703689,1101.55,135.153689
2020-11-17 09:00:00,wind,mlp,918.16272,1101.55,183.38728
2020-11-17 09:00:00,wind,RTS_DAY_AHEAD,1322.6,1101.55,221.05
2020-11-17 10:00:00,wind,hist_gradient_boosting,1122.913149,973.466667,149.446482
2020-11-17 10:00:00,wind,mlp,909.566284,973.466667,63.900382
2020-11-17 10:00:00,wind,RTS_DAY_AHEAD,962.3,973.466667,11.166667
2020-11-17 11:00:00,wind,hist_gradient_boosting,1121.520985,887.991667,233.529318
2020-11-17 11:00:00,wind,mlp,972.969055,887.991667,84.977389
2020-11-17 11:00:00,wind,RTS_DAY_AHEAD,786.3,887.991667,101.691667
2020-11-17 12:00:00,wind,hist_gradient_boosting,1382.93892,857.466667,525.472253
2020-11-17 12:00:00,wind,mlp,916.846985,857.466667,59.380318
2020-11-17 12:00:00,wind,RTS_DAY_AHEAD,696.4,857.466667,161.066667
2020-11-17 13:00:00,wind,hist_gradient_boosting,1382.93892,888.266667,494.672253
2020-11-17 13:00:00,wind,mlp,915.684387,888.266667,27.417721
2020-11-17 13:00:00,wind,RTS_DAY_AHEAD,725.4,888.266667,162.866667
2020-11-17 14:00:00,wind,hist_gradient_boosting,1205.679131,917.466667,288.212464
2020-11-17 14:00:00,wind,mlp,857.277222,917.466667,60.189445
2020-11-17 14:00:00,wind,RTS_DAY_AHEAD,747.3,917.466667,170.166667
2020-11-17 15:00:00,wind,hist_gradient_boosting,942.529116,875.1,67.429116
2020-11-17 15:00:00,wind,mlp,915.368652,875.1,40.268652
2020-11-17 15:00:00,wind,RTS_DAY_AHEAD,638.7,875.1,236.4
2020-11-17 16:00:00,wind,hist_gradient_boosting,835.215867,606.8,228.415867
2020-11-17 16:00:00,wind,mlp,944.26062,606.8,337.46062
2020-11-17 16:00:00,wind,RTS_DAY_AHEAD,531.3,606.8,75.5
2020-11-17 17:00:00,wind,hist_gradient_boosting,1222.700078,368.766667,853.933411
2020-11-17 17:00:00,wind,mlp,909.811157,368.766667,541.044491
2020-11-17 17:00:00,wind,RTS_DAY_AHEAD,394.8,368.766667,26.033333
2020-11-17 18:00:00,wind,hist_gradient_boosting,1349.783883,501.808333,847.97555
2020-11-17 18:00:00,wind,mlp,912.131958,501.808333,410.323625
2020-11-17 18:00:00,wind,RTS_DAY_AHEAD,332.2,501.808333,169.608333
2020-11-17 19:00:00,wind,hist_gradient_boosting,1532.571866,640.966667,891.6052
2020-11-17 19:00:00,wind,mlp,931.848145,640.966667,290.881478
2020-11-17 19:00:00,wind,RTS_DAY_AHEAD,439.7,640.966667,201.266667
2020-11-17 20:00:00,wind,hist_gradient_boosting,1686.776992,1057.4,629.376992
2020-11-17 20:00:00,wind,mlp,901.963013,1057.4,155.436987
2020-11-17 20:00:00,wind,RTS_DAY_AHEAD,602.5,1057.4,454.9
2020-11-17 21:00:00,wind,hist_gradient_boosting,1322.261007,1484.575,162.313993
2020-11-17 21:00:00,wind,mlp,970.698853,1484.575,513.876147
2020-11-17 21:00:00,wind,RTS_DAY_AHEAD,1199.9,1484.575,284.675
2020-11-17 22:00:00,wind,hist_gradient_boosting,1519.469364,1593.058333,73.588969
2020-11-17 22:00:00,wind,mlp,938.908569,1593.058333,654.149764
2020-11-17 22:00:00,wind,RTS_DAY_AHEAD,1562.4,1593.058333,30.658333
2020-11-17 23:00:00,wind,hist_gradient_boosting,1559.774786,1871.066667,311.291881
2020-11-17 23:00:00,wind,mlp,940.943726,1871.066667,930.122941
2020-11-17 23:00:00,wind,RTS_DAY_AHEAD,1749.5,1871.066667,121.566667
2020-11-18 00:00:00,wind,hist_gradient_boosting,1443.190267,1903.725,460.534733
2020-11-18 00:00:00,wind,mlp,943.567566,1903.725,960.157434
2020-11-18 00:00:00,wind,RTS_DAY_AHEAD,1892.7,1903.725,11.025
2020-11-18 01:00:00,wind,hist_gradient_boosting,1173.264709,1771.45,598.185291
2020-11-18 01:00:00,wind,mlp,929.799988,1771.45,841.650012
2020-11-18 01:00:00,wind,RTS_DAY_AHEAD,1922.2,1771.45,150.75
2020-11-18 02:00:00,wind,hist_gradient_boosting,1146.328758,1717.1,570.771242
2020-11-18 02:00:00,wind,mlp,926.885864,1717.1,790.214136
2020-11-18 02:00:00,wind,RTS_DAY_AHEAD,2201.0,1717.1,483.9
2020-11-18 03:00:00,wind,hist_gradient_boosting,1255.90647,1797.341667,541.435197
2020-11-18 03:00:00,wind,mlp,926.095886,1797.341667,871.24578
2020-11-18 03:00:00,wind,RTS_DAY_AHEAD,2429.3,1797.341667,631.958333
2020-11-18 04:00:00,wind,hist_gradient_boosting,1194.601167,1991.825,797.223833
2020-11-18 04:00:00,wind,mlp,919.873047,1991.825,1071.951953
2020-11-18 04:00:00,wind,RTS_DAY_AHEAD,2358.9,1991.825,367.075
2020-11-18 05:00:00,wind,hist_gradient_boosting,1166.177548,1896.291667,730.114119
2020-11-18 05:00:00,wind,mlp,898.675781,1896.291667,997.615885
2020-11-18 05:00:00,wind,RTS_DAY_AHEAD,2295.7,1896.291667,399.408333
2020-11-18 06:00:00,wind,hist_gradient_boosting,1245.992709,1864.316667,618.323958
2020-11-18 06:00:00,wind,mlp,898.848328,1864.316667,965.468339
2020-11-18 06:00:00,wind,RTS_DAY_AHEAD,2238.5,1864.316667,374.183333
2020-11-18 07:00:00,wind,hist_gradient_boosting,1206.173473,2030.958333,824.784861
2020-11-18 07:00:00,wind,mlp,903.136597,2030.958333,1127.821737
2020-11-18 07:00:00,wind,RTS_DAY_AHEAD,2172.8,2030.958333,141.841667
2020-11-18 08:00:00,wind,hist_gradient_boosting,1107.670117,2291.766667,1184.09655
2020-11-18 08:00:00,wind,mlp,883.519653,2291.766667,1408.247013
2020-11-18 08:00:00,wind,RTS_DAY_AHEAD,2178.8,2291.766667,112.966667
2020-11-18 09:00:00,wind,hist_gradient_boosting,1208.320092,2263.766667,1055.446575
2020-11-18 09:00:00,wind,mlp,857.080383,2263.766667,1406.686283
2020-11-18 09:00:00,wind,RTS_DAY_AHEAD,2395.0,2263.766667,131.233333
2020-11-18 10:00:00,wind,hist_gradient_boosting,1263.286255,2330.433333,1067.147078
2020-11-18 10:00:00,wind,mlp,851.00647,2330.433333,1479.426864
2020-11-18 10:00:00,wind,RTS_DAY_AHEAD,2074.4,2330.433333,256.033333
2020-11-18 11:00:00,wind,hist_gradient_boosting,614.831062,2435.25,1820.418938
2020-11-18 11:00:00,wind,mlp,855.14978,2435.25,1580.10022
2020-11-18 11:00:00,wind,RTS_DAY_AHEAD,2357.8,2435.25,77.45
2020-11-18 12:00:00,wind,hist_gradient_boosting,410.598217,2461.1,2050.501783
2020-11-18 12:00:00,wind,mlp,854.022583,2461.1,1607.077417
2020-11-18 12:00:00,wind,RTS_DAY_AHEAD,2461.3,2461.1,0.2
2020-11-18 13:00:00,wind,hist_gradient_boosting,416.602045,2455.641667,2039.039622
2020-11-18 13:00:00,wind,mlp,857.54425,2455.641667,1598.097416
2020-11-18 13:00:00,wind,RTS_DAY_AHEAD,2429.2,2455.641667,26.441667
2020-11-18 14:00:00,wind,hist_gradient_boosting,1106.889112,2350.608333,1243.719221
2020-11-18 14:00:00,wind,mlp,841.469849,2350.608333,1509.138485
2020-11-18 14:00:00,wind,RTS_DAY_AHEAD,2445.3,2350.608333,94.691667
2020-11-18 15:00:00,wind,hist_gradient_boosting,1237.122935,2268.841667,1031.718732
2020-11-18 15:00:00,wind,mlp,832.540344,2268.841667,1436.301322
2020-11-18 15:00:00,wind,RTS_DAY_AHEAD,2349.5,2268.841667,80.658333
2020-11-18 16:00:00,wind,hist_gradient_boosting,1126.754587,2089.2,962.445413
2020-11-18 16:00:00,wind,mlp,813.311401,2089.2,1275.888599
2020-11-18 16:00:00,wind,RTS_DAY_AHEAD,2105.7,2089.2,16.5
2020-11-18 17:00:00,wind,hist_gradient_boosting,1093.660192,1889.45,795.789808
2020-11-18 17:00:00,wind,mlp,808.605835,1889.45,1080.844165
2020-11-18 17:00:00,wind,RTS_DAY_AHEAD,2252.1,1889.45,362.65
2020-11-18 18:00:00,wind,hist_gradient_boosting,674.247412,1763.158333,1088.910921
2020-11-18 18:00:00,wind,mlp,857.971313,1763.158333,905.18702
2020-11-18 18:00:00,wind,RTS_DAY_AHEAD,2274.5,1763.158333,511.341667
2020-11-18 19:00:00,wind,hist_gradient_boosting,570.39161,1720.725,1150.33339
2020-11-18 19:00:00,wind,mlp,869.015808,1720.725,851.709192
2020-11-18 19:00:00,wind,RTS_DAY_AHEAD,2103.7,1720.725,382.975
2020-11-18 20:00:00,wind,hist_gradient_boosting,585.03817,1890.416667,1305.378497
2020-11-18 20:00:00,wind,mlp,912.091919,1890.416667,978.324748
2020-11-18 20:00:00,wind,RTS_DAY_AHEAD,2103.9,1890.416667,213.483333
2020-11-18 21:00:00,wind,hist_gradient_boosting,969.48188,1885.566667,916.084786
2020-11-18 21:00:00,wind,mlp,936.017212,1885.566667,949.549455
2020-11-18 21:00:00,wind,RTS_DAY_AHEAD,1809.3,1885.566667,76.266667
2020-11-18 22:00:00,wind,hist_gradient_boosting,1136.930121,1837.383333,700.453212
2020-11-18 22:00:00,wind,mlp,888.015442,1837.383333,949.367891
2020-11-18 22:00:00,wind,RTS_DAY_AHEAD,2187.8,1837.383333,350.416667
2020-11-18 23:00:00,wind,hist_gradient_boosting,1023.274752,1878.6,855.325248
2020-11-18 23:00:00,wind,mlp,924.982239,1878.6,953.617761
2020-11-18 23:00:00,wind,RTS_DAY_AHEAD,2388.2,1878.6,509.6
2020-11-19 00:00:00,wind,hist_gradient_boosting,1155.769304,1979.616667,823.847362
2020-11-19 00:00:00,wind,mlp,873.763062,1979.616667,1105.853605
2020-11-19 00:00:00,wind,RTS_DAY_AHEAD,2429.1,1979.616667,449.483333
2020-11-19 01:00:00,wind,hist_gradient_boosting,1175.824453,2145.891667,970.067214
2020-11-19 01:00:00,wind,mlp,848.689453,2145.891667,1297.202214
2020-11-19 01:00:00,wind,RTS_DAY_AHEAD,2404.1,2145.891667,258.208333
2020-11-19 02:00:00,wind,hist_gradient_boosting,1259.767403,2068.466667,808.699263
2020-11-19 02:00:00,wind,mlp,847.932617,2068.466667,1220.534049
2020-11-19 02:00:00,wind,RTS_DAY_AHEAD,1616.9,2068.466667,451.566667
2020-11-19 03:00:00,wind,hist_gradient_boosting,1295.317307,1968.883333,673.566027
2020-11-19 03:00:00,wind,mlp,860.641235,1968.883333,1108.242098
2020-11-19 03:00:00,wind,RTS_DAY_AHEAD,1320.5,1968.883333,648.383333
2020-11-19 04:00:00,wind,hist_gradient_boosting,1364.682895,2268.325,903.642105
2020-11-19 04:00:00,wind,mlp,882.456055,2268.325,1385.868945
2020-11-19 04:00:00,wind,RTS_DAY_AHEAD,1146.9,2268.325,1121.425
2020-11-19 05:00:00,wind,hist_gradient_boosting,1489.911352,1881.641667,391.730315
2020-11-19 05:00:00,wind,mlp,838.645386,1881.641667,1042.996281
2020-11-19 05:00:00,wind,RTS_DAY_AHEAD,1423.5,1881.641667,458.141667
2020-11-19 06:00:00,wind,hist_gradient_boosting,1285.634259,2040.041667,754.407407
2020-11-19 06:00:00,wind,mlp,839.972473,2040.041667,1200.069194
2020-11-19 06:00:00,wind,RTS_DAY_AHEAD,1245.3,2040.041667,794.741667
2020-11-19 07:00:00,wind,hist_gradient_boosting,1262.852835,2254.65,991.797165
2020-11-19 07:00:00,wind,mlp,867.285034,2254.65,1387.364966
2020-11-19 07:00:00,wind,RTS_DAY_AHEAD,1692.6,2254.65,562.05
2020-11-19 08:00:00,wind,hist_gradient_boosting,918.028749,2282.775,1364.746251
2020-11-19 08:00:00,wind,mlp,874.922485,2282.775,1407.852515
2020-11-19 08:00:00,wind,RTS_DAY_AHEAD,1336.5,2282.775,946.275
2020-11-19 09:00:00,wind,hist_gradient_boosting,1372.852219,1862.883333,490.031114
2020-11-19 09:00:00,wind,mlp,822.417358,1862.883333,1040.465975
2020-11-19 09:00:00,wind,RTS_DAY_AHEAD,1506.8,1862.883333,356.083333
2020-11-19 10:00:00,wind,hist_gradient_boosting,1493.29385,1554.725,61.43115
2020-11-19 10:00:00,wind,mlp,822.743042,1554.725,731.981958
2020-11-19 10:00:00,wind,RTS_DAY_AHEAD,603.3,1554.725,951.425
2020-11-19 11:00:00,wind,hist_gradient_boosting,1511.776366,1417.966667,93.809699
2020-11-19 11:00:00,wind,mlp,821.016724,1417.966667,596.949943
2020-11-19 11:00:00,wind,RTS_DAY_AHEAD,262.9,1417.966667,1155.066667
2020-11-19 12:00:00,wind,hist_gradient_boosting,1223.702294,1384.616667,160.914373
2020-11-19 12:00:00,wind,mlp,806.32312,1384.616667,578.293547
2020-11-19 12:00:00,wind,RTS_DAY_AHEAD,111.2,1384.616667,1273.416667
2020-11-19 13:00:00,wind,hist_gradient_boosting,1314.457022,1047.033333,267.423689
2020-11-19 13:00:00,wind,mlp,803.27002,1047.033333,243.763314
2020-11-19 13:00:00,wind,RTS_DAY_AHEAD,77.0,1047.033333,970.033333
2020-11-19 14:00:00,wind,hist_gradient_boosting,1314.457022,713.641667,600.815355
2020-11-19 14:00:00,wind,mlp,793.557251,713.641667,79.915584
2020-11-19 14:00:00,wind,RTS_DAY_AHEAD,82.5,713.641667,631.141667
2020-11-19 15:00:00,wind,hist_gradient_boosting,1245.519582,593.058333,652.461249
2020-11-19 15:00:00,wind,mlp,792.866577,593.058333,199.808244
2020-11-19 15:00:00,wind,RTS_DAY_AHEAD,260.5,593.058333,332.558333
2020-11-19 16:00:00,wind,hist_gradient_boosting,1084.61466,476.816667,607.797994
2020-11-19 16:00:00,wind,mlp,777.561218,476.816667,300.744552
2020-11-19 16:00:00,wind,RTS_DAY_AHEAD,220.3,476.816667,256.516667
2020-11-19 17:00:00,wind,hist_gradient_boosting,848.636213,476.05,372.586213
2020-11-19 17:00:00,wind,mlp,769.03894,476.05,292.98894
2020-11-19 17:00:00,wind,RTS_DAY_AHEAD,311.8,476.05,164.25
2020-11-19 18:00:00,wind,hist_gradient_boosting,832.957971,467.666667,365.291304
2020-11-19 18:00:00,wind,mlp,786.964172,467.666667,319.297506
2020-11-19 18:00:00,wind,RTS_DAY_AHEAD,368.7,467.666667,98.966667
2020-11-19 19:00:00,wind,hist_gradient_boosting,902.091719,430.316667,471.775052
2020-11-19 19:00:00,wind,mlp,810.279602,430.316667,379.962935
2020-11-19 19:00:00,wind,RTS_DAY_AHEAD,540.9,430.316667,110.583333
2020-11-19 20:00:00,wind,hist_gradient_boosting,1129.406384,554.25,575.156384
2020-11-19 20:00:00,wind,mlp,866.775269,554.25,312.525269
2020-11-19 20:00:00,wind,RTS_DAY_AHEAD,567.0,554.25,12.75
2020-11-19 21:00:00,wind,hist_gradient_boosting,1169.163937,636.133333,533.030604
2020-11-19 21:00:00,wind,mlp,871.546387,636.133333,235.413053
2020-11-19 21:00:00,wind,RTS_DAY_AHEAD,301.4,636.133333,334.733333
2020-11-19 22:00:00,wind,hist_gradient_boosting,1235.705677,743.758333,491.947344
2020-11-19 22:00:00,wind,mlp,875.942566,743.758333,132.184233
2020-11-19 22:00:00,wind,RTS_DAY_AHEAD,200.7,743.758333,543.058333
2020-11-19 23:00:00,wind,hist_gradient_boosting,1084.396626,769.95,314.446626
2020-11-19 23:00:00,wind,mlp,902.365234,769.95,132.415234
2020-11-19 23:00:00,wind,RTS_DAY_AHEAD,261.0,769.95,508.95
2020-11-20 00:00:00,wind,hist_gradient_boosting,1099.165621,597.058333,502.107288
2020-11-20 00:00:00,wind,mlp,906.646606,597.058333,309.588273
2020-11-20 00:00:00,wind,RTS_DAY_AHEAD,284.1,597.058333,312.958333
2020-11-20 01:00:00,wind,hist_gradient_boosting,1235.387435,412.775,822.612435
2020-11-20 01:00:00,wind,mlp,913.277649,412.775,500.502649
2020-11-20 01:00:00,wind,RTS_DAY_AHEAD,287.0,412.775,125.775
2020-11-20 02:00:00,wind,hist_gradient_boosting,1085.153137,268.691667,816.46147
2020-11-20 02:00:00,wind,mlp,890.456909,268.691667,621.765243
2020-11-20 02:00:00,wind,RTS_DAY_AHEAD,222.0,268.691667,46.691667
2020-11-20 03:00:00,wind,hist_gradient_boosting,1053.175757,90.875,962.300757
2020-11-20 03:00:00,wind,mlp,889.611206,90.875,798.736206
2020-11-20 03:00:00,wind,RTS_DAY_AHEAD,160.2,90.875,69.325
2020-11-20 04:00:00,wind,hist_gradient_boosting,1344.076139,32.808333,1311.267805
2020-11-20 04:00:00,wind,mlp,939.263489,32.808333,906.455155
2020-11-20 04:00:00,wind,RTS_DAY_AHEAD,89.8,32.808333,56.991667
2020-11-20 05:00:00,wind,hist_gradient_boosting,1273.03346,17.691667,1255.341793
2020-11-20 05:00:00,wind,mlp,854.850403,17.691667,837.158736
2020-11-20 05:00:00,wind,RTS_DAY_AHEAD,41.2,17.691667,23.508333
2020-11-20 06:00:00,wind,hist_gradient_boosting,1241.103233,17.133333,1223.9699
2020-11-20 06:00:00,wind,mlp,903.42688,17.133333,886.293547
2020-11-20 06:00:00,wind,RTS_DAY_AHEAD,39.2,17.133333,22.066667
2020-11-20 07:00:00,wind,hist_gradient_boosting,1239.668486,16.375,1223.293486
2020-11-20 07:00:00,wind,mlp,915.11145,16.375,898.73645
2020-11-20 07:00:00,wind,RTS_DAY_AHEAD,110.3,16.375,93.925
2020-11-20 08:00:00,wind,hist_gradient_boosting,1230.619938,17.216667,1213.403272
2020-11-20 08:00:00,wind,mlp,896.472534,17.216667,879.255868
2020-11-20 08:00:00,wind,RTS_DAY_AHEAD,202.5,17.216667,185.283333
2020-11-20 09:00:00,wind,hist_gradient_boosting,1047.427253,18.125,1029.302253
2020-11-20 09:00:00,wind,mlp,841.213867,18.125,823.088867
2020-11-20 09:00:00,wind,RTS_DAY_AHEAD,155.9,18.125,137.775
2020-11-20 10:00:00,wind,hist_gradient_boosting,1068.089532,19.975,1048.114532
2020-11-20 10:00:00,wind,mlp,833.594116,19.975,813.619116
2020-11-20 10:00:00,wind,RTS_DAY_AHEAD,84.5,19.975,64.525
2020-11-20 11:00:00,wind,hist_gradient_boosting,2001.745948,20.283333,1981.462615
2020-11-20 11:00:00,wind,mlp,844.582336,20.283333,824.299003
2020-11-20 11:00:00,wind,RTS_DAY_AHEAD,71.7,20.283333,51.416667
2020-11-20 12:00:00,wind,hist_gradient_boosting,1946.125246,20.033333,1926.091913
2020-11-20 12:00:00,wind,mlp,853.174438,20.033333,833.141105
2020-11-20 12:00:00,wind,RTS_DAY_AHEAD,108.8,20.033333,88.766667
2020-11-20 13:00:00,wind,hist_gradient_boosting,1836.209504,20.341667,1815.867837
2020-11-20 13:00:00,wind,mlp,805.181946,20.341667,784.840279
2020-11-20 13:00:00,wind,RTS_DAY_AHEAD,121.7,20.341667,101.358333
2020-11-20 14:00:00,wind,hist_gradient_boosting,565.766137,18.108333,547.657803
2020-11-20 14:00:00,wind,mlp,791.174988,18.108333,773.066654
2020-11-20 14:00:00,wind,RTS_DAY_AHEAD,133.4,18.108333,115.291667
2020-11-20 15:00:00,wind,hist_gradient_boosting,434.606927,20.216667,414.390261
2020-11-20 15:00:00,wind,mlp,802.962524,20.216667,782.745858
2020-11-20 15:00:00,wind,RTS_DAY_AHEAD,95.1,20.216667,74.883333
2020-11-20 16:00:00,wind,hist_gradient_boosting,506.998426,21.825,485.173426
2020-11-20 16:00:00,wind,mlp,789.280334,21.825,767.455334
2020-11-20 16:00:00,wind,RTS_DAY_AHEAD,60.8,21.825,38.975
2020-11-20 17:00:00,wind,hist_gradient_boosting,526.344648,23.575,502.769648
2020-11-20 17:00:00,wind,mlp,792.77002,23.575,769.19502
2020-11-20 17:00:00,wind,RTS_DAY_AHEAD,26.1,23.575,2.525
2020-11-20 18:00:00,wind,hist_gradient_boosting,592.633892,36.175,556.458892
2020-11-20 18:00:00,wind,mlp,788.786316,36.175,752.611316
2020-11-20 18:00:00,wind,RTS_DAY_AHEAD,40.1,36.175,3.925
2020-11-20 19:00:00,wind,hist_gradient_boosting,598.633754,75.858333,522.77542
2020-11-20 19:00:00,wind,mlp,789.947388,75.858333,714.089054
2020-11-20 19:00:00,wind,RTS_DAY_AHEAD,121.5,75.858333,45.641667
2020-11-20 20:00:00,wind,hist_gradient_boosting,522.381296,138.85,383.531296
2020-11-20 20:00:00,wind,mlp,824.767456,138.85,685.917456
2020-11-20 20:00:00,wind,RTS_DAY_AHEAD,104.2,138.85,34.65
2020-11-20 21:00:00,wind,hist_gradient_boosting,560.041763,174.341667,385.700097
2020-11-20 21:00:00,wind,mlp,832.424683,174.341667,658.083016
2020-11-20 21:00:00,wind,RTS_DAY_AHEAD,116.2,174.341667,58.141667
2020-11-20 22:00:00,wind,hist_gradient_boosting,665.55098,169.191667,496.359314
2020-11-20 22:00:00,wind,mlp,839.240601,169.191667,670.048934
2020-11-20 22:00:00,wind,RTS_DAY_AHEAD,163.6,169.191667,5.591667
2020-11-20 23:00:00,wind,hist_gradient_boosting,595.492363,141.833333,453.65903
2020-11-20 23:00:00,wind,mlp,836.639465,141.833333,694.806132
2020-11-20 23:00:00,wind,RTS_DAY_AHEAD,157.6,141.833333,15.766667
2020-11-21 00:00:00,wind,hist_gradient_boosting,476.001661,124.308333,351.693327
2020-11-21 00:00:00,wind,mlp,806.373657,124.308333,682.065324
2020-11-21 00:00:00,wind,RTS_DAY_AHEAD,146.1,124.308333,21.791667
2020-11-21 01:00:00,wind,hist_gradient_boosting,484.654329,129.233333,355.420996
2020-11-21 01:00:00,wind,mlp,806.269104,129.233333,677.035771
2020-11-21 01:00:00,wind,RTS_DAY_AHEAD,90.6,129.233333,38.633333
2020-11-21 02:00:00,wind,hist_gradient_boosting,464.401694,115.258333,349.14336
2020-11-21 02:00:00,wind,mlp,796.220032,115.258333,680.961698
2020-11-21 02:00:00,wind,RTS_DAY_AHEAD,78.5,115.258333,36.758333
2020-11-21 03:00:00,wind,hist_gradient_boosting,473.739056,74.958333,398.780723
2020-11-21 03:00:00,wind,mlp,775.696899,74.958333,700.738566
2020-11-21 03:00:00,wind,RTS_DAY_AHEAD,55.3,74.958333,19.658333
2020-11-21 04:00:00,wind,hist_gradient_boosting,696.059673,45.925,650.134673
2020-11-21 04:00:00,wind,mlp,785.281311,45.925,739.356311
2020-11-21 04:00:00,wind,RTS_DAY_AHEAD,78.7,45.925,32.775
2020-11-21 05:00:00,wind,hist_gradient_boosting,489.813127,38.108333,451.704794
2020-11-21 05:00:00,wind,mlp,758.991577,38.108333,720.883244
2020-11-21 05:00:00,wind,RTS_DAY_AHEAD,56.4,38.108333,18.291667
2020-11-21 06:00:00,wind,hist_gradient_boosting,618.016992,34.608333,583.408658
2020-11-21 06:00:00,wind,mlp,753.621704,34.608333,719.013371
2020-11-21 06:00:00,wind,RTS_DAY_AHEAD,46.3,34.608333,11.691667
2020-11-21 07:00:00,wind,hist_gradient_boosting,760.313396,32.441667,727.871729
2020-11-21 07:00:00,wind,mlp,749.948853,32.441667,717.507186
2020-11-21 07:00:00,wind,RTS_DAY_AHEAD,24.8,32.441667,7.641667
2020-11-21 08:00:00,wind,hist_gradient_boosting,760.313396,26.891667,733.421729
2020-11-21 08:00:00,wind,mlp,737.582825,26.891667,710.691158
2020-11-21 08:00:00,wind,RTS_DAY_AHEAD,19.0,26.891667,7.891667
2020-11-21 09:00:00,wind,hist_gradient_boosting,360.182092,20.875,339.307092
2020-11-21 09:00:00,wind,mlp,709.126343,20.875,688.251343
2020-11-21 09:00:00,wind,RTS_DAY_AHEAD,23.4,20.875,2.525
2020-11-21 10:00:00,wind,hist_gradient_boosting,289.092604,20.1,268.992604
2020-11-21 10:00:00,wind,mlp,694.738403,20.1,674.638403
2020-11-21 10:00:00,wind,RTS_DAY_AHEAD,41.1,20.1,21.0
2020-11-21 11:00:00,wind,hist_gradient_boosting,288.923705,19.266667,269.657039
2020-11-21 11:00:00,wind,mlp,691.009155,19.266667,671.742489
2020-11-21 11:00:00,wind,RTS_DAY_AHEAD,21.9,19.266667,2.633333
2020-11-21 12:00:00,wind,hist_gradient_boosting,288.923705,17.358333,271.565372
2020-11-21 12:00:00,wind,mlp,691.674622,17.358333,674.316288
2020-11-21 12:00:00,wind,RTS_DAY_AHEAD,32.7,17.358333,15.341667
2020-11-21 13:00:00,wind,hist_gradient_boosting,288.923705,22.758333,266.165372
2020-11-21 13:00:00,wind,mlp,691.895142,22.758333,669.136808
2020-11-21 13:00:00,wind,RTS_DAY_AHEAD,52.8,22.758333,30.041667
2020-11-21 14:00:00,wind,hist_gradient_boosting,288.923705,80.475,208.448705
2020-11-21 14:00:00,wind,mlp,689.677917,80.475,609.202917
2020-11-21 14:00:00,wind,RTS_DAY_AHEAD,70.6,80.475,9.875
2020-11-21 15:00:00,wind,hist_gradient_boosting,289.092604,90.6,198.492604
2020-11-21 15:00:00,wind,mlp,693.96521,90.6,603.36521
2020-11-21 15:00:00,wind,RTS_DAY_AHEAD,65.1,90.6,25.5
2020-11-21 16:00:00,wind,hist_gradient_boosting,288.923705,83.25,205.673705
2020-11-21 16:00:00,wind,mlp,696.912476,83.25,613.662476
2020-11-21 16:00:00,wind,RTS_DAY_AHEAD,125.0,83.25,41.75
2020-11-21 17:00:00,wind,hist_gradient_boosting,288.923705,96.133333,192.790372
2020-11-21 17:00:00,wind,mlp,703.408203,96.133333,607.27487
2020-11-21 17:00:00,wind,RTS_DAY_AHEAD,555.9,96.133333,459.766667
2020-11-21 18:00:00,wind,hist_gradient_boosting,293.944861,154.833333,139.111528
2020-11-21 18:00:00,wind,mlp,714.081177,154.833333,559.247843
2020-11-21 18:00:00,wind,RTS_DAY_AHEAD,1022.6,154.833333,867.766667
2020-11-21 19:00:00,wind,hist_gradient_boosting,293.944861,298.525,4.580139
2020-11-21 19:00:00,wind,mlp,725.736938,298.525,427.211938
2020-11-21 19:00:00,wind,RTS_DAY_AHEAD,1202.8,298.525,904.275
2020-11-21 20:00:00,wind,hist_gradient_boosting,457.389231,668.358333,210.969102
2020-11-21 20:00:00,wind,mlp,742.246765,668.358333,73.888432
2020-11-21 20:00:00,wind,RTS_DAY_AHEAD,1086.5,668.358333,418.141667
2020-11-21 21:00:00,wind,hist_gradient_boosting,513.719413,559.166667,45.447253
2020-11-21 21:00:00,wind,mlp,744.043091,559.166667,184.876424
2020-11-21 21:00:00,wind,RTS_DAY_AHEAD,1173.6,559.166667,614.433333
2020-11-21 22:00:00,wind,hist_gradient_boosting,579.785731,542.35,37.435731
2020-11-21 22:00:00,wind,mlp,741.973022,542.35,199.623022
2020-11-21 22:00:00,wind,RTS_DAY_AHEAD,1157.6,542.35,615.25
2020-11-21 23:00:00,wind,hist_gradient_boosting,579.785731,396.8,182.985731
2020-11-21 23:00:00,wind,mlp,741.973083,396.8,345.173083
2020-11-21 23:00:00,wind,RTS_DAY_AHEAD,1198.1,396.8,801.3
2020-11-22 00:00:00,wind,hist_gradient_boosting,473.177024,506.016667,32.839642
2020-11-22 00:00:00,wind,mlp,727.696411,506.016667,221.679744
2020-11-22 00:00:00,wind,RTS_DAY_AHEAD,1216.3,506.016667,710.283333
2020-11-22 01:00:00,wind,hist_gradient_boosting,450.260674,767.641667,317.380993
2020-11-22 01:00:00,wind,mlp,720.377625,767.641667,47.264042
2020-11-22 01:00:00,wind,RTS_DAY_AHEAD,1234.5,767.641667,466.858333
2020-11-22 02:00:00,wind,hist_gradient_boosting,450.260674,865.433333,415.17266
2020-11-22 02:00:00,wind,mlp,709.613953,865.433333,155.819381
2020-11-22 02:00:00,wind,RTS_DAY_AHEAD,1260.9,865.433333,395.466667
2020-11-22 03:00:00,wind,hist_gradient_boosting,449.477031,876.7,427.222969
2020-11-22 03:00:00,wind,mlp,706.168823,876.7,170.531177
2020-11-22 03:00:00,wind,RTS_DAY_AHEAD,1320.4,876.7,443.7
2020-11-22 04:00:00,wind,hist_gradient_boosting,449.477031,921.333333,471.856303
2020-11-22 04:00:00,wind,mlp,693.031128,921.333333,228.302205
2020-11-22 04:00:00,wind,RTS_DAY_AHEAD,1362.8,921.333333,441.466667
2020-11-22 05:00:00,wind,hist_gradient_boosting,485.401897,849.7,364.298103
2020-11-22 05:00:00,wind,mlp,686.488464,849.7,163.211536
2020-11-22 05:00:00,wind,RTS_DAY_AHEAD,1360.2,849.7,510.5
2020-11-22 06:00:00,wind,hist_gradient_boosting,362.154546,852.841667,490.687121
2020-11-22 06:00:00,wind,mlp,669.396484,852.841667,183.445182
2020-11-22 06:00:00,wind,RTS_DAY_AHEAD,1321.0,852.841667,468.158333
2020-11-22 07:00:00,wind,hist_gradient_boosting,359.577092,1082.758333,723.181241
2020-11-22 07:00:00,wind,mlp,661.868042,1082.758333,420.890291
2020-11-22 07:00:00,wind,RTS_DAY_AHEAD,1304.3,1082.758333,221.541667
2020-11-22 08:00:00,wind,hist_gradient_boosting,294.671303,1411.683333,1117.01203
2020-11-22 08:00:00,wind,mlp,656.283142,1411.683333,755.400191
2020-11-22 08:00:00,wind,RTS_DAY_AHEAD,1318.2,1411.683333,93.483333
2020-11-22 09:00:00,wind,hist_gradient_boosting,297.243612,1538.825,1241.581388
2020-11-22 09:00:00,wind,mlp,645.268555,1538.825,893.556445
2020-11-22 09:00:00,wind,RTS_DAY_AHEAD,1522.2,1538.825,16.625
2020-11-22 10:00:00,wind,hist_gradient_boosting,308.509712,1579.958333,1271.448621
2020-11-22 10:00:00,wind,mlp,638.067871,1579.958333,941.890462
2020-11-22 10:00:00,wind,RTS_DAY_AHEAD,1571.9,1579.958333,8.058333
2020-11-22 11:00:00,wind,hist_gradient_boosting,295.283179,1479.133333,1183.850154
2020-11-22 11:00:00,wind,mlp,635.137329,1479.133333,843.996004
2020-11-22 11:00:00,wind,RTS_DAY_AHEAD,1567.0,1479.133333,87.866667
2020-11-22 12:00:00,wind,hist_gradient_boosting,295.283179,1394.658333,1099.375154
2020-11-22 12:00:00,wind,mlp,641.37439,1394.658333,753.283944
2020-11-22 12:00:00,wind,RTS_DAY_AHEAD,1280.5,1394.658333,114.158333
2020-11-22 13:00:00,wind,hist_gradient_boosting,295.452078,1523.575,1228.122922
2020-11-22 13:00:00,wind,mlp,646.440796,1523.575,877.134204
2020-11-22 13:00:00,wind,RTS_DAY_AHEAD,1316.3,1523.575,207.275
2020-11-22 14:00:00,wind,hist_gradient_boosting,295.283179,1871.666667,1576.383488
2020-11-22 14:00:00,wind,mlp,649.941101,1871.666667,1221.725566
2020-11-22 14:00:00,wind,RTS_DAY_AHEAD,1429.5,1871.666667,442.166667
2020-11-22 15:00:00,wind,hist_gradient_boosting,565.509082,2320.833333,1755.324252
2020-11-22 15:00:00,wind,mlp,653.786255,2320.833333,1667.047078
2020-11-22 15:00:00,wind,RTS_DAY_AHEAD,1815.5,2320.833333,505.333333
2020-11-22 16:00:00,wind,hist_gradient_boosting,565.509082,2426.325,1860.815918
2020-11-22 16:00:00,wind,mlp,658.257874,2426.325,1768.067126
2020-11-22 16:00:00,wind,RTS_DAY_AHEAD,2249.5,2426.325,176.825
2020-11-22 17:00:00,wind,hist_gradient_boosting,529.360798,2459.833333,1930.472536
2020-11-22 17:00:00,wind,mlp,669.45282,2459.833333,1790.380514
2020-11-22 17:00:00,wind,RTS_DAY_AHEAD,2449.0,2459.833333,10.833333
2020-11-22 18:00:00,wind,hist_gradient_boosting,548.422611,2463.216667,1914.794056
2020-11-22 18:00:00,wind,mlp,690.079773,2463.216667,1773.136894
2020-11-22 18:00:00,wind,RTS_DAY_AHEAD,2452.2,2463.216667,11.016667
2020-11-22 19:00:00,wind,hist_gradient_boosting,575.981663,2460.416667,1884.435004
2020-11-22 19:00:00,wind,mlp,711.801453,2460.416667,1748.615214
2020-11-22 19:00:00,wind,RTS_DAY_AHEAD,2459.2,2460.416667,1.216667
2020-11-22 20:00:00,wind,hist_gradient_boosting,547.102672,2457.608333,1910.505662
2020-11-22 20:00:00,wind,mlp,750.437866,2457.608333,1707.170467
2020-11-22 20:00:00,wind,RTS_DAY_AHEAD,2407.6,2457.608333,50.008333
2020-11-22 21:00:00,wind,hist_gradient_boosting,555.437227,2450.108333,1894.671106
2020-11-22 21:00:00,wind,mlp,720.63208,2450.108333,1729.476253
2020-11-22 21:00:00,wind,RTS_DAY_AHEAD,2474.8,2450.108333,24.691667
2020-11-22 22:00:00,wind,hist_gradient_boosting,540.95032,2432.925,1891.97468
2020-11-22 22:00:00,wind,mlp,734.829773,2432.925,1698.095227
2020-11-22 22:00:00,wind,RTS_DAY_AHEAD,2475.1,2432.925,42.175
2020-11-22 23:00:00,wind,hist_gradient_boosting,566.499133,2386.816667,1820.317533
2020-11-22 23:00:00,wind,mlp,723.215027,2386.816667,1663.60164
2020-11-22 23:00:00,wind,RTS_DAY_AHEAD,2459.2,2386.816667,72.383333
2020-11-23 00:00:00,wind,hist_gradient_boosting,545.801156,2375.091667,1829.290511
2020-11-23 00:00:00,wind,mlp,749.537781,2375.091667,1625.553886
2020-11-23 00:00:00,wind,RTS_DAY_AHEAD,2447.0,2375.091667,71.908333
2020-11-23 01:00:00,wind,hist_gradient_boosting,561.668039,2148.716667,1587.048627
2020-11-23 01:00:00,wind,mlp,770.848511,2148.716667,1377.868156
2020-11-23 01:00:00,wind,RTS_DAY_AHEAD,2445.1,2148.716667,296.383333
2020-11-23 02:00:00,wind,hist_gradient_boosting,517.282778,2000.516667,1483.233888
2020-11-23 02:00:00,wind,mlp,766.43219,2000.516667,1234.084477
2020-11-23 02:00:00,wind,RTS_DAY_AHEAD,2172.4,2000.516667,171.883333
2020-11-23 03:00:00,wind,hist_gradient_boosting,487.778425,1569.658333,1081.879908
2020-11-23 03:00:00,wind,mlp,759.625488,1569.658333,810.032845
2020-11-23 03:00:00,wind,RTS_DAY_AHEAD,2005.3,1569.658333,435.641667
2020-11-23 04:00:00,wind,hist_gradient_boosting,555.881106,1112.325,556.443894
2020-11-23 04:00:00,wind,mlp,757.971863,1112.325,354.353137
2020-11-23 04:00:00,wind,RTS_DAY_AHEAD,1752.8,1112.325,640.475
2020-11-23 05:00:00,wind,hist_gradient_boosting,625.614617,911.891667,286.27705
2020-11-23 05:00:00,wind,mlp,745.61853,911.891667,166.273136
2020-11-23 05:00:00,wind,RTS_DAY_AHEAD,1262.1,911.891667,350.208333
2020-11-23 06:00:00,wind,hist_gradient_boosting,698.591634,791.033333,92.441699
2020-11-23 06:00:00,wind,mlp,738.089722,791.033333,52.943612
2020-11-23 06:00:00,wind,RTS_DAY_AHEAD,1285.0,791.033333,493.966667
2020-11-23 07:00:00,wind,hist_gradient_boosting,726.954931,587.15,139.804931
2020-11-23 07:00:00,wind,mlp,744.875122,587.15,157.725122
2020-11-23 07:00:00,wind,RTS_DAY_AHEAD,1274.0,587.15,686.85
2020-11-23 08:00:00,wind,hist_gradient_boosting,763.748507,570.375,193.373507
2020-11-23 08:00:00,wind,mlp,762.912109,570.375,192.537109
2020-11-23 08:00:00,wind,RTS_DAY_AHEAD,1247.4,570.375,677.025
2020-11-23 09:00:00,wind,hist_gradient_boosting,1267.796903,293.958333,973.838569
2020-11-23 09:00:00,wind,mlp,750.266296,293.958333,456.307963
2020-11-23 09:00:00,wind,RTS_DAY_AHEAD,1058.8,293.958333,764.841667
2020-11-23 10:00:00,wind,hist_gradient_boosting,1281.474964,74.033333,1207.441631
2020-11-23 10:00:00,wind,mlp,742.109497,74.033333,668.076164
2020-11-23 10:00:00,wind,RTS_DAY_AHEAD,644.6,74.033333,570.566667
2020-11-23 11:00:00,wind,hist_gradient_boosting,1286.366489,36.566667,1249.799823
2020-11-23 11:00:00,wind,mlp,727.405762,36.566667,690.839095
2020-11-23 11:00:00,wind,RTS_DAY_AHEAD,235.1,36.566667,198.533333
2020-11-23 12:00:00,wind,hist_gradient_boosting,1418.988418,27.7,1391.288418
2020-11-23 12:00:00,wind,mlp,722.398193,27.7,694.698193
2020-11-23 12:00:00,wind,RTS_DAY_AHEAD,107.1,27.7,79.4
2020-11-23 13:00:00,wind,hist_gradient_boosting,1267.796903,34.983333,1232.813569
2020-11-23 13:00:00,wind,mlp,738.702271,34.983333,703.718937
2020-11-23 13:00:00,wind,RTS_DAY_AHEAD,66.7,34.983333,31.716667
2020-11-23 14:00:00,wind,hist_gradient_boosting,1083.075444,51.516667,1031.558778
2020-11-23 14:00:00,wind,mlp,766.991577,51.516667,715.47491
2020-11-23 14:00:00,wind,RTS_DAY_AHEAD,84.5,51.516667,32.983333
2020-11-23 15:00:00,wind,hist_gradient_boosting,848.823589,50.85,797.973589
2020-11-23 15:00:00,wind,mlp,812.711548,50.85,761.861548
2020-11-23 15:00:00,wind,RTS_DAY_AHEAD,102.7,50.85,51.85
2020-11-23 16:00:00,wind,hist_gradient_boosting,1464.842118,63.458333,1401.383785
2020-11-23 16:00:00,wind,mlp,776.967224,63.458333,713.508891
2020-11-23 16:00:00,wind,RTS_DAY_AHEAD,67.5,63.458333,4.041667
2020-11-23 17:00:00,wind,hist_gradient_boosting,1443.505381,106.558333,1336.947048
2020-11-23 17:00:00,wind,mlp,783.914368,106.558333,677.356034
2020-11-23 17:00:00,wind,RTS_DAY_AHEAD,46.5,106.558333,60.058333
2020-11-23 18:00:00,wind,hist_gradient_boosting,1424.736371,194.75,1229.986371
2020-11-23 18:00:00,wind,mlp,786.817993,194.75,592.067993
2020-11-23 18:00:00,wind,RTS_DAY_AHEAD,17.2,194.75,177.55
2020-11-23 19:00:00,wind,hist_gradient_boosting,1424.736371,344.808333,1079.928037
2020-11-23 19:00:00,wind,mlp,796.897217,344.808333,452.088883
2020-11-23 19:00:00,wind,RTS_DAY_AHEAD,1.9,344.808333,342.908333
2020-11-23 20:00:00,wind,hist_gradient_boosting,1615.055428,454.283333,1160.772095
2020-11-23 20:00:00,wind,mlp,824.631165,454.283333,370.347831
2020-11-23 20:00:00,wind,RTS_DAY_AHEAD,17.0,454.283333,437.283333
2020-11-23 21:00:00,wind,hist_gradient_boosting,1318.430938,420.658333,897.772604
2020-11-23 21:00:00,wind,mlp,837.834351,420.658333,417.176017
2020-11-23 21:00:00,wind,RTS_DAY_AHEAD,63.5,420.658333,357.158333
2020-11-23 22:00:00,wind,hist_gradient_boosting,1598.139004,356.641667,1241.497337
2020-11-23 22:00:00,wind,mlp,846.336426,356.641667,489.694759
2020-11-23 22:00:00,wind,RTS_DAY_AHEAD,118.7,356.641667,237.941667
2020-11-23 23:00:00,wind,hist_gradient_boosting,1551.405348,307.725,1243.680348
2020-11-23 23:00:00,wind,mlp,846.70282,307.725,538.97782
2020-11-23 23:00:00,wind,RTS_DAY_AHEAD,301.2,307.725,6.525
2020-11-24 00:00:00,wind,hist_gradient_boosting,1326.642746,307.966667,1018.676079
2020-11-24 00:00:00,wind,mlp,880.104309,307.966667,572.137642
2020-11-24 00:00:00,wind,RTS_DAY_AHEAD,465.9,307.966667,157.933333
2020-11-24 01:00:00,wind,hist_gradient_boosting,1628.677626,353.466667,1275.21096
2020-11-24 01:00:00,wind,mlp,858.174011,353.466667,504.707345
2020-11-24 01:00:00,wind,RTS_DAY_AHEAD,758.5,353.466667,405.033333
2020-11-24 02:00:00,wind,hist_gradient_boosting,1257.634722,501.608333,756.026389
2020-11-24 02:00:00,wind,mlp,867.174927,501.608333,365.566593
2020-11-24 02:00:00,wind,RTS_DAY_AHEAD,1421.5,501.608333,919.891667
2020-11-24 03:00:00,wind,hist_gradient_boosting,1242.967597,598.6,644.367597
2020-11-24 03:00:00,wind,mlp,837.961792,598.6,239.361792
2020-11-24 03:00:00,wind,RTS_DAY_AHEAD,1877.3,598.6,1278.7
2020-11-24 04:00:00,wind,hist_gradient_boosting,1080.483302,934.566667,145.916635
2020-11-24 04:00:00,wind,mlp,818.838745,934.566667,115.727922
2020-11-24 04:00:00,wind,RTS_DAY_AHEAD,2118.8,934.566667,1184.233333
2020-11-24 05:00:00,wind,hist_gradient_boosting,778.081173,1326.558333,548.477161
2020-11-24 05:00:00,wind,mlp,819.325317,1326.558333,507.233016
2020-11-24 05:00:00,wind,RTS_DAY_AHEAD,2092.6,1326.558333,766.041667
2020-11-24 06:00:00,wind,hist_gradient_boosting,867.186947,1333.033333,465.846386
2020-11-24 06:00:00,wind,mlp,814.919678,1333.033333,518.113656
2020-11-24 06:00:00,wind,RTS_DAY_AHEAD,2140.4,1333.033333,807.366667
2020-11-24 07:00:00,wind,hist_gradient_boosting,782.797637,991.241667,208.44403
2020-11-24 07:00:00,wind,mlp,805.917358,991.241667,185.324308
2020-11-24 07:00:00,wind,RTS_DAY_AHEAD,2006.6,991.241667,1015.358333
2020-11-24 08:00:00,wind,hist_gradient_boosting,902.681865,578.158333,324.523532
2020-11-24 08:00:00,wind,mlp,814.611877,578.158333,236.453544
2020-11-24 08:00:00,wind,RTS_DAY_AHEAD,1955.7,578.158333,1377.541667
2020-11-24 09:00:00,wind,hist_gradient_boosting,1067.893385,660.291667,407.601718
2020-11-24 09:00:00,wind,mlp,789.233765,660.291667,128.942098
2020-11-24 09:00:00,wind,RTS_DAY_AHEAD,1790.8,660.291667,1130.508333
2020-11-24 10:00:00,wind,hist_gradient_boosting,850.147888,839.658333,10.489555
2020-11-24 10:00:00,wind,mlp,771.68689,839.658333,67.971444
2020-11-24 10:00:00,wind,RTS_DAY_AHEAD,1766.8,839.658333,927.141667
2020-11-24 11:00:00,wind,hist_gradient_boosting,329.941274,927.4,597.458726
2020-11-24 11:00:00,wind,mlp,764.004272,927.4,163.395728
2020-11-24 11:00:00,wind,RTS_DAY_AHEAD,1931.6,927.4,1004.2
2020-11-24 12:00:00,wind,hist_gradient_boosting,279.560684,1045.991667,766.430983
2020-11-24 12:00:00,wind,mlp,752.223755,1045.991667,293.767912
2020-11-24 12:00:00,wind,RTS_DAY_AHEAD,1995.8,1045.991667,949.808333
2020-11-24 13:00:00,wind,hist_gradient_boosting,279.560684,1423.825,1144.264316
2020-11-24 13:00:00,wind,mlp,751.14563,1423.825,672.67937
2020-11-24 13:00:00,wind,RTS_DAY_AHEAD,1724.2,1423.825,300.375
2020-11-24 14:00:00,wind,hist_gradient_boosting,293.944861,1614.741667,1320.796805
2020-11-24 14:00:00,wind,mlp,763.989624,1614.741667,850.752043
2020-11-24 14:00:00,wind,RTS_DAY_AHEAD,1775.9,1614.741667,161.158333
2020-11-24 15:00:00,wind,hist_gradient_boosting,592.530756,1900.0,1307.469244
2020-11-24 15:00:00,wind,mlp,784.237366,1900.0,1115.762634
2020-11-24 15:00:00,wind,RTS_DAY_AHEAD,1968.9,1900.0,68.9
2020-11-24 16:00:00,wind,hist_gradient_boosting,533.640396,2097.525,1563.884604
2020-11-24 16:00:00,wind,mlp,790.894958,2097.525,1306.630042
2020-11-24 16:00:00,wind,RTS_DAY_AHEAD,1350.4,2097.525,747.125
2020-11-24 17:00:00,wind,hist_gradient_boosting,688.841087,2328.691667,1639.85058
2020-11-24 17:00:00,wind,mlp,794.77356,2328.691667,1533.918107
2020-11-24 17:00:00,wind,RTS_DAY_AHEAD,913.1,2328.691667,1415.591667
2020-11-24 18:00:00,wind,hist_gradient_boosting,692.714268,2347.758333,1655.044066
2020-11-24 18:00:00,wind,mlp,801.909058,2347.758333,1545.849276
2020-11-24 18:00:00,wind,RTS_DAY_AHEAD,1368.6,2347.758333,979.158333
2020-11-24 19:00:00,wind,hist_gradient_boosting,707.156209,2331.0,1623.843791
2020-11-24 19:00:00,wind,mlp,816.215088,2331.0,1514.784912
2020-11-24 19:00:00,wind,RTS_DAY_AHEAD,1551.6,2331.0,779.4
2020-11-24 20:00:00,wind,hist_gradient_boosting,764.041013,2416.458333,1652.41732
2020-11-24 20:00:00,wind,mlp,814.730957,2416.458333,1601.727376
2020-11-24 20:00:00,wind,RTS_DAY_AHEAD,1849.7,2416.458333,566.758333
2020-11-24 21:00:00,wind,hist_gradient_boosting,1031.01511,2461.583333,1430.568224
2020-11-24 21:00:00,wind,mlp,797.200378,2461.583333,1664.382955
2020-11-24 21:00:00,wind,RTS_DAY_AHEAD,2165.1,2461.583333,296.483333
2020-11-24 22:00:00,wind,hist_gradient_boosting,1031.01511,2404.033333,1373.018224
2020-11-24 22:00:00,wind,mlp,792.566772,2404.033333,1611.466561
2020-11-24 22:00:00,wind,RTS_DAY_AHEAD,1810.2,2404.033333,593.833333
2020-11-24 23:00:00,wind,hist_gradient_boosting,770.138792,1955.25,1185.111208
2020-11-24 23:00:00,wind,mlp,794.138611,1955.25,1161.111389
2020-11-24 23:00:00,wind,RTS_DAY_AHEAD,1866.8,1955.25,88.45
2020-11-25 00:00:00,wind,hist_gradient_boosting,764.041013,1641.825,877.783987
2020-11-25 00:00:00,wind,mlp,819.296753,1641.825,822.528247
2020-11-25 00:00:00,wind,RTS_DAY_AHEAD,1674.0,1641.825,32.175
2020-11-25 01:00:00,wind,hist_gradient_boosting,933.769845,1877.141667,943.371822
2020-11-25 01:00:00,wind,mlp,817.35022,1877.141667,1059.791447
2020-11-25 01:00:00,wind,RTS_DAY_AHEAD,1143.7,1877.141667,733.441667
2020-11-25 02:00:00,wind,hist_gradient_boosting,875.861768,1945.683333,1069.821565
2020-11-25 02:00:00,wind,mlp,816.323608,1945.683333,1129.359725
2020-11-25 02:00:00,wind,RTS_DAY_AHEAD,1511.8,1945.683333,433.883333
2020-11-25 03:00:00,wind,hist_gradient_boosting,1052.347252,1893.616667,841.269415
2020-11-25 03:00:00,wind,mlp,800.416992,1893.616667,1093.199674
2020-11-25 03:00:00,wind,RTS_DAY_AHEAD,1920.7,1893.616667,27.083333
2020-11-25 04:00:00,wind,hist_gradient_boosting,825.86858,1934.7,1108.83142
2020-11-25 04:00:00,wind,mlp,817.758789,1934.7,1116.941211
2020-11-25 04:00:00,wind,RTS_DAY_AHEAD,1802.3,1934.7,132.4
2020-11-25 05:00:00,wind,hist_gradient_boosting,876.274442,2365.091667,1488.817225
2020-11-25 05:00:00,wind,mlp,829.518372,2365.091667,1535.573295
2020-11-25 05:00:00,wind,RTS_DAY_AHEAD,1934.5,2365.091667,430.591667
2020-11-25 06:00:00,wind,hist_gradient_boosting,661.129209,2447.508333,1786.379125
2020-11-25 06:00:00,wind,mlp,777.913879,2447.508333,1669.594454
2020-11-25 06:00:00,wind,RTS_DAY_AHEAD,2030.8,2447.508333,416.708333
2020-11-25 07:00:00,wind,hist_gradient_boosting,623.188934,2463.333333,1840.144399
2020-11-25 07:00:00,wind,mlp,743.155579,2463.333333,1720.177755
2020-11-25 07:00:00,wind,RTS_DAY_AHEAD,2112.7,2463.333333,350.633333
2020-11-25 08:00:00,wind,hist_gradient_boosting,745.560631,2460.383333,1714.822702
2020-11-25 08:00:00,wind,mlp,720.641235,2460.383333,1739.742098
2020-11-25 08:00:00,wind,RTS_DAY_AHEAD,2100.8,2460.383333,359.583333
2020-11-25 09:00:00,wind,hist_gradient_boosting,797.471368,2453.425,1655.953632
2020-11-25 09:00:00,wind,mlp,719.618652,2453.425,1733.806348
2020-11-25 09:00:00,wind,RTS_DAY_AHEAD,2035.3,2453.425,418.125
2020-11-25 10:00:00,wind,hist_gradient_boosting,798.021924,2431.308333,1633.286409
2020-11-25 10:00:00,wind,mlp,728.646057,2431.308333,1702.662276
2020-11-25 10:00:00,wind,RTS_DAY_AHEAD,1095.9,2431.308333,1335.408333
2020-11-25 11:00:00,wind,hist_gradient_boosting,697.22463,2434.066667,1736.842037
2020-11-25 11:00:00,wind,mlp,715.772339,2434.066667,1718.294328
2020-11-25 11:00:00,wind,RTS_DAY_AHEAD,1212.1,2434.066667,1221.966667
2020-11-25 12:00:00,wind,hist_gradient_boosting,633.058352,2452.8,1819.741648
2020-11-25 12:00:00,wind,mlp,720.202271,2452.8,1732.597729
2020-11-25 12:00:00,wind,RTS_DAY_AHEAD,1631.6,2452.8,821.2
2020-11-25 13:00:00,wind,hist_gradient_boosting,880.966702,2409.608333,1528.641632
2020-11-25 13:00:00,wind,mlp,765.850952,2409.608333,1643.757381
2020-11-25 13:00:00,wind,RTS_DAY_AHEAD,1682.3,2409.608333,727.308333
2020-11-25 14:00:00,wind,hist_gradient_boosting,1354.137944,2187.033333,832.89539
2020-11-25 14:00:00,wind,mlp,754.394531,2187.033333,1432.638802
2020-11-25 14:00:00,wind,RTS_DAY_AHEAD,1418.2,2187.033333,768.833333
2020-11-25 15:00:00,wind,hist_gradient_boosting,1403.526823,2219.75,816.223177
2020-11-25 15:00:00,wind,mlp,781.136719,2219.75,1438.613281
2020-11-25 15:00:00,wind,RTS_DAY_AHEAD,1989.0,2219.75,230.75
2020-11-25 16:00:00,wind,hist_gradient_boosting,1122.700125,2113.216667,990.516541
2020-11-25 16:00:00,wind,mlp,773.944885,2113.216667,1339.271781
2020-11-25 16:00:00,wind,RTS_DAY_AHEAD,1610.7,2113.216667,502.516667
2020-11-25 17:00:00,wind,hist_gradient_boosting,757.396181,1913.183333,1155.787152
2020-11-25 17:00:00,wind,mlp,784.994629,1913.183333,1128.188704
2020-11-25 17:00:00,wind,RTS_DAY_AHEAD,1420.8,1913.183333,492.383333
2020-11-25 18:00:00,wind,hist_gradient_boosting,1031.954074,1875.725,843.770926
2020-11-25 18:00:00,wind,mlp,768.209717,1875.725,1107.515283
2020-11-25 18:00:00,wind,RTS_DAY_AHEAD,1560.5,1875.725,315.225
2020-11-25 19:00:00,wind,hist_gradient_boosting,1411.396677,1951.391667,539.994989
2020-11-25 19:00:00,wind,mlp,778.116516,1951.391667,1173.275151
2020-11-25 19:00:00,wind,RTS_DAY_AHEAD,1591.1,1951.391667,360.291667
2020-11-25 20:00:00,wind,hist_gradient_boosting,1598.74634,1689.55,90.80366
2020-11-25 20:00:00,wind,mlp,810.987915,1689.55,878.562085
2020-11-25 20:00:00,wind,RTS_DAY_AHEAD,1764.6,1689.55,75.05
2020-11-25 21:00:00,wind,hist_gradient_boosting,1579.769097,1741.916667,162.14757
2020-11-25 21:00:00,wind,mlp,827.56366,1741.916667,914.353007
2020-11-25 21:00:00,wind,RTS_DAY_AHEAD,2119.1,1741.916667,377.183333
2020-11-25 22:00:00,wind,hist_gradient_boosting,1380.314229,1966.941667,586.627437
2020-11-25 22:00:00,wind,mlp,829.131531,1966.941667,1137.810136
2020-11-25 22:00:00,wind,RTS_DAY_AHEAD,1862.9,1966.941667,104.041667
2020-11-25 23:00:00,wind,hist_gradient_boosting,1293.594226,2167.725,874.130774
2020-11-25 23:00:00,wind,mlp,796.385498,2167.725,1371.339502
2020-11-25 23:00:00,wind,RTS_DAY_AHEAD,1942.9,2167.725,224.825
2020-11-26 00:00:00,wind,hist_gradient_boosting,946.796141,2253.475,1306.678859
2020-11-26 00:00:00,wind,mlp,782.59259,2253.475,1470.88241
2020-11-26 00:00:00,wind,RTS_DAY_AHEAD,2432.5,2253.475,179.025
2020-11-26 01:00:00,wind,hist_gradient_boosting,753.395772,2410.208333,1656.812561
2020-11-26 01:00:00,wind,mlp,852.810669,2410.208333,1557.397664
2020-11-26 01:00:00,wind,RTS_DAY_AHEAD,2384.3,2410.208333,25.908333
2020-11-26 02:00:00,wind,hist_gradient_boosting,867.097851,2419.233333,1552.135482
2020-11-26 02:00:00,wind,mlp,836.768188,2419.233333,1582.465145
2020-11-26 02:00:00,wind,RTS_DAY_AHEAD,2481.8,2419.233333,62.566667
2020-11-26 03:00:00,wind,hist_gradient_boosting,1390.032634,2459.566667,1069.534033
2020-11-26 03:00:00,wind,mlp,824.634094,2459.566667,1634.932572
2020-11-26 03:00:00,wind,RTS_DAY_AHEAD,2495.6,2459.566667,36.033333
2020-11-26 04:00:00,wind,hist_gradient_boosting,1159.516966,2462.316667,1302.799701
2020-11-26 04:00:00,wind,mlp,846.852173,2462.316667,1615.464494
2020-11-26 04:00:00,wind,RTS_DAY_AHEAD,2494.7,2462.316667,32.383333
2020-11-26 05:00:00,wind,hist_gradient_boosting,1269.90164,2455.633333,1185.731693
2020-11-26 05:00:00,wind,mlp,913.958618,2455.633333,1541.674715
2020-11-26 05:00:00,wind,RTS_DAY_AHEAD,2497.3,2455.633333,41.666667
2020-11-26 06:00:00,wind,hist_gradient_boosting,1273.822926,2459.891667,1186.068741
2020-11-26 06:00:00,wind,mlp,872.532227,2459.891667,1587.35944
2020-11-26 06:00:00,wind,RTS_DAY_AHEAD,2497.8,2459.891667,37.908333
2020-11-26 07:00:00,wind,hist_gradient_boosting,1377.886114,2456.1,1078.213886
2020-11-26 07:00:00,wind,mlp,858.290649,2456.1,1597.809351
2020-11-26 07:00:00,wind,RTS_DAY_AHEAD,2499.3,2456.1,43.2
2020-11-26 08:00:00,wind,hist_gradient_boosting,1639.217453,2452.616667,813.399213
2020-11-26 08:00:00,wind,mlp,842.581726,2452.616667,1610.034941
2020-11-26 08:00:00,wind,RTS_DAY_AHEAD,2490.5,2452.616667,37.883333
2020-11-26 09:00:00,wind,hist_gradient_boosting,1632.13127,2382.041667,749.910396
2020-11-26 09:00:00,wind,mlp,839.692078,2382.041667,1542.349589
2020-11-26 09:00:00,wind,RTS_DAY_AHEAD,2493.2,2382.041667,111.158333
2020-11-26 10:00:00,wind,hist_gradient_boosting,1576.988905,2307.683333,730.694428
2020-11-26 10:00:00,wind,mlp,841.577637,2307.683333,1466.105697
2020-11-26 10:00:00,wind,RTS_DAY_AHEAD,2439.0,2307.683333,131.316667
2020-11-26 11:00:00,wind,hist_gradient_boosting,1218.307744,2329.566667,1111.258922
2020-11-26 11:00:00,wind,mlp,844.92688,2329.566667,1484.639787
2020-11-26 11:00:00,wind,RTS_DAY_AHEAD,2347.1,2329.566667,17.533333
2020-11-26 12:00:00,wind,hist_gradient_boosting,991.412574,2073.808333,1082.39576
2020-11-26 12:00:00,wind,mlp,848.658081,2073.808333,1225.150252
2020-11-26 12:00:00,wind,RTS_DAY_AHEAD,2300.1,2073.808333,226.291667
2020-11-26 13:00:00,wind,hist_gradient_boosting,1024.067157,1881.158333,857.091176
2020-11-26 13:00:00,wind,mlp,851.873535,1881.158333,1029.284798
2020-11-26 13:00:00,wind,RTS_DAY_AHEAD,2328.0,1881.158333,446.841667
2020-11-26 14:00:00,wind,hist_gradient_boosting,1353.957338,1910.616667,556.659329
2020-11-26 14:00:00,wind,mlp,841.795898,1910.616667,1068.820768
2020-11-26 14:00:00,wind,RTS_DAY_AHEAD,2322.1,1910.616667,411.483333
2020-11-26 15:00:00,wind,hist_gradient_boosting,1030.257409,1732.983333,702.725925
2020-11-26 15:00:00,wind,mlp,868.807739,1732.983333,864.175594
2020-11-26 15:00:00,wind,RTS_DAY_AHEAD,2407.8,1732.983333,674.816667
2020-11-26 16:00:00,wind,hist_gradient_boosting,1349.783883,1685.983333,336.19945
2020-11-26 16:00:00,wind,mlp,861.564087,1685.983333,824.419246
2020-11-26 16:00:00,wind,RTS_DAY_AHEAD,2284.1,1685.983333,598.116667
2020-11-26 17:00:00,wind,hist_gradient_boosting,844.181402,1854.775,1010.593598
2020-11-26 17:00:00,wind,mlp,861.020142,1854.775,993.754858
2020-11-26 17:00:00,wind,RTS_DAY_AHEAD,2143.6,1854.775,288.825
2020-11-26 18:00:00,wind,hist_gradient_boosting,1130.48652,2232.966667,1102.480147
2020-11-26 18:00:00,wind,mlp,878.865723,2232.966667,1354.100944
2020-11-26 18:00:00,wind,RTS_DAY_AHEAD,2336.0,2232.966667,103.033333
2020-11-26 19:00:00,wind,hist_gradient_boosting,1099.884085,2359.433333,1259.549248
2020-11-26 19:00:00,wind,mlp,894.670227,2359.433333,1464.763106
2020-11-26 19:00:00,wind,RTS_DAY_AHEAD,2415.0,2359.433333,55.566667
2020-11-26 20:00:00,wind,hist_gradient_boosting,1012.308139,2433.066667,1420.758527
2020-11-26 20:00:00,wind,mlp,871.31604,2433.066667,1561.750627
2020-11-26 20:00:00,wind,RTS_DAY_AHEAD,2448.5,2433.066667,15.433333
2020-11-26 21:00:00,wind,hist_gradient_boosting,1065.579563,2444.841667,1379.262103
2020-11-26 21:00:00,wind,mlp,897.1427,2444.841667,1547.698966
2020-11-26 21:00:00,wind,RTS_DAY_AHEAD,2439.9,2444.841667,4.941667
2020-11-26 22:00:00,wind,hist_gradient_boosting,1066.349228,2442.958333,1376.609106
2020-11-26 22:00:00,wind,mlp,925.670776,2442.958333,1517.287557
2020-11-26 22:00:00,wind,RTS_DAY_AHEAD,2391.0,2442.958333,51.958333
2020-11-26 23:00:00,wind,hist_gradient_boosting,952.002866,2407.358333,1455.355467
2020-11-26 23:00:00,wind,mlp,916.210938,2407.358333,1491.147396
2020-11-26 23:00:00,wind,RTS_DAY_AHEAD,2463.2,2407.358333,55.841667
2020-11-27 00:00:00,wind,hist_gradient_boosting,939.320393,2310.775,1371.454607
2020-11-27 00:00:00,wind,mlp,883.078796,2310.775,1427.696204
2020-11-27 00:00:00,wind,RTS_DAY_AHEAD,2381.5,2310.775,70.725
2020-11-27 01:00:00,wind,hist_gradient_boosting,1338.400038,2418.225,1079.824962
2020-11-27 01:00:00,wind,mlp,901.621216,2418.225,1516.603784
2020-11-27 01:00:00,wind,RTS_DAY_AHEAD,2196.0,2418.225,222.225
2020-11-27 02:00:00,wind,hist_gradient_boosting,941.711815,2445.341667,1503.629852
2020-11-27 02:00:00,wind,mlp,892.913696,2445.341667,1552.42797
2020-11-27 02:00:00,wind,RTS_DAY_AHEAD,2451.9,2445.341667,6.558333
2020-11-27 03:00:00,wind,hist_gradient_boosting,845.842822,2452.775,1606.932178
2020-11-27 03:00:00,wind,mlp,893.899597,2452.775,1558.875403
2020-11-27 03:00:00,wind,RTS_DAY_AHEAD,2318.4,2452.775,134.375
2020-11-27 04:00:00,wind,hist_gradient_boosting,1330.122767,2458.533333,1128.410566
2020-11-27 04:00:00,wind,mlp,892.352722,2458.533333,1566.180611
2020-11-27 04:00:00,wind,RTS_DAY_AHEAD,2098.4,2458.533333,360.133333
2020-11-27 05:00:00,wind,hist_gradient_boosting,1134.714308,2459.75,1325.035692
2020-11-27 05:00:00,wind,mlp,898.696411,2459.75,1561.053589
2020-11-27 05:00:00,wind,RTS_DAY_AHEAD,2356.5,2459.75,103.25
2020-11-27 06:00:00,wind,hist_gradient_boosting,1351.0531,2463.783333,1112.730233
2020-11-27 06:00:00,wind,mlp,894.976868,2463.783333,1568.806466
2020-11-27 06:00:00,wind,RTS_DAY_AHEAD,2394.8,2463.783333,68.983333
2020-11-27 07:00:00,wind,hist_gradient_boosting,1559.910899,2466.25,906.339101
2020-11-27 07:00:00,wind,mlp,888.854126,2466.25,1577.395874
2020-11-27 07:00:00,wind,RTS_DAY_AHEAD,2466.5,2466.25,0.25
2020-11-27 08:00:00,wind,hist_gradient_boosting,1611.093256,2455.35,844.256744
2020-11-27 08:00:00,wind,mlp,882.970093,2455.35,1572.379907
2020-11-27 08:00:00,wind,RTS_DAY_AHEAD,2460.2,2455.35,4.85
2020-11-27 09:00:00,wind,hist_gradient_boosting,1297.047262,2394.683333,1097.636071
2020-11-27 09:00:00,wind,mlp,872.136902,2394.683333,1522.546431
2020-11-27 09:00:00,wind,RTS_DAY_AHEAD,2311.8,2394.683333,82.883333
2020-11-27 10:00:00,wind,hist_gradient_boosting,1521.747756,2407.233333,885.485577
2020-11-27 10:00:00,wind,mlp,864.314941,2407.233333,1542.918392
2020-11-27 10:00:00,wind,RTS_DAY_AHEAD,2090.0,2407.233333,317.233333
2020-11-27 11:00:00,wind,hist_gradient_boosting,1614.185614,2340.916667,726.731052
2020-11-27 11:00:00,wind,mlp,872.002808,2340.916667,1468.913859
2020-11-27 11:00:00,wind,RTS_DAY_AHEAD,2122.3,2340.916667,218.616667
2020-11-27 12:00:00,wind,hist_gradient_boosting,1523.653501,2198.533333,674.879833
2020-11-27 12:00:00,wind,mlp,834.076782,2198.533333,1364.456551
2020-11-27 12:00:00,wind,RTS_DAY_AHEAD,2023.8,2198.533333,174.733333
2020-11-27 13:00:00,wind,hist_gradient_boosting,1037.674465,1943.233333,905.558868
2020-11-27 13:00:00,wind,mlp,826.527649,1943.233333,1116.705684
2020-11-27 13:00:00,wind,RTS_DAY_AHEAD,1732.0,1943.233333,211.233333
2020-11-27 14:00:00,wind,hist_gradient_boosting,785.07773,1944.15,1159.07227
2020-11-27 14:00:00,wind,mlp,850.086121,1944.15,1094.063879
2020-11-27 14:00:00,wind,RTS_DAY_AHEAD,1323.6,1944.15,620.55
2020-11-27 15:00:00,wind,hist_gradient_boosting,784.903575,2019.191667,1234.288092
2020-11-27 15:00:00,wind,mlp,822.362976,2019.191667,1196.828691
2020-11-27 15:00:00,wind,RTS_DAY_AHEAD,1318.4,2019.191667,700.791667
2020-11-27 16:00:00,wind,hist_gradient_boosting,865.463063,2097.091667,1231.628604
2020-11-27 16:00:00,wind,mlp,835.599487,2097.091667,1261.492179
2020-11-27 16:00:00,wind,RTS_DAY_AHEAD,1316.8,2097.091667,780.291667
2020-11-27 17:00:00,wind,hist_gradient_boosting,998.827215,2164.083333,1165.256119
2020-11-27 17:00:00,wind,mlp,857.793457,2164.083333,1306.289876
2020-11-27 17:00:00,wind,RTS_DAY_AHEAD,1215.8,2164.083333,948.283333
2020-11-27 18:00:00,wind,hist_gradient_boosting,1084.875546,2243.158333,1158.282787
2020-11-27 18:00:00,wind,mlp,894.442566,2243.158333,1348.715767
2020-11-27 18:00:00,wind,RTS_DAY_AHEAD,1327.6,2243.158333,915.558333
2020-11-27 19:00:00,wind,hist_gradient_boosting,1022.427604,2324.308333,1301.88073
2020-11-27 19:00:00,wind,mlp,879.363892,2324.308333,1444.944442
2020-11-27 19:00:00,wind,RTS_DAY_AHEAD,1824.0,2324.308333,500.308333
2020-11-27 20:00:00,wind,hist_gradient_boosting,1163.94155,2403.625,1239.68345
2020-11-27 20:00:00,wind,mlp,870.1875,2403.625,1533.4375
2020-11-27 20:00:00,wind,RTS_DAY_AHEAD,2164.2,2403.625,239.425
2020-11-27 21:00:00,wind,hist_gradient_boosting,964.846499,2422.758333,1457.911834
2020-11-27 21:00:00,wind,mlp,875.119019,2422.758333,1547.639315
2020-11-27 21:00:00,wind,RTS_DAY_AHEAD,2188.5,2422.758333,234.258333
2020-11-27 22:00:00,wind,hist_gradient_boosting,928.35559,2273.275,1344.91941
2020-11-27 22:00:00,wind,mlp,891.761536,2273.275,1381.513464
2020-11-27 22:00:00,wind,RTS_DAY_AHEAD,2243.7,2273.275,29.575
2020-11-27 23:00:00,wind,hist_gradient_boosting,1334.345229,2277.325,942.979771
2020-11-27 23:00:00,wind,mlp,903.093933,2277.325,1374.231067
2020-11-27 23:00:00,wind,RTS_DAY_AHEAD,2301.1,2277.325,23.775
2020-11-28 00:00:00,wind,hist_gradient_boosting,857.884518,2088.841667,1230.957149
2020-11-28 00:00:00,wind,mlp,898.574036,2088.841667,1190.267631
2020-11-28 00:00:00,wind,RTS_DAY_AHEAD,2277.0,2088.841667,188.158333
2020-11-28 01:00:00,wind,hist_gradient_boosting,1590.441252,2101.466667,511.025414
2020-11-28 01:00:00,wind,mlp,927.635437,2101.466667,1173.83123
2020-11-28 01:00:00,wind,RTS_DAY_AHEAD,2128.2,2101.466667,26.733333
2020-11-28 02:00:00,wind,hist_gradient_boosting,1864.841589,2088.841667,224.000078
2020-11-28 02:00:00,wind,mlp,924.632202,2088.841667,1164.209465
2020-11-28 02:00:00,wind,RTS_DAY_AHEAD,2127.6,2088.841667,38.758333
2020-11-28 03:00:00,wind,hist_gradient_boosting,1958.674765,1940.983333,17.691431
2020-11-28 03:00:00,wind,mlp,926.162415,1940.983333,1014.820919
2020-11-28 03:00:00,wind,RTS_DAY_AHEAD,2071.5,1940.983333,130.516667
2020-11-28 04:00:00,wind,hist_gradient_boosting,1997.980735,1968.291667,29.689068
2020-11-28 04:00:00,wind,mlp,923.721863,1968.291667,1044.569804
2020-11-28 04:00:00,wind,RTS_DAY_AHEAD,1915.2,1968.291667,53.091667
2020-11-28 05:00:00,wind,hist_gradient_boosting,1997.980735,2112.608333,114.627598
2020-11-28 05:00:00,wind,mlp,918.762817,2112.608333,1193.845516
2020-11-28 05:00:00,wind,RTS_DAY_AHEAD,1858.0,2112.608333,254.608333
2020-11-28 06:00:00,wind,hist_gradient_boosting,1997.980735,2078.25,80.269265
2020-11-28 06:00:00,wind,mlp,914.189941,2078.25,1164.060059
2020-11-28 06:00:00,wind,RTS_DAY_AHEAD,1760.8,2078.25,317.45
2020-11-28 07:00:00,wind,hist_gradient_boosting,1997.980735,2003.041667,5.060932
2020-11-28 07:00:00,wind,mlp,907.757324,2003.041667,1095.284342
2020-11-28 07:00:00,wind,RTS_DAY_AHEAD,1865.0,2003.041667,138.041667
2020-11-28 08:00:00,wind,hist_gradient_boosting,1997.980735,1883.566667,114.414068
2020-11-28 08:00:00,wind,mlp,898.174438,1883.566667,985.392228
2020-11-28 08:00:00,wind,RTS_DAY_AHEAD,1870.3,1883.566667,13.266667
2020-11-28 09:00:00,wind,hist_gradient_boosting,1906.91649,1942.866667,35.950177
2020-11-28 09:00:00,wind,mlp,878.954102,1942.866667,1063.912565
2020-11-28 09:00:00,wind,RTS_DAY_AHEAD,1856.5,1942.866667,86.366667
2020-11-28 10:00:00,wind,hist_gradient_boosting,1736.840676,2094.916667,358.075991
2020-11-28 10:00:00,wind,mlp,877.747864,2094.916667,1217.168803
2020-11-28 10:00:00,wind,RTS_DAY_AHEAD,1777.3,2094.916667,317.616667
2020-11-28 11:00:00,wind,hist_gradient_boosting,1736.840676,2179.383333,442.542657
2020-11-28 11:00:00,wind,mlp,860.847473,2179.383333,1318.53586
2020-11-28 11:00:00,wind,RTS_DAY_AHEAD,1831.5,2179.383333,347.883333
2020-11-28 12:00:00,wind,hist_gradient_boosting,1743.032176,1938.016667,194.984491
2020-11-28 12:00:00,wind,mlp,829.633911,1938.016667,1108.382756
2020-11-28 12:00:00,wind,RTS_DAY_AHEAD,1796.0,1938.016667,142.016667
2020-11-28 13:00:00,wind,hist_gradient_boosting,1005.573118,1765.675,760.101882
2020-11-28 13:00:00,wind,mlp,806.327148,1765.675,959.347852
2020-11-28 13:00:00,wind,RTS_DAY_AHEAD,1621.9,1765.675,143.775
2020-11-28 14:00:00,wind,hist_gradient_boosting,1042.931042,1638.333333,595.402291
2020-11-28 14:00:00,wind,mlp,821.148132,1638.333333,817.185201
2020-11-28 14:00:00,wind,RTS_DAY_AHEAD,1549.5,1638.333333,88.833333
2020-11-28 15:00:00,wind,hist_gradient_boosting,1105.024009,1573.6,468.575991
2020-11-28 15:00:00,wind,mlp,824.102661,1573.6,749.497339
2020-11-28 15:00:00,wind,RTS_DAY_AHEAD,1469.8,1573.6,103.8
2020-11-28 16:00:00,wind,hist_gradient_boosting,1092.359708,1553.325,460.965292
2020-11-28 16:00:00,wind,mlp,827.322937,1553.325,726.002063
2020-11-28 16:00:00,wind,RTS_DAY_AHEAD,1190.0,1553.325,363.325
2020-11-28 17:00:00,wind,hist_gradient_boosting,1047.844809,1542.483333,494.638524
2020-11-28 17:00:00,wind,mlp,843.619812,1542.483333,698.863521
2020-11-28 17:00:00,wind,RTS_DAY_AHEAD,915.5,1542.483333,626.983333
2020-11-28 18:00:00,wind,hist_gradient_boosting,1184.710964,1497.325,312.614036
2020-11-28 18:00:00,wind,mlp,878.772095,1497.325,618.552905
2020-11-28 18:00:00,wind,RTS_DAY_AHEAD,729.7,1497.325,767.625
2020-11-28 19:00:00,wind,hist_gradient_boosting,1743.032176,1386.291667,356.740509
2020-11-28 19:00:00,wind,mlp,897.242676,1386.291667,489.048991
2020-11-28 19:00:00,wind,RTS_DAY_AHEAD,542.2,1386.291667,844.091667
2020-11-28 20:00:00,wind,hist_gradient_boosting,1978.540538,1180.675,797.865538
2020-11-28 20:00:00,wind,mlp,913.19873,1180.675,267.47627
2020-11-28 20:00:00,wind,RTS_DAY_AHEAD,454.3,1180.675,726.375
2020-11-28 21:00:00,wind,hist_gradient_boosting,1972.349038,972.283333,1000.065705
2020-11-28 21:00:00,wind,mlp,916.813782,972.283333,55.469552
2020-11-28 21:00:00,wind,RTS_DAY_AHEAD,507.4,972.283333,464.883333
2020-11-28 22:00:00,wind,hist_gradient_boosting,1958.674765,816.025,1142.649765
2020-11-28 22:00:00,wind,mlp,901.354309,816.025,85.329309
2020-11-28 22:00:00,wind,RTS_DAY_AHEAD,516.3,816.025,299.725
2020-11-28 23:00:00,wind,hist_gradient_boosting,1978.540538,548.358333,1430.182205
2020-11-28 23:00:00,wind,mlp,925.392761,548.358333,377.034428
2020-11-28 23:00:00,wind,RTS_DAY_AHEAD,503.4,548.358333,44.958333
2020-11-29 00:00:00,wind,hist_gradient_boosting,1739.17228,407.8,1331.37228
2020-11-29 00:00:00,wind,mlp,904.170715,407.8,496.370715
2020-11-29 00:00:00,wind,RTS_DAY_AHEAD,419.3,407.8,11.5
2020-11-29 01:00:00,wind,hist_gradient_boosting,1766.467714,523.833333,1242.63438
2020-11-29 01:00:00,wind,mlp,931.138489,523.833333,407.305155
2020-11-29 01:00:00,wind,RTS_DAY_AHEAD,237.1,523.833333,286.733333
2020-11-29 02:00:00,wind,hist_gradient_boosting,2001.745948,799.116667,1202.629281
2020-11-29 02:00:00,wind,mlp,928.985718,799.116667,129.869051
2020-11-29 02:00:00,wind,RTS_DAY_AHEAD,299.8,799.116667,499.316667
2020-11-29 03:00:00,wind,hist_gradient_boosting,2003.195411,1018.608333,984.587078
2020-11-29 03:00:00,wind,mlp,906.742371,1018.608333,111.865963
2020-11-29 03:00:00,wind,RTS_DAY_AHEAD,497.9,1018.608333,520.708333
2020-11-29 04:00:00,wind,hist_gradient_boosting,2003.195411,1096.383333,906.812078
2020-11-29 04:00:00,wind,mlp,922.010437,1096.383333,174.372896
2020-11-29 04:00:00,wind,RTS_DAY_AHEAD,792.2,1096.383333,304.183333
2020-11-29 05:00:00,wind,hist_gradient_boosting,2003.195411,1023.383333,979.812078
2020-11-29 05:00:00,wind,mlp,926.133484,1023.383333,97.249849
2020-11-29 05:00:00,wind,RTS_DAY_AHEAD,888.6,1023.383333,134.783333
2020-11-29 06:00:00,wind,hist_gradient_boosting,2003.195411,1109.566667,893.628744
2020-11-29 06:00:00,wind,mlp,906.285339,1109.566667,203.281327
2020-11-29 06:00:00,wind,RTS_DAY_AHEAD,1052.4,1109.566667,57.166667
2020-11-29 07:00:00,wind,hist_gradient_boosting,2003.195411,1317.416667,685.778744
2020-11-29 07:00:00,wind,mlp,894.893555,1317.416667,422.523112
2020-11-29 07:00:00,wind,RTS_DAY_AHEAD,1113.4,1317.416667,204.016667
2020-11-29 08:00:00,wind,hist_gradient_boosting,2003.195411,1416.858333,586.337078
2020-11-29 08:00:00,wind,mlp,878.464966,1416.858333,538.393368
2020-11-29 08:00:00,wind,RTS_DAY_AHEAD,1108.0,1416.858333,308.858333
2020-11-29 09:00:00,wind,hist_gradient_boosting,1277.538551,1340.216667,62.678116
2020-11-29 09:00:00,wind,mlp,884.260071,1340.216667,455.956596
2020-11-29 09:00:00,wind,RTS_DAY_AHEAD,1074.9,1340.216667,265.316667
2020-11-29 10:00:00,wind,hist_gradient_boosting,1748.284811,1493.808333,254.476478
2020-11-29 10:00:00,wind,mlp,891.86145,1493.808333,601.946883
2020-11-29 10:00:00,wind,RTS_DAY_AHEAD,1099.5,1493.808333,394.308333
2020-11-29 11:00:00,wind,hist_gradient_boosting,1074.596223,1768.5,693.903777
2020-11-29 11:00:00,wind,mlp,875.442383,1768.5,893.057617
2020-11-29 11:00:00,wind,RTS_DAY_AHEAD,1090.7,1768.5,677.8
2020-11-29 12:00:00,wind,hist_gradient_boosting,1184.710964,1787.95,603.239036
2020-11-29 12:00:00,wind,mlp,831.089966,1787.95,956.860034
2020-11-29 12:00:00,wind,RTS_DAY_AHEAD,1225.4,1787.95,562.55
2020-11-29 13:00:00,wind,hist_gradient_boosting,1042.931042,2039.466667,996.535624
2020-11-29 13:00:00,wind,mlp,813.5755,2039.466667,1225.891166
2020-11-29 13:00:00,wind,RTS_DAY_AHEAD,1449.2,2039.466667,590.266667
2020-11-29 14:00:00,wind,hist_gradient_boosting,1286.453342,2183.366667,896.913325
2020-11-29 14:00:00,wind,mlp,810.519592,2183.366667,1372.847074
2020-11-29 14:00:00,wind,RTS_DAY_AHEAD,1869.8,2183.366667,313.566667
2020-11-29 15:00:00,wind,hist_gradient_boosting,1456.889953,2334.275,877.385047
2020-11-29 15:00:00,wind,mlp,816.638184,2334.275,1517.636816
2020-11-29 15:00:00,wind,RTS_DAY_AHEAD,2244.6,2334.275,89.675
2020-11-29 16:00:00,wind,hist_gradient_boosting,1444.272645,2437.591667,993.319022
2020-11-29 16:00:00,wind,mlp,826.521606,2437.591667,1611.07006
2020-11-29 16:00:00,wind,RTS_DAY_AHEAD,2346.2,2437.591667,91.391667
2020-11-29 17:00:00,wind,hist_gradient_boosting,1444.272645,2461.025,1016.752355
2020-11-29 17:00:00,wind,mlp,835.487488,2461.025,1625.537512
2020-11-29 17:00:00,wind,RTS_DAY_AHEAD,2456.1,2461.025,4.925
2020-11-29 18:00:00,wind,hist_gradient_boosting,1316.68854,2456.066667,1139.378126
2020-11-29 18:00:00,wind,mlp,842.142395,2456.066667,1613.924272
2020-11-29 18:00:00,wind,RTS_DAY_AHEAD,2456.2,2456.066667,0.133333
2020-11-29 19:00:00,wind,hist_gradient_boosting,838.155291,2461.391667,1623.236376
2020-11-29 19:00:00,wind,mlp,846.44989,2461.391667,1614.941777
2020-11-29 19:00:00,wind,RTS_DAY_AHEAD,2499.4,2461.391667,38.008333
2020-11-29 20:00:00,wind,hist_gradient_boosting,780.097458,2465.808333,1685.710876
2020-11-29 20:00:00,wind,mlp,848.138672,2465.808333,1617.669661
2020-11-29 20:00:00,wind,RTS_DAY_AHEAD,2485.0,2465.808333,19.191667
2020-11-29 21:00:00,wind,hist_gradient_boosting,832.863562,2448.891667,1616.028104
2020-11-29 21:00:00,wind,mlp,848.220398,2448.891667,1600.671269
2020-11-29 21:00:00,wind,RTS_DAY_AHEAD,2328.8,2448.891667,120.091667
2020-11-29 22:00:00,wind,hist_gradient_boosting,434.606927,2410.358333,1975.751406
2020-11-29 22:00:00,wind,mlp,844.197571,2410.358333,1566.160763
2020-11-29 22:00:00,wind,RTS_DAY_AHEAD,2268.2,2410.358333,142.158333
2020-11-29 23:00:00,wind,hist_gradient_boosting,490.344843,2403.05,1912.705157
2020-11-29 23:00:00,wind,mlp,833.458618,2403.05,1569.591382
2020-11-29 23:00:00,wind,RTS_DAY_AHEAD,2108.1,2403.05,294.95
2020-11-30 00:00:00,wind,hist_gradient_boosting,524.182864,2447.908333,1923.72547
2020-11-30 00:00:00,wind,mlp,836.321289,2447.908333,1611.587044
2020-11-30 00:00:00,wind,RTS_DAY_AHEAD,1988.7,2447.908333,459.208333
2020-11-30 01:00:00,wind,hist_gradient_boosting,498.428271,2385.316667,1886.888395
2020-11-30 01:00:00,wind,mlp,856.307251,2385.316667,1529.009416
2020-11-30 01:00:00,wind,RTS_DAY_AHEAD,2007.3,2385.316667,378.016667
2020-11-30 02:00:00,wind,hist_gradient_boosting,490.030439,2299.516667,1809.486228
2020-11-30 02:00:00,wind,mlp,875.602173,2299.516667,1423.914494
2020-11-30 02:00:00,wind,RTS_DAY_AHEAD,2383.1,2299.516667,83.583333
2020-11-30 03:00:00,wind,hist_gradient_boosting,475.817061,2369.066667,1893.249605
2020-11-30 03:00:00,wind,mlp,872.400024,2369.066667,1496.666642
2020-11-30 03:00:00,wind,RTS_DAY_AHEAD,2398.7,2369.066667,29.633333
2020-11-30 04:00:00,wind,hist_gradient_boosting,574.223049,2262.05,1687.826951
2020-11-30 04:00:00,wind,mlp,858.6297,2262.05,1403.4203
2020-11-30 04:00:00,wind,RTS_DAY_AHEAD,2380.4,2262.05,118.35
2020-11-30 05:00:00,wind,hist_gradient_boosting,500.135797,1952.891667,1452.755869
2020-11-30 05:00:00,wind,mlp,834.887817,1952.891667,1118.003849
2020-11-30 05:00:00,wind,RTS_DAY_AHEAD,2330.5,1952.891667,377.608333
2020-11-30 06:00:00,wind,hist_gradient_boosting,493.25646,1954.891667,1461.635207
2020-11-30 06:00:00,wind,mlp,843.8703,1954.891667,1111.021366
2020-11-30 06:00:00,wind,RTS_DAY_AHEAD,2423.6,1954.891667,468.708333
2020-11-30 07:00:00,wind,hist_gradient_boosting,570.934437,2214.908333,1643.973897
2020-11-30 07:00:00,wind,mlp,852.158081,2214.908333,1362.750252
2020-11-30 07:00:00,wind,RTS_DAY_AHEAD,2403.1,2214.908333,188.191667
2020-11-30 08:00:00,wind,hist_gradient_boosting,927.821374,1751.908333,824.086959
2020-11-30 08:00:00,wind,mlp,840.122864,1751.908333,911.78547
2020-11-30 08:00:00,wind,RTS_DAY_AHEAD,2339.5,1751.908333,587.591667
2020-11-30 09:00:00,wind,hist_gradient_boosting,860.618846,1048.008333,187.389488
2020-11-30 09:00:00,wind,mlp,827.078003,1048.008333,220.93033
2020-11-30 09:00:00,wind,RTS_DAY_AHEAD,1962.4,1048.008333,914.391667
2020-11-30 10:00:00,wind,hist_gradient_boosting,872.633291,1293.091667,420.458376
2020-11-30 10:00:00,wind,mlp,841.424805,1293.091667,451.666862
2020-11-30 10:00:00,wind,RTS_DAY_AHEAD,1333.0,1293.091667,39.908333
2020-11-30 11:00:00,wind,hist_gradient_boosting,1244.210821,1352.616667,108.405846
2020-11-30 11:00:00,wind,mlp,862.023254,1352.616667,490.593412
2020-11-30 11:00:00,wind,RTS_DAY_AHEAD,1736.8,1352.616667,384.183333
2020-11-30 12:00:00,wind,hist_gradient_boosting,1206.99293,1347.258333,140.265403
2020-11-30 12:00:00,wind,mlp,825.043457,1347.258333,522.214876
2020-11-30 12:00:00,wind,RTS_DAY_AHEAD,1884.8,1347.258333,537.541667
2020-11-30 13:00:00,wind,hist_gradient_boosting,1296.555532,1392.716667,96.161135
2020-11-30 13:00:00,wind,mlp,855.330444,1392.716667,537.386222
2020-11-30 13:00:00,wind,RTS_DAY_AHEAD,1807.8,1392.716667,415.083333
2020-11-30 14:00:00,wind,hist_gradient_boosting,950.956744,1538.508333,587.551589
2020-11-30 14:00:00,wind,mlp,852.973267,1538.508333,685.535067
2020-11-30 14:00:00,wind,RTS_DAY_AHEAD,1855.9,1538.508333,317.391667
2020-11-30 15:00:00,wind,hist_gradient_boosting,1172.120702,1712.016667,539.895964
2020-11-30 15:00:00,wind,mlp,869.103333,1712.016667,842.913334
2020-11-30 15:00:00,wind,RTS_DAY_AHEAD,1487.9,1712.016667,224.116667
2020-11-30 16:00:00,wind,hist_gradient_boosting,1183.758869,1872.633333,688.874465
2020-11-30 16:00:00,wind,mlp,871.925476,1872.633333,1000.707857
2020-11-30 16:00:00,wind,RTS_DAY_AHEAD,1036.5,1872.633333,836.133333
2020-11-30 17:00:00,wind,hist_gradient_boosting,1003.745411,1965.925,962.179589
2020-11-30 17:00:00,wind,mlp,867.999634,1965.925,1097.925366
2020-11-30 17:00:00,wind,RTS_DAY_AHEAD,345.3,1965.925,1620.625
2020-11-30 18:00:00,wind,hist_gradient_boosting,1081.554095,2132.325,1050.770905
2020-11-30 18:00:00,wind,mlp,872.741821,2132.325,1259.583179
2020-11-30 18:00:00,wind,RTS_DAY_AHEAD,366.6,2132.325,1765.725
2020-11-30 19:00:00,wind,hist_gradient_boosting,1024.067157,2160.216667,1136.149509
2020-11-30 19:00:00,wind,mlp,879.209106,2160.216667,1281.00756
2020-11-30 19:00:00,wind,RTS_DAY_AHEAD,625.6,2160.216667,1534.616667
2020-11-30 20:00:00,wind,hist_gradient_boosting,1005.42237,2169.533333,1164.110964
2020-11-30 20:00:00,wind,mlp,880.988281,2169.533333,1288.545052
2020-11-30 20:00:00,wind,RTS_DAY_AHEAD,672.4,2169.533333,1497.133333
2020-11-30 21:00:00,wind,hist_gradient_boosting,1204.53656,2125.375,920.83844
2020-11-30 21:00:00,wind,mlp,880.398926,2125.375,1244.976074
2020-11-30 21:00:00,wind,RTS_DAY_AHEAD,804.7,2125.375,1320.675
2020-11-30 22:00:00,wind,hist_gradient_boosting,1235.022555,2156.433333,921.410778
2020-11-30 22:00:00,wind,mlp,881.155396,2156.433333,1275.277938
2020-11-30 22:00:00,wind,RTS_DAY_AHEAD,949.0,2156.433333,1207.433333
2020-11-30 23:00:00,wind,hist_gradient_boosting,1647.760461,2147.133333,499.372872
2020-11-30 23:00:00,wind,mlp,882.473755,2147.133333,1264.659578
2020-11-30 23:00:00,wind,RTS_DAY_AHEAD,722.1,2147.133333,1425.033333
2020-12-01 00:00:00,wind,hist_gradient_boosting,1274.405962,2139.3,864.894038
2020-12-01 00:00:00,wind,mlp,1179.003174,2139.3,960.296826
2020-12-01 00:00:00,wind,RTS_DAY_AHEAD,1096.8,2139.3,1042.5
2020-12-01 01:00:00,wind,hist_gradient_boosting,1566.549186,1982.275,415.725814
2020-12-01 01:00:00,wind,mlp,1159.683838,1982.275,822.591162
2020-12-01 01:00:00,wind,RTS_DAY_AHEAD,1025.4,1982.275,956.875
2020-12-01 02:00:00,wind,hist_gradient_boosting,1530.374859,1618.575,88.200141
2020-12-01 02:00:00,wind,mlp,1160.731201,1618.575,457.843799
2020-12-01 02:00:00,wind,RTS_DAY_AHEAD,743.4,1618.575,875.175
2020-12-01 03:00:00,wind,hist_gradient_boosting,1541.590328,1450.725,90.865328
2020-12-01 03:00:00,wind,mlp,1193.85083,1450.725,256.87417
2020-12-01 03:00:00,wind,RTS_DAY_AHEAD,571.1,1450.725,879.625
2020-12-01 04:00:00,wind,hist_gradient_boosting,1412.303625,1484.166667,71.863042
2020-12-01 04:00:00,wind,mlp,1144.730347,1484.166667,339.43632
2020-12-01 04:00:00,wind,RTS_DAY_AHEAD,431.7,1484.166667,1052.466667
2020-12-01 05:00:00,wind,hist_gradient_boosting,1458.679614,1474.883333,16.203719
2020-12-01 05:00:00,wind,mlp,1085.027588,1474.883333,389.855745
2020-12-01 05:00:00,wind,RTS_DAY_AHEAD,221.5,1474.883333,1253.383333
2020-12-01 06:00:00,wind,hist_gradient_boosting,1239.013256,1294.475,55.461744
2020-12-01 06:00:00,wind,mlp,1130.32251,1294.475,164.15249
2020-12-01 06:00:00,wind,RTS_DAY_AHEAD,345.6,1294.475,948.875
2020-12-01 07:00:00,wind,hist_gradient_boosting,1055.766096,1439.483333,383.717238
2020-12-01 07:00:00,wind,mlp,1190.890381,1439.483333,248.592952
2020-12-01 07:00:00,wind,RTS_DAY_AHEAD,544.4,1439.483333,895.083333
2020-12-01 08:00:00,wind,hist_gradient_boosting,1082.675937,1678.608333,595.932396
2020-12-01 08:00:00,wind,mlp,1038.78064,1678.608333,639.827694
2020-12-01 08:00:00,wind,RTS_DAY_AHEAD,575.2,1678.608333,1103.408333
2020-12-01 09:00:00,wind,hist_gradient_boosting,844.432498,1502.966667,658.534169
2020-12-01 09:00:00,wind,mlp,934.173462,1502.966667,568.793205
2020-12-01 09:00:00,wind,RTS_DAY_AHEAD,789.3,1502.966667,713.666667
2020-12-01 10:00:00,wind,hist_gradient_boosting,563.742576,1328.175,764.432424
2020-12-01 10:00:00,wind,mlp,1054.343384,1328.175,273.831616
2020-12-01 10:00:00,wind,RTS_DAY_AHEAD,689.3,1328.175,638.875
2020-12-01 11:00:00,wind,hist_gradient_boosting,1005.878281,1141.5,135.621719
2020-12-01 11:00:00,wind,mlp,1038.424072,1141.5,103.075928
2020-12-01 11:00:00,wind,RTS_DAY_AHEAD,729.3,1141.5,412.2
2020-12-01 12:00:00,wind,hist_gradient_boosting,922.185636,822.375,99.810636
2020-12-01 12:00:00,wind,mlp,1016.089661,822.375,193.714661
2020-12-01 12:00:00,wind,RTS_DAY_AHEAD,681.3,822.375,141.075
2020-12-01 13:00:00,wind,hist_gradient_boosting,1105.810301,542.483333,563.326968
2020-12-01 13:00:00,wind,mlp,1044.414551,542.483333,501.931217
2020-12-01 13:00:00,wind,RTS_DAY_AHEAD,605.2,542.483333,62.716667
2020-12-01 14:00:00,wind,hist_gradient_boosting,1119.82042,457.0,662.82042
2020-12-01 14:00:00,wind,mlp,1089.643188,457.0,632.643188
2020-12-01 14:00:00,wind,RTS_DAY_AHEAD,722.1,457.0,265.1
2020-12-01 15:00:00,wind,hist_gradient_boosting,1426.879661,407.416667,1019.462994
2020-12-01 15:00:00,wind,mlp,1125.899536,407.416667,718.482869
2020-12-01 15:00:00,wind,RTS_DAY_AHEAD,740.5,407.416667,333.083333
2020-12-01 16:00:00,wind,hist_gradient_boosting,1586.723437,320.525,1266.198437
2020-12-01 16:00:00,wind,mlp,1149.085083,320.525,828.560083
2020-12-01 16:00:00,wind,RTS_DAY_AHEAD,762.8,320.525,442.275
2020-12-01 17:00:00,wind,hist_gradient_boosting,1671.838586,224.975,1446.863586
2020-12-01 17:00:00,wind,mlp,1153.039429,224.975,928.064429
2020-12-01 17:00:00,wind,RTS_DAY_AHEAD,407.2,224.975,182.225
2020-12-01 18:00:00,wind,hist_gradient_boosting,1619.774032,149.05,1470.724032
2020-12-01 18:00:00,wind,mlp,1189.455078,149.05,1040.405078
2020-12-01 18:00:00,wind,RTS_DAY_AHEAD,375.1,149.05,226.05
2020-12-01 19:00:00,wind,hist_gradient_boosting,1539.894747,108.641667,1431.25308
2020-12-01 19:00:00,wind,mlp,1175.923462,108.641667,1067.281795
2020-12-01 19:00:00,wind,RTS_DAY_AHEAD,344.1,108.641667,235.458333
2020-12-01 20:00:00,wind,hist_gradient_boosting,1656.974313,84.9,1572.074313
2020-12-01 20:00:00,wind,mlp,1184.008545,84.9,1099.108545
2020-12-01 20:00:00,wind,RTS_DAY_AHEAD,389.5,84.9,304.6
2020-12-01 21:00:00,wind,hist_gradient_boosting,1601.643061,68.275,1533.368061
2020-12-01 21:00:00,wind,mlp,1178.456787,68.275,1110.181787
2020-12-01 21:00:00,wind,RTS_DAY_AHEAD,370.8,68.275,302.525
2020-12-01 22:00:00,wind,hist_gradient_boosting,1191.964076,57.616667,1134.347409
2020-12-01 22:00:00,wind,mlp,1199.759521,57.616667,1142.142855
2020-12-01 22:00:00,wind,RTS_DAY_AHEAD,387.2,57.616667,329.583333
2020-12-01 23:00:00,wind,hist_gradient_boosting,1475.578966,48.958333,1426.620633
2020-12-01 23:00:00,wind,mlp,1199.615845,48.958333,1150.657511
2020-12-01 23:00:00,wind,RTS_DAY_AHEAD,435.9,48.958333,386.941667
2020-12-02 00:00:00,wind,hist_gradient_boosting,1599.99035,39.433333,1560.557017
2020-12-02 00:00:00,wind,mlp,1225.163086,39.433333,1185.729753
2020-12-02 00:00:00,wind,RTS_DAY_AHEAD,431.8,39.433333,392.366667
2020-12-02 01:00:00,wind,hist_gradient_boosting,1263.055773,39.941667,1223.114106
2020-12-02 01:00:00,wind,mlp,1193.404541,39.941667,1153.462874
2020-12-02 01:00:00,wind,RTS_DAY_AHEAD,382.9,39.941667,342.958333
2020-12-02 02:00:00,wind,hist_gradient_boosting,1019.69256,40.525,979.16756
2020-12-02 02:00:00,wind,mlp,1146.184814,40.525,1105.659814
2020-12-02 02:00:00,wind,RTS_DAY_AHEAD,340.6,40.525,300.075
2020-12-02 03:00:00,wind,hist_gradient_boosting,914.701638,37.633333,877.068304
2020-12-02 03:00:00,wind,mlp,1169.601685,37.633333,1131.968351
2020-12-02 03:00:00,wind,RTS_DAY_AHEAD,331.4,37.633333,293.766667
2020-12-02 04:00:00,wind,hist_gradient_boosting,978.895528,27.05,951.845528
2020-12-02 04:00:00,wind,mlp,1206.382568,27.05,1179.332568
2020-12-02 04:00:00,wind,RTS_DAY_AHEAD,265.8,27.05,238.75
2020-12-02 05:00:00,wind,hist_gradient_boosting,1067.054759,24.316667,1042.738092
2020-12-02 05:00:00,wind,mlp,1179.860718,24.316667,1155.544051
2020-12-02 05:00:00,wind,RTS_DAY_AHEAD,206.1,24.316667,181.783333
2020-12-02 06:00:00,wind,hist_gradient_boosting,1067.054759,23.408333,1043.646425
2020-12-02 06:00:00,wind,mlp,1119.096313,23.408333,1095.68798
2020-12-02 06:00:00,wind,RTS_DAY_AHEAD,163.6,23.408333,140.191667
2020-12-02 07:00:00,wind,hist_gradient_boosting,805.324005,25.6,779.724005
2020-12-02 07:00:00,wind,mlp,1179.768555,25.6,1154.168555
2020-12-02 07:00:00,wind,RTS_DAY_AHEAD,117.0,25.6,91.4
2020-12-02 08:00:00,wind,hist_gradient_boosting,926.423602,28.508333,897.915268
2020-12-02 08:00:00,wind,mlp,1167.583984,28.508333,1139.075651
2020-12-02 08:00:00,wind,RTS_DAY_AHEAD,94.7,28.508333,66.191667
2020-12-02 09:00:00,wind,hist_gradient_boosting,1002.486255,24.25,978.236255
2020-12-02 09:00:00,wind,mlp,1011.092773,24.25,986.842773
2020-12-02 09:00:00,wind,RTS_DAY_AHEAD,54.6,24.25,30.35
2020-12-02 10:00:00,wind,hist_gradient_boosting,1016.167547,20.608333,995.559214
2020-12-02 10:00:00,wind,mlp,1007.974426,20.608333,987.366093
2020-12-02 10:00:00,wind,RTS_DAY_AHEAD,22.0,20.608333,1.391667
2020-12-02 11:00:00,wind,hist_gradient_boosting,854.426762,18.75,835.676762
2020-12-02 11:00:00,wind,mlp,986.578735,18.75,967.828735
2020-12-02 11:00:00,wind,RTS_DAY_AHEAD,16.5,18.75,2.25
2020-12-02 12:00:00,wind,hist_gradient_boosting,777.521493,17.941667,759.579827
2020-12-02 12:00:00,wind,mlp,934.413879,17.941667,916.472213
2020-12-02 12:00:00,wind,RTS_DAY_AHEAD,1.9,17.941667,16.041667
2020-12-02 13:00:00,wind,hist_gradient_boosting,815.871785,16.75,799.121785
2020-12-02 13:00:00,wind,mlp,930.351868,16.75,913.601868
2020-12-02 13:00:00,wind,RTS_DAY_AHEAD,1.4,16.75,15.35
2020-12-02 14:00:00,wind,hist_gradient_boosting,1010.878835,19.0,991.878835
2020-12-02 14:00:00,wind,mlp,966.145142,19.0,947.145142
2020-12-02 14:00:00,wind,RTS_DAY_AHEAD,0.0,19.0,19.0
2020-12-02 15:00:00,wind,hist_gradient_boosting,1022.95339,32.808333,990.145056
2020-12-02 15:00:00,wind,mlp,986.601685,32.808333,953.793351
2020-12-02 15:00:00,wind,RTS_DAY_AHEAD,0.0,32.808333,32.808333
2020-12-02 16:00:00,wind,hist_gradient_boosting,1073.952783,40.6,1033.352783
2020-12-02 16:00:00,wind,mlp,991.363281,40.6,950.763281
2020-12-02 16:00:00,wind,RTS_DAY_AHEAD,0.1,40.6,40.5
2020-12-02 17:00:00,wind,hist_gradient_boosting,1167.116199,30.241667,1136.874533
2020-12-02 17:00:00,wind,mlp,996.325684,30.241667,966.084017
2020-12-02 17:00:00,wind,RTS_DAY_AHEAD,17.2,30.241667,13.041667
2020-12-02 18:00:00,wind,hist_gradient_boosting,1083.540323,23.783333,1059.756989
2020-12-02 18:00:00,wind,mlp,1007.03241,23.783333,983.249076
2020-12-02 18:00:00,wind,RTS_DAY_AHEAD,45.0,23.783333,21.216667
2020-12-02 19:00:00,wind,hist_gradient_boosting,1214.194936,24.116667,1190.07827
2020-12-02 19:00:00,wind,mlp,1016.988403,24.116667,992.871737
2020-12-02 19:00:00,wind,RTS_DAY_AHEAD,46.5,24.116667,22.383333
2020-12-02 20:00:00,wind,hist_gradient_boosting,1049.586083,28.983333,1020.602749
2020-12-02 20:00:00,wind,mlp,1027.098389,28.983333,998.115055
2020-12-02 20:00:00,wind,RTS_DAY_AHEAD,66.5,28.983333,37.516667
2020-12-02 21:00:00,wind,hist_gradient_boosting,431.100427,44.6,386.500427
2020-12-02 21:00:00,wind,mlp,1031.43396,44.6,986.83396
2020-12-02 21:00:00,wind,RTS_DAY_AHEAD,206.5,44.6,161.9
2020-12-02 22:00:00,wind,hist_gradient_boosting,1048.462084,73.408333,975.05375
2020-12-02 22:00:00,wind,mlp,1034.877686,73.408333,961.469352
2020-12-02 22:00:00,wind,RTS_DAY_AHEAD,418.4,73.408333,344.991667
2020-12-02 23:00:00,wind,hist_gradient_boosting,779.228634,165.9,613.328634
2020-12-02 23:00:00,wind,mlp,1030.495483,165.9,864.595483
2020-12-02 23:00:00,wind,RTS_DAY_AHEAD,507.5,165.9,341.6
2020-12-03 00:00:00,wind,hist_gradient_boosting,764.984992,398.083333,366.901658
2020-12-03 00:00:00,wind,mlp,1025.940063,398.083333,627.85673
2020-12-03 00:00:00,wind,RTS_DAY_AHEAD,629.5,398.083333,231.416667
2020-12-03 01:00:00,wind,hist_gradient_boosting,401.559249,720.508333,318.949085
2020-12-03 01:00:00,wind,mlp,1016.092896,720.508333,295.584562
2020-12-03 01:00:00,wind,RTS_DAY_AHEAD,861.9,720.508333,141.391667
2020-12-03 02:00:00,wind,hist_gradient_boosting,355.036145,996.15,641.113855
2020-12-03 02:00:00,wind,mlp,989.26355,996.15,6.88645
2020-12-03 02:00:00,wind,RTS_DAY_AHEAD,1082.2,996.15,86.05
2020-12-03 03:00:00,wind,hist_gradient_boosting,340.792503,1088.758333,747.965831
2020-12-03 03:00:00,wind,mlp,966.164673,1088.758333,122.59366
2020-12-03 03:00:00,wind,RTS_DAY_AHEAD,1412.1,1088.758333,323.341667
2020-12-03 04:00:00,wind,hist_gradient_boosting,359.296341,1296.275,936.978659
2020-12-03 04:00:00,wind,mlp,949.621094,1296.275,346.653906
2020-12-03 04:00:00,wind,RTS_DAY_AHEAD,1593.9,1296.275,297.625
2020-12-03 05:00:00,wind,hist_gradient_boosting,335.332773,1719.483333,1384.15056
2020-12-03 05:00:00,wind,mlp,933.854492,1719.483333,785.628841
2020-12-03 05:00:00,wind,RTS_DAY_AHEAD,2044.7,1719.483333,325.216667
2020-12-03 06:00:00,wind,hist_gradient_boosting,335.332773,2269.525,1934.192227
2020-12-03 06:00:00,wind,mlp,902.48114,2269.525,1367.04386
2020-12-03 06:00:00,wind,RTS_DAY_AHEAD,2232.2,2269.525,37.325
2020-12-03 07:00:00,wind,hist_gradient_boosting,335.332773,2354.991667,2019.658894
2020-12-03 07:00:00,wind,mlp,889.394348,2354.991667,1465.597319
2020-12-03 07:00:00,wind,RTS_DAY_AHEAD,2323.9,2354.991667,31.091667
2020-12-03 08:00:00,wind,hist_gradient_boosting,335.332773,2414.716667,2079.383894
2020-12-03 08:00:00,wind,mlp,885.185059,2414.716667,1529.531608
2020-12-03 08:00:00,wind,RTS_DAY_AHEAD,2378.7,2414.716667,36.016667
2020-12-03 09:00:00,wind,hist_gradient_boosting,335.332773,2450.683333,2115.35056
2020-12-03 09:00:00,wind,mlp,856.648926,2450.683333,1594.034408
2020-12-03 09:00:00,wind,RTS_DAY_AHEAD,2449.9,2450.683333,0.783333
2020-12-03 10:00:00,wind,hist_gradient_boosting,335.332773,2448.633333,2113.30056
2020-12-03 10:00:00,wind,mlp,828.257996,2448.633333,1620.375338
2020-12-03 10:00:00,wind,RTS_DAY_AHEAD,2449.1,2448.633333,0.466667
2020-12-03 11:00:00,wind,hist_gradient_boosting,335.332773,2408.508333,2073.17556
2020-12-03 11:00:00,wind,mlp,802.273193,2408.508333,1606.23514
2020-12-03 11:00:00,wind,RTS_DAY_AHEAD,1995.3,2408.508333,413.208333
2020-12-03 12:00:00,wind,hist_gradient_boosting,331.664607,2262.083333,1930.418726
2020-12-03 12:00:00,wind,mlp,771.96051,2262.083333,1490.122823
2020-12-03 12:00:00,wind,RTS_DAY_AHEAD,1467.3,2262.083333,794.783333
2020-12-03 13:00:00,wind,hist_gradient_boosting,331.664607,1880.991667,1549.327059
2020-12-03 13:00:00,wind,mlp,745.817383,1880.991667,1135.174284
2020-12-03 13:00:00,wind,RTS_DAY_AHEAD,1266.7,1880.991667,614.291667
2020-12-03 14:00:00,wind,hist_gradient_boosting,329.401258,1640.633333,1311.232075
2020-12-03 14:00:00,wind,mlp,733.429016,1640.633333,907.204317
2020-12-03 14:00:00,wind,RTS_DAY_AHEAD,902.7,1640.633333,737.933333
2020-12-03 15:00:00,wind,hist_gradient_boosting,334.029505,1441.016667,1106.987161
2020-12-03 15:00:00,wind,mlp,734.859436,1441.016667,706.157231
2020-12-03 15:00:00,wind,RTS_DAY_AHEAD,757.1,1441.016667,683.916667
2020-12-03 16:00:00,wind,hist_gradient_boosting,334.029505,1290.783333,956.753828
2020-12-03 16:00:00,wind,mlp,729.954956,1290.783333,560.828377
2020-12-03 16:00:00,wind,RTS_DAY_AHEAD,866.7,1290.783333,424.083333
2020-12-03 17:00:00,wind,hist_gradient_boosting,328.82823,1067.566667,738.738437
2020-12-03 17:00:00,wind,mlp,722.891479,1067.566667,344.675187
2020-12-03 17:00:00,wind,RTS_DAY_AHEAD,1018.8,1067.566667,48.766667
2020-12-03 18:00:00,wind,hist_gradient_boosting,332.151235,979.091667,646.940432
2020-12-03 18:00:00,wind,mlp,730.064758,979.091667,249.026908
2020-12-03 18:00:00,wind,RTS_DAY_AHEAD,1180.8,979.091667,201.708333
2020-12-03 19:00:00,wind,hist_gradient_boosting,332.151235,987.191667,655.040432
2020-12-03 19:00:00,wind,mlp,745.428223,987.191667,241.763444
2020-12-03 19:00:00,wind,RTS_DAY_AHEAD,1244.0,987.191667,256.808333
2020-12-03 20:00:00,wind,hist_gradient_boosting,332.151235,793.733333,461.582098
2020-12-03 20:00:00,wind,mlp,755.224915,793.733333,38.508419
2020-12-03 20:00:00,wind,RTS_DAY_AHEAD,1213.3,793.733333,419.566667
2020-12-03 21:00:00,wind,hist_gradient_boosting,332.151235,1067.375,735.223765
2020-12-03 21:00:00,wind,mlp,776.246948,1067.375,291.128052
2020-12-03 21:00:00,wind,RTS_DAY_AHEAD,1342.6,1067.375,275.225
2020-12-03 22:00:00,wind,hist_gradient_boosting,327.891038,1194.875,866.983962
2020-12-03 22:00:00,wind,mlp,804.465942,1194.875,390.409058
2020-12-03 22:00:00,wind,RTS_DAY_AHEAD,1526.2,1194.875,331.325
2020-12-03 23:00:00,wind,hist_gradient_boosting,609.270462,1074.85,465.579538
2020-12-03 23:00:00,wind,mlp,844.82782,1074.85,230.02218
2020-12-03 23:00:00,wind,RTS_DAY_AHEAD,1603.3,1074.85,528.45
2020-12-04 00:00:00,wind,hist_gradient_boosting,854.233457,930.616667,76.38321
2020-12-04 00:00:00,wind,mlp,883.561707,930.616667,47.05496
2020-12-04 00:00:00,wind,RTS_DAY_AHEAD,1572.2,930.616667,641.583333
2020-12-04 01:00:00,wind,hist_gradient_boosting,707.497079,282.233333,425.263746
2020-12-04 01:00:00,wind,mlp,935.815308,282.233333,653.581974
2020-12-04 01:00:00,wind,RTS_DAY_AHEAD,1681.8,282.233333,1399.566667
2020-12-04 02:00:00,wind,hist_gradient_boosting,661.27984,135.108333,526.171507
2020-12-04 02:00:00,wind,mlp,952.356262,135.108333,817.247929
2020-12-04 02:00:00,wind,RTS_DAY_AHEAD,1556.6,135.108333,1421.491667
2020-12-04 03:00:00,wind,hist_gradient_boosting,613.345848,374.416667,238.929182
2020-12-04 03:00:00,wind,mlp,922.229675,374.416667,547.813009
2020-12-04 03:00:00,wind,RTS_DAY_AHEAD,1751.7,374.416667,1377.283333
2020-12-04 04:00:00,wind,hist_gradient_boosting,566.119092,818.783333,252.664242
2020-12-04 04:00:00,wind,mlp,943.28009,818.783333,124.496757
2020-12-04 04:00:00,wind,RTS_DAY_AHEAD,1854.0,818.783333,1035.216667
2020-12-04 05:00:00,wind,hist_gradient_boosting,788.682213,752.291667,36.390547
2020-12-04 05:00:00,wind,mlp,1018.645386,752.291667,266.353719
2020-12-04 05:00:00,wind,RTS_DAY_AHEAD,1923.3,752.291667,1171.008333
2020-12-04 06:00:00,wind,hist_gradient_boosting,1087.624493,672.125,415.499493
2020-12-04 06:00:00,wind,mlp,1085.621948,672.125,413.496948
2020-12-04 06:00:00,wind,RTS_DAY_AHEAD,1778.0,672.125,1105.875
2020-12-04 07:00:00,wind,hist_gradient_boosting,1042.902862,607.275,435.627862
2020-12-04 07:00:00,wind,mlp,963.723267,607.275,356.448267
2020-12-04 07:00:00,wind,RTS_DAY_AHEAD,1450.6,607.275,843.325
2020-12-04 08:00:00,wind,hist_gradient_boosting,1048.504687,681.091667,367.41302
2020-12-04 08:00:00,wind,mlp,954.71405,681.091667,273.622384
2020-12-04 08:00:00,wind,RTS_DAY_AHEAD,1312.9,681.091667,631.808333
2020-12-04 09:00:00,wind,hist_gradient_boosting,1048.504687,535.758333,512.746354
2020-12-04 09:00:00,wind,mlp,941.851746,535.758333,406.093412
2020-12-04 09:00:00,wind,RTS_DAY_AHEAD,1297.7,535.758333,761.941667
2020-12-04 10:00:00,wind,hist_gradient_boosting,1060.472166,275.758333,784.713833
2020-12-04 10:00:00,wind,mlp,925.964661,275.758333,650.206327
2020-12-04 10:00:00,wind,RTS_DAY_AHEAD,1173.9,275.758333,898.141667
2020-12-04 11:00:00,wind,hist_gradient_boosting,1060.472166,222.391667,838.0805
2020-12-04 11:00:00,wind,mlp,911.848267,222.391667,689.4566
2020-12-04 11:00:00,wind,RTS_DAY_AHEAD,1075.9,222.391667,853.508333
2020-12-04 12:00:00,wind,hist_gradient_boosting,1078.330175,221.375,856.955175
2020-12-04 12:00:00,wind,mlp,877.293335,221.375,655.918335
2020-12-04 12:00:00,wind,RTS_DAY_AHEAD,1084.1,221.375,862.725
2020-12-04 13:00:00,wind,hist_gradient_boosting,1179.113181,249.5,929.613181
2020-12-04 13:00:00,wind,mlp,812.558228,249.5,563.058228
2020-12-04 13:00:00,wind,RTS_DAY_AHEAD,1033.2,249.5,783.7
2020-12-04 14:00:00,wind,hist_gradient_boosting,1096.765822,183.883333,912.882489
2020-12-04 14:00:00,wind,mlp,817.025024,183.883333,633.141691
2020-12-04 14:00:00,wind,RTS_DAY_AHEAD,862.1,183.883333,678.216667
2020-12-04 15:00:00,wind,hist_gradient_boosting,1273.266377,91.083333,1182.183044
2020-12-04 15:00:00,wind,mlp,814.090454,91.083333,723.007121
2020-12-04 15:00:00,wind,RTS_DAY_AHEAD,753.4,91.083333,662.316667
2020-12-04 16:00:00,wind,hist_gradient_boosting,1256.083889,102.958333,1153.125556
2020-12-04 16:00:00,wind,mlp,823.038452,102.958333,720.080119
2020-12-04 16:00:00,wind,RTS_DAY_AHEAD,651.5,102.958333,548.541667
2020-12-04 17:00:00,wind,hist_gradient_boosting,736.371217,179.866667,556.504551
2020-12-04 17:00:00,wind,mlp,816.284851,179.866667,636.418184
2020-12-04 17:00:00,wind,RTS_DAY_AHEAD,487.0,179.866667,307.133333
2020-12-04 18:00:00,wind,hist_gradient_boosting,593.496991,225.983333,367.513658
2020-12-04 18:00:00,wind,mlp,859.471985,225.983333,633.488652
2020-12-04 18:00:00,wind,RTS_DAY_AHEAD,461.4,225.983333,235.416667
2020-12-04 19:00:00,wind,hist_gradient_boosting,621.101968,213.941667,407.160302
2020-12-04 19:00:00,wind,mlp,896.796021,213.941667,682.854354
2020-12-04 19:00:00,wind,RTS_DAY_AHEAD,385.8,213.941667,171.858333
2020-12-04 20:00:00,wind,hist_gradient_boosting,652.188944,161.475,490.713944
2020-12-04 20:00:00,wind,mlp,860.610474,161.475,699.135474
2020-12-04 20:00:00,wind,RTS_DAY_AHEAD,294.7,161.475,133.225
2020-12-04 21:00:00,wind,hist_gradient_boosting,613.345848,128.708333,484.637515
2020-12-04 21:00:00,wind,mlp,993.195435,128.708333,864.487101
2020-12-04 21:00:00,wind,RTS_DAY_AHEAD,227.1,128.708333,98.391667
2020-12-04 22:00:00,wind,hist_gradient_boosting,549.794027,110.116667,439.677361
2020-12-04 22:00:00,wind,mlp,992.085938,110.116667,881.969271
2020-12-04 22:00:00,wind,RTS_DAY_AHEAD,181.5,110.116667,71.383333
2020-12-04 23:00:00,wind,hist_gradient_boosting,787.863763,97.333333,690.530429
2020-12-04 23:00:00,wind,mlp,939.633423,97.333333,842.30009
2020-12-04 23:00:00,wind,RTS_DAY_AHEAD,178.3,97.333333,80.966667
2020-12-05 00:00:00,wind,hist_gradient_boosting,915.679798,61.658333,854.021465
2020-12-05 00:00:00,wind,mlp,907.87384,61.658333,846.215507
2020-12-05 00:00:00,wind,RTS_DAY_AHEAD,115.7,61.658333,54.041667
2020-12-05 01:00:00,wind,hist_gradient_boosting,1070.755787,39.958333,1030.797454
2020-12-05 01:00:00,wind,mlp,798.578308,39.958333,758.619975
2020-12-05 01:00:00,wind,RTS_DAY_AHEAD,140.8,39.958333,100.841667
2020-12-05 02:00:00,wind,hist_gradient_boosting,557.387883,43.158333,514.229549
2020-12-05 02:00:00,wind,mlp,872.533569,43.158333,829.375236
2020-12-05 02:00:00,wind,RTS_DAY_AHEAD,123.2,43.158333,80.041667
2020-12-05 03:00:00,wind,hist_gradient_boosting,296.512845,32.325,264.187845
2020-12-05 03:00:00,wind,mlp,961.170227,32.325,928.845227
2020-12-05 03:00:00,wind,RTS_DAY_AHEAD,108.6,32.325,76.275
2020-12-05 04:00:00,wind,hist_gradient_boosting,560.038466,34.35,525.688466
2020-12-05 04:00:00,wind,mlp,1047.107056,34.35,1012.757056
2020-12-05 04:00:00,wind,RTS_DAY_AHEAD,81.1,34.35,46.75
2020-12-05 05:00:00,wind,hist_gradient_boosting,934.875094,20.75,914.125094
2020-12-05 05:00:00,wind,mlp,945.064941,20.75,924.314941
2020-12-05 05:00:00,wind,RTS_DAY_AHEAD,81.0,20.75,60.25
2020-12-05 06:00:00,wind,hist_gradient_boosting,886.270832,18.216667,868.054165
2020-12-05 06:00:00,wind,mlp,948.858765,18.216667,930.642098
2020-12-05 06:00:00,wind,RTS_DAY_AHEAD,91.3,18.216667,73.083333
2020-12-05 07:00:00,wind,hist_gradient_boosting,891.637157,18.5,873.137157
2020-12-05 07:00:00,wind,mlp,930.910339,18.5,912.410339
2020-12-05 07:00:00,wind,RTS_DAY_AHEAD,81.8,18.5,63.3
2020-12-05 08:00:00,wind,hist_gradient_boosting,904.644777,17.8,886.844777
2020-12-05 08:00:00,wind,mlp,943.819641,17.8,926.019641
2020-12-05 08:00:00,wind,RTS_DAY_AHEAD,27.4,17.8,9.6
2020-12-05 09:00:00,wind,hist_gradient_boosting,940.533175,19.708333,920.824842
2020-12-05 09:00:00,wind,mlp,881.566711,19.708333,861.858378
2020-12-05 09:00:00,wind,RTS_DAY_AHEAD,20.5,19.708333,0.791667
2020-12-05 10:00:00,wind,hist_gradient_boosting,940.189042,22.566667,917.622375
2020-12-05 10:00:00,wind,mlp,834.706848,22.566667,812.140181
2020-12-05 10:00:00,wind,RTS_DAY_AHEAD,4.9,22.566667,17.666667
2020-12-05 11:00:00,wind,hist_gradient_boosting,1087.154202,24.5,1062.654202
2020-12-05 11:00:00,wind,mlp,846.560059,24.5,822.060059
2020-12-05 11:00:00,wind,RTS_DAY_AHEAD,11.1,24.5,13.4
2020-12-05 12:00:00,wind,hist_gradient_boosting,932.773894,31.733333,901.04056
2020-12-05 12:00:00,wind,mlp,840.545227,31.733333,808.811894
2020-12-05 12:00:00,wind,RTS_DAY_AHEAD,18.5,31.733333,13.233333
2020-12-05 13:00:00,wind,hist_gradient_boosting,603.666482,40.875,562.791482
2020-12-05 13:00:00,wind,mlp,814.29425,40.875,773.41925
2020-12-05 13:00:00,wind,RTS_DAY_AHEAD,23.1,40.875,17.775
2020-12-05 14:00:00,wind,hist_gradient_boosting,629.846617,30.083333,599.763283
2020-12-05 14:00:00,wind,mlp,774.465637,30.083333,744.382304
2020-12-05 14:00:00,wind,RTS_DAY_AHEAD,34.7,30.083333,4.616667
2020-12-05 15:00:00,wind,hist_gradient_boosting,653.342374,27.716667,625.625707
2020-12-05 15:00:00,wind,mlp,758.693665,27.716667,730.976998
2020-12-05 15:00:00,wind,RTS_DAY_AHEAD,35.6,27.716667,7.883333
2020-12-05 16:00:00,wind,hist_gradient_boosting,634.698411,45.55,589.148411
2020-12-05 16:00:00,wind,mlp,768.661255,45.55,723.111255
2020-12-05 16:00:00,wind,RTS_DAY_AHEAD,35.1,45.55,10.45
2020-12-05 17:00:00,wind,hist_gradient_boosting,624.039514,79.775,544.264514
2020-12-05 17:00:00,wind,mlp,779.562134,79.775,699.787134
2020-12-05 17:00:00,wind,RTS_DAY_AHEAD,37.8,79.775,41.975
2020-12-05 18:00:00,wind,hist_gradient_boosting,877.503738,73.175,804.328738
2020-12-05 18:00:00,wind,mlp,788.075317,73.175,714.900317
2020-12-05 18:00:00,wind,RTS_DAY_AHEAD,98.7,73.175,25.525
2020-12-05 19:00:00,wind,hist_gradient_boosting,815.038801,54.558333,760.480467
2020-12-05 19:00:00,wind,mlp,794.759705,54.558333,740.201371
2020-12-05 19:00:00,wind,RTS_DAY_AHEAD,87.2,54.558333,32.641667
2020-12-05 20:00:00,wind,hist_gradient_boosting,629.082388,51.308333,577.774055
2020-12-05 20:00:00,wind,mlp,782.796692,51.308333,731.488359
2020-12-05 20:00:00,wind,RTS_DAY_AHEAD,59.0,51.308333,7.691667
2020-12-05 21:00:00,wind,hist_gradient_boosting,371.938538,51.208333,320.730204
2020-12-05 21:00:00,wind,mlp,811.620117,51.208333,760.411784
2020-12-05 21:00:00,wind,RTS_DAY_AHEAD,71.0,51.208333,19.791667
2020-12-05 22:00:00,wind,hist_gradient_boosting,878.140589,39.683333,838.457255
2020-12-05 22:00:00,wind,mlp,821.183228,39.683333,781.499894
2020-12-05 22:00:00,wind,RTS_DAY_AHEAD,103.7,39.683333,64.016667
2020-12-05 23:00:00,wind,hist_gradient_boosting,870.10501,35.558333,834.546676
2020-12-05 23:00:00,wind,mlp,816.201782,35.558333,780.643449
2020-12-05 23:00:00,wind,RTS_DAY_AHEAD,244.5,35.558333,208.941667
2020-12-06 00:00:00,wind,hist_gradient_boosting,627.403382,27.483333,599.920049
2020-12-06 00:00:00,wind,mlp,776.542297,27.483333,749.058964
2020-12-06 00:00:00,wind,RTS_DAY_AHEAD,291.5,27.483333,264.016667
2020-12-06 01:00:00,wind,hist_gradient_boosting,372.93984,24.783333,348.156506
2020-12-06 01:00:00,wind,mlp,748.506836,24.783333,723.723503
2020-12-06 01:00:00,wind,RTS_DAY_AHEAD,371.0,24.783333,346.216667
2020-12-06 02:00:00,wind,hist_gradient_boosting,327.891038,23.008333,304.882705
2020-12-06 02:00:00,wind,mlp,738.715698,23.008333,715.707365
2020-12-06 02:00:00,wind,RTS_DAY_AHEAD,375.5,23.008333,352.491667
2020-12-06 03:00:00,wind,hist_gradient_boosting,329.769309,22.833333,306.935975
2020-12-06 03:00:00,wind,mlp,739.098145,22.833333,716.264811
2020-12-06 03:00:00,wind,RTS_DAY_AHEAD,338.0,22.833333,315.166667
2020-12-06 04:00:00,wind,hist_gradient_boosting,334.029505,22.375,311.654505
2020-12-06 04:00:00,wind,mlp,753.250061,22.375,730.875061
2020-12-06 04:00:00,wind,RTS_DAY_AHEAD,301.9,22.375,279.525
2020-12-06 05:00:00,wind,hist_gradient_boosting,334.029505,21.941667,312.087839
2020-12-06 05:00:00,wind,mlp,737.435852,21.941667,715.494185
2020-12-06 05:00:00,wind,RTS_DAY_AHEAD,394.5,21.941667,372.558333
2020-12-06 06:00:00,wind,hist_gradient_boosting,334.029505,21.825,312.204505
2020-12-06 06:00:00,wind,mlp,715.786682,21.825,693.961682
2020-12-06 06:00:00,wind,RTS_DAY_AHEAD,541.7,21.825,519.875
2020-12-06 07:00:00,wind,hist_gradient_boosting,334.029505,24.375,309.654505
2020-12-06 07:00:00,wind,mlp,690.618713,24.375,666.243713
2020-12-06 07:00:00,wind,RTS_DAY_AHEAD,584.3,24.375,559.925
2020-12-06 08:00:00,wind,hist_gradient_boosting,334.029505,24.591667,309.437839
2020-12-06 08:00:00,wind,mlp,677.500305,24.591667,652.908639
2020-12-06 08:00:00,wind,RTS_DAY_AHEAD,642.9,24.591667,618.308333
2020-12-06 09:00:00,wind,hist_gradient_boosting,334.029505,24.966667,309.062839
2020-12-06 09:00:00,wind,mlp,656.142395,24.966667,631.175728
2020-12-06 09:00:00,wind,RTS_DAY_AHEAD,753.0,24.966667,728.033333
2020-12-06 10:00:00,wind,hist_gradient_boosting,334.029505,27.916667,306.112839
2020-12-06 10:00:00,wind,mlp,628.989197,27.916667,601.07253
2020-12-06 10:00:00,wind,RTS_DAY_AHEAD,715.3,27.916667,687.383333
2020-12-06 11:00:00,wind,hist_gradient_boosting,333.088427,30.216667,302.87176
2020-12-06 11:00:00,wind,mlp,620.426819,30.216667,590.210152
2020-12-06 11:00:00,wind,RTS_DAY_AHEAD,568.7,30.216667,538.483333
2020-12-06 12:00:00,wind,hist_gradient_boosting,333.088427,25.075,308.013427
2020-12-06 12:00:00,wind,mlp,606.397339,25.075,581.322339
2020-12-06 12:00:00,wind,RTS_DAY_AHEAD,415.8,25.075,390.725
2020-12-06 13:00:00,wind,hist_gradient_boosting,333.088427,25.5,307.588427
2020-12-06 13:00:00,wind,mlp,600.618774,25.5,575.118774
2020-12-06 13:00:00,wind,RTS_DAY_AHEAD,279.0,25.5,253.5
2020-12-06 14:00:00,wind,hist_gradient_boosting,327.891038,74.458333,253.432705
2020-12-06 14:00:00,wind,mlp,585.451843,74.458333,510.99351
2020-12-06 14:00:00,wind,RTS_DAY_AHEAD,212.0,74.458333,137.541667
2020-12-06 15:00:00,wind,hist_gradient_boosting,332.151235,128.383333,203.767902
2020-12-06 15:00:00,wind,mlp,575.299988,128.383333,446.916654
2020-12-06 15:00:00,wind,RTS_DAY_AHEAD,196.1,128.383333,67.716667
2020-12-06 16:00:00,wind,hist_gradient_boosting,332.151235,186.141667,146.009568
2020-12-06 16:00:00,wind,mlp,584.146423,186.141667,398.004757
2020-12-06 16:00:00,wind,RTS_DAY_AHEAD,147.1,186.141667,39.041667
2020-12-06 17:00:00,wind,hist_gradient_boosting,368.121259,225.35,142.771259
2020-12-06 17:00:00,wind,mlp,603.920654,225.35,378.570654
2020-12-06 17:00:00,wind,RTS_DAY_AHEAD,174.8,225.35,50.55
2020-12-06 18:00:00,wind,hist_gradient_boosting,528.452141,209.491667,318.960475
2020-12-06 18:00:00,wind,mlp,619.66217,209.491667,410.170504
2020-12-06 18:00:00,wind,RTS_DAY_AHEAD,406.0,209.491667,196.508333
2020-12-06 19:00:00,wind,hist_gradient_boosting,528.452141,206.408333,322.043808
2020-12-06 19:00:00,wind,mlp,627.998047,206.408333,421.589714
2020-12-06 19:00:00,wind,RTS_DAY_AHEAD,598.9,206.408333,392.491667
2020-12-06 20:00:00,wind,hist_gradient_boosting,422.445126,232.233333,190.211793
2020-12-06 20:00:00,wind,mlp,635.775757,232.233333,403.542424
2020-12-06 20:00:00,wind,RTS_DAY_AHEAD,263.6,232.233333,31.366667
2020-12-06 21:00:00,wind,hist_gradient_boosting,439.818834,443.958333,4.139499
2020-12-06 21:00:00,wind,mlp,641.736816,443.958333,197.778483
2020-12-06 21:00:00,wind,RTS_DAY_AHEAD,237.2,443.958333,206.758333
2020-12-06 22:00:00,wind,hist_gradient_boosting,447.095075,185.891667,261.203409
2020-12-06 22:00:00,wind,mlp,641.811401,185.891667,455.919735
2020-12-06 22:00:00,wind,RTS_DAY_AHEAD,560.4,185.891667,374.508333
2020-12-06 23:00:00,wind,hist_gradient_boosting,428.465231,153.891667,274.573565
2020-12-06 23:00:00,wind,mlp,634.884949,153.891667,480.993282
2020-12-06 23:00:00,wind,RTS_DAY_AHEAD,547.1,153.891667,393.208333
2020-12-07 00:00:00,wind,hist_gradient_boosting,431.69589,318.066667,113.629224
2020-12-07 00:00:00,wind,mlp,639.134949,318.066667,321.068282
2020-12-07 00:00:00,wind,RTS_DAY_AHEAD,371.2,318.066667,53.133333
2020-12-07 01:00:00,wind,hist_gradient_boosting,435.440337,98.9,336.540337
2020-12-07 01:00:00,wind,mlp,642.05188,98.9,543.15188
2020-12-07 01:00:00,wind,RTS_DAY_AHEAD,365.3,98.9,266.4
2020-12-07 02:00:00,wind,hist_gradient_boosting,435.440337,90.341667,345.09867
2020-12-07 02:00:00,wind,mlp,647.245728,90.341667,556.904061
2020-12-07 02:00:00,wind,RTS_DAY_AHEAD,346.6,90.341667,256.258333
2020-12-07 03:00:00,wind,hist_gradient_boosting,386.475103,105.091667,281.383436
2020-12-07 03:00:00,wind,mlp,648.381042,105.091667,543.289376
2020-12-07 03:00:00,wind,RTS_DAY_AHEAD,647.6,105.091667,542.508333
2020-12-07 04:00:00,wind,hist_gradient_boosting,386.475103,115.091667,271.383436
2020-12-07 04:00:00,wind,mlp,638.759583,115.091667,523.667916
2020-12-07 04:00:00,wind,RTS_DAY_AHEAD,728.9,115.091667,613.808333
2020-12-07 05:00:00,wind,hist_gradient_boosting,398.973272,178.95,220.023272
2020-12-07 05:00:00,wind,mlp,617.606079,178.95,438.656079
2020-12-07 05:00:00,wind,RTS_DAY_AHEAD,755.9,178.95,576.95
2020-12-07 06:00:00,wind,hist_gradient_boosting,456.863816,218.208333,238.655482
2020-12-07 06:00:00,wind,mlp,601.774475,218.208333,383.566142
2020-12-07 06:00:00,wind,RTS_DAY_AHEAD,849.4,218.208333,631.191667
2020-12-07 07:00:00,wind,hist_gradient_boosting,456.863816,221.666667,235.197149
2020-12-07 07:00:00,wind,mlp,593.587891,221.666667,371.921224
2020-12-07 07:00:00,wind,RTS_DAY_AHEAD,958.4,221.666667,736.733333
2020-12-07 08:00:00,wind,hist_gradient_boosting,456.863816,155.383333,301.480482
2020-12-07 08:00:00,wind,mlp,581.681274,155.383333,426.297941
2020-12-07 08:00:00,wind,RTS_DAY_AHEAD,991.3,155.383333,835.916667
2020-12-07 09:00:00,wind,hist_gradient_boosting,456.863816,131.125,325.738816
2020-12-07 09:00:00,wind,mlp,564.105835,131.125,432.980835
2020-12-07 09:00:00,wind,RTS_DAY_AHEAD,944.2,131.125,813.075
2020-12-07 10:00:00,wind,hist_gradient_boosting,332.151235,217.725,114.426235
2020-12-07 10:00:00,wind,mlp,561.553589,217.725,343.828589
2020-12-07 10:00:00,wind,RTS_DAY_AHEAD,854.6,217.725,636.875
2020-12-07 11:00:00,wind,hist_gradient_boosting,332.151235,295.366667,36.784568
2020-12-07 11:00:00,wind,mlp,565.129517,295.366667,269.76285
2020-12-07 11:00:00,wind,RTS_DAY_AHEAD,731.2,295.366667,435.833333
2020-12-07 12:00:00,wind,hist_gradient_boosting,332.151235,436.825,104.673765
2020-12-07 12:00:00,wind,mlp,562.700562,436.825,125.875562
2020-12-07 12:00:00,wind,RTS_DAY_AHEAD,846.5,436.825,409.675
2020-12-07 13:00:00,wind,hist_gradient_boosting,332.151235,489.0,156.848765
2020-12-07 13:00:00,wind,mlp,572.676392,489.0,83.676392
2020-12-07 13:00:00,wind,RTS_DAY_AHEAD,930.2,489.0,441.2
2020-12-07 14:00:00,wind,hist_gradient_boosting,332.151235,515.558333,183.407098
2020-12-07 14:00:00,wind,mlp,585.39856,515.558333,69.840226
2020-12-07 14:00:00,wind,RTS_DAY_AHEAD,1006.6,515.558333,491.041667
2020-12-07 15:00:00,wind,hist_gradient_boosting,924.47392,718.216667,206.257254
2020-12-07 15:00:00,wind,mlp,597.40448,718.216667,120.812187
2020-12-07 15:00:00,wind,RTS_DAY_AHEAD,1143.9,718.216667,425.683333
2020-12-07 16:00:00,wind,hist_gradient_boosting,496.201483,833.016667,336.815184
2020-12-07 16:00:00,wind,mlp,615.723999,833.016667,217.292668
2020-12-07 16:00:00,wind,RTS_DAY_AHEAD,1616.4,833.016667,783.383333
2020-12-07 17:00:00,wind,hist_gradient_boosting,370.918075,973.825,602.906925
2020-12-07 17:00:00,wind,mlp,633.843933,973.825,339.981067
2020-12-07 17:00:00,wind,RTS_DAY_AHEAD,1201.9,973.825,228.075
2020-12-07 18:00:00,wind,hist_gradient_boosting,477.587361,1035.158333,557.570973
2020-12-07 18:00:00,wind,mlp,641.824646,1035.158333,393.333687
2020-12-07 18:00:00,wind,RTS_DAY_AHEAD,1261.7,1035.158333,226.541667
2020-12-07 19:00:00,wind,hist_gradient_boosting,475.255807,1352.991667,877.735859
2020-12-07 19:00:00,wind,mlp,654.850098,1352.991667,698.141569
2020-12-07 19:00:00,wind,RTS_DAY_AHEAD,1226.3,1352.991667,126.691667
2020-12-07 20:00:00,wind,hist_gradient_boosting,369.194882,1889.766667,1520.571785
2020-12-07 20:00:00,wind,mlp,672.397827,1889.766667,1217.36884
2020-12-07 20:00:00,wind,RTS_DAY_AHEAD,1141.6,1889.766667,748.166667
2020-12-07 21:00:00,wind,hist_gradient_boosting,475.255807,1909.316667,1434.060859
2020-12-07 21:00:00,wind,mlp,726.81189,1909.316667,1182.504777
2020-12-07 21:00:00,wind,RTS_DAY_AHEAD,1332.0,1909.316667,577.316667
2020-12-07 22:00:00,wind,hist_gradient_boosting,681.810772,1451.666667,769.855895
2020-12-07 22:00:00,wind,mlp,654.928955,1451.666667,796.737712
2020-12-07 22:00:00,wind,RTS_DAY_AHEAD,1430.4,1451.666667,21.266667
2020-12-07 23:00:00,wind,hist_gradient_boosting,877.727733,1342.2,464.472267
2020-12-07 23:00:00,wind,mlp,679.199097,1342.2,663.000903
2020-12-07 23:00:00,wind,RTS_DAY_AHEAD,1362.6,1342.2,20.4
2020-12-08 00:00:00,wind,hist_gradient_boosting,454.655279,1469.708333,1015.053054
2020-12-08 00:00:00,wind,mlp,767.901611,1469.708333,701.806722
2020-12-08 00:00:00,wind,RTS_DAY_AHEAD,1254.8,1469.708333,214.908333
2020-12-08 01:00:00,wind,hist_gradient_boosting,724.977476,1526.625,801.647524
2020-12-08 01:00:00,wind,mlp,682.44928,1526.625,844.17572
2020-12-08 01:00:00,wind,RTS_DAY_AHEAD,1206.0,1526.625,320.625
2020-12-08 02:00:00,wind,hist_gradient_boosting,1046.936168,1529.191667,482.255499
2020-12-08 02:00:00,wind,mlp,702.383606,1529.191667,826.808061
2020-12-08 02:00:00,wind,RTS_DAY_AHEAD,1164.6,1529.191667,364.591667
2020-12-08 03:00:00,wind,hist_gradient_boosting,1015.326791,1458.741667,443.414875
2020-12-08 03:00:00,wind,mlp,701.555542,1458.741667,757.186125
2020-12-08 03:00:00,wind,RTS_DAY_AHEAD,1159.2,1458.741667,299.541667
2020-12-08 04:00:00,wind,hist_gradient_boosting,1058.954731,1381.533333,322.578602
2020-12-08 04:00:00,wind,mlp,692.067078,1381.533333,689.466256
2020-12-08 04:00:00,wind,RTS_DAY_AHEAD,1015.9,1381.533333,365.633333
2020-12-08 05:00:00,wind,hist_gradient_boosting,881.646736,1284.725,403.078264
2020-12-08 05:00:00,wind,mlp,685.2547,1284.725,599.4703
2020-12-08 05:00:00,wind,RTS_DAY_AHEAD,682.7,1284.725,602.025
2020-12-08 06:00:00,wind,hist_gradient_boosting,875.391478,1171.2,295.808522
2020-12-08 06:00:00,wind,mlp,671.596802,1171.2,499.603198
2020-12-08 06:00:00,wind,RTS_DAY_AHEAD,502.4,1171.2,668.8
2020-12-08 07:00:00,wind,hist_gradient_boosting,846.233941,1078.658333,232.424392
2020-12-08 07:00:00,wind,mlp,662.865845,1078.658333,415.792489
2020-12-08 07:00:00,wind,RTS_DAY_AHEAD,361.9,1078.658333,716.758333
2020-12-08 08:00:00,wind,hist_gradient_boosting,704.481306,840.025,135.543694
2020-12-08 08:00:00,wind,mlp,616.82312,840.025,223.20188
2020-12-08 08:00:00,wind,RTS_DAY_AHEAD,299.5,840.025,540.525
2020-12-08 09:00:00,wind,hist_gradient_boosting,620.231214,711.433333,91.20212
2020-12-08 09:00:00,wind,mlp,574.823853,711.433333,136.609481
2020-12-08 09:00:00,wind,RTS_DAY_AHEAD,370.7,711.433333,340.733333
2020-12-08 10:00:00,wind,hist_gradient_boosting,586.785901,578.941667,7.844234
2020-12-08 10:00:00,wind,mlp,592.624268,578.941667,13.682601
2020-12-08 10:00:00,wind,RTS_DAY_AHEAD,289.3,578.941667,289.641667
2020-12-08 11:00:00,wind,hist_gradient_boosting,768.423025,290.683333,477.739692
2020-12-08 11:00:00,wind,mlp,596.09967,290.683333,305.416337
2020-12-08 11:00:00,wind,RTS_DAY_AHEAD,141.3,290.683333,149.383333
2020-12-08 12:00:00,wind,hist_gradient_boosting,813.591152,130.525,683.066152
2020-12-08 12:00:00,wind,mlp,610.884338,130.525,480.359338
2020-12-08 12:00:00,wind,RTS_DAY_AHEAD,7.7,130.525,122.825
2020-12-08 13:00:00,wind,hist_gradient_boosting,804.247271,65.991667,738.255605
2020-12-08 13:00:00,wind,mlp,611.136108,65.991667,545.144442
2020-12-08 13:00:00,wind,RTS_DAY_AHEAD,0.0,65.991667,65.991667
2020-12-08 14:00:00,wind,hist_gradient_boosting,804.859766,37.416667,767.443099
2020-12-08 14:00:00,wind,mlp,622.945496,37.416667,585.528829
2020-12-08 14:00:00,wind,RTS_DAY_AHEAD,0.9,37.416667,36.516667
2020-12-08 15:00:00,wind,hist_gradient_boosting,562.651675,27.033333,535.618341
2020-12-08 15:00:00,wind,mlp,688.080444,27.033333,661.047111
2020-12-08 15:00:00,wind,RTS_DAY_AHEAD,2.9,27.033333,24.133333
2020-12-08 16:00:00,wind,hist_gradient_boosting,528.904812,24.741667,504.163146
2020-12-08 16:00:00,wind,mlp,712.460327,24.741667,687.71866
2020-12-08 16:00:00,wind,RTS_DAY_AHEAD,1.2,24.741667,23.541667
2020-12-08 17:00:00,wind,hist_gradient_boosting,533.735714,20.108333,513.627381
2020-12-08 17:00:00,wind,mlp,752.911743,20.108333,732.80341
2020-12-08 17:00:00,wind,RTS_DAY_AHEAD,4.5,20.108333,15.608333
2020-12-08 18:00:00,wind,hist_gradient_boosting,648.721005,19.483333,629.237672
2020-12-08 18:00:00,wind,mlp,767.332886,19.483333,747.849552
2020-12-08 18:00:00,wind,RTS_DAY_AHEAD,36.7,19.483333,17.216667
2020-12-08 19:00:00,wind,hist_gradient_boosting,645.171333,22.875,622.296333
2020-12-08 19:00:00,wind,mlp,864.243469,22.875,841.368469
2020-12-08 19:00:00,wind,RTS_DAY_AHEAD,43.3,22.875,20.425
2020-12-08 20:00:00,wind,hist_gradient_boosting,649.111476,21.766667,627.344809
2020-12-08 20:00:00,wind,mlp,978.22522,21.766667,956.458553
2020-12-08 20:00:00,wind,RTS_DAY_AHEAD,33.1,21.766667,11.333333
2020-12-08 21:00:00,wind,hist_gradient_boosting,1161.260233,29.508333,1131.751899
2020-12-08 21:00:00,wind,mlp,917.735535,29.508333,888.227201
2020-12-08 21:00:00,wind,RTS_DAY_AHEAD,14.0,29.508333,15.508333
2020-12-08 22:00:00,wind,hist_gradient_boosting,834.25758,42.725,791.53258
2020-12-08 22:00:00,wind,mlp,799.108765,42.725,756.383765
2020-12-08 22:00:00,wind,RTS_DAY_AHEAD,19.2,42.725,23.525
2020-12-08 23:00:00,wind,hist_gradient_boosting,731.736524,38.391667,693.344858
2020-12-08 23:00:00,wind,mlp,847.770142,38.391667,809.378475
2020-12-08 23:00:00,wind,RTS_DAY_AHEAD,30.3,38.391667,8.091667
2020-12-09 00:00:00,wind,hist_gradient_boosting,738.367833,37.491667,700.876167
2020-12-09 00:00:00,wind,mlp,942.931519,37.491667,905.439852
2020-12-09 00:00:00,wind,RTS_DAY_AHEAD,27.4,37.491667,10.091667
2020-12-09 01:00:00,wind,hist_gradient_boosting,904.87407,37.508333,867.365737
2020-12-09 01:00:00,wind,mlp,924.330444,37.508333,886.822111
2020-12-09 01:00:00,wind,RTS_DAY_AHEAD,28.1,37.508333,9.408333
2020-12-09 02:00:00,wind,hist_gradient_boosting,836.397907,34.716667,801.68124
2020-12-09 02:00:00,wind,mlp,900.120422,34.716667,865.403756
2020-12-09 02:00:00,wind,RTS_DAY_AHEAD,46.7,34.716667,11.983333
2020-12-09 03:00:00,wind,hist_gradient_boosting,1013.685759,33.9,979.785759
2020-12-09 03:00:00,wind,mlp,872.40625,33.9,838.50625
2020-12-09 03:00:00,wind,RTS_DAY_AHEAD,44.4,33.9,10.5
2020-12-09 04:00:00,wind,hist_gradient_boosting,1004.267516,27.125,977.142516
2020-12-09 04:00:00,wind,mlp,866.687866,27.125,839.562866
2020-12-09 04:00:00,wind,RTS_DAY_AHEAD,35.3,27.125,8.175
2020-12-09 05:00:00,wind,hist_gradient_boosting,720.523606,28.6,691.923606
2020-12-09 05:00:00,wind,mlp,853.934204,28.6,825.334204
2020-12-09 05:00:00,wind,RTS_DAY_AHEAD,24.9,28.6,3.7
2020-12-09 06:00:00,wind,hist_gradient_boosting,663.099898,25.533333,637.566564
2020-12-09 06:00:00,wind,mlp,838.22345,25.533333,812.690116
2020-12-09 06:00:00,wind,RTS_DAY_AHEAD,26.1,25.533333,0.566667
2020-12-09 07:00:00,wind,hist_gradient_boosting,620.202952,27.491667,592.711285
2020-12-09 07:00:00,wind,mlp,826.972351,27.491667,799.480684
2020-12-09 07:00:00,wind,RTS_DAY_AHEAD,47.2,27.491667,19.708333
2020-12-09 08:00:00,wind,hist_gradient_boosting,547.266744,26.675,520.591744
2020-12-09 08:00:00,wind,mlp,767.421204,26.675,740.746204
2020-12-09 08:00:00,wind,RTS_DAY_AHEAD,78.6,26.675,51.925
2020-12-09 09:00:00,wind,hist_gradient_boosting,574.541593,26.25,548.291593
2020-12-09 09:00:00,wind,mlp,751.078674,26.25,724.828674
2020-12-09 09:00:00,wind,RTS_DAY_AHEAD,94.1,26.25,67.85
2020-12-09 10:00:00,wind,hist_gradient_boosting,668.217001,24.65,643.567001
2020-12-09 10:00:00,wind,mlp,727.368774,24.65,702.718774
2020-12-09 10:00:00,wind,RTS_DAY_AHEAD,96.3,24.65,71.65
2020-12-09 11:00:00,wind,hist_gradient_boosting,827.267346,20.266667,807.000679
2020-12-09 11:00:00,wind,mlp,661.582153,20.266667,641.315487
2020-12-09 11:00:00,wind,RTS_DAY_AHEAD,86.0,20.266667,65.733333
2020-12-09 12:00:00,wind,hist_gradient_boosting,547.571235,17.725,529.846235
2020-12-09 12:00:00,wind,mlp,657.259094,17.725,639.534094
2020-12-09 12:00:00,wind,RTS_DAY_AHEAD,52.4,17.725,34.675
2020-12-09 13:00:00,wind,hist_gradient_boosting,472.339872,20.833333,451.506538
2020-12-09 13:00:00,wind,mlp,653.229126,20.833333,632.395793
2020-12-09 13:00:00,wind,RTS_DAY_AHEAD,29.8,20.833333,8.966667
2020-12-09 14:00:00,wind,hist_gradient_boosting,472.339872,107.6,364.739872
2020-12-09 14:00:00,wind,mlp,654.702271,107.6,547.102271
2020-12-09 14:00:00,wind,RTS_DAY_AHEAD,23.8,107.6,83.8
2020-12-09 15:00:00,wind,hist_gradient_boosting,439.530786,136.8,302.730786
2020-12-09 15:00:00,wind,mlp,668.445007,136.8,531.645007
2020-12-09 15:00:00,wind,RTS_DAY_AHEAD,30.4,136.8,106.4
2020-12-09 16:00:00,wind,hist_gradient_boosting,439.530786,126.291667,313.239119
2020-12-09 16:00:00,wind,mlp,676.340149,126.291667,550.048482
2020-12-09 16:00:00,wind,RTS_DAY_AHEAD,68.3,126.291667,57.991667
2020-12-09 17:00:00,wind,hist_gradient_boosting,430.752321,81.625,349.127321
2020-12-09 17:00:00,wind,mlp,686.857605,81.625,605.232605
2020-12-09 17:00:00,wind,RTS_DAY_AHEAD,93.7,81.625,12.075
2020-12-09 18:00:00,wind,hist_gradient_boosting,430.752321,58.008333,372.743988
2020-12-09 18:00:00,wind,mlp,695.097168,58.008333,637.088835
2020-12-09 18:00:00,wind,RTS_DAY_AHEAD,99.9,58.008333,41.891667
2020-12-09 19:00:00,wind,hist_gradient_boosting,430.752321,46.191667,384.560654
2020-12-09 19:00:00,wind,mlp,722.681274,46.191667,676.489608
2020-12-09 19:00:00,wind,RTS_DAY_AHEAD,53.9,46.191667,7.708333
2020-12-09 20:00:00,wind,hist_gradient_boosting,430.752321,76.416667,354.335654
2020-12-09 20:00:00,wind,mlp,762.140747,76.416667,685.72408
2020-12-09 20:00:00,wind,RTS_DAY_AHEAD,115.5,76.416667,39.083333
2020-12-09 21:00:00,wind,hist_gradient_boosting,430.752321,70.925,359.827321
2020-12-09 21:00:00,wind,mlp,771.980591,70.925,701.055591
2020-12-09 21:00:00,wind,RTS_DAY_AHEAD,132.1,70.925,61.175
2020-12-09 22:00:00,wind,hist_gradient_boosting,430.752321,76.825,353.927321
2020-12-09 22:00:00,wind,mlp,751.23175,76.825,674.40675
2020-12-09 22:00:00,wind,RTS_DAY_AHEAD,183.2,76.825,106.375
2020-12-09 23:00:00,wind,hist_gradient_boosting,423.590232,101.075,322.515232
2020-12-09 23:00:00,wind,mlp,744.731506,101.075,643.656506
2020-12-09 23:00:00,wind,RTS_DAY_AHEAD,297.4,101.075,196.325
2020-12-10 00:00:00,wind,hist_gradient_boosting,423.590232,238.925,184.665232
2020-12-10 00:00:00,wind,mlp,780.272278,238.925,541.347278
2020-12-10 00:00:00,wind,RTS_DAY_AHEAD,569.6,238.925,330.675
2020-12-10 01:00:00,wind,hist_gradient_boosting,427.850429,285.741667,142.108762
2020-12-10 01:00:00,wind,mlp,785.741882,285.741667,500.000216
2020-12-10 01:00:00,wind,RTS_DAY_AHEAD,756.2,285.741667,470.458333
2020-12-10 02:00:00,wind,hist_gradient_boosting,427.850429,249.691667,178.158762
2020-12-10 02:00:00,wind,mlp,784.420898,249.691667,534.729232
2020-12-10 02:00:00,wind,RTS_DAY_AHEAD,869.8,249.691667,620.108333
2020-12-10 03:00:00,wind,hist_gradient_boosting,430.752321,298.8,131.952321
2020-12-10 03:00:00,wind,mlp,777.312134,298.8,478.512134
2020-12-10 03:00:00,wind,RTS_DAY_AHEAD,817.0,298.8,518.2
2020-12-10 04:00:00,wind,hist_gradient_boosting,430.752321,219.066667,211.685654
2020-12-10 04:00:00,wind,mlp,763.421448,219.066667,544.354781
2020-12-10 04:00:00,wind,RTS_DAY_AHEAD,812.1,219.066667,593.033333
2020-12-10 05:00:00,wind,hist_gradient_boosting,430.752321,152.633333,278.118988
2020-12-10 05:00:00,wind,mlp,747.296387,152.633333,594.663053
2020-12-10 05:00:00,wind,RTS_DAY_AHEAD,808.8,152.633333,656.166667
2020-12-10 06:00:00,wind,hist_gradient_boosting,430.752321,106.891667,323.860654
2020-12-10 06:00:00,wind,mlp,727.451477,106.891667,620.55981
2020-12-10 06:00:00,wind,RTS_DAY_AHEAD,890.4,106.891667,783.508333
2020-12-10 07:00:00,wind,hist_gradient_boosting,430.752321,111.666667,319.085654
2020-12-10 07:00:00,wind,mlp,704.178833,111.666667,592.512166
2020-12-10 07:00:00,wind,RTS_DAY_AHEAD,970.6,111.666667,858.933333
2020-12-10 08:00:00,wind,hist_gradient_boosting,431.471014,209.933333,221.537681
2020-12-10 08:00:00,wind,mlp,666.50824,209.933333,456.574906
2020-12-10 08:00:00,wind,RTS_DAY_AHEAD,967.7,209.933333,757.766667
2020-12-10 09:00:00,wind,hist_gradient_boosting,431.471014,291.908333,139.562681
2020-12-10 09:00:00,wind,mlp,638.223999,291.908333,346.315666
2020-12-10 09:00:00,wind,RTS_DAY_AHEAD,1004.6,291.908333,712.691667
2020-12-10 10:00:00,wind,hist_gradient_boosting,431.471014,226.091667,205.379348
2020-12-10 10:00:00,wind,mlp,610.925842,226.091667,384.834176
2020-12-10 10:00:00,wind,RTS_DAY_AHEAD,1027.0,226.091667,800.908333
2020-12-10 11:00:00,wind,hist_gradient_boosting,431.471014,184.366667,247.104348
2020-12-10 11:00:00,wind,mlp,579.361816,184.366667,394.99515
2020-12-10 11:00:00,wind,RTS_DAY_AHEAD,1010.7,184.366667,826.333333
2020-12-10 12:00:00,wind,hist_gradient_boosting,427.198519,178.575,248.623519
2020-12-10 12:00:00,wind,mlp,560.076416,178.575,381.501416
2020-12-10 12:00:00,wind,RTS_DAY_AHEAD,966.6,178.575,788.025
2020-12-10 13:00:00,wind,hist_gradient_boosting,432.9842,173.566667,259.417534
2020-12-10 13:00:00,wind,mlp,554.273804,173.566667,380.707137
2020-12-10 13:00:00,wind,RTS_DAY_AHEAD,886.7,173.566667,713.133333
2020-12-10 14:00:00,wind,hist_gradient_boosting,427.380566,195.566667,231.813899
2020-12-10 14:00:00,wind,mlp,582.131348,195.566667,386.564681
2020-12-10 14:00:00,wind,RTS_DAY_AHEAD,835.2,195.566667,639.633333
2020-12-10 15:00:00,wind,hist_gradient_boosting,486.149301,227.916667,258.232634
2020-12-10 15:00:00,wind,mlp,580.015259,227.916667,352.098592
2020-12-10 15:00:00,wind,RTS_DAY_AHEAD,825.9,227.916667,597.983333
2020-12-10 16:00:00,wind,hist_gradient_boosting,486.149301,288.291667,197.857634
2020-12-10 16:00:00,wind,mlp,581.358093,288.291667,293.066427
2020-12-10 16:00:00,wind,RTS_DAY_AHEAD,890.1,288.291667,601.808333
2020-12-10 17:00:00,wind,hist_gradient_boosting,520.732388,362.316667,158.415721
2020-12-10 17:00:00,wind,mlp,580.486206,362.316667,218.169539
2020-12-10 17:00:00,wind,RTS_DAY_AHEAD,963.2,362.316667,600.883333
2020-12-10 18:00:00,wind,hist_gradient_boosting,570.536893,473.191667,97.345226
2020-12-10 18:00:00,wind,mlp,591.975403,473.191667,118.783736
2020-12-10 18:00:00,wind,RTS_DAY_AHEAD,1114.5,473.191667,641.308333
2020-12-10 19:00:00,wind,hist_gradient_boosting,450.304358,561.241667,110.937308
2020-12-10 19:00:00,wind,mlp,603.409973,561.241667,42.168306
2020-12-10 19:00:00,wind,RTS_DAY_AHEAD,1161.8,561.241667,600.558333
2020-12-10 20:00:00,wind,hist_gradient_boosting,455.892496,594.65,138.757504
2020-12-10 20:00:00,wind,mlp,621.753662,594.65,27.103662
2020-12-10 20:00:00,wind,RTS_DAY_AHEAD,1180.1,594.65,585.45
2020-12-10 21:00:00,wind,hist_gradient_boosting,495.814216,564.708333,68.894117
2020-12-10 21:00:00,wind,mlp,626.274109,564.708333,61.565776
2020-12-10 21:00:00,wind,RTS_DAY_AHEAD,1216.2,564.708333,651.491667
2020-12-10 22:00:00,wind,hist_gradient_boosting,495.814216,566.041667,70.227451
2020-12-10 22:00:00,wind,mlp,637.198608,566.041667,71.156942
2020-12-10 22:00:00,wind,RTS_DAY_AHEAD,1190.3,566.041667,624.258333
2020-12-10 23:00:00,wind,hist_gradient_boosting,490.825921,686.266667,195.440746
2020-12-10 23:00:00,wind,mlp,651.580688,686.266667,34.685978
2020-12-10 23:00:00,wind,RTS_DAY_AHEAD,1121.2,686.266667,434.933333
2020-12-11 00:00:00,wind,hist_gradient_boosting,526.316589,739.308333,212.991744
2020-12-11 00:00:00,wind,mlp,665.032043,739.308333,74.27629
2020-12-11 00:00:00,wind,RTS_DAY_AHEAD,1248.0,739.308333,508.691667
2020-12-11 01:00:00,wind,hist_gradient_boosting,656.504022,699.608333,43.104311
2020-12-11 01:00:00,wind,mlp,664.729004,699.608333,34.879329
2020-12-11 01:00:00,wind,RTS_DAY_AHEAD,1254.7,699.608333,555.091667
2020-12-11 02:00:00,wind,hist_gradient_boosting,835.040249,703.433333,131.606915
2020-12-11 02:00:00,wind,mlp,657.03302,703.433333,46.400313
2020-12-11 02:00:00,wind,RTS_DAY_AHEAD,1191.9,703.433333,488.466667
2020-12-11 03:00:00,wind,hist_gradient_boosting,768.58998,784.208333,15.618353
2020-12-11 03:00:00,wind,mlp,674.524475,784.208333,109.683858
2020-12-11 03:00:00,wind,RTS_DAY_AHEAD,1136.7,784.208333,352.491667
2020-12-11 04:00:00,wind,hist_gradient_boosting,819.447839,921.8,102.352161
2020-12-11 04:00:00,wind,mlp,653.148804,921.8,268.651196
2020-12-11 04:00:00,wind,RTS_DAY_AHEAD,1177.7,921.8,255.9
2020-12-11 05:00:00,wind,hist_gradient_boosting,704.481306,996.908333,292.427027
2020-12-11 05:00:00,wind,mlp,650.11731,996.908333,346.791024
2020-12-11 05:00:00,wind,RTS_DAY_AHEAD,1274.3,996.908333,277.391667
2020-12-11 06:00:00,wind,hist_gradient_boosting,928.077964,1049.008333,120.930369
2020-12-11 06:00:00,wind,mlp,647.560059,1049.008333,401.448275
2020-12-11 06:00:00,wind,RTS_DAY_AHEAD,1309.2,1049.008333,260.191667
2020-12-11 07:00:00,wind,hist_gradient_boosting,886.218837,1081.941667,195.72283
2020-12-11 07:00:00,wind,mlp,641.469849,1081.941667,440.471818
2020-12-11 07:00:00,wind,RTS_DAY_AHEAD,1329.9,1081.941667,247.958333
2020-12-11 08:00:00,wind,hist_gradient_boosting,886.218837,1109.383333,223.164497
2020-12-11 08:00:00,wind,mlp,655.047974,1109.383333,454.33536
2020-12-11 08:00:00,wind,RTS_DAY_AHEAD,1356.3,1109.383333,246.916667
2020-12-11 09:00:00,wind,hist_gradient_boosting,550.7857,1076.558333,525.772634
2020-12-11 09:00:00,wind,mlp,652.888062,1076.558333,423.670272
2020-12-11 09:00:00,wind,RTS_DAY_AHEAD,1368.2,1076.558333,291.641667
2020-12-11 10:00:00,wind,hist_gradient_boosting,541.607719,967.316667,425.708948
2020-12-11 10:00:00,wind,mlp,617.453918,967.316667,349.862748
2020-12-11 10:00:00,wind,RTS_DAY_AHEAD,1446.9,967.316667,479.583333
2020-12-11 11:00:00,wind,hist_gradient_boosting,953.509712,929.916667,23.593046
2020-12-11 11:00:00,wind,mlp,605.720215,929.916667,324.196452
2020-12-11 11:00:00,wind,RTS_DAY_AHEAD,1454.6,929.916667,524.683333
2020-12-11 12:00:00,wind,hist_gradient_boosting,1111.409865,941.091667,170.318198
2020-12-11 12:00:00,wind,mlp,600.226257,941.091667,340.865409
2020-12-11 12:00:00,wind,RTS_DAY_AHEAD,1451.4,941.091667,510.308333
2020-12-11 13:00:00,wind,hist_gradient_boosting,888.184171,1009.625,121.440829
2020-12-11 13:00:00,wind,mlp,591.44635,1009.625,418.17865
2020-12-11 13:00:00,wind,RTS_DAY_AHEAD,1431.9,1009.625,422.275
2020-12-11 14:00:00,wind,hist_gradient_boosting,536.114964,1142.075,605.960036
2020-12-11 14:00:00,wind,mlp,599.294434,1142.075,542.780566
2020-12-11 14:00:00,wind,RTS_DAY_AHEAD,1395.0,1142.075,252.925
2020-12-11 15:00:00,wind,hist_gradient_boosting,530.599079,1287.466667,756.867588
2020-12-11 15:00:00,wind,mlp,604.766846,1287.466667,682.699821
2020-12-11 15:00:00,wind,RTS_DAY_AHEAD,1402.3,1287.466667,114.833333
2020-12-11 16:00:00,wind,hist_gradient_boosting,715.758644,1394.3,678.541356
2020-12-11 16:00:00,wind,mlp,618.747009,1394.3,775.552991
2020-12-11 16:00:00,wind,RTS_DAY_AHEAD,1455.9,1394.3,61.6
2020-12-11 17:00:00,wind,hist_gradient_boosting,813.468332,1413.866667,600.398334
2020-12-11 17:00:00,wind,mlp,627.448303,1413.866667,786.418363
2020-12-11 17:00:00,wind,RTS_DAY_AHEAD,1344.6,1413.866667,69.266667
2020-12-11 18:00:00,wind,hist_gradient_boosting,906.635158,1272.816667,366.181508
2020-12-11 18:00:00,wind,mlp,648.741577,1272.816667,624.07509
2020-12-11 18:00:00,wind,RTS_DAY_AHEAD,1373.5,1272.816667,100.683333
2020-12-11 19:00:00,wind,hist_gradient_boosting,875.478433,1160.158333,284.679901
2020-12-11 19:00:00,wind,mlp,658.018127,1160.158333,502.140206
2020-12-11 19:00:00,wind,RTS_DAY_AHEAD,1371.4,1160.158333,211.241667
2020-12-11 20:00:00,wind,hist_gradient_boosting,1215.859867,1076.8,139.059867
2020-12-11 20:00:00,wind,mlp,657.614075,1076.8,419.185925
2020-12-11 20:00:00,wind,RTS_DAY_AHEAD,1443.8,1076.8,367.0
2020-12-11 21:00:00,wind,hist_gradient_boosting,1463.20975,1054.308333,408.901416
2020-12-11 21:00:00,wind,mlp,665.648193,1054.308333,388.66014
2020-12-11 21:00:00,wind,RTS_DAY_AHEAD,1463.2,1054.308333,408.891667
2020-12-11 22:00:00,wind,hist_gradient_boosting,1403.76832,1123.391667,280.376653
2020-12-11 22:00:00,wind,mlp,685.142883,1123.391667,438.248783
2020-12-11 22:00:00,wind,RTS_DAY_AHEAD,1448.9,1123.391667,325.508333
2020-12-11 23:00:00,wind,hist_gradient_boosting,1140.331665,1247.108333,106.776669
2020-12-11 23:00:00,wind,mlp,718.546265,1247.108333,528.562069
2020-12-11 23:00:00,wind,RTS_DAY_AHEAD,1450.0,1247.108333,202.891667
2020-12-12 00:00:00,wind,hist_gradient_boosting,769.717428,1405.583333,635.865906
2020-12-12 00:00:00,wind,mlp,689.01825,1405.583333,716.565084
2020-12-12 00:00:00,wind,RTS_DAY_AHEAD,1482.4,1405.583333,76.816667
2020-12-12 01:00:00,wind,hist_gradient_boosting,723.612465,1526.958333,803.345868
2020-12-12 01:00:00,wind,mlp,651.868713,1526.958333,875.08962
2020-12-12 01:00:00,wind,RTS_DAY_AHEAD,1518.6,1526.958333,8.358333
2020-12-12 02:00:00,wind,hist_gradient_boosting,638.977778,1511.133333,872.155555
2020-12-12 02:00:00,wind,mlp,653.554565,1511.133333,857.578768
2020-12-12 02:00:00,wind,RTS_DAY_AHEAD,1580.3,1511.133333,69.166667
2020-12-12 03:00:00,wind,hist_gradient_boosting,619.420112,1360.483333,741.063221
2020-12-12 03:00:00,wind,mlp,679.852417,1360.483333,680.630916
2020-12-12 03:00:00,wind,RTS_DAY_AHEAD,1646.8,1360.483333,286.316667
2020-12-12 04:00:00,wind,hist_gradient_boosting,700.439482,1025.475,325.035518
2020-12-12 04:00:00,wind,mlp,705.043762,1025.475,320.431238
2020-12-12 04:00:00,wind,RTS_DAY_AHEAD,1549.2,1025.475,523.725
2020-12-12 05:00:00,wind,hist_gradient_boosting,604.633003,1404.583333,799.95033
2020-12-12 05:00:00,wind,mlp,683.088196,1404.583333,721.495138
2020-12-12 05:00:00,wind,RTS_DAY_AHEAD,1535.3,1404.583333,130.716667
2020-12-12 06:00:00,wind,hist_gradient_boosting,636.17089,1427.05,790.87911
2020-12-12 06:00:00,wind,mlp,674.023926,1427.05,753.026074
2020-12-12 06:00:00,wind,RTS_DAY_AHEAD,1710.0,1427.05,282.95
2020-12-12 07:00:00,wind,hist_gradient_boosting,716.873594,1253.683333,536.809739
2020-12-12 07:00:00,wind,mlp,668.276184,1253.683333,585.407149
2020-12-12 07:00:00,wind,RTS_DAY_AHEAD,1808.3,1253.683333,554.616667
2020-12-12 08:00:00,wind,hist_gradient_boosting,612.222394,1159.125,546.902606
2020-12-12 08:00:00,wind,mlp,674.178284,1159.125,484.946716
2020-12-12 08:00:00,wind,RTS_DAY_AHEAD,1835.0,1159.125,675.875
2020-12-12 09:00:00,wind,hist_gradient_boosting,709.532423,1171.041667,461.509244
2020-12-12 09:00:00,wind,mlp,656.350464,1171.041667,514.691203
2020-12-12 09:00:00,wind,RTS_DAY_AHEAD,1884.2,1171.041667,713.158333
2020-12-12 10:00:00,wind,hist_gradient_boosting,662.811296,1290.033333,627.222038
2020-12-12 10:00:00,wind,mlp,615.909607,1290.033333,674.123726
2020-12-12 10:00:00,wind,RTS_DAY_AHEAD,2009.5,1290.033333,719.466667
2020-12-12 11:00:00,wind,hist_gradient_boosting,647.899929,1341.125,693.225071
2020-12-12 11:00:00,wind,mlp,606.685181,1341.125,734.439819
2020-12-12 11:00:00,wind,RTS_DAY_AHEAD,2230.7,1341.125,889.575
2020-12-12 12:00:00,wind,hist_gradient_boosting,647.899929,1447.641667,799.741737
2020-12-12 12:00:00,wind,mlp,615.564941,1447.641667,832.076725
2020-12-12 12:00:00,wind,RTS_DAY_AHEAD,2257.6,1447.641667,809.958333
2020-12-12 13:00:00,wind,hist_gradient_boosting,646.878615,1288.466667,641.588052
2020-12-12 13:00:00,wind,mlp,634.866089,1288.466667,653.600578
2020-12-12 13:00:00,wind,RTS_DAY_AHEAD,2191.1,1288.466667,902.633333
2020-12-12 14:00:00,wind,hist_gradient_boosting,651.213788,1146.708333,495.494545
2020-12-12 14:00:00,wind,mlp,654.742676,1146.708333,491.965658
2020-12-12 14:00:00,wind,RTS_DAY_AHEAD,1790.9,1146.708333,644.191667
2020-12-12 15:00:00,wind,hist_gradient_boosting,713.132461,1069.208333,356.075873
2020-12-12 15:00:00,wind,mlp,674.594604,1069.208333,394.613729
2020-12-12 15:00:00,wind,RTS_DAY_AHEAD,1398.8,1069.208333,329.591667
2020-12-12 16:00:00,wind,hist_gradient_boosting,723.289547,1029.466667,306.17712
2020-12-12 16:00:00,wind,mlp,694.855286,1029.466667,334.611381
2020-12-12 16:00:00,wind,RTS_DAY_AHEAD,878.7,1029.466667,150.766667
2020-12-12 17:00:00,wind,hist_gradient_boosting,685.001094,1002.183333,317.182239
2020-12-12 17:00:00,wind,mlp,698.663086,1002.183333,303.520247
2020-12-12 17:00:00,wind,RTS_DAY_AHEAD,412.2,1002.183333,589.983333
2020-12-12 18:00:00,wind,hist_gradient_boosting,687.191104,974.383333,287.19223
2020-12-12 18:00:00,wind,mlp,676.96875,974.383333,297.414583
2020-12-12 18:00:00,wind,RTS_DAY_AHEAD,776.9,974.383333,197.483333
2020-12-12 19:00:00,wind,hist_gradient_boosting,684.27007,1100.291667,416.021596
2020-12-12 19:00:00,wind,mlp,691.979858,1100.291667,408.311808
2020-12-12 19:00:00,wind,RTS_DAY_AHEAD,776.2,1100.291667,324.091667
2020-12-12 20:00:00,wind,hist_gradient_boosting,686.346771,1018.916667,332.569896
2020-12-12 20:00:00,wind,mlp,704.972351,1018.916667,313.944316
2020-12-12 20:00:00,wind,RTS_DAY_AHEAD,607.6,1018.916667,411.316667
2020-12-12 21:00:00,wind,hist_gradient_boosting,683.619635,1019.066667,335.447032
2020-12-12 21:00:00,wind,mlp,721.155334,1019.066667,297.911332
2020-12-12 21:00:00,wind,RTS_DAY_AHEAD,660.0,1019.066667,359.066667
2020-12-12 22:00:00,wind,hist_gradient_boosting,694.13798,1604.1,909.96202
2020-12-12 22:00:00,wind,mlp,744.917114,1604.1,859.182886
2020-12-12 22:00:00,wind,RTS_DAY_AHEAD,690.4,1604.1,913.7
2020-12-12 23:00:00,wind,hist_gradient_boosting,832.785106,2191.858333,1359.073228
2020-12-12 23:00:00,wind,mlp,776.989075,2191.858333,1414.869259
2020-12-12 23:00:00,wind,RTS_DAY_AHEAD,1398.0,2191.858333,793.858333
2020-12-13 00:00:00,wind,hist_gradient_boosting,822.103405,2173.541667,1351.438262
2020-12-13 00:00:00,wind,mlp,801.676819,2173.541667,1371.864848
2020-12-13 00:00:00,wind,RTS_DAY_AHEAD,1937.5,2173.541667,236.041667
2020-12-13 01:00:00,wind,hist_gradient_boosting,778.74189,1918.775,1140.03311
2020-12-13 01:00:00,wind,mlp,806.374207,1918.775,1112.400793
2020-12-13 01:00:00,wind,RTS_DAY_AHEAD,2128.8,1918.775,210.025
2020-12-13 02:00:00,wind,hist_gradient_boosting,783.835864,1414.791667,630.955803
2020-12-13 02:00:00,wind,mlp,801.608215,1414.791667,613.183451
2020-12-13 02:00:00,wind,RTS_DAY_AHEAD,1818.6,1414.791667,403.808333
2020-12-13 03:00:00,wind,hist_gradient_boosting,783.835864,804.366667,20.530803
2020-12-13 03:00:00,wind,mlp,786.270874,804.366667,18.095793
2020-12-13 03:00:00,wind,RTS_DAY_AHEAD,1399.4,804.366667,595.033333
2020-12-13 04:00:00,wind,hist_gradient_boosting,675.323987,607.35,67.973987
2020-12-13 04:00:00,wind,mlp,749.297363,607.35,141.947363
2020-12-13 04:00:00,wind,RTS_DAY_AHEAD,1464.9,607.35,857.55
2020-12-13 05:00:00,wind,hist_gradient_boosting,557.639799,654.925,97.285201
2020-12-13 05:00:00,wind,mlp,839.588745,654.925,184.663745
2020-12-13 05:00:00,wind,RTS_DAY_AHEAD,1442.5,654.925,787.575
2020-12-13 06:00:00,wind,hist_gradient_boosting,492.632748,359.941667,132.691082
2020-12-13 06:00:00,wind,mlp,804.921265,359.941667,444.979598
2020-12-13 06:00:00,wind,RTS_DAY_AHEAD,1360.1,359.941667,1000.158333
2020-12-13 07:00:00,wind,hist_gradient_boosting,552.218532,209.991667,342.226865
2020-12-13 07:00:00,wind,mlp,760.10144,209.991667,550.109774
2020-12-13 07:00:00,wind,RTS_DAY_AHEAD,1173.3,209.991667,963.308333
2020-12-13 08:00:00,wind,hist_gradient_boosting,535.829216,170.416667,365.412549
2020-12-13 08:00:00,wind,mlp,744.512634,170.416667,574.095968
2020-12-13 08:00:00,wind,RTS_DAY_AHEAD,1293.9,170.416667,1123.483333
2020-12-13 09:00:00,wind,hist_gradient_boosting,554.333118,215.8,338.533118
2020-12-13 09:00:00,wind,mlp,738.013306,215.8,522.213306
2020-12-13 09:00:00,wind,RTS_DAY_AHEAD,1734.3,215.8,1518.5
2020-12-13 10:00:00,wind,hist_gradient_boosting,592.158885,355.658333,236.500551
2020-12-13 10:00:00,wind,mlp,745.47522,355.658333,389.816886
2020-12-13 10:00:00,wind,RTS_DAY_AHEAD,1417.7,355.658333,1062.041667
2020-12-13 11:00:00,wind,hist_gradient_boosting,596.727724,414.016667,182.711057
2020-12-13 11:00:00,wind,mlp,735.139465,414.016667,321.122799
2020-12-13 11:00:00,wind,RTS_DAY_AHEAD,1070.0,414.016667,655.983333
2020-12-13 12:00:00,wind,hist_gradient_boosting,671.843149,632.166667,39.676482
2020-12-13 12:00:00,wind,mlp,749.761841,632.166667,117.595174
2020-12-13 12:00:00,wind,RTS_DAY_AHEAD,1088.7,632.166667,456.533333
2020-12-13 13:00:00,wind,hist_gradient_boosting,767.954794,1252.658333,484.703539
2020-12-13 13:00:00,wind,mlp,709.268372,1252.658333,543.389962
2020-12-13 13:00:00,wind,RTS_DAY_AHEAD,1256.5,1252.658333,3.841667
2020-12-13 14:00:00,wind,hist_gradient_boosting,622.323387,1550.025,927.701613
2020-12-13 14:00:00,wind,mlp,712.361755,1550.025,837.663245
2020-12-13 14:00:00,wind,RTS_DAY_AHEAD,1290.1,1550.025,259.925
2020-12-13 15:00:00,wind,hist_gradient_boosting,518.903519,1974.441667,1455.538147
2020-12-13 15:00:00,wind,mlp,729.684937,1974.441667,1244.75673
2020-12-13 15:00:00,wind,RTS_DAY_AHEAD,1087.2,1974.441667,887.241667
2020-12-13 16:00:00,wind,hist_gradient_boosting,589.130991,2308.0,1718.869009
2020-12-13 16:00:00,wind,mlp,744.668701,2308.0,1563.331299
2020-12-13 16:00:00,wind,RTS_DAY_AHEAD,1201.0,2308.0,1107.0
2020-12-13 17:00:00,wind,hist_gradient_boosting,576.675406,2244.083333,1667.407927
2020-12-13 17:00:00,wind,mlp,758.849792,2244.083333,1485.233541
2020-12-13 17:00:00,wind,RTS_DAY_AHEAD,2265.3,2244.083333,21.216667
2020-12-13 18:00:00,wind,hist_gradient_boosting,576.08118,2209.95,1633.86882
2020-12-13 18:00:00,wind,mlp,761.016785,2209.95,1448.933215
2020-12-13 18:00:00,wind,RTS_DAY_AHEAD,2226.9,2209.95,16.95
2020-12-13 19:00:00,wind,hist_gradient_boosting,587.681243,2045.883333,1458.202091
2020-12-13 19:00:00,wind,mlp,791.631836,2045.883333,1254.251497
2020-12-13 19:00:00,wind,RTS_DAY_AHEAD,2340.8,2045.883333,294.916667
2020-12-13 20:00:00,wind,hist_gradient_boosting,593.043684,2132.625,1539.581316
2020-12-13 20:00:00,wind,mlp,768.661926,2132.625,1363.963074
2020-12-13 20:00:00,wind,RTS_DAY_AHEAD,2298.1,2132.625,165.475
2020-12-13 21:00:00,wind,hist_gradient_boosting,598.67303,1926.541667,1327.868637
2020-12-13 21:00:00,wind,mlp,792.755371,1926.541667,1133.786296
2020-12-13 21:00:00,wind,RTS_DAY_AHEAD,2350.1,1926.541667,423.558333
2020-12-13 22:00:00,wind,hist_gradient_boosting,592.364884,1826.108333,1233.743449
2020-12-13 22:00:00,wind,mlp,927.053345,1826.108333,899.054989
2020-12-13 22:00:00,wind,RTS_DAY_AHEAD,2329.7,1826.108333,503.591667
2020-12-13 23:00:00,wind,hist_gradient_boosting,872.119872,1787.0,914.880128
2020-12-13 23:00:00,wind,mlp,993.291382,1787.0,793.708618
2020-12-13 23:00:00,wind,RTS_DAY_AHEAD,2354.7,1787.0,567.7
2020-12-14 00:00:00,wind,hist_gradient_boosting,870.697743,1919.15,1048.452257
2020-12-14 00:00:00,wind,mlp,966.833618,1919.15,952.316382
2020-12-14 00:00:00,wind,RTS_DAY_AHEAD,2166.8,1919.15,247.65
2020-12-14 01:00:00,wind,hist_gradient_boosting,1153.634469,1708.825,555.190531
2020-12-14 01:00:00,wind,mlp,944.504089,1708.825,764.320911
2020-12-14 01:00:00,wind,RTS_DAY_AHEAD,2201.0,1708.825,492.175
2020-12-14 02:00:00,wind,hist_gradient_boosting,986.273714,1729.366667,743.092953
2020-12-14 02:00:00,wind,mlp,870.677124,1729.366667,858.689543
2020-12-14 02:00:00,wind,RTS_DAY_AHEAD,2136.6,1729.366667,407.233333
2020-12-14 03:00:00,wind,hist_gradient_boosting,548.174939,1581.908333,1033.733395
2020-12-14 03:00:00,wind,mlp,790.095825,1581.908333,791.812508
2020-12-14 03:00:00,wind,RTS_DAY_AHEAD,2061.0,1581.908333,479.091667
2020-12-14 04:00:00,wind,hist_gradient_boosting,591.509111,1320.816667,729.307556
2020-12-14 04:00:00,wind,mlp,784.137695,1320.816667,536.678971
2020-12-14 04:00:00,wind,RTS_DAY_AHEAD,1771.5,1320.816667,450.683333
2020-12-14 05:00:00,wind,hist_gradient_boosting,481.925757,1269.858333,787.932576
2020-12-14 05:00:00,wind,mlp,816.911926,1269.858333,452.946407
2020-12-14 05:00:00,wind,RTS_DAY_AHEAD,1650.8,1269.858333,380.941667
2020-12-14 06:00:00,wind,hist_gradient_boosting,481.925757,1720.85,1238.924243
2020-12-14 06:00:00,wind,mlp,751.905029,1720.85,968.944971
2020-12-14 06:00:00,wind,RTS_DAY_AHEAD,1783.0,1720.85,62.15
2020-12-14 07:00:00,wind,hist_gradient_boosting,536.128922,1934.441667,1398.312745
2020-12-14 07:00:00,wind,mlp,714.051514,1934.441667,1220.390153
2020-12-14 07:00:00,wind,RTS_DAY_AHEAD,1902.3,1934.441667,32.141667
2020-12-14 08:00:00,wind,hist_gradient_boosting,652.821897,2085.7,1432.878103
2020-12-14 08:00:00,wind,mlp,690.236938,2085.7,1395.463062
2020-12-14 08:00:00,wind,RTS_DAY_AHEAD,1894.1,2085.7,191.6
2020-12-14 09:00:00,wind,hist_gradient_boosting,633.682546,2132.75,1499.067454
2020-12-14 09:00:00,wind,mlp,682.488342,2132.75,1450.261658
2020-12-14 09:00:00,wind,RTS_DAY_AHEAD,2091.9,2132.75,40.85
2020-12-14 10:00:00,wind,hist_gradient_boosting,624.729895,2153.35,1528.620105
2020-12-14 10:00:00,wind,mlp,691.366211,2153.35,1461.983789
2020-12-14 10:00:00,wind,RTS_DAY_AHEAD,2177.0,2153.35,23.65
2020-12-14 11:00:00,wind,hist_gradient_boosting,532.825489,2039.966667,1507.141177
2020-12-14 11:00:00,wind,mlp,685.189819,2039.966667,1354.776847
2020-12-14 11:00:00,wind,RTS_DAY_AHEAD,2226.7,2039.966667,186.733333
2020-12-14 12:00:00,wind,hist_gradient_boosting,527.038966,2063.308333,1536.269367
2020-12-14 12:00:00,wind,mlp,723.287903,2063.308333,1340.020431
2020-12-14 12:00:00,wind,RTS_DAY_AHEAD,1988.7,2063.308333,74.608333
2020-12-14 13:00:00,wind,hist_gradient_boosting,511.580137,2171.325,1659.744863
2020-12-14 13:00:00,wind,mlp,844.53125,2171.325,1326.79375
2020-12-14 13:00:00,wind,RTS_DAY_AHEAD,1863.9,2171.325,307.425
2020-12-14 14:00:00,wind,hist_gradient_boosting,694.011268,2308.183333,1614.172065
2020-12-14 14:00:00,wind,mlp,817.642761,2308.183333,1490.540572
2020-12-14 14:00:00,wind,RTS_DAY_AHEAD,1990.2,2308.183333,317.983333
2020-12-14 15:00:00,wind,hist_gradient_boosting,789.980612,2426.491667,1636.511055
2020-12-14 15:00:00,wind,mlp,889.705933,2426.491667,1536.785734
2020-12-14 15:00:00,wind,RTS_DAY_AHEAD,2442.7,2426.491667,16.208333
2020-12-14 16:00:00,wind,hist_gradient_boosting,835.340582,2409.091667,1573.751085
2020-12-14 16:00:00,wind,mlp,920.708374,2409.091667,1488.383293
2020-12-14 16:00:00,wind,RTS_DAY_AHEAD,2453.6,2409.091667,44.508333
2020-12-14 17:00:00,wind,hist_gradient_boosting,1102.695578,2461.008333,1358.312756
2020-12-14 17:00:00,wind,mlp,862.099731,2461.008333,1598.908602
2020-12-14 17:00:00,wind,RTS_DAY_AHEAD,2426.7,2461.008333,34.308333
2020-12-14 18:00:00,wind,hist_gradient_boosting,1046.706055,2462.066667,1415.360611
2020-12-14 18:00:00,wind,mlp,876.228394,2462.066667,1585.838273
2020-12-14 18:00:00,wind,RTS_DAY_AHEAD,2325.1,2462.066667,136.966667
2020-12-14 19:00:00,wind,hist_gradient_boosting,985.505824,2441.291667,1455.785843
2020-12-14 19:00:00,wind,mlp,873.713196,2441.291667,1567.578471
2020-12-14 19:00:00,wind,RTS_DAY_AHEAD,2362.3,2441.291667,78.991667
2020-12-14 20:00:00,wind,hist_gradient_boosting,810.063348,2429.575,1619.511652
2020-12-14 20:00:00,wind,mlp,924.361328,2429.575,1505.213672
2020-12-14 20:00:00,wind,RTS_DAY_AHEAD,2469.9,2429.575,40.325
2020-12-14 21:00:00,wind,hist_gradient_boosting,1048.977608,2460.308333,1411.330725
2020-12-14 21:00:00,wind,mlp,901.995483,2460.308333,1558.31285
2020-12-14 21:00:00,wind,RTS_DAY_AHEAD,2438.1,2460.308333,22.208333
2020-12-14 22:00:00,wind,hist_gradient_boosting,1016.146867,2463.975,1447.828133
2020-12-14 22:00:00,wind,mlp,957.019348,2463.975,1506.955652
2020-12-14 22:00:00,wind,RTS_DAY_AHEAD,2340.6,2463.975,123.375
2020-12-14 23:00:00,wind,hist_gradient_boosting,1384.106871,2463.616667,1079.509795
2020-12-14 23:00:00,wind,mlp,1004.225464,2463.616667,1459.391203
2020-12-14 23:00:00,wind,RTS_DAY_AHEAD,2301.8,2463.616667,161.816667
2020-12-15 00:00:00,wind,hist_gradient_boosting,1355.847285,2464.575,1108.727715
2020-12-15 00:00:00,wind,mlp,1063.614624,2464.575,1400.960376
2020-12-15 00:00:00,wind,RTS_DAY_AHEAD,2391.8,2464.575,72.775
2020-12-15 01:00:00,wind,hist_gradient_boosting,1319.753195,2463.641667,1143.888472
2020-12-15 01:00:00,wind,mlp,1001.816406,2463.641667,1461.82526
2020-12-15 01:00:00,wind,RTS_DAY_AHEAD,2497.4,2463.641667,33.758333
2020-12-15 02:00:00,wind,hist_gradient_boosting,866.332924,2464.125,1597.792076
2020-12-15 02:00:00,wind,mlp,990.12323,2464.125,1474.00177
2020-12-15 02:00:00,wind,RTS_DAY_AHEAD,2502.0,2464.125,37.875
2020-12-15 03:00:00,wind,hist_gradient_boosting,893.558309,2466.708333,1573.150025
2020-12-15 03:00:00,wind,mlp,939.131348,2466.708333,1527.576986
2020-12-15 03:00:00,wind,RTS_DAY_AHEAD,2469.2,2466.708333,2.491667
2020-12-15 04:00:00,wind,hist_gradient_boosting,811.307884,2463.075,1651.767116
2020-12-15 04:00:00,wind,mlp,895.961426,2463.075,1567.113574
2020-12-15 04:00:00,wind,RTS_DAY_AHEAD,2473.4,2463.075,10.325
2020-12-15 05:00:00,wind,hist_gradient_boosting,723.318597,2464.258333,1740.939737
2020-12-15 05:00:00,wind,mlp,902.382141,2464.258333,1561.876192
2020-12-15 05:00:00,wind,RTS_DAY_AHEAD,2234.2,2464.258333,230.058333
2020-12-15 06:00:00,wind,hist_gradient_boosting,691.803463,2467.758333,1775.954871
2020-12-15 06:00:00,wind,mlp,990.694336,2467.758333,1477.063997
2020-12-15 06:00:00,wind,RTS_DAY_AHEAD,2254.4,2467.758333,213.358333
2020-12-15 07:00:00,wind,hist_gradient_boosting,635.412217,2463.783333,1828.371117
2020-12-15 07:00:00,wind,mlp,953.946899,2463.783333,1509.836434
2020-12-15 07:00:00,wind,RTS_DAY_AHEAD,2199.0,2463.783333,264.783333
2020-12-15 08:00:00,wind,hist_gradient_boosting,629.497576,2452.1,1822.602424
2020-12-15 08:00:00,wind,mlp,939.474426,2452.1,1512.625574
2020-12-15 08:00:00,wind,RTS_DAY_AHEAD,2024.0,2452.1,428.1
2020-12-15 09:00:00,wind,hist_gradient_boosting,599.511859,2457.6,1858.088141
2020-12-15 09:00:00,wind,mlp,924.243042,2457.6,1533.356958
2020-12-15 09:00:00,wind,RTS_DAY_AHEAD,2407.8,2457.6,49.8
2020-12-15 10:00:00,wind,hist_gradient_boosting,776.787382,2456.191667,1679.404285
2020-12-15 10:00:00,wind,mlp,928.35498,2456.191667,1527.836686
2020-12-15 10:00:00,wind,RTS_DAY_AHEAD,2402.2,2456.191667,53.991667
2020-12-15 11:00:00,wind,hist_gradient_boosting,910.695813,2385.716667,1475.020854
2020-12-15 11:00:00,wind,mlp,908.161926,2385.716667,1477.55474
2020-12-15 11:00:00,wind,RTS_DAY_AHEAD,2090.4,2385.716667,295.316667
2020-12-15 12:00:00,wind,hist_gradient_boosting,923.280502,2415.758333,1492.477831
2020-12-15 12:00:00,wind,mlp,940.458008,2415.758333,1475.300326
2020-12-15 12:00:00,wind,RTS_DAY_AHEAD,2398.3,2415.758333,17.458333
2020-12-15 13:00:00,wind,hist_gradient_boosting,993.979801,2453.525,1459.545199
2020-12-15 13:00:00,wind,mlp,1002.719543,2453.525,1450.805457
2020-12-15 13:00:00,wind,RTS_DAY_AHEAD,2448.9,2453.525,4.625
2020-12-15 14:00:00,wind,hist_gradient_boosting,1108.122644,2428.175,1320.052356
2020-12-15 14:00:00,wind,mlp,1044.611816,2428.175,1383.563184
2020-12-15 14:00:00,wind,RTS_DAY_AHEAD,2479.0,2428.175,50.825
2020-12-15 15:00:00,wind,hist_gradient_boosting,1308.877911,2387.591667,1078.713756
2020-12-15 15:00:00,wind,mlp,1090.130615,2387.591667,1297.461051
2020-12-15 15:00:00,wind,RTS_DAY_AHEAD,2419.3,2387.591667,31.708333
2020-12-15 16:00:00,wind,hist_gradient_boosting,1458.230779,2346.908333,888.677554
2020-12-15 16:00:00,wind,mlp,1093.347412,2346.908333,1253.560921
2020-12-15 16:00:00,wind,RTS_DAY_AHEAD,1847.2,2346.908333,499.708333
2020-12-15 17:00:00,wind,hist_gradient_boosting,1390.149516,2315.666667,925.517151
2020-12-15 17:00:00,wind,mlp,1115.817627,2315.666667,1199.84904
2020-12-15 17:00:00,wind,RTS_DAY_AHEAD,1331.2,2315.666667,984.466667
2020-12-15 18:00:00,wind,hist_gradient_boosting,1432.461309,2304.366667,871.905358
2020-12-15 18:00:00,wind,mlp,1117.562744,2304.366667,1186.803923
2020-12-15 18:00:00,wind,RTS_DAY_AHEAD,945.9,2304.366667,1358.466667
2020-12-15 19:00:00,wind,hist_gradient_boosting,1509.025838,2336.391667,827.365828
2020-12-15 19:00:00,wind,mlp,1124.56897,2336.391667,1211.822697
2020-12-15 19:00:00,wind,RTS_DAY_AHEAD,751.2,2336.391667,1585.191667
2020-12-15 20:00:00,wind,hist_gradient_boosting,1361.566377,2381.316667,1019.750289
2020-12-15 20:00:00,wind,mlp,1156.681274,2381.316667,1224.635392
2020-12-15 20:00:00,wind,RTS_DAY_AHEAD,1026.7,2381.316667,1354.616667
2020-12-15 21:00:00,wind,hist_gradient_boosting,1356.191777,2377.033333,1020.841556
2020-12-15 21:00:00,wind,mlp,1167.256958,2377.033333,1209.776375
2020-12-15 21:00:00,wind,RTS_DAY_AHEAD,1670.3,2377.033333,706.733333
2020-12-15 22:00:00,wind,hist_gradient_boosting,1228.489798,2345.125,1116.635202
2020-12-15 22:00:00,wind,mlp,1158.281494,2345.125,1186.843506
2020-12-15 22:00:00,wind,RTS_DAY_AHEAD,2035.1,2345.125,310.025
2020-12-15 23:00:00,wind,hist_gradient_boosting,1269.945542,2402.825,1132.879458
2020-12-15 23:00:00,wind,mlp,1164.701416,2402.825,1238.123584
2020-12-15 23:00:00,wind,RTS_DAY_AHEAD,2002.2,2402.825,400.625
2020-12-16 00:00:00,wind,hist_gradient_boosting,1228.489798,2284.933333,1056.443536
2020-12-16 00:00:00,wind,mlp,1187.382202,2284.933333,1097.551131
2020-12-16 00:00:00,wind,RTS_DAY_AHEAD,2240.4,2284.933333,44.533333
2020-12-16 01:00:00,wind,hist_gradient_boosting,1352.980671,2396.108333,1043.127662
2020-12-16 01:00:00,wind,mlp,1184.340454,2396.108333,1211.767879
2020-12-16 01:00:00,wind,RTS_DAY_AHEAD,2267.3,2396.108333,128.808333
2020-12-16 02:00:00,wind,hist_gradient_boosting,1345.382638,2462.816667,1117.434029
2020-12-16 02:00:00,wind,mlp,1190.491821,2462.816667,1272.324845
2020-12-16 02:00:00,wind,RTS_DAY_AHEAD,2245.1,2462.816667,217.716667
2020-12-16 03:00:00,wind,hist_gradient_boosting,1334.659461,2464.525,1129.865539
2020-12-16 03:00:00,wind,mlp,1184.579102,2464.525,1279.945898
2020-12-16 03:00:00,wind,RTS_DAY_AHEAD,2395.0,2464.525,69.525
2020-12-16 04:00:00,wind,hist_gradient_boosting,1444.346524,2460.975,1016.628476
2020-12-16 04:00:00,wind,mlp,1170.080322,2460.975,1290.894678
2020-12-16 04:00:00,wind,RTS_DAY_AHEAD,2483.8,2460.975,22.825
2020-12-16 05:00:00,wind,hist_gradient_boosting,1443.935006,2467.9,1023.964994
2020-12-16 05:00:00,wind,mlp,1164.744751,2467.9,1303.155249
2020-12-16 05:00:00,wind,RTS_DAY_AHEAD,2483.7,2467.9,15.8
2020-12-16 06:00:00,wind,hist_gradient_boosting,1367.573126,2457.7,1090.126874
2020-12-16 06:00:00,wind,mlp,1179.665405,2457.7,1278.034595
2020-12-16 06:00:00,wind,RTS_DAY_AHEAD,2498.4,2457.7,40.7
2020-12-16 07:00:00,wind,hist_gradient_boosting,1363.565933,2455.741667,1092.175734
2020-12-16 07:00:00,wind,mlp,1181.717529,2455.741667,1274.024137
2020-12-16 07:00:00,wind,RTS_DAY_AHEAD,2491.5,2455.741667,35.758333
2020-12-16 08:00:00,wind,hist_gradient_boosting,1548.728117,2462.2,913.471883
2020-12-16 08:00:00,wind,mlp,1178.827393,2462.2,1283.372607
2020-12-16 08:00:00,wind,RTS_DAY_AHEAD,2498.9,2462.2,36.7
2020-12-16 09:00:00,wind,hist_gradient_boosting,1348.786194,2463.208333,1114.422139
2020-12-16 09:00:00,wind,mlp,1176.011108,2463.208333,1287.197225
2020-12-16 09:00:00,wind,RTS_DAY_AHEAD,2500.9,2463.208333,37.691667
2020-12-16 10:00:00,wind,hist_gradient_boosting,1343.387624,2459.366667,1115.979043
2020-12-16 10:00:00,wind,mlp,1167.769165,2459.366667,1291.597502
2020-12-16 10:00:00,wind,RTS_DAY_AHEAD,2497.9,2459.366667,38.533333
2020-12-16 11:00:00,wind,hist_gradient_boosting,1596.189151,2330.708333,734.519182
2020-12-16 11:00:00,wind,mlp,1134.782471,2330.708333,1195.925863
2020-12-16 11:00:00,wind,RTS_DAY_AHEAD,2433.2,2330.708333,102.491667
2020-12-16 12:00:00,wind,hist_gradient_boosting,1509.667786,2328.0,818.332214
2020-12-16 12:00:00,wind,mlp,1142.232056,2328.0,1185.767944
2020-12-16 12:00:00,wind,RTS_DAY_AHEAD,2460.6,2328.0,132.6
2020-12-16 13:00:00,wind,hist_gradient_boosting,1558.543694,2340.733333,782.189639
2020-12-16 13:00:00,wind,mlp,1147.885986,2340.733333,1192.847347
2020-12-16 13:00:00,wind,RTS_DAY_AHEAD,2429.3,2340.733333,88.566667
2020-12-16 14:00:00,wind,hist_gradient_boosting,1582.429266,2347.266667,764.837401
2020-12-16 14:00:00,wind,mlp,1146.061279,2347.266667,1201.205387
2020-12-16 14:00:00,wind,RTS_DAY_AHEAD,2376.0,2347.266667,28.733333
2020-12-16 15:00:00,wind,hist_gradient_boosting,1618.804099,2361.716667,742.912568
2020-12-16 15:00:00,wind,mlp,1150.831665,2361.716667,1210.885002
2020-12-16 15:00:00,wind,RTS_DAY_AHEAD,2388.0,2361.716667,26.283333
2020-12-16 16:00:00,wind,hist_gradient_boosting,1618.804099,2433.45,814.645901
2020-12-16 16:00:00,wind,mlp,1149.917358,2433.45,1283.532642
2020-12-16 16:00:00,wind,RTS_DAY_AHEAD,2401.2,2433.45,32.25
2020-12-16 17:00:00,wind,hist_gradient_boosting,1739.487837,2454.516667,715.02883
2020-12-16 17:00:00,wind,mlp,1158.641602,2454.516667,1295.875065
2020-12-16 17:00:00,wind,RTS_DAY_AHEAD,2489.4,2454.516667,34.883333
2020-12-16 18:00:00,wind,hist_gradient_boosting,1810.16745,2470.291667,660.124217
2020-12-16 18:00:00,wind,mlp,1169.203125,2470.291667,1301.088542
2020-12-16 18:00:00,wind,RTS_DAY_AHEAD,2481.2,2470.291667,10.908333
2020-12-16 19:00:00,wind,hist_gradient_boosting,1618.804099,2466.408333,847.604235
2020-12-16 19:00:00,wind,mlp,1185.684814,2466.408333,1280.723519
2020-12-16 19:00:00,wind,RTS_DAY_AHEAD,2497.8,2466.408333,31.391667
2020-12-16 20:00:00,wind,hist_gradient_boosting,1618.804099,2465.983333,847.179235
2020-12-16 20:00:00,wind,mlp,1198.678101,2465.983333,1267.305233
2020-12-16 20:00:00,wind,RTS_DAY_AHEAD,2489.2,2465.983333,23.216667
2020-12-16 21:00:00,wind,hist_gradient_boosting,1739.487837,2462.808333,723.320496
2020-12-16 21:00:00,wind,mlp,1203.417236,2462.808333,1259.391097
2020-12-16 21:00:00,wind,RTS_DAY_AHEAD,2482.9,2462.808333,20.091667
2020-12-16 22:00:00,wind,hist_gradient_boosting,1810.284074,2426.891667,616.607592
2020-12-16 22:00:00,wind,mlp,1211.019775,2426.891667,1215.871891
2020-12-16 22:00:00,wind,RTS_DAY_AHEAD,2460.2,2426.891667,33.308333
2020-12-16 23:00:00,wind,hist_gradient_boosting,1810.284074,2412.391667,602.107592
2020-12-16 23:00:00,wind,mlp,1239.427002,2412.391667,1172.964665
2020-12-16 23:00:00,wind,RTS_DAY_AHEAD,2485.1,2412.391667,72.708333
2020-12-17 00:00:00,wind,hist_gradient_boosting,1810.284074,2433.95,623.665926
2020-12-17 00:00:00,wind,mlp,1199.735718,2433.95,1234.214282
2020-12-17 00:00:00,wind,RTS_DAY_AHEAD,2472.8,2433.95,38.85
2020-12-17 01:00:00,wind,hist_gradient_boosting,1801.665371,2274.041667,472.376295
2020-12-17 01:00:00,wind,mlp,1251.036377,2274.041667,1023.00529
2020-12-17 01:00:00,wind,RTS_DAY_AHEAD,2453.1,2274.041667,179.058333
2020-12-17 02:00:00,wind,hist_gradient_boosting,1810.284074,2116.058333,305.774259
2020-12-17 02:00:00,wind,mlp,1248.419312,2116.058333,867.639022
2020-12-17 02:00:00,wind,RTS_DAY_AHEAD,2406.0,2116.058333,289.941667
2020-12-17 03:00:00,wind,hist_gradient_boosting,1842.703012,1553.25,289.453012
2020-12-17 03:00:00,wind,mlp,1237.91333,1553.25,315.33667
2020-12-17 03:00:00,wind,RTS_DAY_AHEAD,2121.2,1553.25,567.95
2020-12-17 04:00:00,wind,hist_gradient_boosting,1837.30505,810.75,1026.55505
2020-12-17 04:00:00,wind,mlp,1235.310059,810.75,424.560059
2020-12-17 04:00:00,wind,RTS_DAY_AHEAD,1516.4,810.75,705.65
2020-12-17 05:00:00,wind,hist_gradient_boosting,1836.207816,326.6,1509.607816
2020-12-17 05:00:00,wind,mlp,1235.235107,326.6,908.635107
2020-12-17 05:00:00,wind,RTS_DAY_AHEAD,915.2,326.6,588.6
2020-12-17 06:00:00,wind,hist_gradient_boosting,1837.30505,109.125,1728.18005
2020-12-17 06:00:00,wind,mlp,1228.004517,109.125,1118.879517
2020-12-17 06:00:00,wind,RTS_DAY_AHEAD,475.0,109.125,365.875
2020-12-17 07:00:00,wind,hist_gradient_boosting,1836.207816,39.583333,1796.624482
2020-12-17 07:00:00,wind,mlp,1221.962646,39.583333,1182.379313
2020-12-17 07:00:00,wind,RTS_DAY_AHEAD,215.0,39.583333,175.416667
2020-12-17 08:00:00,wind,hist_gradient_boosting,1807.371633,48.241667,1759.129966
2020-12-17 08:00:00,wind,mlp,1213.042969,48.241667,1164.801302
2020-12-17 08:00:00,wind,RTS_DAY_AHEAD,123.1,48.241667,74.858333
2020-12-17 09:00:00,wind,hist_gradient_boosting,1813.088942,61.566667,1751.522275
2020-12-17 09:00:00,wind,mlp,1202.066162,61.566667,1140.499495
2020-12-17 09:00:00,wind,RTS_DAY_AHEAD,283.9,61.566667,222.333333
2020-12-17 10:00:00,wind,hist_gradient_boosting,1813.088942,74.666667,1738.422275
2020-12-17 10:00:00,wind,mlp,1191.945923,74.666667,1117.279256
2020-12-17 10:00:00,wind,RTS_DAY_AHEAD,319.9,74.666667,245.233333
2020-12-17 11:00:00,wind,hist_gradient_boosting,1624.386827,100.575,1523.811827
2020-12-17 11:00:00,wind,mlp,1147.213867,100.575,1046.638867
2020-12-17 11:00:00,wind,RTS_DAY_AHEAD,363.7,100.575,263.125
2020-12-17 12:00:00,wind,hist_gradient_boosting,1618.804099,118.65,1500.154099
2020-12-17 12:00:00,wind,mlp,1171.778564,118.65,1053.128564
2020-12-17 12:00:00,wind,RTS_DAY_AHEAD,573.6,118.65,454.95
2020-12-17 13:00:00,wind,hist_gradient_boosting,1734.450844,111.95,1622.500844
2020-12-17 13:00:00,wind,mlp,1173.887207,111.95,1061.937207
2020-12-17 13:00:00,wind,RTS_DAY_AHEAD,1173.7,111.95,1061.75
2020-12-17 14:00:00,wind,hist_gradient_boosting,1575.576196,476.833333,1098.742863
2020-12-17 14:00:00,wind,mlp,1170.748779,476.833333,693.915446
2020-12-17 14:00:00,wind,RTS_DAY_AHEAD,1305.2,476.833333,828.366667
2020-12-17 15:00:00,wind,hist_gradient_boosting,1521.537598,666.058333,855.479265
2020-12-17 15:00:00,wind,mlp,1171.741943,666.058333,505.68361
2020-12-17 15:00:00,wind,RTS_DAY_AHEAD,1972.7,666.058333,1306.641667
2020-12-17 16:00:00,wind,hist_gradient_boosting,1469.47095,717.558333,751.912617
2020-12-17 16:00:00,wind,mlp,1186.22876,717.558333,468.670426
2020-12-17 16:00:00,wind,RTS_DAY_AHEAD,1790.0,717.558333,1072.441667
2020-12-17 17:00:00,wind,hist_gradient_boosting,1518.346858,999.058333,519.288525
2020-12-17 17:00:00,wind,mlp,1180.948853,999.058333,181.890519
2020-12-17 17:00:00,wind,RTS_DAY_AHEAD,1476.9,999.058333,477.841667
2020-12-17 18:00:00,wind,hist_gradient_boosting,1582.429266,1678.641667,96.212401
2020-12-17 18:00:00,wind,mlp,1189.204468,1678.641667,489.437199
2020-12-17 18:00:00,wind,RTS_DAY_AHEAD,1379.8,1678.641667,298.841667
2020-12-17 19:00:00,wind,hist_gradient_boosting,1602.749245,2179.141667,576.392421
2020-12-17 19:00:00,wind,mlp,1197.123413,2179.141667,982.018254
2020-12-17 19:00:00,wind,RTS_DAY_AHEAD,2039.5,2179.141667,139.641667
2020-12-17 20:00:00,wind,hist_gradient_boosting,1643.979709,2323.575,679.595291
2020-12-17 20:00:00,wind,mlp,1211.935547,2323.575,1111.639453
2020-12-17 20:00:00,wind,RTS_DAY_AHEAD,2304.0,2323.575,19.575
2020-12-17 21:00:00,wind,hist_gradient_boosting,1643.979709,2391.808333,747.828624
2020-12-17 21:00:00,wind,mlp,1223.192993,2391.808333,1168.61534
2020-12-17 21:00:00,wind,RTS_DAY_AHEAD,2295.1,2391.808333,96.708333
2020-12-17 22:00:00,wind,hist_gradient_boosting,1589.488154,2461.791667,872.303513
2020-12-17 22:00:00,wind,mlp,1224.854736,2461.791667,1236.93693
2020-12-17 22:00:00,wind,RTS_DAY_AHEAD,2416.8,2461.791667,44.991667
2020-12-17 23:00:00,wind,hist_gradient_boosting,1618.920723,2465.05,846.129277
2020-12-17 23:00:00,wind,mlp,1241.028931,2465.05,1224.021069
2020-12-17 23:00:00,wind,RTS_DAY_AHEAD,2478.9,2465.05,13.85
2020-12-18 00:00:00,wind,hist_gradient_boosting,1500.914274,2464.45,963.535726
2020-12-18 00:00:00,wind,mlp,1234.265015,2464.45,1230.184985
2020-12-18 00:00:00,wind,RTS_DAY_AHEAD,2492.9,2464.45,28.45
2020-12-18 01:00:00,wind,hist_gradient_boosting,1587.61172,2445.3,857.68828
2020-12-18 01:00:00,wind,mlp,1205.526733,2445.3,1239.773267
2020-12-18 01:00:00,wind,RTS_DAY_AHEAD,2498.5,2445.3,53.2
2020-12-18 02:00:00,wind,hist_gradient_boosting,1773.63446,2453.266667,679.632207
2020-12-18 02:00:00,wind,mlp,1203.874634,2453.266667,1249.392033
2020-12-18 02:00:00,wind,RTS_DAY_AHEAD,2474.2,2453.266667,20.933333
2020-12-18 03:00:00,wind,hist_gradient_boosting,1419.492468,2451.458333,1031.965866
2020-12-18 03:00:00,wind,mlp,1106.004639,2451.458333,1345.453695
2020-12-18 03:00:00,wind,RTS_DAY_AHEAD,2305.8,2451.458333,145.658333
2020-12-18 04:00:00,wind,hist_gradient_boosting,1622.771582,1806.983333,184.211751
2020-12-18 04:00:00,wind,mlp,1032.527466,1806.983333,774.455868
2020-12-18 04:00:00,wind,RTS_DAY_AHEAD,2440.0,1806.983333,633.016667
2020-12-18 05:00:00,wind,hist_gradient_boosting,1082.287512,1050.775,31.512512
2020-12-18 05:00:00,wind,mlp,1011.811523,1050.775,38.963477
2020-12-18 05:00:00,wind,RTS_DAY_AHEAD,2278.5,1050.775,1227.725
2020-12-18 06:00:00,wind,hist_gradient_boosting,537.861866,162.425,375.436866
2020-12-18 06:00:00,wind,mlp,1014.661987,162.425,852.236987
2020-12-18 06:00:00,wind,RTS_DAY_AHEAD,1847.7,162.425,1685.275
2020-12-18 07:00:00,wind,hist_gradient_boosting,519.774339,127.608333,392.166006
2020-12-18 07:00:00,wind,mlp,1009.348145,127.608333,881.739811
2020-12-18 07:00:00,wind,RTS_DAY_AHEAD,2232.1,127.608333,2104.491667
2020-12-18 08:00:00,wind,hist_gradient_boosting,639.937148,85.966667,553.970482
2020-12-18 08:00:00,wind,mlp,995.861023,85.966667,909.894356
2020-12-18 08:00:00,wind,RTS_DAY_AHEAD,2328.3,85.966667,2242.333333
2020-12-18 09:00:00,wind,hist_gradient_boosting,722.75244,502.916667,219.835773
2020-12-18 09:00:00,wind,mlp,974.493469,502.916667,471.576803
2020-12-18 09:00:00,wind,RTS_DAY_AHEAD,2081.8,502.916667,1578.883333
2020-12-18 10:00:00,wind,hist_gradient_boosting,715.589166,865.275,149.685834
2020-12-18 10:00:00,wind,mlp,954.809082,865.275,89.534082
2020-12-18 10:00:00,wind,RTS_DAY_AHEAD,2085.8,865.275,1220.525
2020-12-18 11:00:00,wind,hist_gradient_boosting,587.879382,871.566667,283.687284
2020-12-18 11:00:00,wind,mlp,932.767944,871.566667,61.201278
2020-12-18 11:00:00,wind,RTS_DAY_AHEAD,2259.2,871.566667,1387.633333
2020-12-18 12:00:00,wind,hist_gradient_boosting,581.5207,883.683333,302.162633
2020-12-18 12:00:00,wind,mlp,921.56134,883.683333,37.878007
2020-12-18 12:00:00,wind,RTS_DAY_AHEAD,2212.6,883.683333,1328.916667
2020-12-18 13:00:00,wind,hist_gradient_boosting,569.24208,897.55,328.30792
2020-12-18 13:00:00,wind,mlp,912.420715,897.55,14.870715
2020-12-18 13:00:00,wind,RTS_DAY_AHEAD,2262.7,897.55,1365.15
2020-12-18 14:00:00,wind,hist_gradient_boosting,569.24208,963.433333,394.191253
2020-12-18 14:00:00,wind,mlp,991.194946,963.433333,27.761613
2020-12-18 14:00:00,wind,RTS_DAY_AHEAD,2114.8,963.433333,1151.366667
2020-12-18 15:00:00,wind,hist_gradient_boosting,593.437203,1073.466667,480.029464
2020-12-18 15:00:00,wind,mlp,993.855835,1073.466667,79.610832
2020-12-18 15:00:00,wind,RTS_DAY_AHEAD,2241.5,1073.466667,1168.033333
2020-12-18 16:00:00,wind,hist_gradient_boosting,816.89037,1177.483333,360.592963
2020-12-18 16:00:00,wind,mlp,986.689453,1177.483333,190.79388
2020-12-18 16:00:00,wind,RTS_DAY_AHEAD,2208.7,1177.483333,1031.216667
2020-12-18 17:00:00,wind,hist_gradient_boosting,758.297647,1280.233333,521.935686
2020-12-18 17:00:00,wind,mlp,1060.907837,1280.233333,219.325496
2020-12-18 17:00:00,wind,RTS_DAY_AHEAD,2163.7,1280.233333,883.466667
2020-12-18 18:00:00,wind,hist_gradient_boosting,830.302107,1383.65,553.347893
2020-12-18 18:00:00,wind,mlp,1190.953125,1383.65,192.696875
2020-12-18 18:00:00,wind,RTS_DAY_AHEAD,1865.3,1383.65,481.65
2020-12-18 19:00:00,wind,hist_gradient_boosting,1360.367257,1483.591667,123.224409
2020-12-18 19:00:00,wind,mlp,1219.401611,1483.591667,264.190055
2020-12-18 19:00:00,wind,RTS_DAY_AHEAD,1709.1,1483.591667,225.508333
2020-12-18 20:00:00,wind,hist_gradient_boosting,1629.417231,1576.666667,52.750564
2020-12-18 20:00:00,wind,mlp,1146.215088,1576.666667,430.451579
2020-12-18 20:00:00,wind,RTS_DAY_AHEAD,782.3,1576.666667,794.366667
2020-12-18 21:00:00,wind,hist_gradient_boosting,1660.753292,1477.466667,183.286626
2020-12-18 21:00:00,wind,mlp,1138.368408,1477.466667,339.098258
2020-12-18 21:00:00,wind,RTS_DAY_AHEAD,1044.8,1477.466667,432.666667
2020-12-18 22:00:00,wind,hist_gradient_boosting,1494.07862,1132.066667,362.011953
2020-12-18 22:00:00,wind,mlp,1149.827148,1132.066667,17.760482
2020-12-18 22:00:00,wind,RTS_DAY_AHEAD,1412.2,1132.066667,280.133333
2020-12-18 23:00:00,wind,hist_gradient_boosting,1641.486482,1560.95,80.536482
2020-12-18 23:00:00,wind,mlp,1142.965454,1560.95,417.984546
2020-12-18 23:00:00,wind,RTS_DAY_AHEAD,1032.5,1560.95,528.45
2020-12-19 00:00:00,wind,hist_gradient_boosting,1715.720848,1717.391667,1.670818
2020-12-19 00:00:00,wind,mlp,1136.925049,1717.391667,580.466618
2020-12-19 00:00:00,wind,RTS_DAY_AHEAD,1090.3,1717.391667,627.091667
2020-12-19 01:00:00,wind,hist_gradient_boosting,1473.570588,1481.466667,7.896079
2020-12-19 01:00:00,wind,mlp,1125.021851,1481.466667,356.444816
2020-12-19 01:00:00,wind,RTS_DAY_AHEAD,987.4,1481.466667,494.066667
2020-12-19 02:00:00,wind,hist_gradient_boosting,1318.031536,1435.408333,117.376798
2020-12-19 02:00:00,wind,mlp,1123.111572,1435.408333,312.296761
2020-12-19 02:00:00,wind,RTS_DAY_AHEAD,682.2,1435.408333,753.208333
2020-12-19 03:00:00,wind,hist_gradient_boosting,1428.610591,1370.416667,58.193925
2020-12-19 03:00:00,wind,mlp,1086.734375,1370.416667,283.682292
2020-12-19 03:00:00,wind,RTS_DAY_AHEAD,509.9,1370.416667,860.516667
2020-12-19 04:00:00,wind,hist_gradient_boosting,1626.228657,1450.325,175.903657
2020-12-19 04:00:00,wind,mlp,929.073059,1450.325,521.251941
2020-12-19 04:00:00,wind,RTS_DAY_AHEAD,458.5,1450.325,991.825
2020-12-19 05:00:00,wind,hist_gradient_boosting,760.24675,1533.766667,773.519917
2020-12-19 05:00:00,wind,mlp,810.455444,1533.766667,723.311222
2020-12-19 05:00:00,wind,RTS_DAY_AHEAD,302.3,1533.766667,1231.466667
2020-12-19 06:00:00,wind,hist_gradient_boosting,919.449246,1556.5,637.050754
2020-12-19 06:00:00,wind,mlp,691.327148,1556.5,865.172852
2020-12-19 06:00:00,wind,RTS_DAY_AHEAD,356.8,1556.5,1199.7
2020-12-19 07:00:00,wind,hist_gradient_boosting,542.692466,1478.033333,935.340868
2020-12-19 07:00:00,wind,mlp,768.166382,1478.033333,709.866951
2020-12-19 07:00:00,wind,RTS_DAY_AHEAD,664.6,1478.033333,813.433333
2020-12-19 08:00:00,wind,hist_gradient_boosting,507.373948,1364.441667,857.067718
2020-12-19 08:00:00,wind,mlp,748.890503,1364.441667,615.551164
2020-12-19 08:00:00,wind,RTS_DAY_AHEAD,707.1,1364.441667,657.341667
2020-12-19 09:00:00,wind,hist_gradient_boosting,521.545537,1242.275,720.729463
2020-12-19 09:00:00,wind,mlp,845.670105,1242.275,396.604895
2020-12-19 09:00:00,wind,RTS_DAY_AHEAD,760.6,1242.275,481.675
2020-12-19 10:00:00,wind,hist_gradient_boosting,1230.320053,970.341667,259.978386
2020-12-19 10:00:00,wind,mlp,852.685913,970.341667,117.655754
2020-12-19 10:00:00,wind,RTS_DAY_AHEAD,678.8,970.341667,291.541667
2020-12-19 11:00:00,wind,hist_gradient_boosting,934.52951,806.208333,128.321177
2020-12-19 11:00:00,wind,mlp,776.42395,806.208333,29.784383
2020-12-19 11:00:00,wind,RTS_DAY_AHEAD,632.5,806.208333,173.708333
2020-12-19 12:00:00,wind,hist_gradient_boosting,815.706345,516.866667,298.839678
2020-12-19 12:00:00,wind,mlp,778.92749,516.866667,262.060824
2020-12-19 12:00:00,wind,RTS_DAY_AHEAD,477.6,516.866667,39.266667
2020-12-19 13:00:00,wind,hist_gradient_boosting,823.270262,326.541667,496.728595
2020-12-19 13:00:00,wind,mlp,785.047058,326.541667,458.505391
2020-12-19 13:00:00,wind,RTS_DAY_AHEAD,332.4,326.541667,5.858333
2020-12-19 14:00:00,wind,hist_gradient_boosting,752.417251,282.1,470.317251
2020-12-19 14:00:00,wind,mlp,845.585571,282.1,563.485571
2020-12-19 14:00:00,wind,RTS_DAY_AHEAD,252.1,282.1,30.0
2020-12-19 15:00:00,wind,hist_gradient_boosting,850.160592,321.25,528.910592
2020-12-19 15:00:00,wind,mlp,898.398621,321.25,577.148621
2020-12-19 15:00:00,wind,RTS_DAY_AHEAD,228.6,321.25,92.65
2020-12-19 16:00:00,wind,hist_gradient_boosting,799.081706,225.116667,573.965039
2020-12-19 16:00:00,wind,mlp,928.171509,225.116667,703.054842
2020-12-19 16:00:00,wind,RTS_DAY_AHEAD,311.8,225.116667,86.683333
2020-12-19 17:00:00,wind,hist_gradient_boosting,1048.450846,167.483333,880.967513
2020-12-19 17:00:00,wind,mlp,973.491211,167.483333,806.007878
2020-12-19 17:00:00,wind,RTS_DAY_AHEAD,219.2,167.483333,51.716667
2020-12-19 18:00:00,wind,hist_gradient_boosting,1140.370588,96.008333,1044.362254
2020-12-19 18:00:00,wind,mlp,1035.405396,96.008333,939.397062
2020-12-19 18:00:00,wind,RTS_DAY_AHEAD,145.9,96.008333,49.891667
2020-12-19 19:00:00,wind,hist_gradient_boosting,821.148307,97.033333,724.114973
2020-12-19 19:00:00,wind,mlp,1080.259766,97.033333,983.226432
2020-12-19 19:00:00,wind,RTS_DAY_AHEAD,90.7,97.033333,6.333333
2020-12-19 20:00:00,wind,hist_gradient_boosting,1079.858157,103.058333,976.799824
2020-12-19 20:00:00,wind,mlp,1100.115112,103.058333,997.056779
2020-12-19 20:00:00,wind,RTS_DAY_AHEAD,77.9,103.058333,25.158333
2020-12-19 21:00:00,wind,hist_gradient_boosting,1154.7405,108.241667,1046.498833
2020-12-19 21:00:00,wind,mlp,1060.841431,108.241667,952.599764
2020-12-19 21:00:00,wind,RTS_DAY_AHEAD,38.1,108.241667,70.141667
2020-12-19 22:00:00,wind,hist_gradient_boosting,1441.826385,86.5,1355.326385
2020-12-19 22:00:00,wind,mlp,999.934448,86.5,913.434448
2020-12-19 22:00:00,wind,RTS_DAY_AHEAD,43.5,86.5,43.0
2020-12-19 23:00:00,wind,hist_gradient_boosting,660.726517,70.616667,590.10985
2020-12-19 23:00:00,wind,mlp,1198.712769,70.616667,1128.096102
2020-12-19 23:00:00,wind,RTS_DAY_AHEAD,40.0,70.616667,30.616667
2020-12-20 00:00:00,wind,hist_gradient_boosting,1438.448947,81.1,1357.348947
2020-12-20 00:00:00,wind,mlp,1152.279907,81.1,1071.179907
2020-12-20 00:00:00,wind,RTS_DAY_AHEAD,29.3,81.1,51.8
2020-12-20 01:00:00,wind,hist_gradient_boosting,1419.859215,103.533333,1316.325882
2020-12-20 01:00:00,wind,mlp,1053.980713,103.533333,950.44738
2020-12-20 01:00:00,wind,RTS_DAY_AHEAD,59.8,103.533333,43.733333
2020-12-20 02:00:00,wind,hist_gradient_boosting,1320.468976,130.891667,1189.577309
2020-12-20 02:00:00,wind,mlp,1082.525757,130.891667,951.63409
2020-12-20 02:00:00,wind,RTS_DAY_AHEAD,91.5,130.891667,39.391667
2020-12-20 03:00:00,wind,hist_gradient_boosting,1029.501526,208.025,821.476526
2020-12-20 03:00:00,wind,mlp,1061.812622,208.025,853.787622
2020-12-20 03:00:00,wind,RTS_DAY_AHEAD,111.8,208.025,96.225
2020-12-20 04:00:00,wind,hist_gradient_boosting,1104.876659,218.675,886.201659
2020-12-20 04:00:00,wind,mlp,1047.169556,218.675,828.494556
2020-12-20 04:00:00,wind,RTS_DAY_AHEAD,85.7,218.675,132.975
2020-12-20 05:00:00,wind,hist_gradient_boosting,1121.925598,231.091667,890.833931
2020-12-20 05:00:00,wind,mlp,1019.693481,231.091667,788.601815
2020-12-20 05:00:00,wind,RTS_DAY_AHEAD,63.9,231.091667,167.191667
2020-12-20 06:00:00,wind,hist_gradient_boosting,744.150624,254.233333,489.917291
2020-12-20 06:00:00,wind,mlp,947.463013,254.233333,693.229679
2020-12-20 06:00:00,wind,RTS_DAY_AHEAD,80.0,254.233333,174.233333
2020-12-20 07:00:00,wind,hist_gradient_boosting,811.148801,248.625,562.523801
2020-12-20 07:00:00,wind,mlp,902.876343,248.625,654.251343
2020-12-20 07:00:00,wind,RTS_DAY_AHEAD,77.2,248.625,171.425
2020-12-20 08:00:00,wind,hist_gradient_boosting,1181.799588,141.5,1040.299588
2020-12-20 08:00:00,wind,mlp,864.280884,141.5,722.780884
2020-12-20 08:00:00,wind,RTS_DAY_AHEAD,80.7,141.5,60.8
2020-12-20 09:00:00,wind,hist_gradient_boosting,624.303162,75.008333,549.294829
2020-12-20 09:00:00,wind,mlp,873.07312,75.008333,798.064787
2020-12-20 09:00:00,wind,RTS_DAY_AHEAD,63.5,75.008333,11.508333
2020-12-20 10:00:00,wind,hist_gradient_boosting,771.617647,45.883333,725.734313
2020-12-20 10:00:00,wind,mlp,851.303894,45.883333,805.420561
2020-12-20 10:00:00,wind,RTS_DAY_AHEAD,78.2,45.883333,32.316667
2020-12-20 11:00:00,wind,hist_gradient_boosting,1134.475597,46.808333,1087.667264
2020-12-20 11:00:00,wind,mlp,839.526245,46.808333,792.717912
2020-12-20 11:00:00,wind,RTS_DAY_AHEAD,46.9,46.808333,0.091667
2020-12-20 12:00:00,wind,hist_gradient_boosting,1084.71951,53.091667,1031.627844
2020-12-20 12:00:00,wind,mlp,793.876831,53.091667,740.785164
2020-12-20 12:00:00,wind,RTS_DAY_AHEAD,20.4,53.091667,32.691667
2020-12-20 13:00:00,wind,hist_gradient_boosting,1016.29067,60.475,955.81567
2020-12-20 13:00:00,wind,mlp,776.643616,60.475,716.168616
2020-12-20 13:00:00,wind,RTS_DAY_AHEAD,25.7,60.475,34.775
2020-12-20 14:00:00,wind,hist_gradient_boosting,1168.867131,65.866667,1103.000464
2020-12-20 14:00:00,wind,mlp,787.222046,65.866667,721.355379
2020-12-20 14:00:00,wind,RTS_DAY_AHEAD,15.0,65.866667,50.866667
2020-12-20 15:00:00,wind,hist_gradient_boosting,929.028135,61.766667,867.261468
2020-12-20 15:00:00,wind,mlp,814.643738,61.766667,752.877071
2020-12-20 15:00:00,wind,RTS_DAY_AHEAD,29.4,61.766667,32.366667
2020-12-20 16:00:00,wind,hist_gradient_boosting,867.076259,62.308333,804.767925
2020-12-20 16:00:00,wind,mlp,794.47467,62.308333,732.166337
2020-12-20 16:00:00,wind,RTS_DAY_AHEAD,37.6,62.308333,24.708333
2020-12-20 17:00:00,wind,hist_gradient_boosting,745.293746,58.833333,686.460413
2020-12-20 17:00:00,wind,mlp,808.665588,58.833333,749.832255
2020-12-20 17:00:00,wind,RTS_DAY_AHEAD,100.2,58.833333,41.366667
2020-12-20 18:00:00,wind,hist_gradient_boosting,648.651358,55.666667,592.984692
2020-12-20 18:00:00,wind,mlp,816.585815,55.666667,760.919149
2020-12-20 18:00:00,wind,RTS_DAY_AHEAD,126.3,55.666667,70.633333
2020-12-20 19:00:00,wind,hist_gradient_boosting,661.541335,68.016667,593.524668
2020-12-20 19:00:00,wind,mlp,857.024597,68.016667,789.007931
2020-12-20 19:00:00,wind,RTS_DAY_AHEAD,236.6,68.016667,168.583333
2020-12-20 20:00:00,wind,hist_gradient_boosting,661.541335,72.916667,588.624668
2020-12-20 20:00:00,wind,mlp,874.842285,72.916667,801.925618
2020-12-20 20:00:00,wind,RTS_DAY_AHEAD,296.7,72.916667,223.783333
2020-12-20 21:00:00,wind,hist_gradient_boosting,654.913881,69.433333,585.480548
2020-12-20 21:00:00,wind,mlp,878.312988,69.433333,808.879655
2020-12-20 21:00:00,wind,RTS_DAY_AHEAD,240.8,69.433333,171.366667
2020-12-20 22:00:00,wind,hist_gradient_boosting,527.176849,60.008333,467.168515
2020-12-20 22:00:00,wind,mlp,871.467163,60.008333,811.45883
2020-12-20 22:00:00,wind,RTS_DAY_AHEAD,136.3,60.008333,76.291667
2020-12-20 23:00:00,wind,hist_gradient_boosting,735.661352,48.083333,687.578018
2020-12-20 23:00:00,wind,mlp,912.305176,48.083333,864.221842
2020-12-20 23:00:00,wind,RTS_DAY_AHEAD,101.0,48.083333,52.916667
2020-12-21 00:00:00,wind,hist_gradient_boosting,735.661352,40.283333,695.378018
2020-12-21 00:00:00,wind,mlp,933.295715,40.283333,893.012382
2020-12-21 00:00:00,wind,RTS_DAY_AHEAD,82.5,40.283333,42.216667
2020-12-21 01:00:00,wind,hist_gradient_boosting,588.890719,36.2,552.690719
2020-12-21 01:00:00,wind,mlp,917.865234,36.2,881.665234
2020-12-21 01:00:00,wind,RTS_DAY_AHEAD,57.1,36.2,20.9
2020-12-21 02:00:00,wind,hist_gradient_boosting,541.471492,33.016667,508.454825
2020-12-21 02:00:00,wind,mlp,900.955933,33.016667,867.939266
2020-12-21 02:00:00,wind,RTS_DAY_AHEAD,35.3,33.016667,2.283333
2020-12-21 03:00:00,wind,hist_gradient_boosting,560.689302,29.666667,531.022635
2020-12-21 03:00:00,wind,mlp,887.687012,29.666667,858.020345
2020-12-21 03:00:00,wind,RTS_DAY_AHEAD,66.2,29.666667,36.533333
2020-12-21 04:00:00,wind,hist_gradient_boosting,692.64766,35.2,657.44766
2020-12-21 04:00:00,wind,mlp,854.985718,35.2,819.785718
2020-12-21 04:00:00,wind,RTS_DAY_AHEAD,68.3,35.2,33.1
2020-12-21 05:00:00,wind,hist_gradient_boosting,692.64766,41.283333,651.364327
2020-12-21 05:00:00,wind,mlp,845.085632,41.283333,803.802299
2020-12-21 05:00:00,wind,RTS_DAY_AHEAD,74.3,41.283333,33.016667
2020-12-21 06:00:00,wind,hist_gradient_boosting,690.226711,40.408333,649.818378
2020-12-21 06:00:00,wind,mlp,824.463196,40.408333,784.054862
2020-12-21 06:00:00,wind,RTS_DAY_AHEAD,97.7,40.408333,57.291667
2020-12-21 07:00:00,wind,hist_gradient_boosting,649.199581,38.316667,610.882915
2020-12-21 07:00:00,wind,mlp,788.447632,38.316667,750.130965
2020-12-21 07:00:00,wind,RTS_DAY_AHEAD,104.8,38.316667,66.483333
2020-12-21 08:00:00,wind,hist_gradient_boosting,661.211397,37.633333,623.578064
2020-12-21 08:00:00,wind,mlp,740.599976,37.633333,702.966642
2020-12-21 08:00:00,wind,RTS_DAY_AHEAD,99.2,37.633333,61.566667
2020-12-21 09:00:00,wind,hist_gradient_boosting,523.392172,39.241667,484.150505
2020-12-21 09:00:00,wind,mlp,714.258179,39.241667,675.016512
2020-12-21 09:00:00,wind,RTS_DAY_AHEAD,86.2,39.241667,46.958333
2020-12-21 10:00:00,wind,hist_gradient_boosting,573.150774,35.408333,537.74244
2020-12-21 10:00:00,wind,mlp,682.543945,35.408333,647.135612
2020-12-21 10:00:00,wind,RTS_DAY_AHEAD,90.4,35.408333,54.991667
2020-12-21 11:00:00,wind,hist_gradient_boosting,487.266258,38.391667,448.874591
2020-12-21 11:00:00,wind,mlp,665.681274,38.391667,627.289608
2020-12-21 11:00:00,wind,RTS_DAY_AHEAD,51.3,38.391667,12.908333
2020-12-21 12:00:00,wind,hist_gradient_boosting,453.900433,48.291667,405.608766
2020-12-21 12:00:00,wind,mlp,643.603821,48.291667,595.312154
2020-12-21 12:00:00,wind,RTS_DAY_AHEAD,28.3,48.291667,19.991667
2020-12-21 13:00:00,wind,hist_gradient_boosting,426.717622,46.95,379.767622
2020-12-21 13:00:00,wind,mlp,642.092102,46.95,595.142102
2020-12-21 13:00:00,wind,RTS_DAY_AHEAD,39.0,46.95,7.95
2020-12-21 14:00:00,wind,hist_gradient_boosting,389.885478,49.125,340.760478
2020-12-21 14:00:00,wind,mlp,654.211792,49.125,605.086792
2020-12-21 14:00:00,wind,RTS_DAY_AHEAD,36.8,49.125,12.325
2020-12-21 15:00:00,wind,hist_gradient_boosting,543.975102,66.725,477.250102
2020-12-21 15:00:00,wind,mlp,681.453979,66.725,614.728979
2020-12-21 15:00:00,wind,RTS_DAY_AHEAD,24.7,66.725,42.025
2020-12-21 16:00:00,wind,hist_gradient_boosting,387.870706,85.641667,302.229039
2020-12-21 16:00:00,wind,mlp,697.72583,85.641667,612.084163
2020-12-21 16:00:00,wind,RTS_DAY_AHEAD,59.4,85.641667,26.241667
2020-12-21 17:00:00,wind,hist_gradient_boosting,382.869126,59.116667,323.75246
2020-12-21 17:00:00,wind,mlp,701.176758,59.116667,642.060091
2020-12-21 17:00:00,wind,RTS_DAY_AHEAD,90.9,59.116667,31.783333
2020-12-21 18:00:00,wind,hist_gradient_boosting,421.969638,41.55,380.419638
2020-12-21 18:00:00,wind,mlp,707.549805,41.55,665.999805
2020-12-21 18:00:00,wind,RTS_DAY_AHEAD,93.3,41.55,51.75
2020-12-21 19:00:00,wind,hist_gradient_boosting,421.969638,32.708333,389.261304
2020-12-21 19:00:00,wind,mlp,717.901489,32.708333,685.193156
2020-12-21 19:00:00,wind,RTS_DAY_AHEAD,227.2,32.708333,194.491667
2020-12-21 20:00:00,wind,hist_gradient_boosting,609.270462,27.55,581.720462
2020-12-21 20:00:00,wind,mlp,734.212097,27.55,706.662097
2020-12-21 20:00:00,wind,RTS_DAY_AHEAD,364.2,27.55,336.65
2020-12-21 21:00:00,wind,hist_gradient_boosting,555.422083,30.025,525.397083
2020-12-21 21:00:00,wind,mlp,741.200073,30.025,711.175073
2020-12-21 21:00:00,wind,RTS_DAY_AHEAD,292.6,30.025,262.575
2020-12-21 22:00:00,wind,hist_gradient_boosting,555.422083,28.166667,527.255417
2020-12-21 22:00:00,wind,mlp,747.859314,28.166667,719.692647
2020-12-21 22:00:00,wind,RTS_DAY_AHEAD,236.5,28.166667,208.333333
2020-12-21 23:00:00,wind,hist_gradient_boosting,388.007207,56.116667,331.890541
2020-12-21 23:00:00,wind,mlp,755.569275,56.116667,699.452608
2020-12-21 23:00:00,wind,RTS_DAY_AHEAD,169.0,56.116667,112.883333
2020-12-22 00:00:00,wind,hist_gradient_boosting,368.121259,34.75,333.371259
2020-12-22 00:00:00,wind,mlp,789.732239,34.75,754.982239
2020-12-22 00:00:00,wind,RTS_DAY_AHEAD,252.4,34.75,217.65
2020-12-22 01:00:00,wind,hist_gradient_boosting,327.891038,21.183333,306.707705
2020-12-22 01:00:00,wind,mlp,793.272644,21.183333,772.089311
2020-12-22 01:00:00,wind,RTS_DAY_AHEAD,223.8,21.183333,202.616667
2020-12-22 02:00:00,wind,hist_gradient_boosting,332.151235,21.008333,311.142902
2020-12-22 02:00:00,wind,mlp,793.121399,21.008333,772.113066
2020-12-22 02:00:00,wind,RTS_DAY_AHEAD,269.2,21.008333,248.191667
2020-12-22 03:00:00,wind,hist_gradient_boosting,333.088427,18.241667,314.84676
2020-12-22 03:00:00,wind,mlp,783.416626,18.241667,765.174959
2020-12-22 03:00:00,wind,RTS_DAY_AHEAD,214.3,18.241667,196.058333
2020-12-22 04:00:00,wind,hist_gradient_boosting,389.806519,20.8,369.006519
2020-12-22 04:00:00,wind,mlp,762.60498,20.8,741.80498
2020-12-22 04:00:00,wind,RTS_DAY_AHEAD,199.3,20.8,178.5
2020-12-22 05:00:00,wind,hist_gradient_boosting,389.806519,23.566667,366.239853
2020-12-22 05:00:00,wind,mlp,744.120239,23.566667,720.553573
2020-12-22 05:00:00,wind,RTS_DAY_AHEAD,208.8,23.566667,185.233333
2020-12-22 06:00:00,wind,hist_gradient_boosting,329.769309,20.158333,309.610975
2020-12-22 06:00:00,wind,mlp,736.985535,20.158333,716.827201
2020-12-22 06:00:00,wind,RTS_DAY_AHEAD,211.5,20.158333,191.341667
2020-12-22 07:00:00,wind,hist_gradient_boosting,328.82823,17.083333,311.744896
2020-12-22 07:00:00,wind,mlp,718.918762,17.083333,701.835429
2020-12-22 07:00:00,wind,RTS_DAY_AHEAD,190.7,17.083333,173.616667
2020-12-22 08:00:00,wind,hist_gradient_boosting,327.891038,16.975,310.916038
2020-12-22 08:00:00,wind,mlp,694.966492,16.975,677.991492
2020-12-22 08:00:00,wind,RTS_DAY_AHEAD,136.4,16.975,119.425
2020-12-22 09:00:00,wind,hist_gradient_boosting,332.151235,26.05,306.101235
2020-12-22 09:00:00,wind,mlp,673.999084,26.05,647.949084
2020-12-22 09:00:00,wind,RTS_DAY_AHEAD,88.6,26.05,62.55
2020-12-22 10:00:00,wind,hist_gradient_boosting,327.891038,27.158333,300.732705
2020-12-22 10:00:00,wind,mlp,657.015991,27.158333,629.857658
2020-12-22 10:00:00,wind,RTS_DAY_AHEAD,70.3,27.158333,43.141667
2020-12-22 11:00:00,wind,hist_gradient_boosting,332.151235,21.241667,310.909568
2020-12-22 11:00:00,wind,mlp,644.150085,21.241667,622.908419
2020-12-22 11:00:00,wind,RTS_DAY_AHEAD,75.2,21.241667,53.958333
2020-12-22 12:00:00,wind,hist_gradient_boosting,327.891038,29.291667,298.599372
2020-12-22 12:00:00,wind,mlp,644.248413,29.291667,614.956746
2020-12-22 12:00:00,wind,RTS_DAY_AHEAD,25.9,29.291667,3.391667
2020-12-22 13:00:00,wind,hist_gradient_boosting,421.969638,24.441667,397.527971
2020-12-22 13:00:00,wind,mlp,649.765686,24.441667,625.324019
2020-12-22 13:00:00,wind,RTS_DAY_AHEAD,10.5,24.441667,13.941667
2020-12-22 14:00:00,wind,hist_gradient_boosting,433.777195,17.925,415.852195
2020-12-22 14:00:00,wind,mlp,663.771973,17.925,645.846973
2020-12-22 14:00:00,wind,RTS_DAY_AHEAD,12.6,17.925,5.325
2020-12-22 15:00:00,wind,hist_gradient_boosting,426.564809,15.791667,410.773142
2020-12-22 15:00:00,wind,mlp,679.901001,15.791667,664.109334
2020-12-22 15:00:00,wind,RTS_DAY_AHEAD,9.3,15.791667,6.491667
2020-12-22 16:00:00,wind,hist_gradient_boosting,815.738198,17.183333,798.554865
2020-12-22 16:00:00,wind,mlp,692.013428,17.183333,674.830094
2020-12-22 16:00:00,wind,RTS_DAY_AHEAD,6.2,17.183333,10.983333
2020-12-22 17:00:00,wind,hist_gradient_boosting,354.809921,24.525,330.284921
2020-12-22 17:00:00,wind,mlp,698.959351,24.525,674.434351
2020-12-22 17:00:00,wind,RTS_DAY_AHEAD,13.1,24.525,11.425
2020-12-22 18:00:00,wind,hist_gradient_boosting,328.219321,32.233333,295.985987
2020-12-22 18:00:00,wind,mlp,709.248535,32.233333,677.015202
2020-12-22 18:00:00,wind,RTS_DAY_AHEAD,24.0,32.233333,8.233333
2020-12-22 19:00:00,wind,hist_gradient_boosting,331.172877,34.925,296.247877
2020-12-22 19:00:00,wind,mlp,720.331299,34.925,685.406299
2020-12-22 19:00:00,wind,RTS_DAY_AHEAD,46.2,34.925,11.275
2020-12-22 20:00:00,wind,hist_gradient_boosting,335.433074,24.783333,310.649741
2020-12-22 20:00:00,wind,mlp,730.812866,24.783333,706.029533
2020-12-22 20:00:00,wind,RTS_DAY_AHEAD,54.0,24.783333,29.216667
2020-12-22 21:00:00,wind,hist_gradient_boosting,335.433074,18.5,316.933074
2020-12-22 21:00:00,wind,mlp,743.406921,18.5,724.906921
2020-12-22 21:00:00,wind,RTS_DAY_AHEAD,32.2,18.5,13.7
2020-12-22 22:00:00,wind,hist_gradient_boosting,335.433074,16.325,319.108074
2020-12-22 22:00:00,wind,mlp,752.293335,16.325,735.968335
2020-12-22 22:00:00,wind,RTS_DAY_AHEAD,31.9,16.325,15.575
2020-12-22 23:00:00,wind,hist_gradient_boosting,335.433074,17.25,318.183074
2020-12-22 23:00:00,wind,mlp,770.06488,17.25,752.81488
2020-12-22 23:00:00,wind,RTS_DAY_AHEAD,11.7,17.25,5.55
2020-12-23 00:00:00,wind,hist_gradient_boosting,328.219321,17.2,311.019321
2020-12-23 00:00:00,wind,mlp,809.262817,17.2,792.062817
2020-12-23 00:00:00,wind,RTS_DAY_AHEAD,2.0,17.2,15.2
2020-12-23 01:00:00,wind,hist_gradient_boosting,335.433074,17.566667,317.866407
2020-12-23 01:00:00,wind,mlp,811.0802,17.566667,793.513534
2020-12-23 01:00:00,wind,RTS_DAY_AHEAD,3.0,17.566667,14.566667
2020-12-23 02:00:00,wind,hist_gradient_boosting,335.433074,15.866667,319.566407
2020-12-23 02:00:00,wind,mlp,809.448914,15.866667,793.582247
2020-12-23 02:00:00,wind,RTS_DAY_AHEAD,4.6,15.866667,11.266667
2020-12-23 03:00:00,wind,hist_gradient_boosting,335.433074,16.291667,319.141407
2020-12-23 03:00:00,wind,mlp,798.30188,16.291667,782.010213
2020-12-23 03:00:00,wind,RTS_DAY_AHEAD,28.8,16.291667,12.508333
2020-12-23 04:00:00,wind,hist_gradient_boosting,335.433074,16.808333,318.624741
2020-12-23 04:00:00,wind,mlp,786.769165,16.808333,769.960832
2020-12-23 04:00:00,wind,RTS_DAY_AHEAD,25.6,16.808333,8.791667
2020-12-23 05:00:00,wind,hist_gradient_boosting,335.433074,19.975,315.458074
2020-12-23 05:00:00,wind,mlp,771.608704,19.975,751.633704
2020-12-23 05:00:00,wind,RTS_DAY_AHEAD,25.7,19.975,5.725
2020-12-23 06:00:00,wind,hist_gradient_boosting,335.433074,17.033333,318.399741
2020-12-23 06:00:00,wind,mlp,748.896606,17.033333,731.863273
2020-12-23 06:00:00,wind,RTS_DAY_AHEAD,27.0,17.033333,9.966667
2020-12-23 07:00:00,wind,hist_gradient_boosting,335.433074,16.433333,318.999741
2020-12-23 07:00:00,wind,mlp,726.350952,16.433333,709.917619
2020-12-23 07:00:00,wind,RTS_DAY_AHEAD,14.5,16.433333,1.933333
2020-12-23 08:00:00,wind,hist_gradient_boosting,330.804827,16.45,314.354827
2020-12-23 08:00:00,wind,mlp,704.77002,16.45,688.32002
2020-12-23 08:00:00,wind,RTS_DAY_AHEAD,8.8,16.45,7.65
2020-12-23 09:00:00,wind,hist_gradient_boosting,330.804827,16.733333,314.071493
2020-12-23 09:00:00,wind,mlp,689.628601,16.733333,672.895268
2020-12-23 09:00:00,wind,RTS_DAY_AHEAD,19.0,16.733333,2.266667
2020-12-23 10:00:00,wind,hist_gradient_boosting,335.433074,16.208333,319.224741
2020-12-23 10:00:00,wind,mlp,675.858276,16.208333,659.649943
2020-12-23 10:00:00,wind,RTS_DAY_AHEAD,56.1,16.208333,39.891667
2020-12-23 11:00:00,wind,hist_gradient_boosting,335.433074,16.383333,319.049741
2020-12-23 11:00:00,wind,mlp,665.204712,16.383333,648.821379
2020-12-23 11:00:00,wind,RTS_DAY_AHEAD,91.6,16.383333,75.216667
2020-12-23 12:00:00,wind,hist_gradient_boosting,335.433074,18.958333,316.474741
2020-12-23 12:00:00,wind,mlp,667.642273,18.958333,648.68394
2020-12-23 12:00:00,wind,RTS_DAY_AHEAD,79.0,18.958333,60.041667
2020-12-23 13:00:00,wind,hist_gradient_boosting,335.433074,18.375,317.058074
2020-12-23 13:00:00,wind,mlp,666.710022,18.375,648.335022
2020-12-23 13:00:00,wind,RTS_DAY_AHEAD,48.7,18.375,30.325
2020-12-23 14:00:00,wind,hist_gradient_boosting,335.433074,17.375,318.058074
2020-12-23 14:00:00,wind,mlp,669.709106,17.375,652.334106
2020-12-23 14:00:00,wind,RTS_DAY_AHEAD,64.2,17.375,46.825
2020-12-23 15:00:00,wind,hist_gradient_boosting,335.433074,16.733333,318.699741
2020-12-23 15:00:00,wind,mlp,676.228882,16.733333,659.495549
2020-12-23 15:00:00,wind,RTS_DAY_AHEAD,167.3,16.733333,150.566667
2020-12-23 16:00:00,wind,hist_gradient_boosting,330.804827,16.625,314.179827
2020-12-23 16:00:00,wind,mlp,685.350952,16.625,668.725952
2020-12-23 16:00:00,wind,RTS_DAY_AHEAD,481.1,16.625,464.475
2020-12-23 17:00:00,wind,hist_gradient_boosting,330.804827,25.533333,305.271493
2020-12-23 17:00:00,wind,mlp,695.452271,25.533333,669.918937
2020-12-23 17:00:00,wind,RTS_DAY_AHEAD,984.9,25.533333,959.366667
2020-12-23 18:00:00,wind,hist_gradient_boosting,332.151235,55.416667,276.734568
2020-12-23 18:00:00,wind,mlp,707.032227,55.416667,651.61556
2020-12-23 18:00:00,wind,RTS_DAY_AHEAD,1195.7,55.416667,1140.283333
2020-12-23 19:00:00,wind,hist_gradient_boosting,335.433074,133.658333,201.774741
2020-12-23 19:00:00,wind,mlp,720.768555,133.658333,587.110221
2020-12-23 19:00:00,wind,RTS_DAY_AHEAD,1307.9,133.658333,1174.241667
2020-12-23 20:00:00,wind,hist_gradient_boosting,335.433074,226.95,108.483074
2020-12-23 20:00:00,wind,mlp,731.795044,226.95,504.845044
2020-12-23 20:00:00,wind,RTS_DAY_AHEAD,1341.0,226.95,1114.05
2020-12-23 21:00:00,wind,hist_gradient_boosting,335.433074,448.816667,113.383593
2020-12-23 21:00:00,wind,mlp,744.737488,448.816667,295.920821
2020-12-23 21:00:00,wind,RTS_DAY_AHEAD,1303.1,448.816667,854.283333
2020-12-23 22:00:00,wind,hist_gradient_boosting,335.433074,801.125,465.691926
2020-12-23 22:00:00,wind,mlp,755.522156,801.125,45.602844
2020-12-23 22:00:00,wind,RTS_DAY_AHEAD,1373.1,801.125,571.975
2020-12-23 23:00:00,wind,hist_gradient_boosting,330.804827,1067.458333,736.653507
2020-12-23 23:00:00,wind,mlp,768.854492,1067.458333,298.603841
2020-12-23 23:00:00,wind,RTS_DAY_AHEAD,1527.1,1067.458333,459.641667
2020-12-24 00:00:00,wind,hist_gradient_boosting,327.522988,1195.3,867.777012
2020-12-24 00:00:00,wind,mlp,775.514832,1195.3,419.785168
2020-12-24 00:00:00,wind,RTS_DAY_AHEAD,1610.0,1195.3,414.7
2020-12-24 01:00:00,wind,hist_gradient_boosting,336.37465,1176.15,839.77535
2020-12-24 01:00:00,wind,mlp,780.298706,1176.15,395.851294
2020-12-24 01:00:00,wind,RTS_DAY_AHEAD,1988.6,1176.15,812.45
2020-12-24 02:00:00,wind,hist_gradient_boosting,341.002897,1140.291667,799.28877
2020-12-24 02:00:00,wind,mlp,778.613586,1140.291667,361.67808
2020-12-24 02:00:00,wind,RTS_DAY_AHEAD,2395.4,1140.291667,1255.108333
2020-12-24 03:00:00,wind,hist_gradient_boosting,435.366292,1109.7,674.333708
2020-12-24 03:00:00,wind,mlp,767.271729,1109.7,342.428271
2020-12-24 03:00:00,wind,RTS_DAY_AHEAD,2352.9,1109.7,1243.2
2020-12-24 04:00:00,wind,hist_gradient_boosting,340.021157,990.325,650.303843
2020-12-24 04:00:00,wind,mlp,751.184692,990.325,239.140308
2020-12-24 04:00:00,wind,RTS_DAY_AHEAD,2021.6,990.325,1031.275
2020-12-24 05:00:00,wind,hist_gradient_boosting,330.804827,1138.966667,808.16184
2020-12-24 05:00:00,wind,mlp,733.724487,1138.966667,405.242179
2020-12-24 05:00:00,wind,RTS_DAY_AHEAD,1959.0,1138.966667,820.033333
2020-12-24 06:00:00,wind,hist_gradient_boosting,443.739679,1716.833333,1273.093655
2020-12-24 06:00:00,wind,mlp,713.590576,1716.833333,1003.242757
2020-12-24 06:00:00,wind,RTS_DAY_AHEAD,1882.8,1716.833333,165.966667
2020-12-24 07:00:00,wind,hist_gradient_boosting,435.366292,2128.808333,1693.442041
2020-12-24 07:00:00,wind,mlp,694.050232,2128.808333,1434.758101
2020-12-24 07:00:00,wind,RTS_DAY_AHEAD,1848.4,2128.808333,280.408333
2020-12-24 08:00:00,wind,hist_gradient_boosting,435.366292,2123.1,1687.733708
2020-12-24 08:00:00,wind,mlp,674.605591,2123.1,1448.494409
2020-12-24 08:00:00,wind,RTS_DAY_AHEAD,2209.1,2123.1,86.0
2020-12-24 09:00:00,wind,hist_gradient_boosting,330.804827,1962.516667,1631.71184
2020-12-24 09:00:00,wind,mlp,659.53479,1962.516667,1302.981877
2020-12-24 09:00:00,wind,RTS_DAY_AHEAD,1975.8,1962.516667,13.283333
2020-12-24 10:00:00,wind,hist_gradient_boosting,330.804827,2067.1,1736.295173
2020-12-24 10:00:00,wind,mlp,647.600403,2067.1,1419.499597
2020-12-24 10:00:00,wind,RTS_DAY_AHEAD,1879.8,2067.1,187.3
2020-12-24 11:00:00,wind,hist_gradient_boosting,336.37465,2115.875,1779.50035
2020-12-24 11:00:00,wind,mlp,635.936584,2115.875,1479.938416
2020-12-24 11:00:00,wind,RTS_DAY_AHEAD,1549.7,2115.875,566.175
2020-12-24 12:00:00,wind,hist_gradient_boosting,330.804827,2143.158333,1812.353507
2020-12-24 12:00:00,wind,mlp,632.746887,2143.158333,1510.411446
2020-12-24 12:00:00,wind,RTS_DAY_AHEAD,1234.3,2143.158333,908.858333
2020-12-24 13:00:00,wind,hist_gradient_boosting,335.433074,2236.058333,1900.625259
2020-12-24 13:00:00,wind,mlp,631.971069,2236.058333,1604.087264
2020-12-24 13:00:00,wind,RTS_DAY_AHEAD,1103.3,2236.058333,1132.758333
2020-12-24 14:00:00,wind,hist_gradient_boosting,443.739679,2201.533333,1757.793655
2020-12-24 14:00:00,wind,mlp,634.877014,2201.533333,1566.656319
2020-12-24 14:00:00,wind,RTS_DAY_AHEAD,584.8,2201.533333,1616.733333
2020-12-24 15:00:00,wind,hist_gradient_boosting,434.758036,2155.491667,1720.73363
2020-12-24 15:00:00,wind,mlp,642.978455,2155.491667,1512.513212
2020-12-24 15:00:00,wind,RTS_DAY_AHEAD,287.8,2155.491667,1867.691667
2020-12-24 16:00:00,wind,hist_gradient_boosting,435.366292,2107.175,1671.808708
2020-12-24 16:00:00,wind,mlp,656.402832,2107.175,1450.772168
2020-12-24 16:00:00,wind,RTS_DAY_AHEAD,89.6,2107.175,2017.575
2020-12-24 17:00:00,wind,hist_gradient_boosting,330.804827,2054.466667,1723.66184
2020-12-24 17:00:00,wind,mlp,674.787903,2054.466667,1379.678764
2020-12-24 17:00:00,wind,RTS_DAY_AHEAD,656.4,2054.466667,1398.066667
2020-12-24 18:00:00,wind,hist_gradient_boosting,335.433074,2003.591667,1668.158593
2020-12-24 18:00:00,wind,mlp,696.715393,2003.591667,1306.876274
2020-12-24 18:00:00,wind,RTS_DAY_AHEAD,952.0,2003.591667,1051.591667
2020-12-24 19:00:00,wind,hist_gradient_boosting,341.309403,1944.675,1603.365597
2020-12-24 19:00:00,wind,mlp,728.767212,1944.675,1215.907788
2020-12-24 19:00:00,wind,RTS_DAY_AHEAD,1073.7,1944.675,870.975
2020-12-24 20:00:00,wind,hist_gradient_boosting,444.405528,1884.558333,1440.152805
2020-12-24 20:00:00,wind,mlp,755.386719,1884.558333,1129.171615
2020-12-24 20:00:00,wind,RTS_DAY_AHEAD,1114.7,1884.558333,769.858333
2020-12-24 21:00:00,wind,hist_gradient_boosting,755.98075,1608.708333,852.727583
2020-12-24 21:00:00,wind,mlp,806.896606,1608.708333,801.811727
2020-12-24 21:00:00,wind,RTS_DAY_AHEAD,1131.7,1608.708333,477.008333
2020-12-24 22:00:00,wind,hist_gradient_boosting,755.087149,1732.8,977.712851
2020-12-24 22:00:00,wind,mlp,884.953247,1732.8,847.846753
2020-12-24 22:00:00,wind,RTS_DAY_AHEAD,462.2,1732.8,1270.6
2020-12-24 23:00:00,wind,hist_gradient_boosting,673.180875,2042.958333,1369.777459
2020-12-24 23:00:00,wind,mlp,911.584839,2042.958333,1131.373494
2020-12-24 23:00:00,wind,RTS_DAY_AHEAD,611.1,2042.958333,1431.858333
2020-12-25 00:00:00,wind,hist_gradient_boosting,626.836384,2365.325,1738.488616
2020-12-25 00:00:00,wind,mlp,867.168457,2365.325,1498.156543
2020-12-25 00:00:00,wind,RTS_DAY_AHEAD,854.5,2365.325,1510.825
2020-12-25 01:00:00,wind,hist_gradient_boosting,687.79583,2378.65,1690.85417
2020-12-25 01:00:00,wind,mlp,831.345215,2378.65,1547.304785
2020-12-25 01:00:00,wind,RTS_DAY_AHEAD,833.4,2378.65,1545.25
2020-12-25 02:00:00,wind,hist_gradient_boosting,661.599476,2380.083333,1718.483857
2020-12-25 02:00:00,wind,mlp,819.445312,2380.083333,1560.638021
2020-12-25 02:00:00,wind,RTS_DAY_AHEAD,851.0,2380.083333,1529.083333
2020-12-25 03:00:00,wind,hist_gradient_boosting,1309.38694,2386.475,1077.08806
2020-12-25 03:00:00,wind,mlp,795.2276,2386.475,1591.2474
2020-12-25 03:00:00,wind,RTS_DAY_AHEAD,670.2,2386.475,1716.275
2020-12-25 04:00:00,wind,hist_gradient_boosting,1044.666428,2231.583333,1186.916905
2020-12-25 04:00:00,wind,mlp,738.274292,2231.583333,1493.309041
2020-12-25 04:00:00,wind,RTS_DAY_AHEAD,714.2,2231.583333,1517.383333
2020-12-25 05:00:00,wind,hist_gradient_boosting,697.759531,1823.033333,1125.273802
2020-12-25 05:00:00,wind,mlp,764.79071,1823.033333,1058.242623
2020-12-25 05:00:00,wind,RTS_DAY_AHEAD,297.1,1823.033333,1525.933333
2020-12-25 06:00:00,wind,hist_gradient_boosting,725.039939,1309.566667,584.526728
2020-12-25 06:00:00,wind,mlp,874.343628,1309.566667,435.223039
2020-12-25 06:00:00,wind,RTS_DAY_AHEAD,83.4,1309.566667,1226.166667
2020-12-25 07:00:00,wind,hist_gradient_boosting,625.685901,630.675,4.989099
2020-12-25 07:00:00,wind,mlp,862.536499,630.675,231.861499
2020-12-25 07:00:00,wind,RTS_DAY_AHEAD,221.8,630.675,408.875
2020-12-25 08:00:00,wind,hist_gradient_boosting,583.499256,359.325,224.174256
2020-12-25 08:00:00,wind,mlp,786.519348,359.325,427.194348
2020-12-25 08:00:00,wind,RTS_DAY_AHEAD,411.4,359.325,52.075
2020-12-25 09:00:00,wind,hist_gradient_boosting,658.147916,156.216667,501.931249
2020-12-25 09:00:00,wind,mlp,741.998352,156.216667,585.781685
2020-12-25 09:00:00,wind,RTS_DAY_AHEAD,444.9,156.216667,288.683333
2020-12-25 10:00:00,wind,hist_gradient_boosting,695.562569,94.166667,601.395902
2020-12-25 10:00:00,wind,mlp,796.836121,94.166667,702.669454
2020-12-25 10:00:00,wind,RTS_DAY_AHEAD,302.2,94.166667,208.033333
2020-12-25 11:00:00,wind,hist_gradient_boosting,689.205643,99.65,589.555643
2020-12-25 11:00:00,wind,mlp,785.623718,99.65,685.973718
2020-12-25 11:00:00,wind,RTS_DAY_AHEAD,150.2,99.65,50.55
2020-12-25 12:00:00,wind,hist_gradient_boosting,649.76639,98.425,551.34139
2020-12-25 12:00:00,wind,mlp,783.174438,98.425,684.749438
2020-12-25 12:00:00,wind,RTS_DAY_AHEAD,112.6,98.425,14.175
2020-12-25 13:00:00,wind,hist_gradient_boosting,672.131537,50.025,622.106537
2020-12-25 13:00:00,wind,mlp,808.191711,50.025,758.166711
2020-12-25 13:00:00,wind,RTS_DAY_AHEAD,92.4,50.025,42.375
2020-12-25 14:00:00,wind,hist_gradient_boosting,1097.954586,20.341667,1077.61292
2020-12-25 14:00:00,wind,mlp,802.731323,20.341667,782.389657
2020-12-25 14:00:00,wind,RTS_DAY_AHEAD,42.3,20.341667,21.958333
2020-12-25 15:00:00,wind,hist_gradient_boosting,1242.114262,18.625,1223.489262
2020-12-25 15:00:00,wind,mlp,817.696228,18.625,799.071228
2020-12-25 15:00:00,wind,RTS_DAY_AHEAD,16.7,18.625,1.925
2020-12-25 16:00:00,wind,hist_gradient_boosting,1220.098745,26.608333,1193.490412
2020-12-25 16:00:00,wind,mlp,827.303711,26.608333,800.695378
2020-12-25 16:00:00,wind,RTS_DAY_AHEAD,3.9,26.608333,22.708333
2020-12-25 17:00:00,wind,hist_gradient_boosting,1345.437154,53.141667,1292.295487
2020-12-25 17:00:00,wind,mlp,846.942261,53.141667,793.800594
2020-12-25 17:00:00,wind,RTS_DAY_AHEAD,5.3,53.141667,47.841667
2020-12-25 18:00:00,wind,hist_gradient_boosting,1192.017515,119.383333,1072.634181
2020-12-25 18:00:00,wind,mlp,889.720825,119.383333,770.337492
2020-12-25 18:00:00,wind,RTS_DAY_AHEAD,10.9,119.383333,108.483333
2020-12-25 19:00:00,wind,hist_gradient_boosting,810.956575,153.916667,657.039908
2020-12-25 19:00:00,wind,mlp,922.463684,153.916667,768.547017
2020-12-25 19:00:00,wind,RTS_DAY_AHEAD,81.0,153.916667,72.916667
2020-12-25 20:00:00,wind,hist_gradient_boosting,907.529797,158.016667,749.513131
2020-12-25 20:00:00,wind,mlp,942.963257,158.016667,784.94659
2020-12-25 20:00:00,wind,RTS_DAY_AHEAD,124.5,158.016667,33.516667
2020-12-25 21:00:00,wind,hist_gradient_boosting,896.233171,147.875,748.358171
2020-12-25 21:00:00,wind,mlp,907.89856,147.875,760.02356
2020-12-25 21:00:00,wind,RTS_DAY_AHEAD,202.5,147.875,54.625
2020-12-25 22:00:00,wind,hist_gradient_boosting,1180.319196,152.808333,1027.510863
2020-12-25 22:00:00,wind,mlp,1021.128052,152.808333,868.319718
2020-12-25 22:00:00,wind,RTS_DAY_AHEAD,374.5,152.808333,221.691667
2020-12-25 23:00:00,wind,hist_gradient_boosting,1154.402105,222.375,932.027105
2020-12-25 23:00:00,wind,mlp,1096.9646,222.375,874.5896
2020-12-25 23:00:00,wind,RTS_DAY_AHEAD,525.7,222.375,303.325
2020-12-26 00:00:00,wind,hist_gradient_boosting,1094.36661,290.1,804.26661
2020-12-26 00:00:00,wind,mlp,1120.598145,290.1,830.498145
2020-12-26 00:00:00,wind,RTS_DAY_AHEAD,426.2,290.1,136.1
2020-12-26 01:00:00,wind,hist_gradient_boosting,1353.255587,376.508333,976.747254
2020-12-26 01:00:00,wind,mlp,1069.833984,376.508333,693.325651
2020-12-26 01:00:00,wind,RTS_DAY_AHEAD,638.7,376.508333,262.191667
2020-12-26 02:00:00,wind,hist_gradient_boosting,1282.886818,421.508333,861.378485
2020-12-26 02:00:00,wind,mlp,1067.779297,421.508333,646.270964
2020-12-26 02:00:00,wind,RTS_DAY_AHEAD,968.3,421.508333,546.791667
2020-12-26 03:00:00,wind,hist_gradient_boosting,1274.106834,545.525,728.581834
2020-12-26 03:00:00,wind,mlp,1067.817993,545.525,522.292993
2020-12-26 03:00:00,wind,RTS_DAY_AHEAD,1026.9,545.525,481.375
2020-12-26 04:00:00,wind,hist_gradient_boosting,1644.430234,626.591667,1017.838567
2020-12-26 04:00:00,wind,mlp,1006.561646,626.591667,379.969979
2020-12-26 04:00:00,wind,RTS_DAY_AHEAD,1302.4,626.591667,675.808333
2020-12-26 05:00:00,wind,hist_gradient_boosting,1216.564228,986.858333,229.705895
2020-12-26 05:00:00,wind,mlp,932.13446,986.858333,54.723873
2020-12-26 05:00:00,wind,RTS_DAY_AHEAD,1365.8,986.858333,378.941667
2020-12-26 06:00:00,wind,hist_gradient_boosting,1197.195474,1670.491667,473.296193
2020-12-26 06:00:00,wind,mlp,898.045105,1670.491667,772.446562
2020-12-26 06:00:00,wind,RTS_DAY_AHEAD,1490.1,1670.491667,180.391667
2020-12-26 07:00:00,wind,hist_gradient_boosting,1311.834328,1621.95,310.115672
2020-12-26 07:00:00,wind,mlp,834.500977,1621.95,787.449023
2020-12-26 07:00:00,wind,RTS_DAY_AHEAD,1773.4,1621.95,151.45
2020-12-26 08:00:00,wind,hist_gradient_boosting,647.498337,1595.466667,947.96833
2020-12-26 08:00:00,wind,mlp,844.035278,1595.466667,751.431388
2020-12-26 08:00:00,wind,RTS_DAY_AHEAD,1741.1,1595.466667,145.633333
2020-12-26 09:00:00,wind,hist_gradient_boosting,653.769669,1675.15,1021.380331
2020-12-26 09:00:00,wind,mlp,807.848938,1675.15,867.301062
2020-12-26 09:00:00,wind,RTS_DAY_AHEAD,1732.5,1675.15,57.35
2020-12-26 10:00:00,wind,hist_gradient_boosting,605.745042,1548.008333,942.263292
2020-12-26 10:00:00,wind,mlp,802.309021,1548.008333,745.699312
2020-12-26 10:00:00,wind,RTS_DAY_AHEAD,1754.7,1548.008333,206.691667
2020-12-26 11:00:00,wind,hist_gradient_boosting,609.508814,1457.55,848.041186
2020-12-26 11:00:00,wind,mlp,795.46521,1457.55,662.08479
2020-12-26 11:00:00,wind,RTS_DAY_AHEAD,1363.3,1457.55,94.25
2020-12-26 12:00:00,wind,hist_gradient_boosting,640.0826,1657.666667,1017.584066
2020-12-26 12:00:00,wind,mlp,788.859619,1657.666667,868.807048
2020-12-26 12:00:00,wind,RTS_DAY_AHEAD,1542.9,1657.666667,114.766667
2020-12-26 13:00:00,wind,hist_gradient_boosting,640.0826,1992.283333,1352.200733
2020-12-26 13:00:00,wind,mlp,782.026123,1992.283333,1210.25721
2020-12-26 13:00:00,wind,RTS_DAY_AHEAD,1645.3,1992.283333,346.983333
2020-12-26 14:00:00,wind,hist_gradient_boosting,812.471474,2066.683333,1254.21186
2020-12-26 14:00:00,wind,mlp,774.5495,2066.683333,1292.133834
2020-12-26 14:00:00,wind,RTS_DAY_AHEAD,2015.2,2066.683333,51.483333
2020-12-26 15:00:00,wind,hist_gradient_boosting,601.015494,1885.275,1284.259506
2020-12-26 15:00:00,wind,mlp,777.444397,1885.275,1107.830603
2020-12-26 15:00:00,wind,RTS_DAY_AHEAD,2199.2,1885.275,313.925
2020-12-26 16:00:00,wind,hist_gradient_boosting,512.454605,1731.733333,1219.278729
2020-12-26 16:00:00,wind,mlp,782.783813,1731.733333,948.94952
2020-12-26 16:00:00,wind,RTS_DAY_AHEAD,1924.6,1731.733333,192.866667
2020-12-26 17:00:00,wind,hist_gradient_boosting,512.454605,1733.675,1221.220395
2020-12-26 17:00:00,wind,mlp,795.026001,1733.675,938.648999
2020-12-26 17:00:00,wind,RTS_DAY_AHEAD,1904.6,1733.675,170.925
2020-12-26 18:00:00,wind,hist_gradient_boosting,539.864696,1606.091667,1066.226971
2020-12-26 18:00:00,wind,mlp,810.087463,1606.091667,796.004203
2020-12-26 18:00:00,wind,RTS_DAY_AHEAD,1884.0,1606.091667,277.908333
2020-12-26 19:00:00,wind,hist_gradient_boosting,496.742557,1447.958333,951.215777
2020-12-26 19:00:00,wind,mlp,809.197632,1447.958333,638.760701
2020-12-26 19:00:00,wind,RTS_DAY_AHEAD,1861.9,1447.958333,413.941667
2020-12-26 20:00:00,wind,hist_gradient_boosting,504.339442,1449.966667,945.627224
2020-12-26 20:00:00,wind,mlp,806.253784,1449.966667,643.712882
2020-12-26 20:00:00,wind,RTS_DAY_AHEAD,1672.5,1449.966667,222.533333
2020-12-26 21:00:00,wind,hist_gradient_boosting,529.644001,1372.641667,842.997665
2020-12-26 21:00:00,wind,mlp,786.862732,1372.641667,585.778935
2020-12-26 21:00:00,wind,RTS_DAY_AHEAD,1567.1,1372.641667,194.458333
2020-12-26 22:00:00,wind,hist_gradient_boosting,634.797881,1175.133333,540.335453
2020-12-26 22:00:00,wind,mlp,794.935486,1175.133333,380.197847
2020-12-26 22:00:00,wind,RTS_DAY_AHEAD,1403.4,1175.133333,228.266667
2020-12-26 23:00:00,wind,hist_gradient_boosting,606.895275,1053.383333,446.488059
2020-12-26 23:00:00,wind,mlp,833.579468,1053.383333,219.803866
2020-12-26 23:00:00,wind,RTS_DAY_AHEAD,1261.9,1053.383333,208.516667
2020-12-27 00:00:00,wind,hist_gradient_boosting,688.651547,901.533333,212.881786
2020-12-27 00:00:00,wind,mlp,847.748657,901.533333,53.784676
2020-12-27 00:00:00,wind,RTS_DAY_AHEAD,1161.0,901.533333,259.466667
2020-12-27 01:00:00,wind,hist_gradient_boosting,562.611162,731.35,168.738838
2020-12-27 01:00:00,wind,mlp,856.765015,731.35,125.415015
2020-12-27 01:00:00,wind,RTS_DAY_AHEAD,1011.5,731.35,280.15
2020-12-27 02:00:00,wind,hist_gradient_boosting,612.563851,476.425,136.138851
2020-12-27 02:00:00,wind,mlp,844.471497,476.425,368.046497
2020-12-27 02:00:00,wind,RTS_DAY_AHEAD,870.1,476.425,393.675
2020-12-27 03:00:00,wind,hist_gradient_boosting,598.80927,344.358333,254.450936
2020-12-27 03:00:00,wind,mlp,864.264282,344.358333,519.905949
2020-12-27 03:00:00,wind,RTS_DAY_AHEAD,691.0,344.358333,346.641667
2020-12-27 04:00:00,wind,hist_gradient_boosting,572.427537,228.233333,344.194203
2020-12-27 04:00:00,wind,mlp,845.417358,228.233333,617.184025
2020-12-27 04:00:00,wind,RTS_DAY_AHEAD,496.7,228.233333,268.466667
2020-12-27 05:00:00,wind,hist_gradient_boosting,670.022569,116.666667,553.355902
2020-12-27 05:00:00,wind,mlp,895.352722,116.666667,778.686056
2020-12-27 05:00:00,wind,RTS_DAY_AHEAD,248.3,116.666667,131.633333
2020-12-27 06:00:00,wind,hist_gradient_boosting,976.377979,48.691667,927.686312
2020-12-27 06:00:00,wind,mlp,979.798828,48.691667,931.107161
2020-12-27 06:00:00,wind,RTS_DAY_AHEAD,75.7,48.691667,27.008333
2020-12-27 07:00:00,wind,hist_gradient_boosting,892.890981,25.333333,867.557647
2020-12-27 07:00:00,wind,mlp,811.013672,25.333333,785.680339
2020-12-27 07:00:00,wind,RTS_DAY_AHEAD,69.9,25.333333,44.566667
2020-12-27 08:00:00,wind,hist_gradient_boosting,801.978965,30.65,771.328965
2020-12-27 08:00:00,wind,mlp,776.502808,30.65,745.852808
2020-12-27 08:00:00,wind,RTS_DAY_AHEAD,130.9,30.65,100.25
2020-12-27 09:00:00,wind,hist_gradient_boosting,629.563518,42.216667,587.346851
2020-12-27 09:00:00,wind,mlp,767.103027,42.216667,724.886361
2020-12-27 09:00:00,wind,RTS_DAY_AHEAD,294.9,42.216667,252.683333
2020-12-27 10:00:00,wind,hist_gradient_boosting,1068.264579,82.158333,986.106245
2020-12-27 10:00:00,wind,mlp,695.266602,82.158333,613.108268
2020-12-27 10:00:00,wind,RTS_DAY_AHEAD,455.4,82.158333,373.241667
2020-12-27 11:00:00,wind,hist_gradient_boosting,1043.616615,122.883333,920.733281
2020-12-27 11:00:00,wind,mlp,684.637939,122.883333,561.754606
2020-12-27 11:00:00,wind,RTS_DAY_AHEAD,576.8,122.883333,453.916667
2020-12-27 12:00:00,wind,hist_gradient_boosting,920.690155,141.891667,778.798488
2020-12-27 12:00:00,wind,mlp,735.141846,141.891667,593.250179
2020-12-27 12:00:00,wind,RTS_DAY_AHEAD,469.5,141.891667,327.608333
2020-12-27 13:00:00,wind,hist_gradient_boosting,977.944205,286.416667,691.527539
2020-12-27 13:00:00,wind,mlp,763.615845,286.416667,477.199178
2020-12-27 13:00:00,wind,RTS_DAY_AHEAD,469.6,286.416667,183.183333
2020-12-27 14:00:00,wind,hist_gradient_boosting,830.561109,550.066667,280.494443
2020-12-27 14:00:00,wind,mlp,743.271973,550.066667,193.205306
2020-12-27 14:00:00,wind,RTS_DAY_AHEAD,592.8,550.066667,42.733333
2020-12-27 15:00:00,wind,hist_gradient_boosting,958.232861,842.025,116.207861
2020-12-27 15:00:00,wind,mlp,693.083618,842.025,148.941382
2020-12-27 15:00:00,wind,RTS_DAY_AHEAD,694.3,842.025,147.725
2020-12-27 16:00:00,wind,hist_gradient_boosting,674.878928,1199.583333,524.704405
2020-12-27 16:00:00,wind,mlp,691.819153,1199.583333,507.764181
2020-12-27 16:00:00,wind,RTS_DAY_AHEAD,991.0,1199.583333,208.583333
2020-12-27 17:00:00,wind,hist_gradient_boosting,669.134386,1414.183333,745.048948
2020-12-27 17:00:00,wind,mlp,736.000671,1414.183333,678.182662
2020-12-27 17:00:00,wind,RTS_DAY_AHEAD,1589.6,1414.183333,175.416667
2020-12-27 18:00:00,wind,hist_gradient_boosting,677.534346,1601.875,924.340654
2020-12-27 18:00:00,wind,mlp,717.731934,1601.875,884.143066
2020-12-27 18:00:00,wind,RTS_DAY_AHEAD,1778.7,1601.875,176.825
2020-12-27 19:00:00,wind,hist_gradient_boosting,682.587985,2033.55,1350.962015
2020-12-27 19:00:00,wind,mlp,721.610229,2033.55,1311.939771
2020-12-27 19:00:00,wind,RTS_DAY_AHEAD,2024.1,2033.55,9.45
2020-12-27 20:00:00,wind,hist_gradient_boosting,662.978169,2320.833333,1657.855164
2020-12-27 20:00:00,wind,mlp,765.541565,2320.833333,1555.291768
2020-12-27 20:00:00,wind,RTS_DAY_AHEAD,2364.1,2320.833333,43.266667
2020-12-27 21:00:00,wind,hist_gradient_boosting,674.303287,2291.483333,1617.180046
2020-12-27 21:00:00,wind,mlp,761.315063,2291.483333,1530.16827
2020-12-27 21:00:00,wind,RTS_DAY_AHEAD,2472.0,2291.483333,180.516667
2020-12-27 22:00:00,wind,hist_gradient_boosting,766.597579,2051.583333,1284.985754
2020-12-27 22:00:00,wind,mlp,752.841797,2051.583333,1298.741536
2020-12-27 22:00:00,wind,RTS_DAY_AHEAD,2376.5,2051.583333,324.916667
2020-12-27 23:00:00,wind,hist_gradient_boosting,742.615363,1682.316667,939.701303
2020-12-27 23:00:00,wind,mlp,770.95752,1682.316667,911.359147
2020-12-27 23:00:00,wind,RTS_DAY_AHEAD,2059.1,1682.316667,376.783333
2020-12-28 00:00:00,wind,hist_gradient_boosting,746.437633,1820.3,1073.862367
2020-12-28 00:00:00,wind,mlp,792.005859,1820.3,1028.294141
2020-12-28 00:00:00,wind,RTS_DAY_AHEAD,1843.6,1820.3,23.3
2020-12-28 01:00:00,wind,hist_gradient_boosting,695.147045,2194.358333,1499.211288
2020-12-28 01:00:00,wind,mlp,788.636902,2194.358333,1405.721431
2020-12-28 01:00:00,wind,RTS_DAY_AHEAD,2019.7,2194.358333,174.658333
2020-12-28 02:00:00,wind,hist_gradient_boosting,647.65519,2351.516667,1703.861477
2020-12-28 02:00:00,wind,mlp,760.406006,2351.516667,1591.110661
2020-12-28 02:00:00,wind,RTS_DAY_AHEAD,2203.0,2351.516667,148.516667
2020-12-28 03:00:00,wind,hist_gradient_boosting,651.297009,2324.058333,1672.761324
2020-12-28 03:00:00,wind,mlp,767.040405,2324.058333,1557.017928
2020-12-28 03:00:00,wind,RTS_DAY_AHEAD,2345.3,2324.058333,21.241667
2020-12-28 04:00:00,wind,hist_gradient_boosting,667.049762,2390.641667,1723.591905
2020-12-28 04:00:00,wind,mlp,751.298218,2390.641667,1639.343449
2020-12-28 04:00:00,wind,RTS_DAY_AHEAD,2319.1,2390.641667,71.541667
2020-12-28 05:00:00,wind,hist_gradient_boosting,664.510444,2405.2,1740.689556
2020-12-28 05:00:00,wind,mlp,751.089172,2405.2,1654.110828
2020-12-28 05:00:00,wind,RTS_DAY_AHEAD,2406.6,2405.2,1.4
2020-12-28 06:00:00,wind,hist_gradient_boosting,509.538297,2417.75,1908.211703
2020-12-28 06:00:00,wind,mlp,778.795288,2417.75,1638.954712
2020-12-28 06:00:00,wind,RTS_DAY_AHEAD,2189.0,2417.75,228.75
2020-12-28 07:00:00,wind,hist_gradient_boosting,467.295907,2318.25,1850.954093
2020-12-28 07:00:00,wind,mlp,754.848022,2318.25,1563.401978
2020-12-28 07:00:00,wind,RTS_DAY_AHEAD,2116.6,2318.25,201.65
2020-12-28 08:00:00,wind,hist_gradient_boosting,430.752321,2080.833333,1650.081012
2020-12-28 08:00:00,wind,mlp,726.824951,2080.833333,1354.008382
2020-12-28 08:00:00,wind,RTS_DAY_AHEAD,2272.7,2080.833333,191.866667
2020-12-28 09:00:00,wind,hist_gradient_boosting,430.752321,1738.108333,1307.356012
2020-12-28 09:00:00,wind,mlp,707.710815,1738.108333,1030.397518
2020-12-28 09:00:00,wind,RTS_DAY_AHEAD,2115.4,1738.108333,377.291667
2020-12-28 10:00:00,wind,hist_gradient_boosting,423.590232,1312.083333,888.493102
2020-12-28 10:00:00,wind,mlp,685.51239,1312.083333,626.570943
2020-12-28 10:00:00,wind,RTS_DAY_AHEAD,1654.2,1312.083333,342.116667
2020-12-28 11:00:00,wind,hist_gradient_boosting,485.072812,1084.041667,598.968855
2020-12-28 11:00:00,wind,mlp,672.17334,1084.041667,411.868327
2020-12-28 11:00:00,wind,RTS_DAY_AHEAD,1194.5,1084.041667,110.458333
2020-12-28 12:00:00,wind,hist_gradient_boosting,475.761636,903.225,427.463364
2020-12-28 12:00:00,wind,mlp,682.91333,903.225,220.31167
2020-12-28 12:00:00,wind,RTS_DAY_AHEAD,1206.5,903.225,303.275
2020-12-28 13:00:00,wind,hist_gradient_boosting,478.684575,918.791667,440.107091
2020-12-28 13:00:00,wind,mlp,723.780212,918.791667,195.011454
2020-12-28 13:00:00,wind,RTS_DAY_AHEAD,1220.4,918.791667,301.608333
2020-12-28 14:00:00,wind,hist_gradient_boosting,624.187617,890.316667,266.12905
2020-12-28 14:00:00,wind,mlp,775.617859,890.316667,114.698808
2020-12-28 14:00:00,wind,RTS_DAY_AHEAD,1354.8,890.316667,464.483333
2020-12-28 15:00:00,wind,hist_gradient_boosting,660.915792,722.683333,61.767541
2020-12-28 15:00:00,wind,mlp,799.580078,722.683333,76.896745
2020-12-28 15:00:00,wind,RTS_DAY_AHEAD,1318.5,722.683333,595.816667
2020-12-28 16:00:00,wind,hist_gradient_boosting,741.94685,521.108333,220.838517
2020-12-28 16:00:00,wind,mlp,841.721375,521.108333,320.613041
2020-12-28 16:00:00,wind,RTS_DAY_AHEAD,1131.0,521.108333,609.891667
2020-12-28 17:00:00,wind,hist_gradient_boosting,1098.855605,385.541667,713.313938
2020-12-28 17:00:00,wind,mlp,850.314575,385.541667,464.772909
2020-12-28 17:00:00,wind,RTS_DAY_AHEAD,228.1,385.541667,157.441667
2020-12-28 18:00:00,wind,hist_gradient_boosting,845.430598,219.941667,625.488932
2020-12-28 18:00:00,wind,mlp,865.748047,219.941667,645.80638
2020-12-28 18:00:00,wind,RTS_DAY_AHEAD,240.3,219.941667,20.358333
2020-12-28 19:00:00,wind,hist_gradient_boosting,882.077833,62.341667,819.736167
2020-12-28 19:00:00,wind,mlp,951.810242,62.341667,889.468575
2020-12-28 19:00:00,wind,RTS_DAY_AHEAD,196.8,62.341667,134.458333
2020-12-28 20:00:00,wind,hist_gradient_boosting,887.913417,19.341667,868.57175
2020-12-28 20:00:00,wind,mlp,964.780151,19.341667,945.438485
2020-12-28 20:00:00,wind,RTS_DAY_AHEAD,82.2,19.341667,62.858333
2020-12-28 21:00:00,wind,hist_gradient_boosting,1209.031774,15.866667,1193.165108
2020-12-28 21:00:00,wind,mlp,940.406616,15.866667,924.53995
2020-12-28 21:00:00,wind,RTS_DAY_AHEAD,35.9,15.866667,20.033333
2020-12-28 22:00:00,wind,hist_gradient_boosting,1031.193758,15.683333,1015.510425
2020-12-28 22:00:00,wind,mlp,893.443848,15.683333,877.760514
2020-12-28 22:00:00,wind,RTS_DAY_AHEAD,7.5,15.683333,8.183333
2020-12-28 23:00:00,wind,hist_gradient_boosting,820.589902,17.833333,802.756569
2020-12-28 23:00:00,wind,mlp,851.319153,17.833333,833.485819
2020-12-28 23:00:00,wind,RTS_DAY_AHEAD,14.0,17.833333,3.833333
2020-12-29 00:00:00,wind,hist_gradient_boosting,858.042593,20.433333,837.60926
2020-12-29 00:00:00,wind,mlp,946.08905,20.433333,925.655717
2020-12-29 00:00:00,wind,RTS_DAY_AHEAD,32.7,20.433333,12.266667
2020-12-29 01:00:00,wind,hist_gradient_boosting,859.395477,25.55,833.845477
2020-12-29 01:00:00,wind,mlp,1031.905518,25.55,1006.355518
2020-12-29 01:00:00,wind,RTS_DAY_AHEAD,26.7,25.55,1.15
2020-12-29 02:00:00,wind,hist_gradient_boosting,930.62039,31.75,898.87039
2020-12-29 02:00:00,wind,mlp,989.075806,31.75,957.325806
2020-12-29 02:00:00,wind,RTS_DAY_AHEAD,6.7,31.75,25.05
2020-12-29 03:00:00,wind,hist_gradient_boosting,671.659182,35.558333,636.100848
2020-12-29 03:00:00,wind,mlp,960.375366,35.558333,924.817033
2020-12-29 03:00:00,wind,RTS_DAY_AHEAD,5.1,35.558333,30.458333
2020-12-29 04:00:00,wind,hist_gradient_boosting,658.597194,45.366667,613.230528
2020-12-29 04:00:00,wind,mlp,971.83905,45.366667,926.472384
2020-12-29 04:00:00,wind,RTS_DAY_AHEAD,4.2,45.366667,41.166667
2020-12-29 05:00:00,wind,hist_gradient_boosting,710.269544,76.616667,633.652878
2020-12-29 05:00:00,wind,mlp,963.097534,76.616667,886.480868
2020-12-29 05:00:00,wind,RTS_DAY_AHEAD,5.6,76.616667,71.016667
2020-12-29 06:00:00,wind,hist_gradient_boosting,736.567502,85.958333,650.609168
2020-12-29 06:00:00,wind,mlp,958.456726,85.958333,872.498393
2020-12-29 06:00:00,wind,RTS_DAY_AHEAD,10.4,85.958333,75.558333
2020-12-29 07:00:00,wind,hist_gradient_boosting,731.301194,62.966667,668.334527
2020-12-29 07:00:00,wind,mlp,937.554321,62.966667,874.587655
2020-12-29 07:00:00,wind,RTS_DAY_AHEAD,37.5,62.966667,25.466667
2020-12-29 08:00:00,wind,hist_gradient_boosting,688.526104,48.675,639.851104
2020-12-29 08:00:00,wind,mlp,900.777832,48.675,852.102832
2020-12-29 08:00:00,wind,RTS_DAY_AHEAD,59.3,48.675,10.625
2020-12-29 09:00:00,wind,hist_gradient_boosting,605.839671,35.758333,570.081337
2020-12-29 09:00:00,wind,mlp,855.794067,35.758333,820.035734
2020-12-29 09:00:00,wind,RTS_DAY_AHEAD,70.9,35.758333,35.141667
2020-12-29 10:00:00,wind,hist_gradient_boosting,594.503428,50.383333,544.120095
2020-12-29 10:00:00,wind,mlp,799.284363,50.383333,748.901029
2020-12-29 10:00:00,wind,RTS_DAY_AHEAD,65.3,50.383333,14.916667
2020-12-29 11:00:00,wind,hist_gradient_boosting,726.183962,81.625,644.558962
2020-12-29 11:00:00,wind,mlp,787.392029,81.625,705.767029
2020-12-29 11:00:00,wind,RTS_DAY_AHEAD,60.2,81.625,21.425
2020-12-29 12:00:00,wind,hist_gradient_boosting,694.076931,64.083333,629.993598
2020-12-29 12:00:00,wind,mlp,769.707214,64.083333,705.623881
2020-12-29 12:00:00,wind,RTS_DAY_AHEAD,105.4,64.083333,41.316667
2020-12-29 13:00:00,wind,hist_gradient_boosting,704.037726,70.675,633.362726
2020-12-29 13:00:00,wind,mlp,806.155945,70.675,735.480945
2020-12-29 13:00:00,wind,RTS_DAY_AHEAD,83.9,70.675,13.225
2020-12-29 14:00:00,wind,hist_gradient_boosting,680.440357,263.8,416.640357
2020-12-29 14:00:00,wind,mlp,814.610474,263.8,550.810474
2020-12-29 14:00:00,wind,RTS_DAY_AHEAD,59.8,263.8,204.0
2020-12-29 15:00:00,wind,hist_gradient_boosting,681.118507,147.325,533.793507
2020-12-29 15:00:00,wind,mlp,808.036011,147.325,660.711011
2020-12-29 15:00:00,wind,RTS_DAY_AHEAD,95.1,147.325,52.225
2020-12-29 16:00:00,wind,hist_gradient_boosting,602.549999,180.658333,421.891666
2020-12-29 16:00:00,wind,mlp,816.813171,180.658333,636.154838
2020-12-29 16:00:00,wind,RTS_DAY_AHEAD,109.0,180.658333,71.658333
2020-12-29 17:00:00,wind,hist_gradient_boosting,581.279665,209.116667,372.162999
2020-12-29 17:00:00,wind,mlp,828.710083,209.116667,619.593416
2020-12-29 17:00:00,wind,RTS_DAY_AHEAD,383.2,209.116667,174.083333
2020-12-29 18:00:00,wind,hist_gradient_boosting,567.359888,325.916667,241.443222
2020-12-29 18:00:00,wind,mlp,827.487488,325.916667,501.570821
2020-12-29 18:00:00,wind,RTS_DAY_AHEAD,641.7,325.916667,315.783333
2020-12-29 19:00:00,wind,hist_gradient_boosting,533.465303,488.758333,44.70697
2020-12-29 19:00:00,wind,mlp,846.170532,488.758333,357.412199
2020-12-29 19:00:00,wind,RTS_DAY_AHEAD,821.8,488.758333,333.041667
2020-12-29 20:00:00,wind,hist_gradient_boosting,731.165527,523.783333,207.382194
2020-12-29 20:00:00,wind,mlp,869.586426,523.783333,345.803092
2020-12-29 20:00:00,wind,RTS_DAY_AHEAD,970.3,523.783333,446.516667
2020-12-29 21:00:00,wind,hist_gradient_boosting,601.458932,681.108333,79.649402
2020-12-29 21:00:00,wind,mlp,878.206665,681.108333,197.098332
2020-12-29 21:00:00,wind,RTS_DAY_AHEAD,993.3,681.108333,312.191667
2020-12-29 22:00:00,wind,hist_gradient_boosting,518.397527,717.158333,198.760806
2020-12-29 22:00:00,wind,mlp,869.443542,717.158333,152.285209
2020-12-29 22:00:00,wind,RTS_DAY_AHEAD,864.4,717.158333,147.241667
2020-12-29 23:00:00,wind,hist_gradient_boosting,430.752321,687.166667,256.414346
2020-12-29 23:00:00,wind,mlp,855.927612,687.166667,168.760946
2020-12-29 23:00:00,wind,RTS_DAY_AHEAD,1114.9,687.166667,427.733333
2020-12-30 00:00:00,wind,hist_gradient_boosting,430.752321,817.866667,387.114346
2020-12-30 00:00:00,wind,mlp,911.499695,817.866667,93.633028
2020-12-30 00:00:00,wind,RTS_DAY_AHEAD,1090.8,817.866667,272.933333
2020-12-30 01:00:00,wind,hist_gradient_boosting,601.458932,623.8,22.341068
2020-12-30 01:00:00,wind,mlp,939.926941,623.8,316.126941
2020-12-30 01:00:00,wind,RTS_DAY_AHEAD,1157.4,623.8,533.6
2020-12-30 02:00:00,wind,hist_gradient_boosting,601.458932,571.725,29.733932
2020-12-30 02:00:00,wind,mlp,940.421509,571.725,368.696509
2020-12-30 02:00:00,wind,RTS_DAY_AHEAD,1432.9,571.725,861.175
2020-12-30 03:00:00,wind,hist_gradient_boosting,601.458932,639.358333,37.899402
2020-12-30 03:00:00,wind,mlp,922.730835,639.358333,283.372502
2020-12-30 03:00:00,wind,RTS_DAY_AHEAD,1498.0,639.358333,858.641667
2020-12-30 04:00:00,wind,hist_gradient_boosting,601.458932,956.083333,354.624402
2020-12-30 04:00:00,wind,mlp,911.00061,956.083333,45.082723
2020-12-30 04:00:00,wind,RTS_DAY_AHEAD,1489.6,956.083333,533.516667
2020-12-30 05:00:00,wind,hist_gradient_boosting,594.296843,1193.891667,599.594824
2020-12-30 05:00:00,wind,mlp,898.799011,1193.891667,295.092655
2020-12-30 05:00:00,wind,RTS_DAY_AHEAD,1564.9,1193.891667,371.008333
2020-12-30 06:00:00,wind,hist_gradient_boosting,474.42564,1220.958333,746.532694
2020-12-30 06:00:00,wind,mlp,874.643188,1220.958333,346.315145
2020-12-30 06:00:00,wind,RTS_DAY_AHEAD,1749.0,1220.958333,528.041667
2020-12-30 07:00:00,wind,hist_gradient_boosting,530.410255,1354.283333,823.873078
2020-12-30 07:00:00,wind,mlp,841.394653,1354.283333,512.88868
2020-12-30 07:00:00,wind,RTS_DAY_AHEAD,1405.7,1354.283333,51.416667
2020-12-30 08:00:00,wind,hist_gradient_boosting,618.4316,1441.05,822.6184
2020-12-30 08:00:00,wind,mlp,808.556824,1441.05,632.493176
2020-12-30 08:00:00,wind,RTS_DAY_AHEAD,1858.3,1441.05,417.25
2020-12-30 09:00:00,wind,hist_gradient_boosting,472.527959,1884.575,1412.047041
2020-12-30 09:00:00,wind,mlp,767.016907,1884.575,1117.558093
2020-12-30 09:00:00,wind,RTS_DAY_AHEAD,1953.0,1884.575,68.425
2020-12-30 10:00:00,wind,hist_gradient_boosting,430.752321,1810.408333,1379.656012
2020-12-30 10:00:00,wind,mlp,728.341309,1810.408333,1082.067025
2020-12-30 10:00:00,wind,RTS_DAY_AHEAD,1624.2,1810.408333,186.208333
2020-12-30 11:00:00,wind,hist_gradient_boosting,472.527959,1720.3,1247.772041
2020-12-30 11:00:00,wind,mlp,703.757935,1720.3,1016.542065
2020-12-30 11:00:00,wind,RTS_DAY_AHEAD,1886.0,1720.3,165.7
2020-12-30 12:00:00,wind,hist_gradient_boosting,534.899443,1570.825,1035.925557
2020-12-30 12:00:00,wind,mlp,671.190552,1570.825,899.634448
2020-12-30 12:00:00,wind,RTS_DAY_AHEAD,1877.9,1570.825,307.075
2020-12-30 13:00:00,wind,hist_gradient_boosting,534.180749,1506.566667,972.385918
2020-12-30 13:00:00,wind,mlp,670.25061,1506.566667,836.316056
2020-12-30 13:00:00,wind,RTS_DAY_AHEAD,2018.7,1506.566667,512.133333
2020-12-30 14:00:00,wind,hist_gradient_boosting,457.296492,1669.05,1211.753508
2020-12-30 14:00:00,wind,mlp,719.225586,1669.05,949.824414
2020-12-30 14:00:00,wind,RTS_DAY_AHEAD,1953.6,1669.05,284.55
2020-12-30 15:00:00,wind,hist_gradient_boosting,650.529863,1645.625,995.095137
2020-12-30 15:00:00,wind,mlp,659.397766,1645.625,986.227234
2020-12-30 15:00:00,wind,RTS_DAY_AHEAD,2263.2,1645.625,617.575
2020-12-30 16:00:00,wind,hist_gradient_boosting,572.427885,1648.808333,1076.380448
2020-12-30 16:00:00,wind,mlp,666.264954,1648.808333,982.54338
2020-12-30 16:00:00,wind,RTS_DAY_AHEAD,2237.4,1648.808333,588.591667
2020-12-30 17:00:00,wind,hist_gradient_boosting,530.322273,1692.558333,1162.23606
2020-12-30 17:00:00,wind,mlp,668.801941,1692.558333,1023.756392
2020-12-30 17:00:00,wind,RTS_DAY_AHEAD,1925.2,1692.558333,232.641667
2020-12-30 18:00:00,wind,hist_gradient_boosting,586.03477,1672.033333,1085.998563
2020-12-30 18:00:00,wind,mlp,696.841675,1672.033333,975.191659
2020-12-30 18:00:00,wind,RTS_DAY_AHEAD,2213.9,1672.033333,541.866667
2020-12-30 19:00:00,wind,hist_gradient_boosting,619.968087,1764.775,1144.806913
2020-12-30 19:00:00,wind,mlp,725.555847,1764.775,1039.219153
2020-12-30 19:00:00,wind,RTS_DAY_AHEAD,2228.6,1764.775,463.825
2020-12-30 20:00:00,wind,hist_gradient_boosting,576.981699,1863.208333,1286.226634
2020-12-30 20:00:00,wind,mlp,723.422852,1863.208333,1139.785482
2020-12-30 20:00:00,wind,RTS_DAY_AHEAD,2336.4,1863.208333,473.191667
2020-12-30 21:00:00,wind,hist_gradient_boosting,703.168313,1981.191667,1278.023354
2020-12-30 21:00:00,wind,mlp,781.811035,1981.191667,1199.380632
2020-12-30 21:00:00,wind,RTS_DAY_AHEAD,2221.8,1981.191667,240.608333
2020-12-30 22:00:00,wind,hist_gradient_boosting,699.265248,1938.675,1239.409752
2020-12-30 22:00:00,wind,mlp,778.578918,1938.675,1160.096082
2020-12-30 22:00:00,wind,RTS_DAY_AHEAD,2032.6,1938.675,93.925
2020-12-30 23:00:00,wind,hist_gradient_boosting,705.460047,2013.975,1308.514953
2020-12-30 23:00:00,wind,mlp,778.388184,2013.975,1235.586816
2020-12-30 23:00:00,wind,RTS_DAY_AHEAD,2141.3,2013.975,127.325
2020-12-31 00:00:00,wind,hist_gradient_boosting,611.725439,2181.358333,1569.632894
2020-12-31 00:00:00,wind,mlp,834.376587,2181.358333,1346.981746
2020-12-31 00:00:00,wind,RTS_DAY_AHEAD,2196.0,2181.358333,14.641667
2020-12-31 01:00:00,wind,hist_gradient_boosting,636.841108,2030.391667,1393.550559
2020-12-31 01:00:00,wind,mlp,776.722473,2030.391667,1253.669194
2020-12-31 01:00:00,wind,RTS_DAY_AHEAD,2290.3,2030.391667,259.908333
2020-12-31 02:00:00,wind,hist_gradient_boosting,621.724243,1671.125,1049.400757
2020-12-31 02:00:00,wind,mlp,785.473755,1671.125,885.651245
2020-12-31 02:00:00,wind,RTS_DAY_AHEAD,2080.5,1671.125,409.375
2020-12-31 03:00:00,wind,hist_gradient_boosting,609.392365,1368.35,758.957635
2020-12-31 03:00:00,wind,mlp,812.886047,1368.35,555.463953
2020-12-31 03:00:00,wind,RTS_DAY_AHEAD,1779.3,1368.35,410.95
2020-12-31 04:00:00,wind,hist_gradient_boosting,616.381028,1155.941667,539.560638
2020-12-31 04:00:00,wind,mlp,891.778503,1155.941667,264.163163
2020-12-31 04:00:00,wind,RTS_DAY_AHEAD,1728.9,1155.941667,572.958333
2020-12-31 05:00:00,wind,hist_gradient_boosting,622.209583,872.541667,250.332084
2020-12-31 05:00:00,wind,mlp,889.533691,872.541667,16.992025
2020-12-31 05:00:00,wind,RTS_DAY_AHEAD,1633.4,872.541667,760.858333
2020-12-31 06:00:00,wind,hist_gradient_boosting,579.380064,689.958333,110.578269
2020-12-31 06:00:00,wind,mlp,845.664734,689.958333,155.706401
2020-12-31 06:00:00,wind,RTS_DAY_AHEAD,1450.0,689.958333,760.041667
2020-12-31 07:00:00,wind,hist_gradient_boosting,596.732205,668.65,71.917795
2020-12-31 07:00:00,wind,mlp,863.875854,668.65,195.225854
2020-12-31 07:00:00,wind,RTS_DAY_AHEAD,1363.4,668.65,694.75
2020-12-31 08:00:00,wind,hist_gradient_boosting,543.702361,677.641667,133.939306
2020-12-31 08:00:00,wind,mlp,854.299438,677.641667,176.657772
2020-12-31 08:00:00,wind,RTS_DAY_AHEAD,1435.2,677.641667,757.558333
2020-12-31 09:00:00,wind,hist_gradient_boosting,508.866116,666.3,157.433884
2020-12-31 09:00:00,wind,mlp,932.427063,666.3,266.127063
2020-12-31 09:00:00,wind,RTS_DAY_AHEAD,1423.0,666.3,756.7
2020-12-31 10:00:00,wind,hist_gradient_boosting,505.355213,730.35,224.994787
2020-12-31 10:00:00,wind,mlp,838.312866,730.35,107.962866
2020-12-31 10:00:00,wind,RTS_DAY_AHEAD,853.2,730.35,122.85
2020-12-31 11:00:00,wind,hist_gradient_boosting,462.567631,472.725,10.157369
2020-12-31 11:00:00,wind,mlp,821.954895,472.725,349.229895
2020-12-31 11:00:00,wind,RTS_DAY_AHEAD,171.2,472.725,301.525
2020-12-31 12:00:00,wind,hist_gradient_boosting,494.344362,239.641667,254.702696
2020-12-31 12:00:00,wind,mlp,792.249695,239.641667,552.608028
2020-12-31 12:00:00,wind,RTS_DAY_AHEAD,56.2,239.641667,183.441667
2020-12-31 13:00:00,wind,hist_gradient_boosting,513.421433,182.05,331.371433
2020-12-31 13:00:00,wind,mlp,800.560669,182.05,618.510669
2020-12-31 13:00:00,wind,RTS_DAY_AHEAD,28.1,182.05,153.95
2020-12-31 14:00:00,wind,hist_gradient_boosting,491.989548,233.166667,258.822881
2020-12-31 14:00:00,wind,mlp,872.889282,233.166667,639.722616
2020-12-31 14:00:00,wind,RTS_DAY_AHEAD,39.9,233.166667,193.266667
2020-12-31 15:00:00,wind,hist_gradient_boosting,456.966269,253.808333,203.157935
2020-12-31 15:00:00,wind,mlp,837.457336,253.808333,583.649003
2020-12-31 15:00:00,wind,RTS_DAY_AHEAD,33.6,253.808333,220.208333
2020-12-31 16:00:00,wind,hist_gradient_boosting,459.33703,294.483333,164.853697
2020-12-31 16:00:00,wind,mlp,855.092163,294.483333,560.60883
2020-12-31 16:00:00,wind,RTS_DAY_AHEAD,39.2,294.483333,255.283333
2020-12-31 17:00:00,wind,hist_gradient_boosting,504.821164,277.533333,227.287831
2020-12-31 17:00:00,wind,mlp,884.109558,277.533333,606.576225
2020-12-31 17:00:00,wind,RTS_DAY_AHEAD,244.2,277.533333,33.333333
2020-12-31 18:00:00,wind,hist_gradient_boosting,811.259565,190.891667,620.367898
2020-12-31 18:00:00,wind,mlp,892.152954,190.891667,701.261287
2020-12-31 18:00:00,wind,RTS_DAY_AHEAD,365.8,190.891667,174.908333
2020-12-31 19:00:00,wind,hist_gradient_boosting,819.228154,149.875,669.353154
2020-12-31 19:00:00,wind,mlp,951.789062,149.875,801.914062
2020-12-31 19:00:00,wind,RTS_DAY_AHEAD,357.6,149.875,207.725
2020-12-31 20:00:00,wind,hist_gradient_boosting,824.455271,218.691667,605.763604
2020-12-31 20:00:00,wind,mlp,977.697876,218.691667,759.006209
2020-12-31 20:00:00,wind,RTS_DAY_AHEAD,329.2,218.691667,110.508333
2020-12-31 21:00:00,wind,hist_gradient_boosting,877.076729,182.266667,694.810062
2020-12-31 21:00:00,wind,mlp,1025.371216,182.266667,843.104549
2020-12-31 21:00:00,wind,RTS_DAY_AHEAD,367.1,182.266667,184.833333
2020-12-31 22:00:00,wind,hist_gradient_boosting,1136.240585,204.416667,931.823918
2020-12-31 22:00:00,wind,mlp,1009.265259,204.416667,804.848592
2020-12-31 22:00:00,wind,RTS_DAY_AHEAD,377.7,204.416667,173.283333
2020-12-31 23:00:00,wind,hist_gradient_boosting,1123.478539,257.716667,865.761872
2020-12-31 23:00:00,wind,mlp,1067.348267,257.716667,809.6316
2020-12-31 23:00:00,wind,RTS_DAY_AHEAD,366.0,257.716667,108.283333
2020-11-01 00:00:00,pv,random_forest,0.046717,0.0,0.046717
2020-11-01 00:00:00,pv,mlp,155.821625,0.0,155.821625
2020-11-01 00:00:00,pv,H24_DAILY_PERSISTENCE,0.0,0.0,0.0
2020-11-01 01:00:00,pv,random_forest,0.046717,0.0,0.046717
2020-11-01 01:00:00,pv,mlp,161.222198,0.0,161.222198
2020-11-01 01:00:00,pv,H24_DAILY_PERSISTENCE,0.0,0.0,0.0
2020-11-01 02:00:00,pv,random_forest,0.046717,0.0,0.046717
2020-11-01 02:00:00,pv,mlp,170.169922,0.0,170.169922
2020-11-01 02:00:00,pv,H24_DAILY_PERSISTENCE,0.0,0.0,0.0
2020-11-01 03:00:00,pv,random_forest,0.046717,0.0,0.046717
2020-11-01 03:00:00,pv,mlp,182.947556,0.0,182.947556
2020-11-01 03:00:00,pv,H24_DAILY_PERSISTENCE,0.0,0.0,0.0
2020-11-01 04:00:00,pv,random_forest,0.046717,0.0,0.046717
2020-11-01 04:00:00,pv,mlp,198.068008,0.0,198.068008
2020-11-01 04:00:00,pv,H24_DAILY_PERSISTENCE,0.0,0.0,0.0
2020-11-01 05:00:00,pv,random_forest,0.046717,0.0,0.046717
2020-11-01 05:00:00,pv,mlp,216.298782,0.0,216.298782
2020-11-01 05:00:00,pv,H24_DAILY_PERSISTENCE,0.0,0.0,0.0
2020-11-01 06:00:00,pv,random_forest,172.369765,136.241667,36.128099
2020-11-01 06:00:00,pv,mlp,307.475891,136.241667,171.234224
2020-11-01 06:00:00,pv,H24_DAILY_PERSISTENCE,146.616667,136.241667,10.375
2020-11-01 07:00:00,pv,random_forest,620.746367,732.608333,111.861967
2020-11-01 07:00:00,pv,mlp,545.092468,732.608333,187.515865
2020-11-01 07:00:00,pv,H24_DAILY_PERSISTENCE,725.85,732.608333,6.758333
2020-11-01 08:00:00,pv,random_forest,960.177528,1016.258333,56.080805
2020-11-01 08:00:00,pv,mlp,640.583069,1016.258333,375.675264
2020-11-01 08:00:00,pv,H24_DAILY_PERSISTENCE,982.775,1016.258333,33.483333
2020-11-01 09:00:00,pv,random_forest,1039.29631,1139.916667,100.620357
2020-11-01 09:00:00,pv,mlp,660.792053,1139.916667,479.124613
2020-11-01 09:00:00,pv,H24_DAILY_PERSISTENCE,1062.1,1139.916667,77.816667
2020-11-01 10:00:00,pv,random_forest,1091.606393,1163.425,71.818607
2020-11-01 10:00:00,pv,mlp,666.165222,1163.425,497.259778
2020-11-01 10:00:00,pv,H24_DAILY_PERSISTENCE,1072.283333,1163.425,91.141667
2020-11-01 11:00:00,pv,random_forest,1093.491058,1153.441667,59.950609
2020-11-01 11:00:00,pv,mlp,671.564331,1153.441667,481.877336
2020-11-01 11:00:00,pv,H24_DAILY_PERSISTENCE,1103.033333,1153.441667,50.408333
2020-11-01 12:00:00,pv,random_forest,1096.202814,1145.241667,49.038853
2020-11-01 12:00:00,pv,mlp,663.246948,1145.241667,481.994718
2020-11-01 12:00:00,pv,H24_DAILY_PERSISTENCE,1070.333333,1145.241667,74.908333
2020-11-01 13:00:00,pv,random_forest,1075.531119,1119.741667,44.210547
2020-11-01 13:00:00,pv,mlp,649.319763,1119.741667,470.421903
2020-11-01 13:00:00,pv,H24_DAILY_PERSISTENCE,1039.325,1119.741667,80.416667
2020-11-01 14:00:00,pv,random_forest,989.36553,1019.8,30.43447
2020-11-01 14:00:00,pv,mlp,626.585022,1019.8,393.214978
2020-11-01 14:00:00,pv,H24_DAILY_PERSISTENCE,1017.941667,1019.8,1.858333
2020-11-01 15:00:00,pv,random_forest,753.039498,777.116667,24.077168
2020-11-01 15:00:00,pv,mlp,545.635437,777.116667,231.48123
2020-11-01 15:00:00,pv,H24_DAILY_PERSISTENCE,759.783333,777.116667,17.333333
2020-11-01 16:00:00,pv,random_forest,264.171462,185.508333,78.663129
2020-11-01 16:00:00,pv,mlp,323.114502,185.508333,137.606169
2020-11-01 16:00:00,pv,H24_DAILY_PERSISTENCE,159.525,185.508333,25.983333
2020-11-01 17:00:00,pv,random_forest,0.327313,0.0,0.327313
2020-11-01 17:00:00,pv,mlp,236.562057,0.0,236.562057
2020-11-01 17:00:00,pv,H24_DAILY_PERSISTENCE,0.0,0.0,0.0
2020-11-01 18:00:00,pv,random_forest,0.046717,0.0,0.046717
2020-11-01 18:00:00,pv,mlp,219.572922,0.0,219.572922
2020-11-01 18:00:00,pv,H24_DAILY_PERSISTENCE,0.0,0.0,0.0
2020-11-01 19:00:00,pv,random_forest,0.046717,0.0,0.046717
2020-11-01 19:00:00,pv,mlp,198.874054,0.0,198.874054
2020-11-01 19:00:00,pv,H24_DAILY_PERSISTENCE,0.0,0.0,0.0
2020-11-01 20:00:00,pv,random_forest,0.046717,0.0,0.046717
2020-11-01 20:00:00,pv,mlp,181.604431,0.0,181.604431
2020-11-01 20:00:00,pv,H24_DAILY_PERSISTENCE,0.0,0.0,0.0
2020-11-01 21:00:00,pv,random_forest,0.046717,0.0,0.046717
2020-11-01 21:00:00,pv,mlp,167.421066,0.0,167.421066
2020-11-01 21:00:00,pv,H24_DAILY_PERSISTENCE,0.0,0.0,0.0
2020-11-01 22:00:00,pv,random_forest,0.046717,0.0,0.046717
2020-11-01 22:00:00,pv,mlp,157.574692,0.0,157.574692
2020-11-01 22:00:00,pv,H24_DAILY_PERSISTENCE,0.0,0.0,0.0
2020-11-01 23:00:00,pv,random_forest,0.046717,0.0,0.046717
2020-11-01 23:00:00,pv,mlp,153.888824,0.0,153.888824
2020-11-01 23:00:00,pv,H24_DAILY_PERSISTENCE,0.0,0.0,0.0
2020-11-02 00:00:00,pv,random_forest,0.046717,0.0,0.046717
2020-11-02 00:00:00,pv,mlp,148.261353,0.0,148.261353
2020-11-02 00:00:00,pv,H24_DAILY_PERSISTENCE,0.0,0.0,0.0
2020-11-02 01:00:00,pv,random_forest,0.046717,0.0,0.046717
2020-11-02 01:00:00,pv,mlp,156.073181,0.0,156.073181
2020-11-02 01:00:00,pv,H24_DAILY_PERSISTENCE,0.0,0.0,0.0
2020-11-02 02:00:00,pv,random_forest,0.046717,0.0,0.046717
2020-11-02 02:00:00,pv,mlp,166.209381,0.0,166.209381
2020-11-02 02:00:00,pv,H24_DAILY_PERSISTENCE,0.0,0.0,0.0
2020-11-02 03:00:00,pv,random_forest,0.046717,0.0,0.046717
2020-11-02 03:00:00,pv,mlp,178.290894,0.0,178.290894
2020-11-02 03:00:00,pv,H24_DAILY_PERSISTENCE,0.0,0.0,0.0
2020-11-02 04:00:00,pv,random_forest,0.046717,0.0,0.046717
2020-11-02 04:00:00,pv,mlp,192.236298,0.0,192.236298
2020-11-02 04:00:00,pv,H24_DAILY_PERSISTENCE,0.0,0.0,0.0
2020-11-02 05:00:00,pv,random_forest,0.046717,0.0,0.046717
2020-11-02 05:00:00,pv,mlp,209.902634,0.0,209.902634
2020-11-02 05:00:00,pv,H24_DAILY_PERSISTENCE,0.0,0.0,0.0
2020-11-02 06:00:00,pv,random_forest,175.977697,142.008333,33.969363
2020-11-02 06:00:00,pv,mlp,292.799744,142.008333,150.79141
2020-11-02 06:00:00,pv,H24_DAILY_PERSISTENCE,136.241667,142.008333,5.766667
2020-11-02 07:00:00,pv,random_forest,600.707869,751.233333,150.525464
2020-11-02 07:00:00,pv,mlp,539.661926,751.233333,211.571407
2020-11-02 07:00:00,pv,H24_DAILY_PERSISTENCE,732.608333,751.233333,18.625
2020-11-02 08:00:00,pv,random_forest,935.901566,1020.258333,84.356767
2020-11-02 08:00:00,pv,mlp,636.133911,1020.258333,384.124422
2020-11-02 08:00:00,pv,H24_DAILY_PERSISTENCE,1016.258333,1020.258333,4.0
2020-11-02 09:00:00,pv,random_forest,1047.442532,1100.291667,52.849135
2020-11-02 09:00:00,pv,mlp,660.757507,1100.291667,439.534159
2020-11-02 09:00:00,pv,H24_DAILY_PERSISTENCE,1139.916667,1100.291667,39.625
2020-11-02 10:00:00,pv,random_forest,1082.614852,1143.8,61.185148
2020-11-02 10:00:00,pv,mlp,660.341309,1143.8,483.458691
2020-11-02 10:00:00,pv,H24_DAILY_PERSISTENCE,1163.425,1143.8,19.625
2020-11-02 11:00:00,pv,random_forest,1100.794207,1167.425,66.630793
2020-11-02 11:00:00,pv,mlp,659.935303,1167.425,507.489697
2020-11-02 11:00:00,pv,H24_DAILY_PERSISTENCE,1153.441667,1167.425,13.983333
2020-11-02 12:00:00,pv,random_forest,1083.195869,1161.666667,78.470798
2020-11-02 12:00:00,pv,mlp,654.328613,1161.666667,507.338053
2020-11-02 12:00:00,pv,H24_DAILY_PERSISTENCE,1145.241667,1161.666667,16.425
2020-11-02 13:00:00,pv,random_forest,1075.381987,1123.733333,48.351347
2020-11-02 13:00:00,pv,mlp,642.575439,1123.733333,481.157894
2020-11-02 13:00:00,pv,H24_DAILY_PERSISTENCE,1119.741667,1123.733333,3.991667
2020-11-02 14:00:00,pv,random_forest,996.102451,985.658333,10.444118
2020-11-02 14:00:00,pv,mlp,616.554382,985.658333,369.103951
2020-11-02 14:00:00,pv,H24_DAILY_PERSISTENCE,1019.8,985.658333,34.141667
2020-11-02 15:00:00,pv,random_forest,738.507572,697.408333,41.099239
2020-11-02 15:00:00,pv,mlp,535.164185,697.408333,162.244149
2020-11-02 15:00:00,pv,H24_DAILY_PERSISTENCE,777.116667,697.408333,79.708333
2020-11-02 16:00:00,pv,random_forest,252.030962,143.0,109.030962
2020-11-02 16:00:00,pv,mlp,305.272156,143.0,162.272156
2020-11-02 16:00:00,pv,H24_DAILY_PERSISTENCE,185.508333,143.0,42.508333
2020-11-02 17:00:00,pv,random_forest,0.40158,0.0,0.40158
2020-11-02 17:00:00,pv,mlp,209.949677,0.0,209.949677
2020-11-02 17:00:00,pv,H24_DAILY_PERSISTENCE,0.0,0.0,0.0
2020-11-02 18:00:00,pv,random_forest,0.046717,0.0,0.046717
2020-11-02 18:00:00,pv,mlp,199.883575,0.0,199.883575
2020-11-02 18:00:00,pv,H24_DAILY_PERSISTENCE,0.0,0.0,0.0
2020-11-02 19:00:00,pv,random_forest,0.046717,0.0,0.046717
2020-11-02 19:00:00,pv,mlp,182.539627,0.0,182.539627
2020-11-02 19:00:00,pv,H24_DAILY_PERSISTENCE,0.0,0.0,0.0
2020-11-02 20:00:00,pv,random_forest,0.046717,0.0,0.046717
2020-11-02 20:00:00,pv,mlp,166.873947,0.0,166.873947
2020-11-02 20:00:00,pv,H24_DAILY_PERSISTENCE,0.0,0.0,0.0
2020-11-02 21:00:00,pv,random_forest,0.046717,0.0,0.046717
2020-11-02 21:00:00,pv,mlp,154.362366,0.0,154.362366
2020-11-02 21:00:00,pv,H24_DAILY_PERSISTENCE,0.0,0.0,0.0
2020-11-02 22:00:00,pv,random_forest,0.046717,0.0,0.046717
2020-11-02 22:00:00,pv,mlp,146.586029,0.0,146.586029
2020-11-02 22:00:00,pv,H24_DAILY_PERSISTENCE,0.0,0.0,0.0
2020-11-02 23:00:00,pv,random_forest,0.046717,0.0,0.046717
2020-11-02 23:00:00,pv,mlp,144.549637,0.0,144.549637
2020-11-02 23:00:00,pv,H24_DAILY_PERSISTENCE,0.0,0.0,0.0
2020-11-03 00:00:00,pv,random_forest,0.046717,0.0,0.046717
2020-11-03 00:00:00,pv,mlp,148.361755,0.0,148.361755
2020-11-03 00:00:00,pv,H24_DAILY_PERSISTENCE,0.0,0.0,0.0
2020-11-03 01:00:00,pv,random_forest,0.046717,0.0,0.046717
2020-11-03 01:00:00,pv,mlp,154.333328,0.0,154.333328
2020-11-03 01:00:00,pv,H24_DAILY_PERSISTENCE,0.0,0.0,0.0
2020-11-03 02:00:00,pv,random_forest,0.046717,0.0,0.046717
2020-11-03 02:00:00,pv,mlp,163.847443,0.0,163.847443
2020-11-03 02:00:00,pv,H24_DAILY_PERSISTENCE,0.0,0.0,0.0
2020-11-03 03:00:00,pv,random_forest,0.046717,0.0,0.046717
2020-11-03 03:00:00,pv,mlp,177.070877,0.0,177.070877
2020-11-03 03:00:00,pv,H24_DAILY_PERSISTENCE,0.0,0.0,0.0
2020-11-03 04:00:00,pv,random_forest,0.046717,0.0,0.046717
2020-11-03 04:00:00,pv,mlp,193.932999,0.0,193.932999
2020-11-03 04:00:00,pv,H24_DAILY_PERSISTENCE,0.0,0.0,0.0
2020-11-03 05:00:00,pv,random_forest,0.046717,0.0,0.046717
2020-11-03 05:00:00,pv,mlp,211.372894,0.0,211.372894
2020-11-03 05:00:00,pv,H24_DAILY_PERSISTENCE,0.0,0.0,0.0
2020-11-03 06:00:00,pv,random_forest,101.810692,132.55,30.739308
2020-11-03 06:00:00,pv,mlp,259.232086,132.55,126.682086
2020-11-03 06:00:00,pv,H24_DAILY_PERSISTENCE,142.008333,132.55,9.458333
2020-11-03 07:00:00,pv,random_forest,582.689316,753.408333,170.719017
2020-11-03 07:00:00,pv,mlp,490.521881,753.408333,262.886452
2020-11-03 07:00:00,pv,H24_DAILY_PERSISTENCE,751.233333,753.408333,2.175
2020-11-03 08:00:00,pv,random_forest,966.520614,1013.358333,46.837719
2020-11-03 08:00:00,pv,mlp,635.429016,1013.358333,377.929317
2020-11-03 08:00:00,pv,H24_DAILY_PERSISTENCE,1020.258333,1013.358333,6.9
2020-11-03 09:00:00,pv,random_forest,1063.05636,1100.666667,37.610307
2020-11-03 09:00:00,pv,mlp,656.825989,1100.666667,443.840678
2020-11-03 09:00:00,pv,H24_DAILY_PERSISTENCE,1100.291667,1100.666667,0.375
2020-11-03 10:00:00,pv,random_forest,1090.688674,1119.491667,28.802992
2020-11-03 10:00:00,pv,mlp,664.757629,1119.491667,454.734037
2020-11-03 10:00:00,pv,H24_DAILY_PERSISTENCE,1143.8,1119.491667,24.308333
2020-11-03 11:00:00,pv,random_forest,1092.096074,1131.85,39.753926
2020-11-03 11:00:00,pv,mlp,661.390808,1131.85,470.459192
2020-11-03 11:00:00,pv,H24_DAILY_PERSISTENCE,1167.425,1131.85,35.575
2020-11-03 12:00:00,pv,random_forest,1090.521183,1128.5,37.978817
2020-11-03 12:00:00,pv,mlp,654.131836,1128.5,474.368164
2020-11-03 12:00:00,pv,H24_DAILY_PERSISTENCE,1161.666667,1128.5,33.166667
2020-11-03 13:00:00,pv,random_forest,1088.8698,1108.125,19.2552
2020-11-03 13:00:00,pv,mlp,638.612183,1108.125,469.512817
2020-11-03 13:00:00,pv,H24_DAILY_PERSISTENCE,1123.733333,1108.125,15.608333
2020-11-03 14:00:00,pv,random_forest,993.893759,1033.908333,40.014575
2020-11-03 14:00:00,pv,mlp,599.611694,1033.908333,434.296639
2020-11-03 14:00:00,pv,H24_DAILY_PERSISTENCE,985.658333,1033.908333,48.25
2020-11-03 15:00:00,pv,random_forest,768.460171,756.9,11.560171
2020-11-03 15:00:00,pv,mlp,504.6604,756.9,252.2396
2020-11-03 15:00:00,pv,H24_DAILY_PERSISTENCE,697.408333,756.9,59.491667
2020-11-03 16:00:00,pv,random_forest,240.977191,129.766667,111.210525
2020-11-03 16:00:00,pv,mlp,290.495422,129.766667,160.728756
2020-11-03 16:00:00,pv,H24_DAILY_PERSISTENCE,143.0,129.766667,13.233333
2020-11-03 17:00:00,pv,random_forest,1.679285,0.0,1.679285
2020-11-03 17:00:00,pv,mlp,210.685699,0.0,210.685699
2020-11-03 17:00:00,pv,H24_DAILY_PERSISTENCE,0.0,0.0,0.0
2020-11-03 18:00:00,pv,random_forest,0.046717,0.0,0.046717
2020-11-03 18:00:00,pv,mlp,196.130646,0.0,196.130646
2020-11-03 18:00:00,pv,H24_DAILY_PERSISTENCE,0.0,0.0,0.0
2020-11-03 19:00:00,pv,random_forest,0.046717,0.0,0.046717
2020-11-03 19:00:00,pv,mlp,178.887329,0.0,178.887329
2020-11-03 19:00:00,pv,H24_DAILY_PERSISTENCE,0.0,0.0,0.0
2020-11-03 20:00:00,pv,random_forest,0.046717,0.0,0.046717
2020-11-03 20:00:00,pv,mlp,164.501862,0.0,164.501862
2020-11-03 20:00:00,pv,H24_DAILY_PERSISTENCE,0.0,0.0,0.0
2020-11-03 21:00:00,pv,random_forest,0.046717,0.0,0.046717
2020-11-03 21:00:00,pv,mlp,154.637375,0.0,154.637375
2020-11-03 21:00:00,pv,H24_DAILY_PERSISTENCE,0.0,0.0,0.0
2020-11-03 22:00:00,pv,random_forest,0.046717,0.0,0.046717
2020-11-03 22:00:00,pv,mlp,149.445419,0.0,149.445419
2020-11-03 22:00:00,pv,H24_DAILY_PERSISTENCE,0.0,0.0,0.0
2020-11-03 23:00:00,pv,random_forest,0.046717,0.0,0.046717
2020-11-03 23:00:00,pv,mlp,147.886169,0.0,147.886169
2020-11-03 23:00:00,pv,H24_DAILY_PERSISTENCE,0.0,0.0,0.0
2020-11-04 00:00:00,pv,random_forest,0.046717,0.0,0.046717
2020-11-04 00:00:00,pv,mlp,144.060394,0.0,144.060394
2020-11-04 00:00:00,pv,H24_DAILY_PERSISTENCE,0.0,0.0,0.0
2020-11-04 01:00:00,pv,random_forest,0.046717,0.0,0.046717
2020-11-04 01:00:00,pv,mlp,149.482941,0.0,149.482941
2020-11-04 01:00:00,pv,H24_DAILY_PERSISTENCE,0.0,0.0,0.0
2020-11-04 02:00:00,pv,random_forest,0.046717,0.0,0.046717
2020-11-04 02:00:00,pv,mlp,159.738678,0.0,159.738678
2020-11-04 02:00:00,pv,H24_DAILY_PERSISTENCE,0.0,0.0,0.0
2020-11-04 03:00:00,pv,random_forest,0.046717,0.0,0.046717
2020-11-04 03:00:00,pv,mlp,176.030487,0.0,176.030487
2020-11-04 03:00:00,pv,H24_DAILY_PERSISTENCE,0.0,0.0,0.0
2020-11-04 04:00:00,pv,random_forest,0.046717,0.0,0.046717
2020-11-04 04:00:00,pv,mlp,195.216202,0.0,195.216202
2020-11-04 04:00:00,pv,H24_DAILY_PERSISTENCE,0.0,0.0,0.0
2020-11-04 05:00:00,pv,random_forest,0.046717,0.0,0.046717
2020-11-04 05:00:00,pv,mlp,212.328415,0.0,212.328415
2020-11-04 05:00:00,pv,H24_DAILY_PERSISTENCE,0.0,0.0,0.0
2020-11-04 06:00:00,pv,random_forest,146.912646,91.866667,55.045979
2020-11-04 06:00:00,pv,mlp,273.290863,91.866667,181.424196
2020-11-04 06:00:00,pv,H24_DAILY_PERSISTENCE,132.55,91.866667,40.683333
2020-11-04 07:00:00,pv,random_forest,593.632752,536.416667,57.216085
2020-11-04 07:00:00,pv,mlp,521.8573,536.416667,14.559367
2020-11-04 07:00:00,pv,H24_DAILY_PERSISTENCE,753.408333,536.416667,216.991667
2020-11-04 08:00:00,pv,random_forest,946.380035,859.25,87.130035
2020-11-04 08:00:00,pv,mlp,619.317627,859.25,239.932373
2020-11-04 08:00:00,pv,H24_DAILY_PERSISTENCE,1013.358333,859.25,154.108333
2020-11-04 09:00:00,pv,random_forest,1035.918339,970.691667,65.226672
2020-11-04 09:00:00,pv,mlp,640.285034,970.691667,330.406632
2020-11-04 09:00:00,pv,H24_DAILY_PERSISTENCE,1100.666667,970.691667,129.975
2020-11-04 10:00:00,pv,random_forest,1067.875917,1027.283333,40.592584
2020-11-04 10:00:00,pv,mlp,649.649597,1027.283333,377.633736
2020-11-04 10:00:00,pv,H24_DAILY_PERSISTENCE,1119.491667,1027.283333,92.208333
2020-11-04 11:00:00,pv,random_forest,1083.572802,1017.6,65.972802
2020-11-04 11:00:00,pv,mlp,657.17395,1017.6,360.42605
2020-11-04 11:00:00,pv,H24_DAILY_PERSISTENCE,1131.85,1017.6,114.25
2020-11-04 12:00:00,pv,random_forest,1082.681922,1026.258333,56.423589
2020-11-04 12:00:00,pv,mlp,652.51355,1026.258333,373.744784
2020-11-04 12:00:00,pv,H24_DAILY_PERSISTENCE,1128.5,1026.258333,102.241667
2020-11-04 13:00:00,pv,random_forest,1078.196797,1017.125,61.071797
2020-11-04 13:00:00,pv,mlp,645.233398,1017.125,371.891602
2020-11-04 13:00:00,pv,H24_DAILY_PERSISTENCE,1108.125,1017.125,91.0
2020-11-04 14:00:00,pv,random_forest,976.469594,996.2,19.730406
2020-11-04 14:00:00,pv,mlp,608.129639,996.2,388.070361
2020-11-04 14:00:00,pv,H24_DAILY_PERSISTENCE,1033.908333,996.2,37.708333
2020-11-04 15:00:00,pv,random_forest,800.279145,753.883333,46.395812
2020-11-04 15:00:00,pv,mlp,519.863098,753.883333,234.020235
2020-11-04 15:00:00,pv,H24_DAILY_PERSISTENCE,756.9,753.883333,3.016667
2020-11-04 16:00:00,pv,random_forest,234.551096,142.475,92.076096
2020-11-04 16:00:00,pv,mlp,298.724365,142.475,156.249365
2020-11-04 16:00:00,pv,H24_DAILY_PERSISTENCE,129.766667,142.475,12.708333
2020-11-04 17:00:00,pv,random_forest,0.305369,0.0,0.305369
2020-11-04 17:00:00,pv,mlp,223.554657,0.0,223.554657
2020-11-04 17:00:00,pv,H24_DAILY_PERSISTENCE,0.0,0.0,0.0
2020-11-04 18:00:00,pv,random_forest,0.046717,0.0,0.046717
2020-11-04 18:00:00,pv,mlp,200.255035,0.0,200.255035
2020-11-04 18:00:00,pv,H24_DAILY_PERSISTENCE,0.0,0.0,0.0
2020-11-04 19:00:00,pv,random_forest,0.046717,0.0,0.046717
2020-11-04 19:00:00,pv,mlp,181.074524,0.0,181.074524
2020-11-04 19:00:00,pv,H24_DAILY_PERSISTENCE,0.0,0.0,0.0
2020-11-04 20:00:00,pv,random_forest,0.046717,0.0,0.046717
2020-11-04 20:00:00,pv,mlp,164.328094,0.0,164.328094
2020-11-04 20:00:00,pv,H24_DAILY_PERSISTENCE,0.0,0.0,0.0
2020-11-04 21:00:00,pv,random_forest,0.046717,0.0,0.046717
2020-11-04 21:00:00,pv,mlp,152.357697,0.0,152.357697
2020-11-04 21:00:00,pv,H24_DAILY_PERSISTENCE,0.0,0.0,0.0
2020-11-04 22:00:00,pv,random_forest,0.046717,0.0,0.046717
2020-11-04 22:00:00,pv,mlp,145.755646,0.0,145.755646
2020-11-04 22:00:00,pv,H24_DAILY_PERSISTENCE,0.0,0.0,0.0
2020-11-04 23:00:00,pv,random_forest,0.046717,0.0,0.046717
2020-11-04 23:00:00,pv,mlp,143.002426,0.0,143.002426
2020-11-04 23:00:00,pv,H24_DAILY_PERSISTENCE,0.0,0.0,0.0
2020-11-05 00:00:00,pv,random_forest,0.046717,0.0,0.046717
2020-11-05 00:00:00,pv,mlp,138.021194,0.0,138.021194
2020-11-05 00:00:00,pv,H24_DAILY_PERSISTENCE,0.0,0.0,0.0
2020-11-05 01:00:00,pv,random_forest,0.046717,0.0,0.046717
2020-11-05 01:00:00,pv,mlp,143.962128,0.0,143.962128
2020-11-05 01:00:00,pv,H24_DAILY_PERSISTENCE,0.0,0.0,0.0
2020-11-05 02:00:00,pv,random_forest,0.046717,0.0,0.046717
2020-11-05 02:00:00,pv,mlp,155.874817,0.0,155.874817
2020-11-05 02:00:00,pv,H24_DAILY_PERSISTENCE,0.0,0.0,0.0
2020-11-05 03:00:00,pv,random_forest,0.046717,0.0,0.046717
2020-11-05 03:00:00,pv,mlp,170.55246,0.0,170.55246
2020-11-05 03:00:00,pv,H24_DAILY_PERSISTENCE,0.0,0.0,0.0
2020-11-05 04:00:00,pv,random_forest,0.046717,0.0,0.046717
2020-11-05 04:00:00,pv,mlp,189.496918,0.0,189.496918
2020-11-05 04:00:00,pv,H24_DAILY_PERSISTENCE,0.0,0.0,0.0
2020-11-05 05:00:00,pv,random_forest,0.046717,0.0,0.046717
2020-11-05 05:00:00,pv,mlp,210.30246,0.0,210.30246
2020-11-05 05:00:00,pv,H24_DAILY_PERSISTENCE,0.0,0.0,0.0
2020-11-05 06:00:00,pv,random_forest,157.544643,59.0,98.544643
2020-11-05 06:00:00,pv,mlp,274.154388,59.0,215.154388
2020-11-05 06:00:00,pv,H24_DAILY_PERSISTENCE,91.866667,59.0,32.866667
2020-11-05 07:00:00,pv,random_forest,609.788881,484.133333,125.655547
2020-11-05 07:00:00,pv,mlp,494.774414,484.133333,10.641081
2020-11-05 07:00:00,pv,H24_DAILY_PERSISTENCE,536.416667,484.133333,52.283333
2020-11-05 08:00:00,pv,random_forest,848.6531,726.35,122.3031
2020-11-05 08:00:00,pv,mlp,607.285645,726.35,119.064355
2020-11-05 08:00:00,pv,H24_DAILY_PERSISTENCE,859.25,726.35,132.9
2020-11-05 09:00:00,pv,random_forest,1020.507196,905.091667,115.415529
2020-11-05 09:00:00,pv,mlp,641.565796,905.091667,263.525871
2020-11-05 09:00:00,pv,H24_DAILY_PERSISTENCE,970.691667,905.091667,65.6
2020-11-05 10:00:00,pv,random_forest,1047.694571,960.9,86.794571
2020-11-05 10:00:00,pv,mlp,655.578552,960.9,305.321448
2020-11-05 10:00:00,pv,H24_DAILY_PERSISTENCE,1027.283333,960.9,66.383333
2020-11-05 11:00:00,pv,random_forest,1061.072492,1051.1,9.972492
2020-11-05 11:00:00,pv,mlp,651.627441,1051.1,399.472559
2020-11-05 11:00:00,pv,H24_DAILY_PERSISTENCE,1017.6,1051.1,33.5
2020-11-05 12:00:00,pv,random_forest,1065.816644,1092.041667,26.225022
2020-11-05 12:00:00,pv,mlp,649.870972,1092.041667,442.170695
2020-11-05 12:00:00,pv,H24_DAILY_PERSISTENCE,1026.258333,1092.041667,65.783333
2020-11-05 13:00:00,pv,random_forest,1063.125139,1054.283333,8.841806
2020-11-05 13:00:00,pv,mlp,639.092407,1054.283333,415.190926
2020-11-05 13:00:00,pv,H24_DAILY_PERSISTENCE,1017.125,1054.283333,37.158333
2020-11-05 14:00:00,pv,random_forest,1017.901543,983.45,34.451543
2020-11-05 14:00:00,pv,mlp,617.028625,983.45,366.421375
2020-11-05 14:00:00,pv,H24_DAILY_PERSISTENCE,996.2,983.45,12.75
2020-11-05 15:00:00,pv,random_forest,769.378328,727.516667,41.861661
2020-11-05 15:00:00,pv,mlp,536.721802,727.516667,190.794865
2020-11-05 15:00:00,pv,H24_DAILY_PERSISTENCE,753.883333,727.516667,26.366667
2020-11-05 16:00:00,pv,random_forest,241.889947,173.458333,68.431613
2020-11-05 16:00:00,pv,mlp,320.430115,173.458333,146.971781
2020-11-05 16:00:00,pv,H24_DAILY_PERSISTENCE,142.475,173.458333,30.983333
2020-11-05 17:00:00,pv,random_forest,1.679285,0.0,1.679285
2020-11-05 17:00:00,pv,mlp,231.80307,0.0,231.80307
2020-11-05 17:00:00,pv,H24_DAILY_PERSISTENCE,0.0,0.0,0.0
2020-11-05 18:00:00,pv,random_forest,0.046717,0.0,0.046717
2020-11-05 18:00:00,pv,mlp,202.243637,0.0,202.243637
2020-11-05 18:00:00,pv,H24_DAILY_PERSISTENCE,0.0,0.0,0.0
2020-11-05 19:00:00,pv,random_forest,0.046717,0.0,0.046717
2020-11-05 19:00:00,pv,mlp,179.974808,0.0,179.974808
2020-11-05 19:00:00,pv,H24_DAILY_PERSISTENCE,0.0,0.0,0.0
2020-11-05 20:00:00,pv,random_forest,0.046717,0.0,0.046717
2020-11-05 20:00:00,pv,mlp,162.049072,0.0,162.049072
2020-11-05 20:00:00,pv,H24_DAILY_PERSISTENCE,0.0,0.0,0.0
2020-11-05 21:00:00,pv,random_forest,0.046717,0.0,0.046717
2020-11-05 21:00:00,pv,mlp,147.890182,0.0,147.890182
2020-11-05 21:00:00,pv,H24_DAILY_PERSISTENCE,0.0,0.0,0.0
2020-11-05 22:00:00,pv,random_forest,0.046717,0.0,0.046717
2020-11-05 22:00:00,pv,mlp,137.515213,0.0,137.515213
2020-11-05 22:00:00,pv,H24_DAILY_PERSISTENCE,0.0,0.0,0.0
2020-11-05 23:00:00,pv,random_forest,0.046717,0.0,0.046717
2020-11-05 23:00:00,pv,mlp,132.815338,0.0,132.815338
2020-11-05 23:00:00,pv,H24_DAILY_PERSISTENCE,0.0,0.0,0.0
2020-11-06 00:00:00,pv,random_forest,0.046717,0.0,0.046717
2020-11-06 00:00:00,pv,mlp,139.321564,0.0,139.321564
2020-11-06 00:00:00,pv,H24_DAILY_PERSISTENCE,0.0,0.0,0.0
2020-11-06 01:00:00,pv,random_forest,0.046717,0.0,0.046717
2020-11-06 01:00:00,pv,mlp,145.040695,0.0,145.040695
2020-11-06 01:00:00,pv,H24_DAILY_PERSISTENCE,0.0,0.0,0.0
2020-11-06 02:00:00,pv,random_forest,0.046717,0.0,0.046717
2020-11-06 02:00:00,pv,mlp,156.575912,0.0,156.575912
2020-11-06 02:00:00,pv,H24_DAILY_PERSISTENCE,0.0,0.0,0.0
2020-11-06 03:00:00,pv,random_forest,0.046717,0.0,0.046717
2020-11-06 03:00:00,pv,mlp,172.012054,0.0,172.012054
2020-11-06 03:00:00,pv,H24_DAILY_PERSISTENCE,0.0,0.0,0.0
2020-11-06 04:00:00,pv,random_forest,0.046717,0.0,0.046717
2020-11-06 04:00:00,pv,mlp,190.425919,0.0,190.425919
2020-11-06 04:00:00,pv,H24_DAILY_PERSISTENCE,0.0,0.0,0.0
2020-11-06 05:00:00,pv,random_forest,0.046717,0.0,0.046717
2020-11-06 05:00:00,pv,mlp,211.734451,0.0,211.734451
2020-11-06 05:00:00,pv,H24_DAILY_PERSISTENCE,0.0,0.0,0.0
2020-11-06 06:00:00,pv,random_forest,122.982347,120.333333,2.649014
2020-11-06 06:00:00,pv,mlp,276.908112,120.333333,156.574778
2020-11-06 06:00:00,pv,H24_DAILY_PERSISTENCE,59.0,120.333333,61.333333
2020-11-06 07:00:00,pv,random_forest,602.992224,730.925,127.932776
2020-11-06 07:00:00,pv,mlp,479.617371,730.925,251.307629
2020-11-06 07:00:00,pv,H24_DAILY_PERSISTENCE,484.133333,730.925,246.791667
2020-11-06 08:00:00,pv,random_forest,858.654483,986.558333,127.903851
2020-11-06 08:00:00,pv,mlp,601.341797,986.558333,385.216536
2020-11-06 08:00:00,pv,H24_DAILY_PERSISTENCE,726.35,986.558333,260.208333
2020-11-06 09:00:00,pv,random_forest,1037.924903,1058.425,20.500097
2020-11-06 09:00:00,pv,mlp,641.603394,1058.425,416.821606
2020-11-06 09:00:00,pv,H24_DAILY_PERSISTENCE,905.091667,1058.425,153.333333
2020-11-06 10:00:00,pv,random_forest,1034.477954,1074.8,40.322046
2020-11-06 10:00:00,pv,mlp,648.475647,1074.8,426.324353
2020-11-06 10:00:00,pv,H24_DAILY_PERSISTENCE,960.9,1074.8,113.9
2020-11-06 11:00:00,pv,random_forest,998.4367,1009.341667,10.904967
2020-11-06 11:00:00,pv,mlp,657.815491,1009.341667,351.526176
2020-11-06 11:00:00,pv,H24_DAILY_PERSISTENCE,1051.1,1009.341667,41.758333
2020-11-06 12:00:00,pv,random_forest,1013.580934,845.05,168.530934
2020-11-06 12:00:00,pv,mlp,657.344971,845.05,187.705029
2020-11-06 12:00:00,pv,H24_DAILY_PERSISTENCE,1092.041667,845.05,246.991667
2020-11-06 13:00:00,pv,random_forest,1039.72315,695.808333,343.914817
2020-11-06 13:00:00,pv,mlp,647.075073,695.808333,48.73326
2020-11-06 13:00:00,pv,H24_DAILY_PERSISTENCE,1054.283333,695.808333,358.475
2020-11-06 14:00:00,pv,random_forest,981.410626,704.858333,276.552293
2020-11-06 14:00:00,pv,mlp,626.117004,704.858333,78.741329
2020-11-06 14:00:00,pv,H24_DAILY_PERSISTENCE,983.45,704.858333,278.591667
2020-11-06 15:00:00,pv,random_forest,780.548127,579.291667,201.25646
2020-11-06 15:00:00,pv,mlp,544.537048,579.291667,34.754618
2020-11-06 15:00:00,pv,H24_DAILY_PERSISTENCE,727.516667,579.291667,148.225
2020-11-06 16:00:00,pv,random_forest,238.494176,108.25,130.244176
2020-11-06 16:00:00,pv,mlp,326.38385,108.25,218.13385
2020-11-06 16:00:00,pv,H24_DAILY_PERSISTENCE,173.458333,108.25,65.208333
2020-11-06 17:00:00,pv,random_forest,3.362769,0.0,3.362769
2020-11-06 17:00:00,pv,mlp,240.687546,0.0,240.687546
2020-11-06 17:00:00,pv,H24_DAILY_PERSISTENCE,0.0,0.0,0.0
2020-11-06 18:00:00,pv,random_forest,0.046717,0.0,0.046717
2020-11-06 18:00:00,pv,mlp,207.103607,0.0,207.103607
2020-11-06 18:00:00,pv,H24_DAILY_PERSISTENCE,0.0,0.0,0.0
2020-11-06 19:00:00,pv,random_forest,0.046717,0.0,0.046717
2020-11-06 19:00:00,pv,mlp,186.578903,0.0,186.578903
2020-11-06 19:00:00,pv,H24_DAILY_PERSISTENCE,0.0,0.0,0.0
2020-11-06 20:00:00,pv,random_forest,0.046717,0.0,0.046717
2020-11-06 20:00:00,pv,mlp,167.113251,0.0,167.113251
2020-11-06 20:00:00,pv,H24_DAILY_PERSISTENCE,0.0,0.0,0.0
2020-11-06 21:00:00,pv,random_forest,0.046717,0.0,0.046717
2020-11-06 21:00:00,pv,mlp,152.380325,0.0,152.380325
2020-11-06 21:00:00,pv,H24_DAILY_PERSISTENCE,0.0,0.0,0.0
2020-11-06 22:00:00,pv,random_forest,0.046717,0.0,0.046717
2020-11-06 22:00:00,pv,mlp,143.295807,0.0,143.295807
2020-11-06 22:00:00,pv,H24_DAILY_PERSISTENCE,0.0,0.0,0.0
2020-11-06 23:00:00,pv,random_forest,0.046717,0.0,0.046717
2020-11-06 23:00:00,pv,mlp,137.48555,0.0,137.48555
2020-11-06 23:00:00,pv,H24_DAILY_PERSISTENCE,0.0,0.0,0.0
2020-11-07 00:00:00,pv,random_forest,0.046717,0.0,0.046717
2020-11-07 00:00:00,pv,mlp,151.258865,0.0,151.258865
2020-11-07 00:00:00,pv,H24_DAILY_PERSISTENCE,0.0,0.0,0.0
2020-11-07 01:00:00,pv,random_forest,0.046717,0.0,0.046717
2020-11-07 01:00:00,pv,mlp,156.626923,0.0,156.626923
2020-11-07 01:00:00,pv,H24_DAILY_PERSISTENCE,0.0,0.0,0.0
2020-11-07 02:00:00,pv,random_forest,0.046717,0.0,0.046717
2020-11-07 02:00:00,pv,mlp,167.570877,0.0,167.570877
2020-11-07 02:00:00,pv,H24_DAILY_PERSISTENCE,0.0,0.0,0.0
2020-11-07 03:00:00,pv,random_forest,0.046717,0.0,0.046717
2020-11-07 03:00:00,pv,mlp,183.284027,0.0,183.284027
2020-11-07 03:00:00,pv,H24_DAILY_PERSISTENCE,0.0,0.0,0.0
2020-11-07 04:00:00,pv,random_forest,0.046717,0.0,0.046717
2020-11-07 04:00:00,pv,mlp,199.323883,0.0,199.323883
2020-11-07 04:00:00,pv,H24_DAILY_PERSISTENCE,0.0,0.0,0.0
2020-11-07 05:00:00,pv,random_forest,0.046717,0.0,0.046717
2020-11-07 05:00:00,pv,mlp,218.604813,0.0,218.604813
2020-11-07 05:00:00,pv,H24_DAILY_PERSISTENCE,0.0,0.0,0.0
2020-11-07 06:00:00,pv,random_forest,111.003823,123.75,12.746177
2020-11-07 06:00:00,pv,mlp,280.720642,123.75,156.970642
2020-11-07 06:00:00,pv,H24_DAILY_PERSISTENCE,120.333333,123.75,3.416667
2020-11-07 07:00:00,pv,random_forest,620.902846,729.058333,108.155487
2020-11-07 07:00:00,pv,mlp,497.91095,729.058333,231.147384
2020-11-07 07:00:00,pv,H24_DAILY_PERSISTENCE,730.925,729.058333,1.866667
2020-11-07 08:00:00,pv,random_forest,877.492324,997.158333,119.666009
2020-11-07 08:00:00,pv,mlp,609.286011,997.158333,387.872323
2020-11-07 08:00:00,pv,H24_DAILY_PERSISTENCE,986.558333,997.158333,10.6
2020-11-07 09:00:00,pv,random_forest,957.49338,1090.666667,133.173287
2020-11-07 09:00:00,pv,mlp,637.88324,1090.666667,452.783427
2020-11-07 09:00:00,pv,H24_DAILY_PERSISTENCE,1058.425,1090.666667,32.241667
2020-11-07 10:00:00,pv,random_forest,1010.615051,1120.158333,109.543282
2020-11-07 10:00:00,pv,mlp,649.224487,1120.158333,470.933846
2020-11-07 10:00:00,pv,H24_DAILY_PERSISTENCE,1074.8,1120.158333,45.358333
2020-11-07 11:00:00,pv,random_forest,1065.094273,1127.366667,62.272393
2020-11-07 11:00:00,pv,mlp,651.956543,1127.366667,475.410124
2020-11-07 11:00:00,pv,H24_DAILY_PERSISTENCE,1009.341667,1127.366667,118.025
2020-11-07 12:00:00,pv,random_forest,1031.778376,1110.225,78.446624
2020-11-07 12:00:00,pv,mlp,638.648804,1110.225,471.576196
2020-11-07 12:00:00,pv,H24_DAILY_PERSISTENCE,845.05,1110.225,265.175
2020-11-07 13:00:00,pv,random_forest,1008.047951,1088.508333,80.460382
2020-11-07 13:00:00,pv,mlp,619.786743,1088.508333,468.72159
2020-11-07 13:00:00,pv,H24_DAILY_PERSISTENCE,695.808333,1088.508333,392.7
2020-11-07 14:00:00,pv,random_forest,940.22016,1011.858333,71.638173
2020-11-07 14:00:00,pv,mlp,610.781433,1011.858333,401.0769
2020-11-07 14:00:00,pv,H24_DAILY_PERSISTENCE,704.858333,1011.858333,307.0
2020-11-07 15:00:00,pv,random_forest,741.164885,697.716667,43.448218
2020-11-07 15:00:00,pv,mlp,532.460327,697.716667,165.25634
2020-11-07 15:00:00,pv,H24_DAILY_PERSISTENCE,579.291667,697.716667,118.425
2020-11-07 16:00:00,pv,random_forest,198.629003,113.808333,84.82067
2020-11-07 16:00:00,pv,mlp,316.523499,113.808333,202.715165
2020-11-07 16:00:00,pv,H24_DAILY_PERSISTENCE,108.25,113.808333,5.558333
2020-11-07 17:00:00,pv,random_forest,0.050999,0.0,0.050999
2020-11-07 17:00:00,pv,mlp,243.37793,0.0,243.37793
2020-11-07 17:00:00,pv,H24_DAILY_PERSISTENCE,0.0,0.0,0.0
2020-11-07 18:00:00,pv,random_forest,0.046717,0.0,0.046717
2020-11-07 18:00:00,pv,mlp,214.701492,0.0,214.701492
2020-11-07 18:00:00,pv,H24_DAILY_PERSISTENCE,0.0,0.0,0.0
2020-11-07 19:00:00,pv,random_forest,0.046717,0.0,0.046717
2020-11-07 19:00:00,pv,mlp,191.945755,0.0,191.945755
2020-11-07 19:00:00,pv,H24_DAILY_PERSISTENCE,0.0,0.0,0.0
2020-11-07 20:00:00,pv,random_forest,0.046717,0.0,0.046717
2020-11-07 20:00:00,pv,mlp,174.350327,0.0,174.350327
2020-11-07 20:00:00,pv,H24_DAILY_PERSISTENCE,0.0,0.0,0.0
2020-11-07 21:00:00,pv,random_forest,0.046717,0.0,0.046717
2020-11-07 21:00:00,pv,mlp,162.202118,0.0,162.202118
2020-11-07 21:00:00,pv,H24_DAILY_PERSISTENCE,0.0,0.0,0.0
2020-11-07 22:00:00,pv,random_forest,0.046717,0.0,0.046717
2020-11-07 22:00:00,pv,mlp,153.547409,0.0,153.547409
2020-11-07 22:00:00,pv,H24_DAILY_PERSISTENCE,0.0,0.0,0.0
2020-11-07 23:00:00,pv,random_forest,0.046717,0.0,0.046717
2020-11-07 23:00:00,pv,mlp,148.943542,0.0,148.943542
2020-11-07 23:00:00,pv,H24_DAILY_PERSISTENCE,0.0,0.0,0.0
2020-11-08 00:00:00,pv,random_forest,0.046717,0.0,0.046717
2020-11-08 00:00:00,pv,mlp,152.675369,0.0,152.675369
2020-11-08 00:00:00,pv,H24_DAILY_PERSISTENCE,0.0,0.0,0.0
2020-11-08 01:00:00,pv,random_forest,0.046717,0.0,0.046717
2020-11-08 01:00:00,pv,mlp,158.80661,0.0,158.80661
2020-11-08 01:00:00,pv,H24_DAILY_PERSISTENCE,0.0,0.0,0.0
2020-11-08 02:00:00,pv,random_forest,0.046717,0.0,0.046717
2020-11-08 02:00:00,pv,mlp,168.480682,0.0,168.480682
2020-11-08 02:00:00,pv,H24_DAILY_PERSISTENCE,0.0,0.0,0.0
2020-11-08 03:00:00,pv,random_forest,0.046717,0.0,0.046717
2020-11-08 03:00:00,pv,mlp,182.266113,0.0,182.266113
2020-11-08 03:00:00,pv,H24_DAILY_PERSISTENCE,0.0,0.0,0.0
2020-11-08 04:00:00,pv,random_forest,0.046717,0.0,0.046717
2020-11-08 04:00:00,pv,mlp,200.564056,0.0,200.564056
2020-11-08 04:00:00,pv,H24_DAILY_PERSISTENCE,0.0,0.0,0.0
2020-11-08 05:00:00,pv,random_forest,0.046717,0.0,0.046717
2020-11-08 05:00:00,pv,mlp,220.940582,0.0,220.940582
2020-11-08 05:00:00,pv,H24_DAILY_PERSISTENCE,0.0,0.0,0.0
2020-11-08 06:00:00,pv,random_forest,141.479136,94.541667,46.937469
2020-11-08 06:00:00,pv,mlp,288.739685,94.541667,194.198018
2020-11-08 06:00:00,pv,H24_DAILY_PERSISTENCE,123.75,94.541667,29.208333
2020-11-08 07:00:00,pv,random_forest,616.915958,673.816667,56.900708
2020-11-08 07:00:00,pv,mlp,519.576172,673.816667,154.240495
2020-11-08 07:00:00,pv,H24_DAILY_PERSISTENCE,729.058333,673.816667,55.241667
2020-11-08 08:00:00,pv,random_forest,940.883165,931.141667,9.741498
2020-11-08 08:00:00,pv,mlp,633.382263,931.141667,297.759403
2020-11-08 08:00:00,pv,H24_DAILY_PERSISTENCE,997.158333,931.141667,66.016667
2020-11-08 09:00:00,pv,random_forest,1036.563742,1041.616667,5.052925
2020-11-08 09:00:00,pv,mlp,658.519531,1041.616667,383.097135
2020-11-08 09:00:00,pv,H24_DAILY_PERSISTENCE,1090.666667,1041.616667,49.05
2020-11-08 10:00:00,pv,random_forest,1068.615222,1062.708333,5.906888
2020-11-08 10:00:00,pv,mlp,664.952271,1062.708333,397.756063
2020-11-08 10:00:00,pv,H24_DAILY_PERSISTENCE,1120.158333,1062.708333,57.45
2020-11-08 11:00:00,pv,random_forest,1048.783435,1089.566667,40.783231
2020-11-08 11:00:00,pv,mlp,662.564148,1089.566667,427.002519
2020-11-08 11:00:00,pv,H24_DAILY_PERSISTENCE,1127.366667,1089.566667,37.8
2020-11-08 12:00:00,pv,random_forest,1061.017999,1073.575,12.557001
2020-11-08 12:00:00,pv,mlp,638.204956,1073.575,435.370044
2020-11-08 12:00:00,pv,H24_DAILY_PERSISTENCE,1110.225,1073.575,36.65
2020-11-08 13:00:00,pv,random_forest,1002.208836,1001.35,0.858836
2020-11-08 13:00:00,pv,mlp,612.507812,1001.35,388.842188
2020-11-08 13:00:00,pv,H24_DAILY_PERSISTENCE,1088.508333,1001.35,87.158333
2020-11-08 14:00:00,pv,random_forest,1009.412019,933.383333,76.028686
2020-11-08 14:00:00,pv,mlp,592.893433,933.383333,340.489901
2020-11-08 14:00:00,pv,H24_DAILY_PERSISTENCE,1011.858333,933.383333,78.475
2020-11-08 15:00:00,pv,random_forest,767.593835,650.891667,116.702169
2020-11-08 15:00:00,pv,mlp,513.563354,650.891667,137.328312
2020-11-08 15:00:00,pv,H24_DAILY_PERSISTENCE,697.716667,650.891667,46.825
2020-11-08 16:00:00,pv,random_forest,188.60748,89.325,99.28248
2020-11-08 16:00:00,pv,mlp,288.457764,89.325,199.132764
2020-11-08 16:00:00,pv,H24_DAILY_PERSISTENCE,113.808333,89.325,24.483333
2020-11-08 17:00:00,pv,random_forest,1.184779,0.0,1.184779
2020-11-08 17:00:00,pv,mlp,237.256134,0.0,237.256134
2020-11-08 17:00:00,pv,H24_DAILY_PERSISTENCE,0.0,0.0,0.0
2020-11-08 18:00:00,pv,random_forest,0.046717,0.0,0.046717
2020-11-08 18:00:00,pv,mlp,216.818359,0.0,216.818359
2020-11-08 18:00:00,pv,H24_DAILY_PERSISTENCE,0.0,0.0,0.0
2020-11-08 19:00:00,pv,random_forest,0.046717,0.0,0.046717
2020-11-08 19:00:00,pv,mlp,195.434799,0.0,195.434799
2020-11-08 19:00:00,pv,H24_DAILY_PERSISTENCE,0.0,0.0,0.0
2020-11-08 20:00:00,pv,random_forest,0.046717,0.0,0.046717
2020-11-08 20:00:00,pv,mlp,177.910995,0.0,177.910995
2020-11-08 20:00:00,pv,H24_DAILY_PERSISTENCE,0.0,0.0,0.0
2020-11-08 21:00:00,pv,random_forest,0.046717,0.0,0.046717
2020-11-08 21:00:00,pv,mlp,163.969467,0.0,163.969467
2020-11-08 21:00:00,pv,H24_DAILY_PERSISTENCE,0.0,0.0,0.0
2020-11-08 22:00:00,pv,random_forest,0.046717,0.0,0.046717
2020-11-08 22:00:00,pv,mlp,154.733429,0.0,154.733429
2020-11-08 22:00:00,pv,H24_DAILY_PERSISTENCE,0.0,0.0,0.0
2020-11-08 23:00:00,pv,random_forest,0.046717,0.0,0.046717
2020-11-08 23:00:00,pv,mlp,151.331314,0.0,151.331314
2020-11-08 23:00:00,pv,H24_DAILY_PERSISTENCE,0.0,0.0,0.0
2020-11-09 00:00:00,pv,random_forest,0.046717,0.0,0.046717
2020-11-09 00:00:00,pv,mlp,143.792313,0.0,143.792313
2020-11-09 00:00:00,pv,H24_DAILY_PERSISTENCE,0.0,0.0,0.0
2020-11-09 01:00:00,pv,random_forest,0.046717,0.0,0.046717
2020-11-09 01:00:00,pv,mlp,151.912048,0.0,151.912048
2020-11-09 01:00:00,pv,H24_DAILY_PERSISTENCE,0.0,0.0,0.0
2020-11-09 02:00:00,pv,random_forest,0.046717,0.0,0.046717
2020-11-09 02:00:00,pv,mlp,163.013824,0.0,163.013824
2020-11-09 02:00:00,pv,H24_DAILY_PERSISTENCE,0.0,0.0,0.0
2020-11-09 03:00:00,pv,random_forest,0.046717,0.0,0.046717
2020-11-09 03:00:00,pv,mlp,175.513275,0.0,175.513275
2020-11-09 03:00:00,pv,H24_DAILY_PERSISTENCE,0.0,0.0,0.0
2020-11-09 04:00:00,pv,random_forest,0.046717,0.0,0.046717
2020-11-09 04:00:00,pv,mlp,190.543503,0.0,190.543503
2020-11-09 04:00:00,pv,H24_DAILY_PERSISTENCE,0.0,0.0,0.0
2020-11-09 05:00:00,pv,random_forest,0.046717,0.0,0.046717
2020-11-09 05:00:00,pv,mlp,208.00679,0.0,208.00679
2020-11-09 05:00:00,pv,H24_DAILY_PERSISTENCE,0.0,0.0,0.0
2020-11-09 06:00:00,pv,random_forest,142.949018,118.091667,24.857352
2020-11-09 06:00:00,pv,mlp,267.309509,118.091667,149.217843
2020-11-09 06:00:00,pv,H24_DAILY_PERSISTENCE,94.541667,118.091667,23.55
2020-11-09 07:00:00,pv,random_forest,616.061937,719.858333,103.796397
2020-11-09 07:00:00,pv,mlp,524.871948,719.858333,194.986385
2020-11-09 07:00:00,pv,H24_DAILY_PERSISTENCE,673.816667,719.858333,46.041667
2020-11-09 08:00:00,pv,random_forest,882.935638,986.375,103.439362
2020-11-09 08:00:00,pv,mlp,627.627258,986.375,358.747742
2020-11-09 08:00:00,pv,H24_DAILY_PERSISTENCE,931.141667,986.375,55.233333
2020-11-09 09:00:00,pv,random_forest,1023.906331,1078.033333,54.127002
2020-11-09 09:00:00,pv,mlp,657.732849,1078.033333,420.300484
2020-11-09 09:00:00,pv,H24_DAILY_PERSISTENCE,1041.616667,1078.033333,36.416667
2020-11-09 10:00:00,pv,random_forest,1057.367388,1112.758333,55.390945
2020-11-09 10:00:00,pv,mlp,659.870911,1112.758333,452.887423
2020-11-09 10:00:00,pv,H24_DAILY_PERSISTENCE,1062.708333,1112.758333,50.05
2020-11-09 11:00:00,pv,random_forest,1091.325896,1115.175,23.849104
2020-11-09 11:00:00,pv,mlp,661.057983,1115.175,454.117017
2020-11-09 11:00:00,pv,H24_DAILY_PERSISTENCE,1089.566667,1115.175,25.608333
2020-11-09 12:00:00,pv,random_forest,1089.716922,1081.866667,7.850255
2020-11-09 12:00:00,pv,mlp,654.831238,1081.866667,427.035429
2020-11-09 12:00:00,pv,H24_DAILY_PERSISTENCE,1073.575,1081.866667,8.291667
2020-11-09 13:00:00,pv,random_forest,1078.325505,1045.591667,32.733839
2020-11-09 13:00:00,pv,mlp,641.435059,1045.591667,404.156608
2020-11-09 13:00:00,pv,H24_DAILY_PERSISTENCE,1001.35,1045.591667,44.241667
2020-11-09 14:00:00,pv,random_forest,974.257126,956.7,17.557126
2020-11-09 14:00:00,pv,mlp,614.006226,956.7,342.693774
2020-11-09 14:00:00,pv,H24_DAILY_PERSISTENCE,933.383333,956.7,23.316667
2020-11-09 15:00:00,pv,random_forest,715.922315,699.75,16.172315
2020-11-09 15:00:00,pv,mlp,518.531006,699.75,181.218994
2020-11-09 15:00:00,pv,H24_DAILY_PERSISTENCE,650.891667,699.75,48.858333
2020-11-09 16:00:00,pv,random_forest,221.730254,106.9,114.830254
2020-11-09 16:00:00,pv,mlp,278.6716,106.9,171.7716
2020-11-09 16:00:00,pv,H24_DAILY_PERSISTENCE,89.325,106.9,17.575
2020-11-09 17:00:00,pv,random_forest,0.050873,0.0,0.050873
2020-11-09 17:00:00,pv,mlp,210.627518,0.0,210.627518
2020-11-09 17:00:00,pv,H24_DAILY_PERSISTENCE,0.0,0.0,0.0
2020-11-09 18:00:00,pv,random_forest,0.046717,0.0,0.046717
2020-11-09 18:00:00,pv,mlp,194.794876,0.0,194.794876
2020-11-09 18:00:00,pv,H24_DAILY_PERSISTENCE,0.0,0.0,0.0
2020-11-09 19:00:00,pv,random_forest,0.046717,0.0,0.046717
2020-11-09 19:00:00,pv,mlp,176.922577,0.0,176.922577
2020-11-09 19:00:00,pv,H24_DAILY_PERSISTENCE,0.0,0.0,0.0
2020-11-09 20:00:00,pv,random_forest,0.046717,0.0,0.046717
2020-11-09 20:00:00,pv,mlp,161.655548,0.0,161.655548
2020-11-09 20:00:00,pv,H24_DAILY_PERSISTENCE,0.0,0.0,0.0
2020-11-09 21:00:00,pv,random_forest,0.046717,0.0,0.046717
2020-11-09 21:00:00,pv,mlp,149.019409,0.0,149.019409
2020-11-09 21:00:00,pv,H24_DAILY_PERSISTENCE,0.0,0.0,0.0
2020-11-09 22:00:00,pv,random_forest,0.046717,0.0,0.046717
2020-11-09 22:00:00,pv,mlp,141.374664,0.0,141.374664
2020-11-09 22:00:00,pv,H24_DAILY_PERSISTENCE,0.0,0.0,0.0
2020-11-09 23:00:00,pv,random_forest,0.046717,0.0,0.046717
2020-11-09 23:00:00,pv,mlp,138.705475,0.0,138.705475
2020-11-09 23:00:00,pv,H24_DAILY_PERSISTENCE,0.0,0.0,0.0
2020-11-10 00:00:00,pv,random_forest,0.046717,0.0,0.046717
2020-11-10 00:00:00,pv,mlp,139.847397,0.0,139.847397
2020-11-10 00:00:00,pv,H24_DAILY_PERSISTENCE,0.0,0.0,0.0
2020-11-10 01:00:00,pv,random_forest,0.046717,0.0,0.046717
2020-11-10 01:00:00,pv,mlp,146.87558,0.0,146.87558
2020-11-10 01:00:00,pv,H24_DAILY_PERSISTENCE,0.0,0.0,0.0
2020-11-10 02:00:00,pv,random_forest,0.046717,0.0,0.046717
2020-11-10 02:00:00,pv,mlp,157.965012,0.0,157.965012
2020-11-10 02:00:00,pv,H24_DAILY_PERSISTENCE,0.0,0.0,0.0
2020-11-10 03:00:00,pv,random_forest,0.046717,0.0,0.046717
2020-11-10 03:00:00,pv,mlp,172.622025,0.0,172.622025
2020-11-10 03:00:00,pv,H24_DAILY_PERSISTENCE,0.0,0.0,0.0
2020-11-10 04:00:00,pv,random_forest,0.046717,0.0,0.046717
2020-11-10 04:00:00,pv,mlp,188.817017,0.0,188.817017
2020-11-10 04:00:00,pv,H24_DAILY_PERSISTENCE,0.0,0.0,0.0
2020-11-10 05:00:00,pv,random_forest,0.046717,0.0,0.046717
2020-11-10 05:00:00,pv,mlp,207.438446,0.0,207.438446
2020-11-10 05:00:00,pv,H24_DAILY_PERSISTENCE,0.0,0.0,0.0
2020-11-10 06:00:00,pv,random_forest,123.167514,103.45,19.717514
2020-11-10 06:00:00,pv,mlp,264.075867,103.45,160.625867
2020-11-10 06:00:00,pv,H24_DAILY_PERSISTENCE,118.091667,103.45,14.641667
2020-11-10 07:00:00,pv,random_forest,613.203638,701.191667,87.988029
2020-11-10 07:00:00,pv,mlp,530.347168,701.191667,170.844499
2020-11-10 07:00:00,pv,H24_DAILY_PERSISTENCE,719.858333,701.191667,18.666667
2020-11-10 08:00:00,pv,random_forest,877.411352,958.283333,80.871981
2020-11-10 08:00:00,pv,mlp,626.234497,958.283333,332.048836
2020-11-10 08:00:00,pv,H24_DAILY_PERSISTENCE,986.375,958.283333,28.091667
2020-11-10 09:00:00,pv,random_forest,1020.255749,1061.1,40.844251
2020-11-10 09:00:00,pv,mlp,650.650696,1061.1,410.449304
2020-11-10 09:00:00,pv,H24_DAILY_PERSISTENCE,1078.033333,1061.1,16.933333
2020-11-10 10:00:00,pv,random_forest,1073.455831,1070.608333,2.847497
2020-11-10 10:00:00,pv,mlp,657.139099,1070.608333,413.469234
2020-11-10 10:00:00,pv,H24_DAILY_PERSISTENCE,1112.758333,1070.608333,42.15
2020-11-10 11:00:00,pv,random_forest,1085.343914,1053.041667,32.302247
2020-11-10 11:00:00,pv,mlp,660.566406,1053.041667,392.47526
2020-11-10 11:00:00,pv,H24_DAILY_PERSISTENCE,1115.175,1053.041667,62.133333
2020-11-10 12:00:00,pv,random_forest,1078.185752,1051.008333,27.177419
2020-11-10 12:00:00,pv,mlp,653.744568,1051.008333,397.263765
2020-11-10 12:00:00,pv,H24_DAILY_PERSISTENCE,1081.866667,1051.008333,30.858333
2020-11-10 13:00:00,pv,random_forest,1025.259156,972.383333,52.875822
2020-11-10 13:00:00,pv,mlp,638.600098,972.383333,333.783236
2020-11-10 13:00:00,pv,H24_DAILY_PERSISTENCE,1045.591667,972.383333,73.208333
2020-11-10 14:00:00,pv,random_forest,972.877344,928.008333,44.869011
2020-11-10 14:00:00,pv,mlp,603.154846,928.008333,324.853487
2020-11-10 14:00:00,pv,H24_DAILY_PERSISTENCE,956.7,928.008333,28.691667
2020-11-10 15:00:00,pv,random_forest,746.188031,683.05,63.138031
2020-11-10 15:00:00,pv,mlp,498.172455,683.05,184.877545
2020-11-10 15:00:00,pv,H24_DAILY_PERSISTENCE,699.75,683.05,16.7
2020-11-10 16:00:00,pv,random_forest,186.308065,121.383333,64.924732
2020-11-10 16:00:00,pv,mlp,264.093048,121.383333,142.709715
2020-11-10 16:00:00,pv,H24_DAILY_PERSISTENCE,106.9,121.383333,14.483333
2020-11-10 17:00:00,pv,random_forest,0.050999,0.0,0.050999
2020-11-10 17:00:00,pv,mlp,202.394562,0.0,202.394562
2020-11-10 17:00:00,pv,H24_DAILY_PERSISTENCE,0.0,0.0,0.0
2020-11-10 18:00:00,pv,random_forest,0.046717,0.0,0.046717
2020-11-10 18:00:00,pv,mlp,186.810577,0.0,186.810577
2020-11-10 18:00:00,pv,H24_DAILY_PERSISTENCE,0.0,0.0,0.0
2020-11-10 19:00:00,pv,random_forest,0.046717,0.0,0.046717
2020-11-10 19:00:00,pv,mlp,168.517502,0.0,168.517502
2020-11-10 19:00:00,pv,H24_DAILY_PERSISTENCE,0.0,0.0,0.0
2020-11-10 20:00:00,pv,random_forest,0.046717,0.0,0.046717
2020-11-10 20:00:00,pv,mlp,154.956497,0.0,154.956497
2020-11-10 20:00:00,pv,H24_DAILY_PERSISTENCE,0.0,0.0,0.0
2020-11-10 21:00:00,pv,random_forest,0.046717,0.0,0.046717
2020-11-10 21:00:00,pv,mlp,144.861969,0.0,144.861969
2020-11-10 21:00:00,pv,H24_DAILY_PERSISTENCE,0.0,0.0,0.0
2020-11-10 22:00:00,pv,random_forest,0.046717,0.0,0.046717
2020-11-10 22:00:00,pv,mlp,139.334229,0.0,139.334229
2020-11-10 22:00:00,pv,H24_DAILY_PERSISTENCE,0.0,0.0,0.0
2020-11-10 23:00:00,pv,random_forest,0.046717,0.0,0.046717
2020-11-10 23:00:00,pv,mlp,137.668076,0.0,137.668076
2020-11-10 23:00:00,pv,H24_DAILY_PERSISTENCE,0.0,0.0,0.0
2020-11-11 00:00:00,pv,random_forest,0.046717,0.0,0.046717
2020-11-11 00:00:00,pv,mlp,136.142258,0.0,136.142258
2020-11-11 00:00:00,pv,H24_DAILY_PERSISTENCE,0.0,0.0,0.0
2020-11-11 01:00:00,pv,random_forest,0.046717,0.0,0.046717
2020-11-11 01:00:00,pv,mlp,143.06958,0.0,143.06958
2020-11-11 01:00:00,pv,H24_DAILY_PERSISTENCE,0.0,0.0,0.0
2020-11-11 02:00:00,pv,random_forest,0.046717,0.0,0.046717
2020-11-11 02:00:00,pv,mlp,154.472641,0.0,154.472641
2020-11-11 02:00:00,pv,H24_DAILY_PERSISTENCE,0.0,0.0,0.0
2020-11-11 03:00:00,pv,random_forest,0.046717,0.0,0.046717
2020-11-11 03:00:00,pv,mlp,169.557251,0.0,169.557251
2020-11-11 03:00:00,pv,H24_DAILY_PERSISTENCE,0.0,0.0,0.0
2020-11-11 04:00:00,pv,random_forest,0.046717,0.0,0.046717
2020-11-11 04:00:00,pv,mlp,187.827011,0.0,187.827011
2020-11-11 04:00:00,pv,H24_DAILY_PERSISTENCE,0.0,0.0,0.0
2020-11-11 05:00:00,pv,random_forest,0.046717,0.0,0.046717
2020-11-11 05:00:00,pv,mlp,206.658783,0.0,206.658783
2020-11-11 05:00:00,pv,H24_DAILY_PERSISTENCE,0.0,0.0,0.0
2020-11-11 06:00:00,pv,random_forest,133.576977,86.225,47.351977
2020-11-11 06:00:00,pv,mlp,269.022064,86.225,182.797064
2020-11-11 06:00:00,pv,H24_DAILY_PERSISTENCE,103.45,86.225,17.225
2020-11-11 07:00:00,pv,random_forest,613.065922,686.25,73.184078
2020-11-11 07:00:00,pv,mlp,534.516357,686.25,151.733643
2020-11-11 07:00:00,pv,H24_DAILY_PERSISTENCE,701.191667,686.25,14.941667
2020-11-11 08:00:00,pv,random_forest,942.090933,972.725,30.634067
2020-11-11 08:00:00,pv,mlp,625.743835,972.725,346.981165
2020-11-11 08:00:00,pv,H24_DAILY_PERSISTENCE,958.283333,972.725,14.441667
2020-11-11 09:00:00,pv,random_forest,1025.047147,1078.116667,53.06952
2020-11-11 09:00:00,pv,mlp,651.209167,1078.116667,426.907499
2020-11-11 09:00:00,pv,H24_DAILY_PERSISTENCE,1061.1,1078.116667,17.016667
2020-11-11 10:00:00,pv,random_forest,1080.890433,1115.166667,34.276233
2020-11-11 10:00:00,pv,mlp,656.660706,1115.166667,458.505961
2020-11-11 10:00:00,pv,H24_DAILY_PERSISTENCE,1070.608333,1115.166667,44.558333
2020-11-11 11:00:00,pv,random_forest,1092.282627,1117.991667,25.70904
2020-11-11 11:00:00,pv,mlp,657.875854,1117.991667,460.115812
2020-11-11 11:00:00,pv,H24_DAILY_PERSISTENCE,1053.041667,1117.991667,64.95
2020-11-11 12:00:00,pv,random_forest,1068.342485,1104.516667,36.174182
2020-11-11 12:00:00,pv,mlp,653.778809,1104.516667,450.737858
2020-11-11 12:00:00,pv,H24_DAILY_PERSISTENCE,1051.008333,1104.516667,53.508333
2020-11-11 13:00:00,pv,random_forest,1051.345655,1067.8,16.454345
2020-11-11 13:00:00,pv,mlp,635.930054,1067.8,431.869946
2020-11-11 13:00:00,pv,H24_DAILY_PERSISTENCE,972.383333,1067.8,95.416667
2020-11-11 14:00:00,pv,random_forest,965.216336,948.258333,16.958003
2020-11-11 14:00:00,pv,mlp,610.675964,948.258333,337.582369
2020-11-11 14:00:00,pv,H24_DAILY_PERSISTENCE,928.008333,948.258333,20.25
2020-11-11 15:00:00,pv,random_forest,716.026649,690.966667,25.059982
2020-11-11 15:00:00,pv,mlp,511.067688,690.966667,179.898979
2020-11-11 15:00:00,pv,H24_DAILY_PERSISTENCE,683.05,690.966667,7.916667
2020-11-11 16:00:00,pv,random_forest,145.549848,125.316667,20.233181
2020-11-11 16:00:00,pv,mlp,280.860046,125.316667,155.54338
2020-11-11 16:00:00,pv,H24_DAILY_PERSISTENCE,121.383333,125.316667,3.933333
2020-11-11 17:00:00,pv,random_forest,0.277896,0.0,0.277896
2020-11-11 17:00:00,pv,mlp,216.372757,0.0,216.372757
2020-11-11 17:00:00,pv,H24_DAILY_PERSISTENCE,0.0,0.0,0.0
2020-11-11 18:00:00,pv,random_forest,0.046717,0.0,0.046717
2020-11-11 18:00:00,pv,mlp,191.577316,0.0,191.577316
2020-11-11 18:00:00,pv,H24_DAILY_PERSISTENCE,0.0,0.0,0.0
2020-11-11 19:00:00,pv,random_forest,0.046717,0.0,0.046717
2020-11-11 19:00:00,pv,mlp,171.602707,0.0,171.602707
2020-11-11 19:00:00,pv,H24_DAILY_PERSISTENCE,0.0,0.0,0.0
2020-11-11 20:00:00,pv,random_forest,0.046717,0.0,0.046717
2020-11-11 20:00:00,pv,mlp,153.608429,0.0,153.608429
2020-11-11 20:00:00,pv,H24_DAILY_PERSISTENCE,0.0,0.0,0.0
2020-11-11 21:00:00,pv,random_forest,0.046717,0.0,0.046717
2020-11-11 21:00:00,pv,mlp,140.938019,0.0,140.938019
2020-11-11 21:00:00,pv,H24_DAILY_PERSISTENCE,0.0,0.0,0.0
2020-11-11 22:00:00,pv,random_forest,0.046717,0.0,0.046717
2020-11-11 22:00:00,pv,mlp,133.785919,0.0,133.785919
2020-11-11 22:00:00,pv,H24_DAILY_PERSISTENCE,0.0,0.0,0.0
2020-11-11 23:00:00,pv,random_forest,0.046717,0.0,0.046717
2020-11-11 23:00:00,pv,mlp,131.121292,0.0,131.121292
2020-11-11 23:00:00,pv,H24_DAILY_PERSISTENCE,0.0,0.0,0.0
2020-11-12 00:00:00,pv,random_forest,0.046717,0.0,0.046717
2020-11-12 00:00:00,pv,mlp,127.446205,0.0,127.446205
2020-11-12 00:00:00,pv,H24_DAILY_PERSISTENCE,0.0,0.0,0.0
2020-11-12 01:00:00,pv,random_forest,0.046717,0.0,0.046717
2020-11-12 01:00:00,pv,mlp,132.316788,0.0,132.316788
2020-11-12 01:00:00,pv,H24_DAILY_PERSISTENCE,0.0,0.0,0.0
2020-11-12 02:00:00,pv,random_forest,0.046717,0.0,0.046717
2020-11-12 02:00:00,pv,mlp,143.428314,0.0,143.428314
2020-11-12 02:00:00,pv,H24_DAILY_PERSISTENCE,0.0,0.0,0.0
2020-11-12 03:00:00,pv,random_forest,0.046717,0.0,0.046717
2020-11-12 03:00:00,pv,mlp,160.36264,0.0,160.36264
2020-11-12 03:00:00,pv,H24_DAILY_PERSISTENCE,0.0,0.0,0.0
2020-11-12 04:00:00,pv,random_forest,0.046717,0.0,0.046717
2020-11-12 04:00:00,pv,mlp,180.80043,0.0,180.80043
2020-11-12 04:00:00,pv,H24_DAILY_PERSISTENCE,0.0,0.0,0.0
2020-11-12 05:00:00,pv,random_forest,0.046717,0.0,0.046717
2020-11-12 05:00:00,pv,mlp,204.845215,0.0,204.845215
2020-11-12 05:00:00,pv,H24_DAILY_PERSISTENCE,0.0,0.0,0.0
2020-11-12 06:00:00,pv,random_forest,97.701637,93.825,3.876637
2020-11-12 06:00:00,pv,mlp,256.369873,93.825,162.544873
2020-11-12 06:00:00,pv,H24_DAILY_PERSISTENCE,86.225,93.825,7.6
2020-11-12 07:00:00,pv,random_forest,574.771947,710.825,136.053053
2020-11-12 07:00:00,pv,mlp,476.436462,710.825,234.388538
2020-11-12 07:00:00,pv,H24_DAILY_PERSISTENCE,686.25,710.825,24.575
2020-11-12 08:00:00,pv,random_forest,895.267025,1015.658333,120.391309
2020-11-12 08:00:00,pv,mlp,604.247498,1015.658333,411.410836
2020-11-12 08:00:00,pv,H24_DAILY_PERSISTENCE,972.725,1015.658333,42.933333
2020-11-12 09:00:00,pv,random_forest,1034.357365,1123.225,88.867635
2020-11-12 09:00:00,pv,mlp,635.025085,1123.225,488.199915
2020-11-12 09:00:00,pv,H24_DAILY_PERSISTENCE,1078.116667,1123.225,45.108333
2020-11-12 10:00:00,pv,random_forest,1046.283144,1142.658333,96.375189
2020-11-12 10:00:00,pv,mlp,644.801392,1142.658333,497.856942
2020-11-12 10:00:00,pv,H24_DAILY_PERSISTENCE,1115.166667,1142.658333,27.491667
2020-11-12 11:00:00,pv,random_forest,1014.084767,1139.291667,125.206899
2020-11-12 11:00:00,pv,mlp,643.679749,1139.291667,495.611918
2020-11-12 11:00:00,pv,H24_DAILY_PERSISTENCE,1117.991667,1139.291667,21.3
2020-11-12 12:00:00,pv,random_forest,1018.714618,1117.783333,99.068716
2020-11-12 12:00:00,pv,mlp,641.181335,1117.783333,476.601998
2020-11-12 12:00:00,pv,H24_DAILY_PERSISTENCE,1104.516667,1117.783333,13.266667
2020-11-12 13:00:00,pv,random_forest,987.679483,1064.733333,77.053851
2020-11-12 13:00:00,pv,mlp,626.508667,1064.733333,438.224666
2020-11-12 13:00:00,pv,H24_DAILY_PERSISTENCE,1067.8,1064.733333,3.066667
2020-11-12 14:00:00,pv,random_forest,977.0718,982.925,5.8532
2020-11-12 14:00:00,pv,mlp,600.597778,982.925,382.327222
2020-11-12 14:00:00,pv,H24_DAILY_PERSISTENCE,948.258333,982.925,34.666667
2020-11-12 15:00:00,pv,random_forest,757.516528,713.55,43.966528
2020-11-12 15:00:00,pv,mlp,513.366699,713.55,200.183301
2020-11-12 15:00:00,pv,H24_DAILY_PERSISTENCE,690.966667,713.55,22.583333
2020-11-12 16:00:00,pv,random_forest,234.606511,108.025,126.581511
2020-11-12 16:00:00,pv,mlp,296.559296,108.025,188.534296
2020-11-12 16:00:00,pv,H24_DAILY_PERSISTENCE,125.316667,108.025,17.291667
2020-11-12 17:00:00,pv,random_forest,0.305177,0.0,0.305177
2020-11-12 17:00:00,pv,mlp,225.133789,0.0,225.133789
2020-11-12 17:00:00,pv,H24_DAILY_PERSISTENCE,0.0,0.0,0.0
2020-11-12 18:00:00,pv,random_forest,0.046717,0.0,0.046717
2020-11-12 18:00:00,pv,mlp,199.415207,0.0,199.415207
2020-11-12 18:00:00,pv,H24_DAILY_PERSISTENCE,0.0,0.0,0.0
2020-11-12 19:00:00,pv,random_forest,0.046717,0.0,0.046717
2020-11-12 19:00:00,pv,mlp,178.450165,0.0,178.450165
2020-11-12 19:00:00,pv,H24_DAILY_PERSISTENCE,0.0,0.0,0.0
2020-11-12 20:00:00,pv,random_forest,0.046717,0.0,0.046717
2020-11-12 20:00:00,pv,mlp,159.606491,0.0,159.606491
2020-11-12 20:00:00,pv,H24_DAILY_PERSISTENCE,0.0,0.0,0.0
2020-11-12 21:00:00,pv,random_forest,0.046717,0.0,0.046717
2020-11-12 21:00:00,pv,mlp,145.270966,0.0,145.270966
2020-11-12 21:00:00,pv,H24_DAILY_PERSISTENCE,0.0,0.0,0.0
2020-11-12 22:00:00,pv,random_forest,0.046717,0.0,0.046717
2020-11-12 22:00:00,pv,mlp,134.531464,0.0,134.531464
2020-11-12 22:00:00,pv,H24_DAILY_PERSISTENCE,0.0,0.0,0.0
2020-11-12 23:00:00,pv,random_forest,0.046717,0.0,0.046717
2020-11-12 23:00:00,pv,mlp,129.662933,0.0,129.662933
2020-11-12 23:00:00,pv,H24_DAILY_PERSISTENCE,0.0,0.0,0.0
2020-11-13 00:00:00,pv,random_forest,0.046717,0.0,0.046717
2020-11-13 00:00:00,pv,mlp,137.25415,0.0,137.25415
2020-11-13 00:00:00,pv,H24_DAILY_PERSISTENCE,0.0,0.0,0.0
2020-11-13 01:00:00,pv,random_forest,0.046717,0.0,0.046717
2020-11-13 01:00:00,pv,mlp,140.952484,0.0,140.952484
2020-11-13 01:00:00,pv,H24_DAILY_PERSISTENCE,0.0,0.0,0.0
2020-11-13 02:00:00,pv,random_forest,0.046717,0.0,0.046717
2020-11-13 02:00:00,pv,mlp,151.579361,0.0,151.579361
2020-11-13 02:00:00,pv,H24_DAILY_PERSISTENCE,0.0,0.0,0.0
2020-11-13 03:00:00,pv,random_forest,0.046717,0.0,0.046717
2020-11-13 03:00:00,pv,mlp,167.044586,0.0,167.044586
2020-11-13 03:00:00,pv,H24_DAILY_PERSISTENCE,0.0,0.0,0.0
2020-11-13 04:00:00,pv,random_forest,0.046717,0.0,0.046717
2020-11-13 04:00:00,pv,mlp,187.369843,0.0,187.369843
2020-11-13 04:00:00,pv,H24_DAILY_PERSISTENCE,0.0,0.0,0.0
2020-11-13 05:00:00,pv,random_forest,0.046717,0.0,0.046717
2020-11-13 05:00:00,pv,mlp,209.346558,0.0,209.346558
2020-11-13 05:00:00,pv,H24_DAILY_PERSISTENCE,0.0,0.0,0.0
2020-11-13 06:00:00,pv,random_forest,78.05462,91.641667,13.587046
2020-11-13 06:00:00,pv,mlp,256.54364,91.641667,164.901973
2020-11-13 06:00:00,pv,H24_DAILY_PERSISTENCE,93.825,91.641667,2.183333
2020-11-13 07:00:00,pv,random_forest,593.986361,717.491667,123.505306
2020-11-13 07:00:00,pv,mlp,469.872162,717.491667,247.619505
2020-11-13 07:00:00,pv,H24_DAILY_PERSISTENCE,710.825,717.491667,6.666667
2020-11-13 08:00:00,pv,random_forest,928.958651,1012.333333,83.374683
2020-11-13 08:00:00,pv,mlp,596.488098,1012.333333,415.845235
2020-11-13 08:00:00,pv,H24_DAILY_PERSISTENCE,1015.658333,1012.333333,3.325
2020-11-13 09:00:00,pv,random_forest,1039.300763,1118.716667,79.415904
2020-11-13 09:00:00,pv,mlp,634.474426,1118.716667,484.24224
2020-11-13 09:00:00,pv,H24_DAILY_PERSISTENCE,1123.225,1118.716667,4.508333
2020-11-13 10:00:00,pv,random_forest,1081.90812,1144.925,63.01688
2020-11-13 10:00:00,pv,mlp,641.78064,1144.925,503.14436
2020-11-13 10:00:00,pv,H24_DAILY_PERSISTENCE,1142.658333,1144.925,2.266667
2020-11-13 11:00:00,pv,random_forest,1089.739592,1153.3,63.560408
2020-11-13 11:00:00,pv,mlp,649.7948,1153.3,503.5052
2020-11-13 11:00:00,pv,H24_DAILY_PERSISTENCE,1139.291667,1153.3,14.008333
2020-11-13 12:00:00,pv,random_forest,1099.331769,1138.966667,39.634897
2020-11-13 12:00:00,pv,mlp,649.714111,1138.966667,489.252555
2020-11-13 12:00:00,pv,H24_DAILY_PERSISTENCE,1117.783333,1138.966667,21.183333
2020-11-13 13:00:00,pv,random_forest,1047.816227,1078.216667,30.40044
2020-11-13 13:00:00,pv,mlp,636.814941,1078.216667,441.401725
2020-11-13 13:00:00,pv,H24_DAILY_PERSISTENCE,1064.733333,1078.216667,13.483333
2020-11-13 14:00:00,pv,random_forest,978.605498,992.316667,13.711169
2020-11-13 14:00:00,pv,mlp,609.305237,992.316667,383.01143
2020-11-13 14:00:00,pv,H24_DAILY_PERSISTENCE,982.925,992.316667,9.391667
2020-11-13 15:00:00,pv,random_forest,759.003953,709.45,49.553953
2020-11-13 15:00:00,pv,mlp,518.232239,709.45,191.217761
2020-11-13 15:00:00,pv,H24_DAILY_PERSISTENCE,713.55,709.45,4.1
2020-11-13 16:00:00,pv,random_forest,237.009991,89.45,147.559991
2020-11-13 16:00:00,pv,mlp,300.58136,89.45,211.13136
2020-11-13 16:00:00,pv,H24_DAILY_PERSISTENCE,108.025,89.45,18.575
2020-11-13 17:00:00,pv,random_forest,0.050999,0.0,0.050999
2020-11-13 17:00:00,pv,mlp,237.971802,0.0,237.971802
2020-11-13 17:00:00,pv,H24_DAILY_PERSISTENCE,0.0,0.0,0.0
2020-11-13 18:00:00,pv,random_forest,0.046717,0.0,0.046717
2020-11-13 18:00:00,pv,mlp,209.495972,0.0,209.495972
2020-11-13 18:00:00,pv,H24_DAILY_PERSISTENCE,0.0,0.0,0.0
2020-11-13 19:00:00,pv,random_forest,0.046717,0.0,0.046717
2020-11-13 19:00:00,pv,mlp,189.443588,0.0,189.443588
2020-11-13 19:00:00,pv,H24_DAILY_PERSISTENCE,0.0,0.0,0.0
2020-11-13 20:00:00,pv,random_forest,0.046717,0.0,0.046717
2020-11-13 20:00:00,pv,mlp,171.751419,0.0,171.751419
2020-11-13 20:00:00,pv,H24_DAILY_PERSISTENCE,0.0,0.0,0.0
2020-11-13 21:00:00,pv,random_forest,0.046717,0.0,0.046717
2020-11-13 21:00:00,pv,mlp,157.643555,0.0,157.643555
2020-11-13 21:00:00,pv,H24_DAILY_PERSISTENCE,0.0,0.0,0.0
2020-11-13 22:00:00,pv,random_forest,0.046717,0.0,0.046717
2020-11-13 22:00:00,pv,mlp,147.268814,0.0,147.268814
2020-11-13 22:00:00,pv,H24_DAILY_PERSISTENCE,0.0,0.0,0.0
2020-11-13 23:00:00,pv,random_forest,0.046717,0.0,0.046717
2020-11-13 23:00:00,pv,mlp,141.24202,0.0,141.24202
2020-11-13 23:00:00,pv,H24_DAILY_PERSISTENCE,0.0,0.0,0.0
2020-11-14 00:00:00,pv,random_forest,0.046717,0.0,0.046717
2020-11-14 00:00:00,pv,mlp,148.725555,0.0,148.725555
2020-11-14 00:00:00,pv,H24_DAILY_PERSISTENCE,0.0,0.0,0.0
2020-11-14 01:00:00,pv,random_forest,0.046717,0.0,0.046717
2020-11-14 01:00:00,pv,mlp,153.325867,0.0,153.325867
2020-11-14 01:00:00,pv,H24_DAILY_PERSISTENCE,0.0,0.0,0.0
2020-11-14 02:00:00,pv,random_forest,0.046717,0.0,0.046717
2020-11-14 02:00:00,pv,mlp,161.551331,0.0,161.551331
2020-11-14 02:00:00,pv,H24_DAILY_PERSISTENCE,0.0,0.0,0.0
2020-11-14 03:00:00,pv,random_forest,0.046717,0.0,0.046717
2020-11-14 03:00:00,pv,mlp,176.434113,0.0,176.434113
2020-11-14 03:00:00,pv,H24_DAILY_PERSISTENCE,0.0,0.0,0.0
2020-11-14 04:00:00,pv,random_forest,0.046717,0.0,0.046717
2020-11-14 04:00:00,pv,mlp,195.021759,0.0,195.021759
2020-11-14 04:00:00,pv,H24_DAILY_PERSISTENCE,0.0,0.0,0.0
2020-11-14 05:00:00,pv,random_forest,0.046717,0.0,0.046717
2020-11-14 05:00:00,pv,mlp,212.867767,0.0,212.867767
2020-11-14 05:00:00,pv,H24_DAILY_PERSISTENCE,0.0,0.0,0.0
2020-11-14 06:00:00,pv,random_forest,97.906895,45.05,52.856895
2020-11-14 06:00:00,pv,mlp,268.263,45.05,223.213
2020-11-14 06:00:00,pv,H24_DAILY_PERSISTENCE,91.641667,45.05,46.591667
2020-11-14 07:00:00,pv,random_forest,610.837078,401.958333,208.878745
2020-11-14 07:00:00,pv,mlp,518.021912,401.958333,116.063578
2020-11-14 07:00:00,pv,H24_DAILY_PERSISTENCE,717.491667,401.958333,315.533333
2020-11-14 08:00:00,pv,random_forest,957.203055,563.0,394.203055
2020-11-14 08:00:00,pv,mlp,635.391724,563.0,72.391724
2020-11-14 08:00:00,pv,H24_DAILY_PERSISTENCE,1012.333333,563.0,449.333333
2020-11-14 09:00:00,pv,random_forest,1047.716291,808.0,239.716291
2020-11-14 09:00:00,pv,mlp,657.619507,808.0,150.380493
2020-11-14 09:00:00,pv,H24_DAILY_PERSISTENCE,1118.716667,808.0,310.716667
2020-11-14 10:00:00,pv,random_forest,1098.752178,864.575,234.177178
2020-11-14 10:00:00,pv,mlp,662.963745,864.575,201.611255
2020-11-14 10:00:00,pv,H24_DAILY_PERSISTENCE,1144.925,864.575,280.35
2020-11-14 11:00:00,pv,random_forest,1079.792978,780.908333,298.884644
2020-11-14 11:00:00,pv,mlp,660.895935,780.908333,120.012398
2020-11-14 11:00:00,pv,H24_DAILY_PERSISTENCE,1153.3,780.908333,372.391667
2020-11-14 12:00:00,pv,random_forest,1054.671246,618.983333,435.687912
2020-11-14 12:00:00,pv,mlp,644.010315,618.983333,25.026982
2020-11-14 12:00:00,pv,H24_DAILY_PERSISTENCE,1138.966667,618.983333,519.983333
2020-11-14 13:00:00,pv,random_forest,1034.832913,526.841667,507.991247
2020-11-14 13:00:00,pv,mlp,614.288452,526.841667,87.446785
2020-11-14 13:00:00,pv,H24_DAILY_PERSISTENCE,1078.216667,526.841667,551.375
2020-11-14 14:00:00,pv,random_forest,973.861376,380.525,593.336376
2020-11-14 14:00:00,pv,mlp,592.588257,380.525,212.063257
2020-11-14 14:00:00,pv,H24_DAILY_PERSISTENCE,992.316667,380.525,611.791667
2020-11-14 15:00:00,pv,random_forest,732.293171,256.441667,475.851504
2020-11-14 15:00:00,pv,mlp,511.21698,256.441667,254.775313
2020-11-14 15:00:00,pv,H24_DAILY_PERSISTENCE,709.45,256.441667,453.008333
2020-11-14 16:00:00,pv,random_forest,117.991348,42.866667,75.124682
2020-11-14 16:00:00,pv,mlp,288.438141,42.866667,245.571474
2020-11-14 16:00:00,pv,H24_DAILY_PERSISTENCE,89.45,42.866667,46.583333
2020-11-14 17:00:00,pv,random_forest,0.050873,0.0,0.050873
2020-11-14 17:00:00,pv,mlp,244.506805,0.0,244.506805
2020-11-14 17:00:00,pv,H24_DAILY_PERSISTENCE,0.0,0.0,0.0
2020-11-14 18:00:00,pv,random_forest,0.046717,0.0,0.046717
2020-11-14 18:00:00,pv,mlp,218.361664,0.0,218.361664
2020-11-14 18:00:00,pv,H24_DAILY_PERSISTENCE,0.0,0.0,0.0
2020-11-14 19:00:00,pv,random_forest,0.046717,0.0,0.046717
2020-11-14 19:00:00,pv,mlp,196.878128,0.0,196.878128
2020-11-14 19:00:00,pv,H24_DAILY_PERSISTENCE,0.0,0.0,0.0
2020-11-14 20:00:00,pv,random_forest,0.046717,0.0,0.046717
2020-11-14 20:00:00,pv,mlp,178.099335,0.0,178.099335
2020-11-14 20:00:00,pv,H24_DAILY_PERSISTENCE,0.0,0.0,0.0
2020-11-14 21:00:00,pv,random_forest,0.046717,0.0,0.046717
2020-11-14 21:00:00,pv,mlp,163.915283,0.0,163.915283
2020-11-14 21:00:00,pv,H24_DAILY_PERSISTENCE,0.0,0.0,0.0
2020-11-14 22:00:00,pv,random_forest,0.046717,0.0,0.046717
2020-11-14 22:00:00,pv,mlp,154.496429,0.0,154.496429
2020-11-14 22:00:00,pv,H24_DAILY_PERSISTENCE,0.0,0.0,0.0
2020-11-14 23:00:00,pv,random_forest,0.046717,0.0,0.046717
2020-11-14 23:00:00,pv,mlp,149.176605,0.0,149.176605
2020-11-14 23:00:00,pv,H24_DAILY_PERSISTENCE,0.0,0.0,0.0
2020-11-15 00:00:00,pv,random_forest,0.046717,0.0,0.046717
2020-11-15 00:00:00,pv,mlp,151.535614,0.0,151.535614
2020-11-15 00:00:00,pv,H24_DAILY_PERSISTENCE,0.0,0.0,0.0
2020-11-15 01:00:00,pv,random_forest,0.046717,0.0,0.046717
2020-11-15 01:00:00,pv,mlp,156.623611,0.0,156.623611
2020-11-15 01:00:00,pv,H24_DAILY_PERSISTENCE,0.0,0.0,0.0
2020-11-15 02:00:00,pv,random_forest,0.046717,0.0,0.046717
2020-11-15 02:00:00,pv,mlp,166.476349,0.0,166.476349
2020-11-15 02:00:00,pv,H24_DAILY_PERSISTENCE,0.0,0.0,0.0
2020-11-15 03:00:00,pv,random_forest,0.046717,0.0,0.046717
2020-11-15 03:00:00,pv,mlp,179.674316,0.0,179.674316
2020-11-15 03:00:00,pv,H24_DAILY_PERSISTENCE,0.0,0.0,0.0
2020-11-15 04:00:00,pv,random_forest,0.046717,0.0,0.046717
2020-11-15 04:00:00,pv,mlp,196.10173,0.0,196.10173
2020-11-15 04:00:00,pv,H24_DAILY_PERSISTENCE,0.0,0.0,0.0
2020-11-15 05:00:00,pv,random_forest,0.046717,0.0,0.046717
2020-11-15 05:00:00,pv,mlp,213.844513,0.0,213.844513
2020-11-15 05:00:00,pv,H24_DAILY_PERSISTENCE,0.0,0.0,0.0
2020-11-15 06:00:00,pv,random_forest,98.272854,59.958333,38.31452
2020-11-15 06:00:00,pv,mlp,270.96109,59.958333,211.002757
2020-11-15 06:00:00,pv,H24_DAILY_PERSISTENCE,45.05,59.958333,14.908333
2020-11-15 07:00:00,pv,random_forest,627.049402,644.175,17.125598
2020-11-15 07:00:00,pv,mlp,487.408295,644.175,156.766705
2020-11-15 07:00:00,pv,H24_DAILY_PERSISTENCE,401.958333,644.175,242.216667
2020-11-15 08:00:00,pv,random_forest,885.469953,939.0,53.530047
2020-11-15 08:00:00,pv,mlp,596.316162,939.0,342.683838
2020-11-15 08:00:00,pv,H24_DAILY_PERSISTENCE,563.0,939.0,376.0
2020-11-15 09:00:00,pv,random_forest,924.961859,1046.241667,121.279807
2020-11-15 09:00:00,pv,mlp,646.551453,1046.241667,399.690214
2020-11-15 09:00:00,pv,H24_DAILY_PERSISTENCE,808.0,1046.241667,238.241667
2020-11-15 10:00:00,pv,random_forest,996.415126,1133.616667,137.201541
2020-11-15 10:00:00,pv,mlp,658.25647,1133.616667,475.360197
2020-11-15 10:00:00,pv,H24_DAILY_PERSISTENCE,864.575,1133.616667,269.041667
2020-11-15 11:00:00,pv,random_forest,1003.867667,1144.883333,141.015666
2020-11-15 11:00:00,pv,mlp,652.3573,1144.883333,492.526034
2020-11-15 11:00:00,pv,H24_DAILY_PERSISTENCE,780.908333,1144.883333,363.975
2020-11-15 12:00:00,pv,random_forest,986.776341,1128.091667,141.315326
2020-11-15 12:00:00,pv,mlp,636.577942,1128.091667,491.513725
2020-11-15 12:00:00,pv,H24_DAILY_PERSISTENCE,618.983333,1128.091667,509.108333
2020-11-15 13:00:00,pv,random_forest,942.407455,1068.516667,126.109212
2020-11-15 13:00:00,pv,mlp,622.134766,1068.516667,446.381901
2020-11-15 13:00:00,pv,H24_DAILY_PERSISTENCE,526.841667,1068.516667,541.675
2020-11-15 14:00:00,pv,random_forest,872.038222,960.791667,88.753445
2020-11-15 14:00:00,pv,mlp,592.271973,960.791667,368.519694
2020-11-15 14:00:00,pv,H24_DAILY_PERSISTENCE,380.525,960.791667,580.266667
2020-11-15 15:00:00,pv,random_forest,680.006105,627.608333,52.397771
2020-11-15 15:00:00,pv,mlp,498.234924,627.608333,129.373409
2020-11-15 15:00:00,pv,H24_DAILY_PERSISTENCE,256.441667,627.608333,371.166667
2020-11-15 16:00:00,pv,random_forest,119.241902,55.116667,64.125235
2020-11-15 16:00:00,pv,mlp,283.558441,55.116667,228.441774
2020-11-15 16:00:00,pv,H24_DAILY_PERSISTENCE,42.866667,55.116667,12.25
2020-11-15 17:00:00,pv,random_forest,0.050873,0.0,0.050873
2020-11-15 17:00:00,pv,mlp,228.623093,0.0,228.623093
2020-11-15 17:00:00,pv,H24_DAILY_PERSISTENCE,0.0,0.0,0.0
2020-11-15 18:00:00,pv,random_forest,0.046717,0.0,0.046717
2020-11-15 18:00:00,pv,mlp,202.807236,0.0,202.807236
2020-11-15 18:00:00,pv,H24_DAILY_PERSISTENCE,0.0,0.0,0.0
2020-11-15 19:00:00,pv,random_forest,0.046717,0.0,0.046717
2020-11-15 19:00:00,pv,mlp,179.156158,0.0,179.156158
2020-11-15 19:00:00,pv,H24_DAILY_PERSISTENCE,0.0,0.0,0.0
2020-11-15 20:00:00,pv,random_forest,0.046717,0.0,0.046717
2020-11-15 20:00:00,pv,mlp,161.145508,0.0,161.145508
2020-11-15 20:00:00,pv,H24_DAILY_PERSISTENCE,0.0,0.0,0.0
2020-11-15 21:00:00,pv,random_forest,0.046717,0.0,0.046717
2020-11-15 21:00:00,pv,mlp,148.950989,0.0,148.950989
2020-11-15 21:00:00,pv,H24_DAILY_PERSISTENCE,0.0,0.0,0.0
2020-11-15 22:00:00,pv,random_forest,0.046717,0.0,0.046717
2020-11-15 22:00:00,pv,mlp,141.731262,0.0,141.731262
2020-11-15 22:00:00,pv,H24_DAILY_PERSISTENCE,0.0,0.0,0.0
2020-11-15 23:00:00,pv,random_forest,0.046717,0.0,0.046717
2020-11-15 23:00:00,pv,mlp,139.435059,0.0,139.435059
2020-11-15 23:00:00,pv,H24_DAILY_PERSISTENCE,0.0,0.0,0.0
2020-11-16 00:00:00,pv,random_forest,0.046717,0.0,0.046717
2020-11-16 00:00:00,pv,mlp,129.341949,0.0,129.341949
2020-11-16 00:00:00,pv,H24_DAILY_PERSISTENCE,0.0,0.0,0.0
2020-11-16 01:00:00,pv,random_forest,0.046717,0.0,0.046717
2020-11-16 01:00:00,pv,mlp,136.697723,0.0,136.697723
2020-11-16 01:00:00,pv,H24_DAILY_PERSISTENCE,0.0,0.0,0.0
2020-11-16 02:00:00,pv,random_forest,0.046717,0.0,0.046717
2020-11-16 02:00:00,pv,mlp,149.450668,0.0,149.450668
2020-11-16 02:00:00,pv,H24_DAILY_PERSISTENCE,0.0,0.0,0.0
2020-11-16 03:00:00,pv,random_forest,0.046717,0.0,0.046717
2020-11-16 03:00:00,pv,mlp,166.602554,0.0,166.602554
2020-11-16 03:00:00,pv,H24_DAILY_PERSISTENCE,0.0,0.0,0.0
2020-11-16 04:00:00,pv,random_forest,0.046717,0.0,0.046717
2020-11-16 04:00:00,pv,mlp,185.139679,0.0,185.139679
2020-11-16 04:00:00,pv,H24_DAILY_PERSISTENCE,0.0,0.0,0.0
2020-11-16 05:00:00,pv,random_forest,0.046717,0.0,0.046717
2020-11-16 05:00:00,pv,mlp,204.536728,0.0,204.536728
2020-11-16 05:00:00,pv,H24_DAILY_PERSISTENCE,0.0,0.0,0.0
2020-11-16 06:00:00,pv,random_forest,81.534195,29.525,52.009195
2020-11-16 06:00:00,pv,mlp,244.743408,29.525,215.218408
2020-11-16 06:00:00,pv,H24_DAILY_PERSISTENCE,59.958333,29.525,30.433333
2020-11-16 07:00:00,pv,random_forest,568.64123,448.833333,119.807897
2020-11-16 07:00:00,pv,mlp,441.711975,448.833333,7.121358
2020-11-16 07:00:00,pv,H24_DAILY_PERSISTENCE,644.175,448.833333,195.341667
2020-11-16 08:00:00,pv,random_forest,801.111676,778.816667,22.295009
2020-11-16 08:00:00,pv,mlp,566.226379,778.816667,212.590287
2020-11-16 08:00:00,pv,H24_DAILY_PERSISTENCE,939.0,778.816667,160.183333
2020-11-16 09:00:00,pv,random_forest,926.612469,1007.775,81.162531
2020-11-16 09:00:00,pv,mlp,631.168762,1007.775,376.606238
2020-11-16 09:00:00,pv,H24_DAILY_PERSISTENCE,1046.241667,1007.775,38.466667
2020-11-16 10:00:00,pv,random_forest,979.823819,1112.833333,133.009515
2020-11-16 10:00:00,pv,mlp,649.402649,1112.833333,463.430684
2020-11-16 10:00:00,pv,H24_DAILY_PERSISTENCE,1133.616667,1112.833333,20.783333
2020-11-16 11:00:00,pv,random_forest,1085.237824,1118.1,32.862176
2020-11-16 11:00:00,pv,mlp,643.041687,1118.1,475.058313
2020-11-16 11:00:00,pv,H24_DAILY_PERSISTENCE,1144.883333,1118.1,26.783333
2020-11-16 12:00:00,pv,random_forest,1067.241927,1044.908333,22.333593
2020-11-16 12:00:00,pv,mlp,623.49292,1044.908333,421.415413
2020-11-16 12:00:00,pv,H24_DAILY_PERSISTENCE,1128.091667,1044.908333,83.183333
2020-11-16 13:00:00,pv,random_forest,992.166676,873.258333,118.908343
2020-11-16 13:00:00,pv,mlp,592.287354,873.258333,280.97098
2020-11-16 13:00:00,pv,H24_DAILY_PERSISTENCE,1068.516667,873.258333,195.258333
2020-11-16 14:00:00,pv,random_forest,937.984646,785.725,152.259646
2020-11-16 14:00:00,pv,mlp,547.014282,785.725,238.710718
2020-11-16 14:00:00,pv,H24_DAILY_PERSISTENCE,960.791667,785.725,175.066667
2020-11-16 15:00:00,pv,random_forest,765.291199,553.425,211.866199
2020-11-16 15:00:00,pv,mlp,438.851959,553.425,114.573041
2020-11-16 15:00:00,pv,H24_DAILY_PERSISTENCE,627.608333,553.425,74.183333
2020-11-16 16:00:00,pv,random_forest,59.447119,58.766667,0.680452
2020-11-16 16:00:00,pv,mlp,242.600983,58.766667,183.834316
2020-11-16 16:00:00,pv,H24_DAILY_PERSISTENCE,55.116667,58.766667,3.65
2020-11-16 17:00:00,pv,random_forest,0.050873,0.0,0.050873
2020-11-16 17:00:00,pv,mlp,207.710861,0.0,207.710861
2020-11-16 17:00:00,pv,H24_DAILY_PERSISTENCE,0.0,0.0,0.0
2020-11-16 18:00:00,pv,random_forest,0.046717,0.0,0.046717
2020-11-16 18:00:00,pv,mlp,190.195755,0.0,190.195755
2020-11-16 18:00:00,pv,H24_DAILY_PERSISTENCE,0.0,0.0,0.0
2020-11-16 19:00:00,pv,random_forest,0.046717,0.0,0.046717
2020-11-16 19:00:00,pv,mlp,172.104523,0.0,172.104523
2020-11-16 19:00:00,pv,H24_DAILY_PERSISTENCE,0.0,0.0,0.0
2020-11-16 20:00:00,pv,random_forest,0.046717,0.0,0.046717
2020-11-16 20:00:00,pv,mlp,156.784409,0.0,156.784409
2020-11-16 20:00:00,pv,H24_DAILY_PERSISTENCE,0.0,0.0,0.0
2020-11-16 21:00:00,pv,random_forest,0.046717,0.0,0.046717
2020-11-16 21:00:00,pv,mlp,143.955597,0.0,143.955597
2020-11-16 21:00:00,pv,H24_DAILY_PERSISTENCE,0.0,0.0,0.0
2020-11-16 22:00:00,pv,random_forest,0.046717,0.0,0.046717
2020-11-16 22:00:00,pv,mlp,135.467545,0.0,135.467545
2020-11-16 22:00:00,pv,H24_DAILY_PERSISTENCE,0.0,0.0,0.0
2020-11-16 23:00:00,pv,random_forest,0.046717,0.0,0.046717
2020-11-16 23:00:00,pv,mlp,132.377121,0.0,132.377121
2020-11-16 23:00:00,pv,H24_DAILY_PERSISTENCE,0.0,0.0,0.0
2020-11-17 00:00:00,pv,random_forest,0.046717,0.0,0.046717
2020-11-17 00:00:00,pv,mlp,134.906677,0.0,134.906677
2020-11-17 00:00:00,pv,H24_DAILY_PERSISTENCE,0.0,0.0,0.0
2020-11-17 01:00:00,pv,random_forest,0.046717,0.0,0.046717
2020-11-17 01:00:00,pv,mlp,141.595108,0.0,141.595108
2020-11-17 01:00:00,pv,H24_DAILY_PERSISTENCE,0.0,0.0,0.0
2020-11-17 02:00:00,pv,random_forest,0.046717,0.0,0.046717
2020-11-17 02:00:00,pv,mlp,152.860687,0.0,152.860687
2020-11-17 02:00:00,pv,H24_DAILY_PERSISTENCE,0.0,0.0,0.0
2020-11-17 03:00:00,pv,random_forest,0.046717,0.0,0.046717
2020-11-17 03:00:00,pv,mlp,168.004837,0.0,168.004837
2020-11-17 03:00:00,pv,H24_DAILY_PERSISTENCE,0.0,0.0,0.0
2020-11-17 04:00:00,pv,random_forest,0.046717,0.0,0.046717
2020-11-17 04:00:00,pv,mlp,184.43425,0.0,184.43425
2020-11-17 04:00:00,pv,H24_DAILY_PERSISTENCE,0.0,0.0,0.0
2020-11-17 05:00:00,pv,random_forest,0.046717,0.0,0.046717
2020-11-17 05:00:00,pv,mlp,202.638214,0.0,202.638214
2020-11-17 05:00:00,pv,H24_DAILY_PERSISTENCE,0.0,0.0,0.0
2020-11-17 06:00:00,pv,random_forest,90.900589,50.358333,40.542256
2020-11-17 06:00:00,pv,mlp,245.138474,50.358333,194.78014
2020-11-17 06:00:00,pv,H24_DAILY_PERSISTENCE,29.525,50.358333,20.833333
2020-11-17 07:00:00,pv,random_forest,621.542615,550.616667,70.925948
2020-11-17 07:00:00,pv,mlp,486.172852,550.616667,64.443815
2020-11-17 07:00:00,pv,H24_DAILY_PERSISTENCE,448.833333,550.616667,101.783333
2020-11-17 08:00:00,pv,random_forest,835.588872,902.008333,66.419461
2020-11-17 08:00:00,pv,mlp,602.196106,902.008333,299.812227
2020-11-17 08:00:00,pv,H24_DAILY_PERSISTENCE,778.816667,902.008333,123.191667
2020-11-17 09:00:00,pv,random_forest,967.608702,1027.233333,59.624631
2020-11-17 09:00:00,pv,mlp,649.814636,1027.233333,377.418697
2020-11-17 09:00:00,pv,H24_DAILY_PERSISTENCE,1007.775,1027.233333,19.458333
2020-11-17 10:00:00,pv,random_forest,1037.835064,1018.5,19.335064
2020-11-17 10:00:00,pv,mlp,663.812134,1018.5,354.687866
2020-11-17 10:00:00,pv,H24_DAILY_PERSISTENCE,1112.833333,1018.5,94.333333
2020-11-17 11:00:00,pv,random_forest,1098.576747,1110.566667,11.98992
2020-11-17 11:00:00,pv,mlp,661.793945,1110.566667,448.772721
2020-11-17 11:00:00,pv,H24_DAILY_PERSISTENCE,1118.1,1110.566667,7.533333
2020-11-17 12:00:00,pv,random_forest,1099.013318,1130.858333,31.845016
2020-11-17 12:00:00,pv,mlp,649.409546,1130.858333,481.448787
2020-11-17 12:00:00,pv,H24_DAILY_PERSISTENCE,1044.908333,1130.858333,85.95
2020-11-17 13:00:00,pv,random_forest,1041.08187,1093.591667,52.509797
2020-11-17 13:00:00,pv,mlp,620.702576,1093.591667,472.889091
2020-11-17 13:00:00,pv,H24_DAILY_PERSISTENCE,873.258333,1093.591667,220.333333
2020-11-17 14:00:00,pv,random_forest,958.261552,985.241667,26.980114
2020-11-17 14:00:00,pv,mlp,591.173096,985.241667,394.068571
2020-11-17 14:00:00,pv,H24_DAILY_PERSISTENCE,785.725,985.241667,199.516667
2020-11-17 15:00:00,pv,random_forest,703.157886,689.133333,14.024553
2020-11-17 15:00:00,pv,mlp,483.582825,689.133333,205.550509
2020-11-17 15:00:00,pv,H24_DAILY_PERSISTENCE,553.425,689.133333,135.708333
2020-11-17 16:00:00,pv,random_forest,52.022931,71.616667,19.593735
2020-11-17 16:00:00,pv,mlp,247.081696,71.616667,175.465029
2020-11-17 16:00:00,pv,H24_DAILY_PERSISTENCE,58.766667,71.616667,12.85
2020-11-17 17:00:00,pv,random_forest,0.050873,0.0,0.050873
2020-11-17 17:00:00,pv,mlp,201.144409,0.0,201.144409
2020-11-17 17:00:00,pv,H24_DAILY_PERSISTENCE,0.0,0.0,0.0
2020-11-17 18:00:00,pv,random_forest,0.046717,0.0,0.046717
2020-11-17 18:00:00,pv,mlp,179.459,0.0,179.459
2020-11-17 18:00:00,pv,H24_DAILY_PERSISTENCE,0.0,0.0,0.0
2020-11-17 19:00:00,pv,random_forest,0.046717,0.0,0.046717
2020-11-17 19:00:00,pv,mlp,159.468689,0.0,159.468689
2020-11-17 19:00:00,pv,H24_DAILY_PERSISTENCE,0.0,0.0,0.0
2020-11-17 20:00:00,pv,random_forest,0.046717,0.0,0.046717
2020-11-17 20:00:00,pv,mlp,143.455765,0.0,143.455765
2020-11-17 20:00:00,pv,H24_DAILY_PERSISTENCE,0.0,0.0,0.0
2020-11-17 21:00:00,pv,random_forest,0.046717,0.0,0.046717
2020-11-17 21:00:00,pv,mlp,132.068573,0.0,132.068573
2020-11-17 21:00:00,pv,H24_DAILY_PERSISTENCE,0.0,0.0,0.0
2020-11-17 22:00:00,pv,random_forest,0.046717,0.0,0.046717
2020-11-17 22:00:00,pv,mlp,126.00972,0.0,126.00972
2020-11-17 22:00:00,pv,H24_DAILY_PERSISTENCE,0.0,0.0,0.0
2020-11-17 23:00:00,pv,random_forest,0.046717,0.0,0.046717
2020-11-17 23:00:00,pv,mlp,125.260719,0.0,125.260719
2020-11-17 23:00:00,pv,H24_DAILY_PERSISTENCE,0.0,0.0,0.0
2020-11-18 00:00:00,pv,random_forest,0.046717,0.0,0.046717
2020-11-18 00:00:00,pv,mlp,124.756447,0.0,124.756447
2020-11-18 00:00:00,pv,H24_DAILY_PERSISTENCE,0.0,0.0,0.0
2020-11-18 01:00:00,pv,random_forest,0.046717,0.0,0.046717
2020-11-18 01:00:00,pv,mlp,132.887466,0.0,132.887466
2020-11-18 01:00:00,pv,H24_DAILY_PERSISTENCE,0.0,0.0,0.0
2020-11-18 02:00:00,pv,random_forest,0.046717,0.0,0.046717
2020-11-18 02:00:00,pv,mlp,144.91507,0.0,144.91507
2020-11-18 02:00:00,pv,H24_DAILY_PERSISTENCE,0.0,0.0,0.0
2020-11-18 03:00:00,pv,random_forest,0.046717,0.0,0.046717
2020-11-18 03:00:00,pv,mlp,160.187332,0.0,160.187332
2020-11-18 03:00:00,pv,H24_DAILY_PERSISTENCE,0.0,0.0,0.0
2020-11-18 04:00:00,pv,random_forest,0.046717,0.0,0.046717
2020-11-18 04:00:00,pv,mlp,179.66861,0.0,179.66861
2020-11-18 04:00:00,pv,H24_DAILY_PERSISTENCE,0.0,0.0,0.0
2020-11-18 05:00:00,pv,random_forest,0.046717,0.0,0.046717
2020-11-18 05:00:00,pv,mlp,199.515488,0.0,199.515488
2020-11-18 05:00:00,pv,H24_DAILY_PERSISTENCE,0.0,0.0,0.0
2020-11-18 06:00:00,pv,random_forest,75.460435,61.766667,13.693768
2020-11-18 06:00:00,pv,mlp,240.917999,61.766667,179.151333
2020-11-18 06:00:00,pv,H24_DAILY_PERSISTENCE,50.358333,61.766667,11.408333
2020-11-18 07:00:00,pv,random_forest,585.509656,660.316667,74.807011
2020-11-18 07:00:00,pv,mlp,451.079926,660.316667,209.236741
2020-11-18 07:00:00,pv,H24_DAILY_PERSISTENCE,550.616667,660.316667,109.7
2020-11-18 08:00:00,pv,random_forest,825.02966,961.1,136.07034
2020-11-18 08:00:00,pv,mlp,593.468384,961.1,367.631616
2020-11-18 08:00:00,pv,H24_DAILY_PERSISTENCE,902.008333,961.1,59.091667
2020-11-18 09:00:00,pv,random_forest,980.324419,1060.616667,80.292248
2020-11-18 09:00:00,pv,mlp,642.822571,1060.616667,417.794096
2020-11-18 09:00:00,pv,H24_DAILY_PERSISTENCE,1027.233333,1060.616667,33.383333
2020-11-18 10:00:00,pv,random_forest,1063.671251,1088.533333,24.862082
2020-11-18 10:00:00,pv,mlp,651.844177,1088.533333,436.689156
2020-11-18 10:00:00,pv,H24_DAILY_PERSISTENCE,1018.5,1088.533333,70.033333
2020-11-18 11:00:00,pv,random_forest,1062.274868,1100.516667,38.241798
2020-11-18 11:00:00,pv,mlp,662.463989,1100.516667,438.052677
2020-11-18 11:00:00,pv,H24_DAILY_PERSISTENCE,1110.566667,1100.516667,10.05
2020-11-18 12:00:00,pv,random_forest,1029.750622,1079.258333,49.507712
2020-11-18 12:00:00,pv,mlp,653.798279,1079.258333,425.460055
2020-11-18 12:00:00,pv,H24_DAILY_PERSISTENCE,1130.858333,1079.258333,51.6
2020-11-18 13:00:00,pv,random_forest,988.253229,1036.95,48.696771
2020-11-18 13:00:00,pv,mlp,623.4245,1036.95,413.5255
2020-11-18 13:00:00,pv,H24_DAILY_PERSISTENCE,1093.591667,1036.95,56.641667
2020-11-18 14:00:00,pv,random_forest,928.742763,961.716667,32.973904
2020-11-18 14:00:00,pv,mlp,584.976746,961.716667,376.739921
2020-11-18 14:00:00,pv,H24_DAILY_PERSISTENCE,985.241667,961.716667,23.525
2020-11-18 15:00:00,pv,random_forest,777.944897,668.816667,109.12823
2020-11-18 15:00:00,pv,mlp,481.058014,668.816667,187.758653
2020-11-18 15:00:00,pv,H24_DAILY_PERSISTENCE,689.133333,668.816667,20.316667
2020-11-18 16:00:00,pv,random_forest,117.737561,73.508333,44.229228
2020-11-18 16:00:00,pv,mlp,260.784088,73.508333,187.275755
2020-11-18 16:00:00,pv,H24_DAILY_PERSISTENCE,71.616667,73.508333,1.891667
2020-11-18 17:00:00,pv,random_forest,0.050873,0.0,0.050873
2020-11-18 17:00:00,pv,mlp,211.741867,0.0,211.741867
2020-11-18 17:00:00,pv,H24_DAILY_PERSISTENCE,0.0,0.0,0.0
2020-11-18 18:00:00,pv,random_forest,0.046717,0.0,0.046717
2020-11-18 18:00:00,pv,mlp,186.930206,0.0,186.930206
2020-11-18 18:00:00,pv,H24_DAILY_PERSISTENCE,0.0,0.0,0.0
2020-11-18 19:00:00,pv,random_forest,0.046717,0.0,0.046717
2020-11-18 19:00:00,pv,mlp,166.859467,0.0,166.859467
2020-11-18 19:00:00,pv,H24_DAILY_PERSISTENCE,0.0,0.0,0.0
2020-11-18 20:00:00,pv,random_forest,0.046717,0.0,0.046717
2020-11-18 20:00:00,pv,mlp,150.143951,0.0,150.143951
2020-11-18 20:00:00,pv,H24_DAILY_PERSISTENCE,0.0,0.0,0.0
2020-11-18 21:00:00,pv,random_forest,0.046717,0.0,0.046717
2020-11-18 21:00:00,pv,mlp,138.033844,0.0,138.033844
2020-11-18 21:00:00,pv,H24_DAILY_PERSISTENCE,0.0,0.0,0.0
2020-11-18 22:00:00,pv,random_forest,0.046717,0.0,0.046717
2020-11-18 22:00:00,pv,mlp,129.760559,0.0,129.760559
2020-11-18 22:00:00,pv,H24_DAILY_PERSISTENCE,0.0,0.0,0.0
2020-11-18 23:00:00,pv,random_forest,0.046717,0.0,0.046717
2020-11-18 23:00:00,pv,mlp,126.544601,0.0,126.544601
2020-11-18 23:00:00,pv,H24_DAILY_PERSISTENCE,0.0,0.0,0.0
2020-11-19 00:00:00,pv,random_forest,0.046717,0.0,0.046717
2020-11-19 00:00:00,pv,mlp,123.238937,0.0,123.238937
2020-11-19 00:00:00,pv,H24_DAILY_PERSISTENCE,0.0,0.0,0.0
2020-11-19 01:00:00,pv,random_forest,0.046717,0.0,0.046717
2020-11-19 01:00:00,pv,mlp,127.959152,0.0,127.959152
2020-11-19 01:00:00,pv,H24_DAILY_PERSISTENCE,0.0,0.0,0.0
2020-11-19 02:00:00,pv,random_forest,0.046717,0.0,0.046717
2020-11-19 02:00:00,pv,mlp,138.78476,0.0,138.78476
2020-11-19 02:00:00,pv,H24_DAILY_PERSISTENCE,0.0,0.0,0.0
2020-11-19 03:00:00,pv,random_forest,0.046717,0.0,0.046717
2020-11-19 03:00:00,pv,mlp,156.07756,0.0,156.07756
2020-11-19 03:00:00,pv,H24_DAILY_PERSISTENCE,0.0,0.0,0.0
2020-11-19 04:00:00,pv,random_forest,0.046717,0.0,0.046717
2020-11-19 04:00:00,pv,mlp,176.981049,0.0,176.981049
2020-11-19 04:00:00,pv,H24_DAILY_PERSISTENCE,0.0,0.0,0.0
2020-11-19 05:00:00,pv,random_forest,0.046717,0.0,0.046717
2020-11-19 05:00:00,pv,mlp,199.972885,0.0,199.972885
2020-11-19 05:00:00,pv,H24_DAILY_PERSISTENCE,0.0,0.0,0.0
2020-11-19 06:00:00,pv,random_forest,67.620554,55.733333,11.887221
2020-11-19 06:00:00,pv,mlp,243.645096,55.733333,187.911762
2020-11-19 06:00:00,pv,H24_DAILY_PERSISTENCE,61.766667,55.733333,6.033333
2020-11-19 07:00:00,pv,random_forest,553.846354,657.05,103.203646
2020-11-19 07:00:00,pv,mlp,468.856506,657.05,188.193494
2020-11-19 07:00:00,pv,H24_DAILY_PERSISTENCE,660.316667,657.05,3.266667
2020-11-19 08:00:00,pv,random_forest,860.801339,955.808333,95.006995
2020-11-19 08:00:00,pv,mlp,606.078613,955.808333,349.72972
2020-11-19 08:00:00,pv,H24_DAILY_PERSISTENCE,961.1,955.808333,5.291667
2020-11-19 09:00:00,pv,random_forest,1001.598725,1063.058333,61.459608
2020-11-19 09:00:00,pv,mlp,637.882568,1063.058333,425.175765
2020-11-19 09:00:00,pv,H24_DAILY_PERSISTENCE,1060.616667,1063.058333,2.441667
2020-11-19 10:00:00,pv,random_forest,1021.223723,1103.575,82.351277
2020-11-19 10:00:00,pv,mlp,644.677429,1103.575,458.897571
2020-11-19 10:00:00,pv,H24_DAILY_PERSISTENCE,1088.533333,1103.575,15.041667
2020-11-19 11:00:00,pv,random_forest,1088.906028,1131.875,42.968972
2020-11-19 11:00:00,pv,mlp,653.231445,1131.875,478.643555
2020-11-19 11:00:00,pv,H24_DAILY_PERSISTENCE,1100.516667,1131.875,31.358333
2020-11-19 12:00:00,pv,random_forest,1091.036801,1106.608333,15.571533
2020-11-19 12:00:00,pv,mlp,649.058655,1106.608333,457.549679
2020-11-19 12:00:00,pv,H24_DAILY_PERSISTENCE,1079.258333,1106.608333,27.35
2020-11-19 13:00:00,pv,random_forest,1036.425528,1067.875,31.449472
2020-11-19 13:00:00,pv,mlp,634.922241,1067.875,432.952759
2020-11-19 13:00:00,pv,H24_DAILY_PERSISTENCE,1036.95,1067.875,30.925
2020-11-19 14:00:00,pv,random_forest,975.906546,980.358333,4.451788
2020-11-19 14:00:00,pv,mlp,602.688049,980.358333,377.670284
2020-11-19 14:00:00,pv,H24_DAILY_PERSISTENCE,961.716667,980.358333,18.641667
2020-11-19 15:00:00,pv,random_forest,759.205629,690.891667,68.313962
2020-11-19 15:00:00,pv,mlp,500.46582,690.891667,190.425846
2020-11-19 15:00:00,pv,H24_DAILY_PERSISTENCE,668.816667,690.891667,22.075
2020-11-19 16:00:00,pv,random_forest,117.863198,71.816667,46.046531
2020-11-19 16:00:00,pv,mlp,277.379486,71.816667,205.562819
2020-11-19 16:00:00,pv,H24_DAILY_PERSISTENCE,73.508333,71.816667,1.691667
2020-11-19 17:00:00,pv,random_forest,0.050873,0.0,0.050873
2020-11-19 17:00:00,pv,mlp,222.250153,0.0,222.250153
2020-11-19 17:00:00,pv,H24_DAILY_PERSISTENCE,0.0,0.0,0.0
2020-11-19 18:00:00,pv,random_forest,0.046717,0.0,0.046717
2020-11-19 18:00:00,pv,mlp,195.998947,0.0,195.998947
2020-11-19 18:00:00,pv,H24_DAILY_PERSISTENCE,0.0,0.0,0.0
2020-11-19 19:00:00,pv,random_forest,0.046717,0.0,0.046717
2020-11-19 19:00:00,pv,mlp,173.564682,0.0,173.564682
2020-11-19 19:00:00,pv,H24_DAILY_PERSISTENCE,0.0,0.0,0.0
2020-11-19 20:00:00,pv,random_forest,0.046717,0.0,0.046717
2020-11-19 20:00:00,pv,mlp,154.363068,0.0,154.363068
2020-11-19 20:00:00,pv,H24_DAILY_PERSISTENCE,0.0,0.0,0.0
2020-11-19 21:00:00,pv,random_forest,0.046717,0.0,0.046717
2020-11-19 21:00:00,pv,mlp,139.756866,0.0,139.756866
2020-11-19 21:00:00,pv,H24_DAILY_PERSISTENCE,0.0,0.0,0.0
2020-11-19 22:00:00,pv,random_forest,0.046717,0.0,0.046717
2020-11-19 22:00:00,pv,mlp,129.053589,0.0,129.053589
2020-11-19 22:00:00,pv,H24_DAILY_PERSISTENCE,0.0,0.0,0.0
2020-11-19 23:00:00,pv,random_forest,0.046717,0.0,0.046717
2020-11-19 23:00:00,pv,mlp,123.404686,0.0,123.404686
2020-11-19 23:00:00,pv,H24_DAILY_PERSISTENCE,0.0,0.0,0.0
2020-11-20 00:00:00,pv,random_forest,0.046717,0.0,0.046717
2020-11-20 00:00:00,pv,mlp,130.848785,0.0,130.848785
2020-11-20 00:00:00,pv,H24_DAILY_PERSISTENCE,0.0,0.0,0.0
2020-11-20 01:00:00,pv,random_forest,0.046717,0.0,0.046717
2020-11-20 01:00:00,pv,mlp,135.223663,0.0,135.223663
2020-11-20 01:00:00,pv,H24_DAILY_PERSISTENCE,0.0,0.0,0.0
2020-11-20 02:00:00,pv,random_forest,0.046717,0.0,0.046717
2020-11-20 02:00:00,pv,mlp,145.780609,0.0,145.780609
2020-11-20 02:00:00,pv,H24_DAILY_PERSISTENCE,0.0,0.0,0.0
2020-11-20 03:00:00,pv,random_forest,0.046717,0.0,0.046717
2020-11-20 03:00:00,pv,mlp,161.727097,0.0,161.727097
2020-11-20 03:00:00,pv,H24_DAILY_PERSISTENCE,0.0,0.0,0.0
2020-11-20 04:00:00,pv,random_forest,0.046717,0.0,0.046717
2020-11-20 04:00:00,pv,mlp,182.080368,0.0,182.080368
2020-11-20 04:00:00,pv,H24_DAILY_PERSISTENCE,0.0,0.0,0.0
2020-11-20 05:00:00,pv,random_forest,0.046717,0.0,0.046717
2020-11-20 05:00:00,pv,mlp,206.210571,0.0,206.210571
2020-11-20 05:00:00,pv,H24_DAILY_PERSISTENCE,0.0,0.0,0.0
2020-11-20 06:00:00,pv,random_forest,80.572825,54.858333,25.714492
2020-11-20 06:00:00,pv,mlp,252.662064,54.858333,197.80373
2020-11-20 06:00:00,pv,H24_DAILY_PERSISTENCE,55.733333,54.858333,0.875
2020-11-20 07:00:00,pv,random_forest,622.388216,643.233333,20.845118
2020-11-20 07:00:00,pv,mlp,487.838043,643.233333,155.39529
2020-11-20 07:00:00,pv,H24_DAILY_PERSISTENCE,657.05,643.233333,13.816667
2020-11-20 08:00:00,pv,random_forest,878.419963,951.75,73.330037
2020-11-20 08:00:00,pv,mlp,613.73407,951.75,338.01593
2020-11-20 08:00:00,pv,H24_DAILY_PERSISTENCE,955.808333,951.75,4.058333
2020-11-20 09:00:00,pv,random_forest,1011.334211,1048.325,36.990789
2020-11-20 09:00:00,pv,mlp,642.620911,1048.325,405.704089
2020-11-20 09:00:00,pv,H24_DAILY_PERSISTENCE,1063.058333,1048.325,14.733333
2020-11-20 10:00:00,pv,random_forest,1078.902199,1078.408333,0.493866
2020-11-20 10:00:00,pv,mlp,650.399841,1078.408333,428.008492
2020-11-20 10:00:00,pv,H24_DAILY_PERSISTENCE,1103.575,1078.408333,25.166667
2020-11-20 11:00:00,pv,random_forest,1096.057119,1094.225,1.832119
2020-11-20 11:00:00,pv,mlp,654.663879,1094.225,439.561121
2020-11-20 11:00:00,pv,H24_DAILY_PERSISTENCE,1131.875,1094.225,37.65
2020-11-20 12:00:00,pv,random_forest,1079.555557,1095.658333,16.102777
2020-11-20 12:00:00,pv,mlp,647.858765,1095.658333,447.799569
2020-11-20 12:00:00,pv,H24_DAILY_PERSISTENCE,1106.608333,1095.658333,10.95
2020-11-20 13:00:00,pv,random_forest,1025.303744,1051.883333,26.579589
2020-11-20 13:00:00,pv,mlp,633.8703,1051.883333,418.013033
2020-11-20 13:00:00,pv,H24_DAILY_PERSISTENCE,1067.875,1051.883333,15.991667
2020-11-20 14:00:00,pv,random_forest,979.903754,963.816667,16.087088
2020-11-20 14:00:00,pv,mlp,605.036133,963.816667,358.780534
2020-11-20 14:00:00,pv,H24_DAILY_PERSISTENCE,980.358333,963.816667,16.541667
2020-11-20 15:00:00,pv,random_forest,756.48412,670.733333,85.750787
2020-11-20 15:00:00,pv,mlp,506.263763,670.733333,164.46957
2020-11-20 15:00:00,pv,H24_DAILY_PERSISTENCE,690.891667,670.733333,20.158333
2020-11-20 16:00:00,pv,random_forest,118.662837,69.266667,49.396171
2020-11-20 16:00:00,pv,mlp,272.164307,69.266667,202.89764
2020-11-20 16:00:00,pv,H24_DAILY_PERSISTENCE,71.816667,69.266667,2.55
2020-11-20 17:00:00,pv,random_forest,0.050873,0.0,0.050873
2020-11-20 17:00:00,pv,mlp,232.824905,0.0,232.824905
2020-11-20 17:00:00,pv,H24_DAILY_PERSISTENCE,0.0,0.0,0.0
2020-11-20 18:00:00,pv,random_forest,0.046717,0.0,0.046717
2020-11-20 18:00:00,pv,mlp,208.555756,0.0,208.555756
2020-11-20 18:00:00,pv,H24_DAILY_PERSISTENCE,0.0,0.0,0.0
2020-11-20 19:00:00,pv,random_forest,0.046717,0.0,0.046717
2020-11-20 19:00:00,pv,mlp,187.654251,0.0,187.654251
2020-11-20 19:00:00,pv,H24_DAILY_PERSISTENCE,0.0,0.0,0.0
2020-11-20 20:00:00,pv,random_forest,0.046717,0.0,0.046717
2020-11-20 20:00:00,pv,mlp,167.783112,0.0,167.783112
2020-11-20 20:00:00,pv,H24_DAILY_PERSISTENCE,0.0,0.0,0.0
2020-11-20 21:00:00,pv,random_forest,0.046717,0.0,0.046717
2020-11-20 21:00:00,pv,mlp,151.197327,0.0,151.197327
2020-11-20 21:00:00,pv,H24_DAILY_PERSISTENCE,0.0,0.0,0.0
2020-11-20 22:00:00,pv,random_forest,0.046717,0.0,0.046717
2020-11-20 22:00:00,pv,mlp,139.555908,0.0,139.555908
2020-11-20 22:00:00,pv,H24_DAILY_PERSISTENCE,0.0,0.0,0.0
2020-11-20 23:00:00,pv,random_forest,0.046717,0.0,0.046717
2020-11-20 23:00:00,pv,mlp,133.217041,0.0,133.217041
2020-11-20 23:00:00,pv,H24_DAILY_PERSISTENCE,0.0,0.0,0.0
2020-11-21 00:00:00,pv,random_forest,0.046717,0.0,0.046717
2020-11-21 00:00:00,pv,mlp,143.665619,0.0,143.665619
2020-11-21 00:00:00,pv,H24_DAILY_PERSISTENCE,0.0,0.0,0.0
2020-11-21 01:00:00,pv,random_forest,0.046717,0.0,0.046717
2020-11-21 01:00:00,pv,mlp,147.831009,0.0,147.831009
2020-11-21 01:00:00,pv,H24_DAILY_PERSISTENCE,0.0,0.0,0.0
2020-11-21 02:00:00,pv,random_forest,0.046717,0.0,0.046717
2020-11-21 02:00:00,pv,mlp,157.173874,0.0,157.173874
2020-11-21 02:00:00,pv,H24_DAILY_PERSISTENCE,0.0,0.0,0.0
2020-11-21 03:00:00,pv,random_forest,0.046717,0.0,0.046717
2020-11-21 03:00:00,pv,mlp,171.234375,0.0,171.234375
2020-11-21 03:00:00,pv,H24_DAILY_PERSISTENCE,0.0,0.0,0.0
2020-11-21 04:00:00,pv,random_forest,0.046717,0.0,0.046717
2020-11-21 04:00:00,pv,mlp,188.981415,0.0,188.981415
2020-11-21 04:00:00,pv,H24_DAILY_PERSISTENCE,0.0,0.0,0.0
2020-11-21 05:00:00,pv,random_forest,0.046717,0.0,0.046717
2020-11-21 05:00:00,pv,mlp,207.473465,0.0,207.473465
2020-11-21 05:00:00,pv,H24_DAILY_PERSISTENCE,0.0,0.0,0.0
2020-11-21 06:00:00,pv,random_forest,73.5627,45.475,28.0877
2020-11-21 06:00:00,pv,mlp,251.984528,45.475,206.509528
2020-11-21 06:00:00,pv,H24_DAILY_PERSISTENCE,54.858333,45.475,9.383333
2020-11-21 07:00:00,pv,random_forest,623.090699,625.125,2.034301
2020-11-21 07:00:00,pv,mlp,491.019043,625.125,134.105957
2020-11-21 07:00:00,pv,H24_DAILY_PERSISTENCE,643.233333,625.125,18.108333
2020-11-21 08:00:00,pv,random_forest,882.383799,933.05,50.666201
2020-11-21 08:00:00,pv,mlp,620.416687,933.05,312.633313
2020-11-21 08:00:00,pv,H24_DAILY_PERSISTENCE,951.75,933.05,18.7
2020-11-21 09:00:00,pv,random_forest,1014.831865,1035.666667,20.834802
2020-11-21 09:00:00,pv,mlp,648.284058,1035.666667,387.382609
2020-11-21 09:00:00,pv,H24_DAILY_PERSISTENCE,1048.325,1035.666667,12.658333
2020-11-21 10:00:00,pv,random_forest,1073.188003,1062.775,10.413003
2020-11-21 10:00:00,pv,mlp,657.969604,1062.775,404.805396
2020-11-21 10:00:00,pv,H24_DAILY_PERSISTENCE,1078.408333,1062.775,15.633333
2020-11-21 11:00:00,pv,random_forest,1092.021357,1064.691667,27.32969
2020-11-21 11:00:00,pv,mlp,664.32782,1064.691667,400.363847
2020-11-21 11:00:00,pv,H24_DAILY_PERSISTENCE,1094.225,1064.691667,29.533333
2020-11-21 12:00:00,pv,random_forest,1088.832669,1042.541667,46.291002
2020-11-21 12:00:00,pv,mlp,658.774231,1042.541667,383.767436
2020-11-21 12:00:00,pv,H24_DAILY_PERSISTENCE,1095.658333,1042.541667,53.116667
2020-11-21 13:00:00,pv,random_forest,1069.886869,1021.266667,48.620203
2020-11-21 13:00:00,pv,mlp,638.551636,1021.266667,382.715031
2020-11-21 13:00:00,pv,H24_DAILY_PERSISTENCE,1051.883333,1021.266667,30.616667
2020-11-21 14:00:00,pv,random_forest,979.981032,948.333333,31.647698
2020-11-21 14:00:00,pv,mlp,606.969727,948.333333,341.363607
2020-11-21 14:00:00,pv,H24_DAILY_PERSISTENCE,963.816667,948.333333,15.483333
2020-11-21 15:00:00,pv,random_forest,759.565085,650.733333,108.831752
2020-11-21 15:00:00,pv,mlp,510.885803,650.733333,139.84753
2020-11-21 15:00:00,pv,H24_DAILY_PERSISTENCE,670.733333,650.733333,20.0
2020-11-21 16:00:00,pv,random_forest,104.967969,54.383333,50.584636
2020-11-21 16:00:00,pv,mlp,265.319611,54.383333,210.936277
2020-11-21 16:00:00,pv,H24_DAILY_PERSISTENCE,69.266667,54.383333,14.883333
2020-11-21 17:00:00,pv,random_forest,0.050873,0.0,0.050873
2020-11-21 17:00:00,pv,mlp,235.783295,0.0,235.783295
2020-11-21 17:00:00,pv,H24_DAILY_PERSISTENCE,0.0,0.0,0.0
2020-11-21 18:00:00,pv,random_forest,0.046717,0.0,0.046717
2020-11-21 18:00:00,pv,mlp,213.822876,0.0,213.822876
2020-11-21 18:00:00,pv,H24_DAILY_PERSISTENCE,0.0,0.0,0.0
2020-11-21 19:00:00,pv,random_forest,0.046717,0.0,0.046717
2020-11-21 19:00:00,pv,mlp,193.272797,0.0,193.272797
2020-11-21 19:00:00,pv,H24_DAILY_PERSISTENCE,0.0,0.0,0.0
2020-11-21 20:00:00,pv,random_forest,0.046717,0.0,0.046717
2020-11-21 20:00:00,pv,mlp,173.980576,0.0,173.980576
2020-11-21 20:00:00,pv,H24_DAILY_PERSISTENCE,0.0,0.0,0.0
2020-11-21 21:00:00,pv,random_forest,0.046717,0.0,0.046717
2020-11-21 21:00:00,pv,mlp,158.911591,0.0,158.911591
2020-11-21 21:00:00,pv,H24_DAILY_PERSISTENCE,0.0,0.0,0.0
2020-11-21 22:00:00,pv,random_forest,0.046717,0.0,0.046717
2020-11-21 22:00:00,pv,mlp,147.620041,0.0,147.620041
2020-11-21 22:00:00,pv,H24_DAILY_PERSISTENCE,0.0,0.0,0.0
2020-11-21 23:00:00,pv,random_forest,0.046717,0.0,0.046717
2020-11-21 23:00:00,pv,mlp,142.167099,0.0,142.167099
2020-11-21 23:00:00,pv,H24_DAILY_PERSISTENCE,0.0,0.0,0.0
2020-11-22 00:00:00,pv,random_forest,0.046717,0.0,0.046717
2020-11-22 00:00:00,pv,mlp,137.027405,0.0,137.027405
2020-11-22 00:00:00,pv,H24_DAILY_PERSISTENCE,0.0,0.0,0.0
2020-11-22 01:00:00,pv,random_forest,0.046717,0.0,0.046717
2020-11-22 01:00:00,pv,mlp,143.307739,0.0,143.307739
2020-11-22 01:00:00,pv,H24_DAILY_PERSISTENCE,0.0,0.0,0.0
2020-11-22 02:00:00,pv,random_forest,0.046717,0.0,0.046717
2020-11-22 02:00:00,pv,mlp,155.575348,0.0,155.575348
2020-11-22 02:00:00,pv,H24_DAILY_PERSISTENCE,0.0,0.0,0.0
2020-11-22 03:00:00,pv,random_forest,0.046717,0.0,0.046717
2020-11-22 03:00:00,pv,mlp,171.74118,0.0,171.74118
2020-11-22 03:00:00,pv,H24_DAILY_PERSISTENCE,0.0,0.0,0.0
2020-11-22 04:00:00,pv,random_forest,0.046717,0.0,0.046717
2020-11-22 04:00:00,pv,mlp,188.249619,0.0,188.249619
2020-11-22 04:00:00,pv,H24_DAILY_PERSISTENCE,0.0,0.0,0.0
2020-11-22 05:00:00,pv,random_forest,0.046717,0.0,0.046717
2020-11-22 05:00:00,pv,mlp,205.04422,0.0,205.04422
2020-11-22 05:00:00,pv,H24_DAILY_PERSISTENCE,0.0,0.0,0.0
2020-11-22 06:00:00,pv,random_forest,57.716549,44.25,13.466549
2020-11-22 06:00:00,pv,mlp,241.202438,44.25,196.952438
2020-11-22 06:00:00,pv,H24_DAILY_PERSISTENCE,45.475,44.25,1.225
2020-11-22 07:00:00,pv,random_forest,604.185057,624.808333,20.623276
2020-11-22 07:00:00,pv,mlp,440.832428,624.808333,183.975905
2020-11-22 07:00:00,pv,H24_DAILY_PERSISTENCE,625.125,624.808333,0.316667
2020-11-22 08:00:00,pv,random_forest,786.882697,940.766667,153.88397
2020-11-22 08:00:00,pv,mlp,567.410522,940.766667,373.356144
2020-11-22 08:00:00,pv,H24_DAILY_PERSISTENCE,933.05,940.766667,7.716667
2020-11-22 09:00:00,pv,random_forest,996.316208,1037.416667,41.100459
2020-11-22 09:00:00,pv,mlp,622.293335,1037.416667,415.123332
2020-11-22 09:00:00,pv,H24_DAILY_PERSISTENCE,1035.666667,1037.416667,1.75
2020-11-22 10:00:00,pv,random_forest,1031.297557,1065.975,34.677443
2020-11-22 10:00:00,pv,mlp,636.883179,1065.975,429.091821
2020-11-22 10:00:00,pv,H24_DAILY_PERSISTENCE,1062.775,1065.975,3.2
2020-11-22 11:00:00,pv,random_forest,1000.465583,1073.625,73.159417
2020-11-22 11:00:00,pv,mlp,632.372742,1073.625,441.252258
2020-11-22 11:00:00,pv,H24_DAILY_PERSISTENCE,1064.691667,1073.625,8.933333
2020-11-22 12:00:00,pv,random_forest,978.781615,1072.325,93.543385
2020-11-22 12:00:00,pv,mlp,612.157837,1072.325,460.167163
2020-11-22 12:00:00,pv,H24_DAILY_PERSISTENCE,1042.541667,1072.325,29.783333
2020-11-22 13:00:00,pv,random_forest,862.060743,1014.308333,152.24759
2020-11-22 13:00:00,pv,mlp,592.458862,1014.308333,421.849471
2020-11-22 13:00:00,pv,H24_DAILY_PERSISTENCE,1021.266667,1014.308333,6.958333
2020-11-22 14:00:00,pv,random_forest,858.405516,936.666667,78.261151
2020-11-22 14:00:00,pv,mlp,554.407715,936.666667,382.258952
2020-11-22 14:00:00,pv,H24_DAILY_PERSISTENCE,948.333333,936.666667,11.666667
2020-11-22 15:00:00,pv,random_forest,577.63703,652.783333,75.146303
2020-11-22 15:00:00,pv,mlp,458.527771,652.783333,194.255562
2020-11-22 15:00:00,pv,H24_DAILY_PERSISTENCE,650.733333,652.783333,2.05
2020-11-22 16:00:00,pv,random_forest,78.43432,56.808333,21.625987
2020-11-22 16:00:00,pv,mlp,256.216125,56.808333,199.407792
2020-11-22 16:00:00,pv,H24_DAILY_PERSISTENCE,54.383333,56.808333,2.425
2020-11-22 17:00:00,pv,random_forest,0.050873,0.0,0.050873
2020-11-22 17:00:00,pv,mlp,231.445679,0.0,231.445679
2020-11-22 17:00:00,pv,H24_DAILY_PERSISTENCE,0.0,0.0,0.0
2020-11-22 18:00:00,pv,random_forest,0.046717,0.0,0.046717
2020-11-22 18:00:00,pv,mlp,208.886688,0.0,208.886688
2020-11-22 18:00:00,pv,H24_DAILY_PERSISTENCE,0.0,0.0,0.0
2020-11-22 19:00:00,pv,random_forest,0.046717,0.0,0.046717
2020-11-22 19:00:00,pv,mlp,188.593704,0.0,188.593704
2020-11-22 19:00:00,pv,H24_DAILY_PERSISTENCE,0.0,0.0,0.0
2020-11-22 20:00:00,pv,random_forest,0.046717,0.0,0.046717
2020-11-22 20:00:00,pv,mlp,171.126312,0.0,171.126312
2020-11-22 20:00:00,pv,H24_DAILY_PERSISTENCE,0.0,0.0,0.0
2020-11-22 21:00:00,pv,random_forest,0.046717,0.0,0.046717
2020-11-22 21:00:00,pv,mlp,156.662628,0.0,156.662628
2020-11-22 21:00:00,pv,H24_DAILY_PERSISTENCE,0.0,0.0,0.0
2020-11-22 22:00:00,pv,random_forest,0.046717,0.0,0.046717
2020-11-22 22:00:00,pv,mlp,147.24968,0.0,147.24968
2020-11-22 22:00:00,pv,H24_DAILY_PERSISTENCE,0.0,0.0,0.0
2020-11-22 23:00:00,pv,random_forest,0.046717,0.0,0.046717
2020-11-22 23:00:00,pv,mlp,143.292084,0.0,143.292084
2020-11-22 23:00:00,pv,H24_DAILY_PERSISTENCE,0.0,0.0,0.0
2020-11-23 00:00:00,pv,random_forest,0.046717,0.0,0.046717
2020-11-23 00:00:00,pv,mlp,134.506927,0.0,134.506927
2020-11-23 00:00:00,pv,H24_DAILY_PERSISTENCE,0.0,0.0,0.0
2020-11-23 01:00:00,pv,random_forest,0.046717,0.0,0.046717
2020-11-23 01:00:00,pv,mlp,142.274872,0.0,142.274872
2020-11-23 01:00:00,pv,H24_DAILY_PERSISTENCE,0.0,0.0,0.0
2020-11-23 02:00:00,pv,random_forest,0.046717,0.0,0.046717
2020-11-23 02:00:00,pv,mlp,154.041718,0.0,154.041718
2020-11-23 02:00:00,pv,H24_DAILY_PERSISTENCE,0.0,0.0,0.0
2020-11-23 03:00:00,pv,random_forest,0.046717,0.0,0.046717
2020-11-23 03:00:00,pv,mlp,168.923981,0.0,168.923981
2020-11-23 03:00:00,pv,H24_DAILY_PERSISTENCE,0.0,0.0,0.0
2020-11-23 04:00:00,pv,random_forest,0.046717,0.0,0.046717
2020-11-23 04:00:00,pv,mlp,185.877197,0.0,185.877197
2020-11-23 04:00:00,pv,H24_DAILY_PERSISTENCE,0.0,0.0,0.0
2020-11-23 05:00:00,pv,random_forest,0.046717,0.0,0.046717
2020-11-23 05:00:00,pv,mlp,203.433167,0.0,203.433167
2020-11-23 05:00:00,pv,H24_DAILY_PERSISTENCE,0.0,0.0,0.0
2020-11-23 06:00:00,pv,random_forest,51.398548,38.133333,13.265215
2020-11-23 06:00:00,pv,mlp,237.092377,38.133333,198.959043
2020-11-23 06:00:00,pv,H24_DAILY_PERSISTENCE,44.25,38.133333,6.116667
2020-11-23 07:00:00,pv,random_forest,564.821611,626.616667,61.795056
2020-11-23 07:00:00,pv,mlp,483.955902,626.616667,142.660765
2020-11-23 07:00:00,pv,H24_DAILY_PERSISTENCE,624.808333,626.616667,1.808333
2020-11-23 08:00:00,pv,random_forest,825.978721,949.45,123.471279
2020-11-23 08:00:00,pv,mlp,608.725403,949.45,340.724597
2020-11-23 08:00:00,pv,H24_DAILY_PERSISTENCE,940.766667,949.45,8.683333
2020-11-23 09:00:00,pv,random_forest,1007.900191,1049.716667,41.816476
2020-11-23 09:00:00,pv,mlp,643.053101,1049.716667,406.663566
2020-11-23 09:00:00,pv,H24_DAILY_PERSISTENCE,1037.416667,1049.716667,12.3
2020-11-23 10:00:00,pv,random_forest,1054.362769,1064.25,9.887231
2020-11-23 10:00:00,pv,mlp,656.079712,1064.25,408.170288
2020-11-23 10:00:00,pv,H24_DAILY_PERSISTENCE,1065.975,1064.25,1.725
2020-11-23 11:00:00,pv,random_forest,1072.523801,1058.05,14.473801
2020-11-23 11:00:00,pv,mlp,657.755737,1058.05,400.294263
2020-11-23 11:00:00,pv,H24_DAILY_PERSISTENCE,1073.625,1058.05,15.575
2020-11-23 12:00:00,pv,random_forest,1060.034401,1042.291667,17.742735
2020-11-23 12:00:00,pv,mlp,651.93689,1042.291667,390.354777
2020-11-23 12:00:00,pv,H24_DAILY_PERSISTENCE,1072.325,1042.291667,30.033333
2020-11-23 13:00:00,pv,random_forest,1024.300871,1003.833333,20.467538
2020-11-23 13:00:00,pv,mlp,635.165344,1003.833333,368.667989
2020-11-23 13:00:00,pv,H24_DAILY_PERSISTENCE,1014.308333,1003.833333,10.475
2020-11-23 14:00:00,pv,random_forest,963.354607,915.341667,48.01294
2020-11-23 14:00:00,pv,mlp,605.088257,915.341667,310.25341
2020-11-23 14:00:00,pv,H24_DAILY_PERSISTENCE,936.666667,915.341667,21.325
2020-11-23 15:00:00,pv,random_forest,666.722596,642.016667,24.705929
2020-11-23 15:00:00,pv,mlp,491.863617,642.016667,150.15305
2020-11-23 15:00:00,pv,H24_DAILY_PERSISTENCE,652.783333,642.016667,10.766667
2020-11-23 16:00:00,pv,random_forest,64.446481,52.1,12.346481
2020-11-23 16:00:00,pv,mlp,241.919647,52.1,189.819647
2020-11-23 16:00:00,pv,H24_DAILY_PERSISTENCE,56.808333,52.1,4.708333
2020-11-23 17:00:00,pv,random_forest,0.050873,0.0,0.050873
2020-11-23 17:00:00,pv,mlp,208.286713,0.0,208.286713
2020-11-23 17:00:00,pv,H24_DAILY_PERSISTENCE,0.0,0.0,0.0
2020-11-23 18:00:00,pv,random_forest,0.046717,0.0,0.046717
2020-11-23 18:00:00,pv,mlp,190.376877,0.0,190.376877
2020-11-23 18:00:00,pv,H24_DAILY_PERSISTENCE,0.0,0.0,0.0
2020-11-23 19:00:00,pv,random_forest,0.046717,0.0,0.046717
2020-11-23 19:00:00,pv,mlp,172.442596,0.0,172.442596
2020-11-23 19:00:00,pv,H24_DAILY_PERSISTENCE,0.0,0.0,0.0
2020-11-23 20:00:00,pv,random_forest,0.046717,0.0,0.046717
2020-11-23 20:00:00,pv,mlp,156.971161,0.0,156.971161
2020-11-23 20:00:00,pv,H24_DAILY_PERSISTENCE,0.0,0.0,0.0
2020-11-23 21:00:00,pv,random_forest,0.046717,0.0,0.046717
2020-11-23 21:00:00,pv,mlp,143.550613,0.0,143.550613
2020-11-23 21:00:00,pv,H24_DAILY_PERSISTENCE,0.0,0.0,0.0
2020-11-23 22:00:00,pv,random_forest,0.046717,0.0,0.046717
2020-11-23 22:00:00,pv,mlp,135.222321,0.0,135.222321
2020-11-23 22:00:00,pv,H24_DAILY_PERSISTENCE,0.0,0.0,0.0
2020-11-23 23:00:00,pv,random_forest,0.046717,0.0,0.046717
2020-11-23 23:00:00,pv,mlp,131.767975,0.0,131.767975
2020-11-23 23:00:00,pv,H24_DAILY_PERSISTENCE,0.0,0.0,0.0
2020-11-24 00:00:00,pv,random_forest,0.046717,0.0,0.046717
2020-11-24 00:00:00,pv,mlp,135.392303,0.0,135.392303
2020-11-24 00:00:00,pv,H24_DAILY_PERSISTENCE,0.0,0.0,0.0
2020-11-24 01:00:00,pv,random_forest,0.046717,0.0,0.046717
2020-11-24 01:00:00,pv,mlp,141.526062,0.0,141.526062
2020-11-24 01:00:00,pv,H24_DAILY_PERSISTENCE,0.0,0.0,0.0
2020-11-24 02:00:00,pv,random_forest,0.046717,0.0,0.046717
2020-11-24 02:00:00,pv,mlp,152.822845,0.0,152.822845
2020-11-24 02:00:00,pv,H24_DAILY_PERSISTENCE,0.0,0.0,0.0
2020-11-24 03:00:00,pv,random_forest,0.046717,0.0,0.046717
2020-11-24 03:00:00,pv,mlp,166.396637,0.0,166.396637
2020-11-24 03:00:00,pv,H24_DAILY_PERSISTENCE,0.0,0.0,0.0
2020-11-24 04:00:00,pv,random_forest,0.046717,0.0,0.046717
2020-11-24 04:00:00,pv,mlp,182.859573,0.0,182.859573
2020-11-24 04:00:00,pv,H24_DAILY_PERSISTENCE,0.0,0.0,0.0
2020-11-24 05:00:00,pv,random_forest,0.046717,0.0,0.046717
2020-11-24 05:00:00,pv,mlp,201.366333,0.0,201.366333
2020-11-24 05:00:00,pv,H24_DAILY_PERSISTENCE,0.0,0.0,0.0
2020-11-24 06:00:00,pv,random_forest,47.932986,33.533333,14.399653
2020-11-24 06:00:00,pv,mlp,229.4897,33.533333,195.956367
2020-11-24 06:00:00,pv,H24_DAILY_PERSISTENCE,38.133333,33.533333,4.6
2020-11-24 07:00:00,pv,random_forest,547.634322,578.875,31.240678
2020-11-24 07:00:00,pv,mlp,461.99884,578.875,116.87616
2020-11-24 07:00:00,pv,H24_DAILY_PERSISTENCE,626.616667,578.875,47.741667
2020-11-24 08:00:00,pv,random_forest,832.318868,874.425,42.106132
2020-11-24 08:00:00,pv,mlp,593.913269,874.425,280.511731
2020-11-24 08:00:00,pv,H24_DAILY_PERSISTENCE,949.45,874.425,75.025
2020-11-24 09:00:00,pv,random_forest,1008.22116,980.091667,28.129494
2020-11-24 09:00:00,pv,mlp,640.844116,980.091667,339.24755
2020-11-24 09:00:00,pv,H24_DAILY_PERSISTENCE,1049.716667,980.091667,69.625
2020-11-24 10:00:00,pv,random_forest,1063.110591,1040.833333,22.277257
2020-11-24 10:00:00,pv,mlp,651.966431,1040.833333,388.866903
2020-11-24 10:00:00,pv,H24_DAILY_PERSISTENCE,1064.25,1040.833333,23.416667
2020-11-24 11:00:00,pv,random_forest,1070.387988,1042.791667,27.596321
2020-11-24 11:00:00,pv,mlp,652.221313,1042.791667,390.570353
2020-11-24 11:00:00,pv,H24_DAILY_PERSISTENCE,1058.05,1042.791667,15.258333
2020-11-24 12:00:00,pv,random_forest,1047.438744,1023.508333,23.93041
2020-11-24 12:00:00,pv,mlp,643.374207,1023.508333,380.134127
2020-11-24 12:00:00,pv,H24_DAILY_PERSISTENCE,1042.291667,1023.508333,18.783333
2020-11-24 13:00:00,pv,random_forest,987.41632,966.433333,20.982986
2020-11-24 13:00:00,pv,mlp,615.807922,966.433333,350.625411
2020-11-24 13:00:00,pv,H24_DAILY_PERSISTENCE,1003.833333,966.433333,37.4
2020-11-24 14:00:00,pv,random_forest,901.596987,801.383333,100.213654
2020-11-24 14:00:00,pv,mlp,582.942993,801.383333,218.44034
2020-11-24 14:00:00,pv,H24_DAILY_PERSISTENCE,915.341667,801.383333,113.958333
2020-11-24 15:00:00,pv,random_forest,653.338013,479.6,173.738013
2020-11-24 15:00:00,pv,mlp,476.386414,479.6,3.213586
2020-11-24 15:00:00,pv,H24_DAILY_PERSISTENCE,642.016667,479.6,162.416667
2020-11-24 16:00:00,pv,random_forest,69.261105,19.583333,49.677772
2020-11-24 16:00:00,pv,mlp,241.143997,19.583333,221.560664
2020-11-24 16:00:00,pv,H24_DAILY_PERSISTENCE,52.1,19.583333,32.516667
2020-11-24 17:00:00,pv,random_forest,0.050873,0.0,0.050873
2020-11-24 17:00:00,pv,mlp,204.199844,0.0,204.199844
2020-11-24 17:00:00,pv,H24_DAILY_PERSISTENCE,0.0,0.0,0.0
2020-11-24 18:00:00,pv,random_forest,0.046717,0.0,0.046717
2020-11-24 18:00:00,pv,mlp,183.388397,0.0,183.388397
2020-11-24 18:00:00,pv,H24_DAILY_PERSISTENCE,0.0,0.0,0.0
2020-11-24 19:00:00,pv,random_forest,0.046717,0.0,0.046717
2020-11-24 19:00:00,pv,mlp,165.191177,0.0,165.191177
2020-11-24 19:00:00,pv,H24_DAILY_PERSISTENCE,0.0,0.0,0.0
2020-11-24 20:00:00,pv,random_forest,0.046717,0.0,0.046717
2020-11-24 20:00:00,pv,mlp,150.07077,0.0,150.07077
2020-11-24 20:00:00,pv,H24_DAILY_PERSISTENCE,0.0,0.0,0.0
2020-11-24 21:00:00,pv,random_forest,0.046717,0.0,0.046717
2020-11-24 21:00:00,pv,mlp,139.243195,0.0,139.243195
2020-11-24 21:00:00,pv,H24_DAILY_PERSISTENCE,0.0,0.0,0.0
2020-11-24 22:00:00,pv,random_forest,0.046717,0.0,0.046717
2020-11-24 22:00:00,pv,mlp,133.981766,0.0,133.981766
2020-11-24 22:00:00,pv,H24_DAILY_PERSISTENCE,0.0,0.0,0.0
2020-11-24 23:00:00,pv,random_forest,0.046717,0.0,0.046717
2020-11-24 23:00:00,pv,mlp,133.820084,0.0,133.820084
2020-11-24 23:00:00,pv,H24_DAILY_PERSISTENCE,0.0,0.0,0.0
2020-11-25 00:00:00,pv,random_forest,0.046717,0.0,0.046717
2020-11-25 00:00:00,pv,mlp,131.840302,0.0,131.840302
2020-11-25 00:00:00,pv,H24_DAILY_PERSISTENCE,0.0,0.0,0.0
2020-11-25 01:00:00,pv,random_forest,0.046717,0.0,0.046717
2020-11-25 01:00:00,pv,mlp,139.176239,0.0,139.176239
2020-11-25 01:00:00,pv,H24_DAILY_PERSISTENCE,0.0,0.0,0.0
2020-11-25 02:00:00,pv,random_forest,0.046717,0.0,0.046717
2020-11-25 02:00:00,pv,mlp,149.916702,0.0,149.916702
2020-11-25 02:00:00,pv,H24_DAILY_PERSISTENCE,0.0,0.0,0.0
2020-11-25 03:00:00,pv,random_forest,0.046717,0.0,0.046717
2020-11-25 03:00:00,pv,mlp,165.004791,0.0,165.004791
2020-11-25 03:00:00,pv,H24_DAILY_PERSISTENCE,0.0,0.0,0.0
2020-11-25 04:00:00,pv,random_forest,0.046717,0.0,0.046717
2020-11-25 04:00:00,pv,mlp,184.635773,0.0,184.635773
2020-11-25 04:00:00,pv,H24_DAILY_PERSISTENCE,0.0,0.0,0.0
2020-11-25 05:00:00,pv,random_forest,0.046717,0.0,0.046717
2020-11-25 05:00:00,pv,mlp,203.118256,0.0,203.118256
2020-11-25 05:00:00,pv,H24_DAILY_PERSISTENCE,0.0,0.0,0.0
2020-11-25 06:00:00,pv,random_forest,46.367225,29.266667,17.100558
2020-11-25 06:00:00,pv,mlp,237.276901,29.266667,208.010235
2020-11-25 06:00:00,pv,H24_DAILY_PERSISTENCE,33.533333,29.266667,4.266667
2020-11-25 07:00:00,pv,random_forest,529.304506,404.858333,124.446173
2020-11-25 07:00:00,pv,mlp,468.085846,404.858333,63.227513
2020-11-25 07:00:00,pv,H24_DAILY_PERSISTENCE,578.875,404.858333,174.016667
2020-11-25 08:00:00,pv,random_forest,814.838437,635.083333,179.755104
2020-11-25 08:00:00,pv,mlp,602.611694,635.083333,32.471639
2020-11-25 08:00:00,pv,H24_DAILY_PERSISTENCE,874.425,635.083333,239.341667
2020-11-25 09:00:00,pv,random_forest,1002.986149,716.733333,286.252815
2020-11-25 09:00:00,pv,mlp,638.254883,716.733333,78.478451
2020-11-25 09:00:00,pv,H24_DAILY_PERSISTENCE,980.091667,716.733333,263.358333
2020-11-25 10:00:00,pv,random_forest,1036.809193,836.45,200.359193
2020-11-25 10:00:00,pv,mlp,647.84021,836.45,188.60979
2020-11-25 10:00:00,pv,H24_DAILY_PERSISTENCE,1040.833333,836.45,204.383333
2020-11-25 11:00:00,pv,random_forest,1052.694385,844.3,208.394385
2020-11-25 11:00:00,pv,mlp,654.897095,844.3,189.402905
2020-11-25 11:00:00,pv,H24_DAILY_PERSISTENCE,1042.791667,844.3,198.491667
2020-11-25 12:00:00,pv,random_forest,1041.935624,807.116667,234.818957
2020-11-25 12:00:00,pv,mlp,651.384583,807.116667,155.732084
2020-11-25 12:00:00,pv,H24_DAILY_PERSISTENCE,1023.508333,807.116667,216.391667
2020-11-25 13:00:00,pv,random_forest,986.763023,760.308333,226.45469
2020-11-25 13:00:00,pv,mlp,634.562012,760.308333,125.746322
2020-11-25 13:00:00,pv,H24_DAILY_PERSISTENCE,966.433333,760.308333,206.125
2020-11-25 14:00:00,pv,random_forest,958.801547,654.75,304.051547
2020-11-25 14:00:00,pv,mlp,586.591187,654.75,68.158813
2020-11-25 14:00:00,pv,H24_DAILY_PERSISTENCE,801.383333,654.75,146.633333
2020-11-25 15:00:00,pv,random_forest,720.914871,313.408333,407.506538
2020-11-25 15:00:00,pv,mlp,483.511566,313.408333,170.103233
2020-11-25 15:00:00,pv,H24_DAILY_PERSISTENCE,479.6,313.408333,166.191667
2020-11-25 16:00:00,pv,random_forest,57.783456,9.3,48.483456
2020-11-25 16:00:00,pv,mlp,251.67627,9.3,242.37627
2020-11-25 16:00:00,pv,H24_DAILY_PERSISTENCE,19.583333,9.3,10.283333
2020-11-25 17:00:00,pv,random_forest,0.050873,0.0,0.050873
2020-11-25 17:00:00,pv,mlp,213.389618,0.0,213.389618
2020-11-25 17:00:00,pv,H24_DAILY_PERSISTENCE,0.0,0.0,0.0
2020-11-25 18:00:00,pv,random_forest,0.046717,0.0,0.046717
2020-11-25 18:00:00,pv,mlp,189.103058,0.0,189.103058
2020-11-25 18:00:00,pv,H24_DAILY_PERSISTENCE,0.0,0.0,0.0
2020-11-25 19:00:00,pv,random_forest,0.046717,0.0,0.046717
2020-11-25 19:00:00,pv,mlp,168.494553,0.0,168.494553
2020-11-25 19:00:00,pv,H24_DAILY_PERSISTENCE,0.0,0.0,0.0
2020-11-25 20:00:00,pv,random_forest,0.046717,0.0,0.046717
2020-11-25 20:00:00,pv,mlp,150.022797,0.0,150.022797
2020-11-25 20:00:00,pv,H24_DAILY_PERSISTENCE,0.0,0.0,0.0
2020-11-25 21:00:00,pv,random_forest,0.046717,0.0,0.046717
2020-11-25 21:00:00,pv,mlp,135.930222,0.0,135.930222
2020-11-25 21:00:00,pv,H24_DAILY_PERSISTENCE,0.0,0.0,0.0
2020-11-25 22:00:00,pv,random_forest,0.046717,0.0,0.046717
2020-11-25 22:00:00,pv,mlp,127.660355,0.0,127.660355
2020-11-25 22:00:00,pv,H24_DAILY_PERSISTENCE,0.0,0.0,0.0
2020-11-25 23:00:00,pv,random_forest,0.046717,0.0,0.046717
2020-11-25 23:00:00,pv,mlp,124.814232,0.0,124.814232
2020-11-25 23:00:00,pv,H24_DAILY_PERSISTENCE,0.0,0.0,0.0
2020-11-26 00:00:00,pv,random_forest,0.046717,0.0,0.046717
2020-11-26 00:00:00,pv,mlp,121.60994,0.0,121.60994
2020-11-26 00:00:00,pv,H24_DAILY_PERSISTENCE,0.0,0.0,0.0
2020-11-26 01:00:00,pv,random_forest,0.046717,0.0,0.046717
2020-11-26 01:00:00,pv,mlp,126.847977,0.0,126.847977
2020-11-26 01:00:00,pv,H24_DAILY_PERSISTENCE,0.0,0.0,0.0
2020-11-26 02:00:00,pv,random_forest,0.046717,0.0,0.046717
2020-11-26 02:00:00,pv,mlp,137.533432,0.0,137.533432
2020-11-26 02:00:00,pv,H24_DAILY_PERSISTENCE,0.0,0.0,0.0
2020-11-26 03:00:00,pv,random_forest,0.046717,0.0,0.046717
2020-11-26 03:00:00,pv,mlp,154.269073,0.0,154.269073
2020-11-26 03:00:00,pv,H24_DAILY_PERSISTENCE,0.0,0.0,0.0
2020-11-26 04:00:00,pv,random_forest,0.046717,0.0,0.046717
2020-11-26 04:00:00,pv,mlp,174.948517,0.0,174.948517
2020-11-26 04:00:00,pv,H24_DAILY_PERSISTENCE,0.0,0.0,0.0
2020-11-26 05:00:00,pv,random_forest,0.046717,0.0,0.046717
2020-11-26 05:00:00,pv,mlp,198.175385,0.0,198.175385
2020-11-26 05:00:00,pv,H24_DAILY_PERSISTENCE,0.0,0.0,0.0
2020-11-26 06:00:00,pv,random_forest,47.247309,11.366667,35.880642
2020-11-26 06:00:00,pv,mlp,235.350922,11.366667,223.984255
2020-11-26 06:00:00,pv,H24_DAILY_PERSISTENCE,29.266667,11.366667,17.9
2020-11-26 07:00:00,pv,random_forest,539.038663,469.275,69.763663
2020-11-26 07:00:00,pv,mlp,445.187561,469.275,24.087439
2020-11-26 07:00:00,pv,H24_DAILY_PERSISTENCE,404.858333,469.275,64.416667
2020-11-26 08:00:00,pv,random_forest,821.365493,771.458333,49.907159
2020-11-26 08:00:00,pv,mlp,571.182007,771.458333,200.276326
2020-11-26 08:00:00,pv,H24_DAILY_PERSISTENCE,635.083333,771.458333,136.375
2020-11-26 09:00:00,pv,random_forest,889.376647,903.775,14.398353
2020-11-26 09:00:00,pv,mlp,611.355652,903.775,292.419348
2020-11-26 09:00:00,pv,H24_DAILY_PERSISTENCE,716.733333,903.775,187.041667
2020-11-26 10:00:00,pv,random_forest,976.0058,1004.708333,28.702533
2020-11-26 10:00:00,pv,mlp,638.415405,1004.708333,366.292928
2020-11-26 10:00:00,pv,H24_DAILY_PERSISTENCE,836.45,1004.708333,168.258333
2020-11-26 11:00:00,pv,random_forest,1008.54586,996.366667,12.179193
2020-11-26 11:00:00,pv,mlp,635.395447,996.366667,360.97122
2020-11-26 11:00:00,pv,H24_DAILY_PERSISTENCE,844.3,996.366667,152.066667
2020-11-26 12:00:00,pv,random_forest,991.128666,1017.558333,26.429667
2020-11-26 12:00:00,pv,mlp,626.253418,1017.558333,391.304915
2020-11-26 12:00:00,pv,H24_DAILY_PERSISTENCE,807.116667,1017.558333,210.441667
2020-11-26 13:00:00,pv,random_forest,963.793202,818.575,145.218202
2020-11-26 13:00:00,pv,mlp,614.151001,818.575,204.423999
2020-11-26 13:00:00,pv,H24_DAILY_PERSISTENCE,760.308333,818.575,58.266667
2020-11-26 14:00:00,pv,random_forest,881.222176,634.075,247.147176
2020-11-26 14:00:00,pv,mlp,577.663879,634.075,56.411121
2020-11-26 14:00:00,pv,H24_DAILY_PERSISTENCE,654.75,634.075,20.675
2020-11-26 15:00:00,pv,random_forest,676.6714,403.808333,272.863067
2020-11-26 15:00:00,pv,mlp,460.585602,403.808333,56.777268
2020-11-26 15:00:00,pv,H24_DAILY_PERSISTENCE,313.408333,403.808333,90.4
2020-11-26 16:00:00,pv,random_forest,45.353894,13.775,31.578894
2020-11-26 16:00:00,pv,mlp,268.399292,13.775,254.624292
2020-11-26 16:00:00,pv,H24_DAILY_PERSISTENCE,9.3,13.775,4.475
2020-11-26 17:00:00,pv,random_forest,0.056221,0.0,0.056221
2020-11-26 17:00:00,pv,mlp,217.863617,0.0,217.863617
2020-11-26 17:00:00,pv,H24_DAILY_PERSISTENCE,0.0,0.0,0.0
2020-11-26 18:00:00,pv,random_forest,0.046717,0.0,0.046717
2020-11-26 18:00:00,pv,mlp,191.598099,0.0,191.598099
2020-11-26 18:00:00,pv,H24_DAILY_PERSISTENCE,0.0,0.0,0.0
2020-11-26 19:00:00,pv,random_forest,0.046717,0.0,0.046717
2020-11-26 19:00:00,pv,mlp,168.487228,0.0,168.487228
2020-11-26 19:00:00,pv,H24_DAILY_PERSISTENCE,0.0,0.0,0.0
2020-11-26 20:00:00,pv,random_forest,0.046717,0.0,0.046717
2020-11-26 20:00:00,pv,mlp,147.276443,0.0,147.276443
2020-11-26 20:00:00,pv,H24_DAILY_PERSISTENCE,0.0,0.0,0.0
2020-11-26 21:00:00,pv,random_forest,0.046717,0.0,0.046717
2020-11-26 21:00:00,pv,mlp,130.202545,0.0,130.202545
2020-11-26 21:00:00,pv,H24_DAILY_PERSISTENCE,0.0,0.0,0.0
2020-11-26 22:00:00,pv,random_forest,0.046717,0.0,0.046717
2020-11-26 22:00:00,pv,mlp,117.615334,0.0,117.615334
2020-11-26 22:00:00,pv,H24_DAILY_PERSISTENCE,0.0,0.0,0.0
2020-11-26 23:00:00,pv,random_forest,0.046717,0.0,0.046717
2020-11-26 23:00:00,pv,mlp,111.251785,0.0,111.251785
2020-11-26 23:00:00,pv,H24_DAILY_PERSISTENCE,0.0,0.0,0.0
2020-11-27 00:00:00,pv,random_forest,0.046717,0.0,0.046717
2020-11-27 00:00:00,pv,mlp,119.554642,0.0,119.554642
2020-11-27 00:00:00,pv,H24_DAILY_PERSISTENCE,0.0,0.0,0.0
2020-11-27 01:00:00,pv,random_forest,0.046717,0.0,0.046717
2020-11-27 01:00:00,pv,mlp,127.505516,0.0,127.505516
2020-11-27 01:00:00,pv,H24_DAILY_PERSISTENCE,0.0,0.0,0.0
2020-11-27 02:00:00,pv,random_forest,0.046717,0.0,0.046717
2020-11-27 02:00:00,pv,mlp,140.608002,0.0,140.608002
2020-11-27 02:00:00,pv,H24_DAILY_PERSISTENCE,0.0,0.0,0.0
2020-11-27 03:00:00,pv,random_forest,0.046717,0.0,0.046717
2020-11-27 03:00:00,pv,mlp,156.967392,0.0,156.967392
2020-11-27 03:00:00,pv,H24_DAILY_PERSISTENCE,0.0,0.0,0.0
2020-11-27 04:00:00,pv,random_forest,0.046717,0.0,0.046717
2020-11-27 04:00:00,pv,mlp,176.933594,0.0,176.933594
2020-11-27 04:00:00,pv,H24_DAILY_PERSISTENCE,0.0,0.0,0.0
2020-11-27 05:00:00,pv,random_forest,0.046717,0.0,0.046717
2020-11-27 05:00:00,pv,mlp,199.751434,0.0,199.751434
2020-11-27 05:00:00,pv,H24_DAILY_PERSISTENCE,0.0,0.0,0.0
2020-11-27 06:00:00,pv,random_forest,49.483704,10.9,38.583704
2020-11-27 06:00:00,pv,mlp,237.03862,10.9,226.13862
2020-11-27 06:00:00,pv,H24_DAILY_PERSISTENCE,11.366667,10.9,0.466667
2020-11-27 07:00:00,pv,random_forest,540.385561,490.016667,50.368894
2020-11-27 07:00:00,pv,mlp,417.129211,490.016667,72.887455
2020-11-27 07:00:00,pv,H24_DAILY_PERSISTENCE,469.275,490.016667,20.741667
2020-11-27 08:00:00,pv,random_forest,807.003014,841.633333,34.630319
2020-11-27 08:00:00,pv,mlp,557.274719,841.633333,284.358614
2020-11-27 08:00:00,pv,H24_DAILY_PERSISTENCE,771.458333,841.633333,70.175
2020-11-27 09:00:00,pv,random_forest,874.048967,985.858333,111.809366
2020-11-27 09:00:00,pv,mlp,604.679871,985.858333,381.178463
2020-11-27 09:00:00,pv,H24_DAILY_PERSISTENCE,903.775,985.858333,82.083333
2020-11-27 10:00:00,pv,random_forest,905.744091,1028.958333,123.214242
2020-11-27 10:00:00,pv,mlp,632.507996,1028.958333,396.450338
2020-11-27 10:00:00,pv,H24_DAILY_PERSISTENCE,1004.708333,1028.958333,24.25
2020-11-27 11:00:00,pv,random_forest,958.21372,1058.341667,100.127947
2020-11-27 11:00:00,pv,mlp,636.973083,1058.341667,421.368583
2020-11-27 11:00:00,pv,H24_DAILY_PERSISTENCE,996.366667,1058.341667,61.975
2020-11-27 12:00:00,pv,random_forest,950.956345,996.975,46.018655
2020-11-27 12:00:00,pv,mlp,631.921204,996.975,365.053796
2020-11-27 12:00:00,pv,H24_DAILY_PERSISTENCE,1017.558333,996.975,20.583333
2020-11-27 13:00:00,pv,random_forest,940.273677,983.858333,43.584657
2020-11-27 13:00:00,pv,mlp,599.672058,983.858333,384.186275
2020-11-27 13:00:00,pv,H24_DAILY_PERSISTENCE,818.575,983.858333,165.283333
2020-11-27 14:00:00,pv,random_forest,903.675695,914.875,11.199305
2020-11-27 14:00:00,pv,mlp,557.577759,914.875,357.297241
2020-11-27 14:00:00,pv,H24_DAILY_PERSISTENCE,634.075,914.875,280.8
2020-11-27 15:00:00,pv,random_forest,698.991496,621.766667,77.224829
2020-11-27 15:00:00,pv,mlp,452.880066,621.766667,168.886601
2020-11-27 15:00:00,pv,H24_DAILY_PERSISTENCE,403.808333,621.766667,217.958333
2020-11-27 16:00:00,pv,random_forest,42.991882,48.725,5.733118
2020-11-27 16:00:00,pv,mlp,267.634766,48.725,218.909766
2020-11-27 16:00:00,pv,H24_DAILY_PERSISTENCE,13.775,48.725,34.95
2020-11-27 17:00:00,pv,random_forest,0.056221,0.0,0.056221
2020-11-27 17:00:00,pv,mlp,228.967865,0.0,228.967865
2020-11-27 17:00:00,pv,H24_DAILY_PERSISTENCE,0.0,0.0,0.0
2020-11-27 18:00:00,pv,random_forest,0.046717,0.0,0.046717
2020-11-27 18:00:00,pv,mlp,203.478027,0.0,203.478027
2020-11-27 18:00:00,pv,H24_DAILY_PERSISTENCE,0.0,0.0,0.0
2020-11-27 19:00:00,pv,random_forest,0.046717,0.0,0.046717
2020-11-27 19:00:00,pv,mlp,179.577393,0.0,179.577393
2020-11-27 19:00:00,pv,H24_DAILY_PERSISTENCE,0.0,0.0,0.0
2020-11-27 20:00:00,pv,random_forest,0.046717,0.0,0.046717
2020-11-27 20:00:00,pv,mlp,157.589279,0.0,157.589279
2020-11-27 20:00:00,pv,H24_DAILY_PERSISTENCE,0.0,0.0,0.0
2020-11-27 21:00:00,pv,random_forest,0.046717,0.0,0.046717
2020-11-27 21:00:00,pv,mlp,140.272812,0.0,140.272812
2020-11-27 21:00:00,pv,H24_DAILY_PERSISTENCE,0.0,0.0,0.0
2020-11-27 22:00:00,pv,random_forest,0.046717,0.0,0.046717
2020-11-27 22:00:00,pv,mlp,127.06179,0.0,127.06179
2020-11-27 22:00:00,pv,H24_DAILY_PERSISTENCE,0.0,0.0,0.0
2020-11-27 23:00:00,pv,random_forest,0.046717,0.0,0.046717
2020-11-27 23:00:00,pv,mlp,120.892189,0.0,120.892189
2020-11-27 23:00:00,pv,H24_DAILY_PERSISTENCE,0.0,0.0,0.0
2020-11-28 00:00:00,pv,random_forest,0.046717,0.0,0.046717
2020-11-28 00:00:00,pv,mlp,131.68869,0.0,131.68869
2020-11-28 00:00:00,pv,H24_DAILY_PERSISTENCE,0.0,0.0,0.0
2020-11-28 01:00:00,pv,random_forest,0.046717,0.0,0.046717
2020-11-28 01:00:00,pv,mlp,137.956909,0.0,137.956909
2020-11-28 01:00:00,pv,H24_DAILY_PERSISTENCE,0.0,0.0,0.0
2020-11-28 02:00:00,pv,random_forest,0.046717,0.0,0.046717
2020-11-28 02:00:00,pv,mlp,149.11763,0.0,149.11763
2020-11-28 02:00:00,pv,H24_DAILY_PERSISTENCE,0.0,0.0,0.0
2020-11-28 03:00:00,pv,random_forest,0.046717,0.0,0.046717
2020-11-28 03:00:00,pv,mlp,163.707977,0.0,163.707977
2020-11-28 03:00:00,pv,H24_DAILY_PERSISTENCE,0.0,0.0,0.0
2020-11-28 04:00:00,pv,random_forest,0.046717,0.0,0.046717
2020-11-28 04:00:00,pv,mlp,183.138458,0.0,183.138458
2020-11-28 04:00:00,pv,H24_DAILY_PERSISTENCE,0.0,0.0,0.0
2020-11-28 05:00:00,pv,random_forest,0.046717,0.0,0.046717
2020-11-28 05:00:00,pv,mlp,205.728271,0.0,205.728271
2020-11-28 05:00:00,pv,H24_DAILY_PERSISTENCE,0.0,0.0,0.0
2020-11-28 06:00:00,pv,random_forest,46.467192,25.808333,20.658858
2020-11-28 06:00:00,pv,mlp,238.800293,25.808333,212.99196
2020-11-28 06:00:00,pv,H24_DAILY_PERSISTENCE,10.9,25.808333,14.908333
2020-11-28 07:00:00,pv,random_forest,548.430669,526.675,21.755669
2020-11-28 07:00:00,pv,mlp,427.439941,526.675,99.235059
2020-11-28 07:00:00,pv,H24_DAILY_PERSISTENCE,490.016667,526.675,36.658333
2020-11-28 08:00:00,pv,random_forest,810.366458,871.108333,60.741875
2020-11-28 08:00:00,pv,mlp,577.575317,871.108333,293.533016
2020-11-28 08:00:00,pv,H24_DAILY_PERSISTENCE,841.633333,871.108333,29.475
2020-11-28 09:00:00,pv,random_forest,951.853488,1014.166667,62.313178
2020-11-28 09:00:00,pv,mlp,627.451965,1014.166667,386.714701
2020-11-28 09:00:00,pv,H24_DAILY_PERSISTENCE,985.858333,1014.166667,28.308333
2020-11-28 10:00:00,pv,random_forest,973.178253,1054.675,81.496747
2020-11-28 10:00:00,pv,mlp,645.060364,1054.675,409.614636
2020-11-28 10:00:00,pv,H24_DAILY_PERSISTENCE,1028.958333,1054.675,25.716667
2020-11-28 11:00:00,pv,random_forest,984.575551,1078.658333,94.082782
2020-11-28 11:00:00,pv,mlp,649.667358,1078.658333,428.990975
2020-11-28 11:00:00,pv,H24_DAILY_PERSISTENCE,1058.341667,1078.658333,20.316667
2020-11-28 12:00:00,pv,random_forest,1022.920841,1089.2,66.279159
2020-11-28 12:00:00,pv,mlp,639.791077,1089.2,449.408923
2020-11-28 12:00:00,pv,H24_DAILY_PERSISTENCE,996.975,1089.2,92.225
2020-11-28 13:00:00,pv,random_forest,954.005491,1063.266667,109.261176
2020-11-28 13:00:00,pv,mlp,613.947876,1063.266667,449.318791
2020-11-28 13:00:00,pv,H24_DAILY_PERSISTENCE,983.858333,1063.266667,79.408333
2020-11-28 14:00:00,pv,random_forest,952.655147,964.316667,11.661519
2020-11-28 14:00:00,pv,mlp,570.643066,964.316667,393.6736
2020-11-28 14:00:00,pv,H24_DAILY_PERSISTENCE,914.875,964.316667,49.441667
2020-11-28 15:00:00,pv,random_forest,733.071266,676.55,56.521266
2020-11-28 15:00:00,pv,mlp,468.870056,676.55,207.679944
2020-11-28 15:00:00,pv,H24_DAILY_PERSISTENCE,621.766667,676.55,54.783333
2020-11-28 16:00:00,pv,random_forest,63.815723,52.85,10.965723
2020-11-28 16:00:00,pv,mlp,250.710403,52.85,197.860403
2020-11-28 16:00:00,pv,H24_DAILY_PERSISTENCE,48.725,52.85,4.125
2020-11-28 17:00:00,pv,random_forest,0.050873,0.0,0.050873
2020-11-28 17:00:00,pv,mlp,229.797562,0.0,229.797562
2020-11-28 17:00:00,pv,H24_DAILY_PERSISTENCE,0.0,0.0,0.0
2020-11-28 18:00:00,pv,random_forest,0.046717,0.0,0.046717
2020-11-28 18:00:00,pv,mlp,207.050262,0.0,207.050262
2020-11-28 18:00:00,pv,H24_DAILY_PERSISTENCE,0.0,0.0,0.0
2020-11-28 19:00:00,pv,random_forest,0.046717,0.0,0.046717
2020-11-28 19:00:00,pv,mlp,186.467209,0.0,186.467209
2020-11-28 19:00:00,pv,H24_DAILY_PERSISTENCE,0.0,0.0,0.0
2020-11-28 20:00:00,pv,random_forest,0.046717,0.0,0.046717
2020-11-28 20:00:00,pv,mlp,167.474655,0.0,167.474655
2020-11-28 20:00:00,pv,H24_DAILY_PERSISTENCE,0.0,0.0,0.0
2020-11-28 21:00:00,pv,random_forest,0.046717,0.0,0.046717
2020-11-28 21:00:00,pv,mlp,151.18222,0.0,151.18222
2020-11-28 21:00:00,pv,H24_DAILY_PERSISTENCE,0.0,0.0,0.0
2020-11-28 22:00:00,pv,random_forest,0.046717,0.0,0.046717
2020-11-28 22:00:00,pv,mlp,139.563797,0.0,139.563797
2020-11-28 22:00:00,pv,H24_DAILY_PERSISTENCE,0.0,0.0,0.0
2020-11-28 23:00:00,pv,random_forest,0.046717,0.0,0.046717
2020-11-28 23:00:00,pv,mlp,133.015228,0.0,133.015228
2020-11-28 23:00:00,pv,H24_DAILY_PERSISTENCE,0.0,0.0,0.0
2020-11-29 00:00:00,pv,random_forest,0.046717,0.0,0.046717
2020-11-29 00:00:00,pv,mlp,126.612198,0.0,126.612198
2020-11-29 00:00:00,pv,H24_DAILY_PERSISTENCE,0.0,0.0,0.0
2020-11-29 01:00:00,pv,random_forest,0.046717,0.0,0.046717
2020-11-29 01:00:00,pv,mlp,134.364197,0.0,134.364197
2020-11-29 01:00:00,pv,H24_DAILY_PERSISTENCE,0.0,0.0,0.0
2020-11-29 02:00:00,pv,random_forest,0.046717,0.0,0.046717
2020-11-29 02:00:00,pv,mlp,147.133179,0.0,147.133179
2020-11-29 02:00:00,pv,H24_DAILY_PERSISTENCE,0.0,0.0,0.0
2020-11-29 03:00:00,pv,random_forest,0.046717,0.0,0.046717
2020-11-29 03:00:00,pv,mlp,163.631241,0.0,163.631241
2020-11-29 03:00:00,pv,H24_DAILY_PERSISTENCE,0.0,0.0,0.0
2020-11-29 04:00:00,pv,random_forest,0.046717,0.0,0.046717
2020-11-29 04:00:00,pv,mlp,181.200821,0.0,181.200821
2020-11-29 04:00:00,pv,H24_DAILY_PERSISTENCE,0.0,0.0,0.0
2020-11-29 05:00:00,pv,random_forest,0.046717,0.0,0.046717
2020-11-29 05:00:00,pv,mlp,199.412811,0.0,199.412811
2020-11-29 05:00:00,pv,H24_DAILY_PERSISTENCE,0.0,0.0,0.0
2020-11-29 06:00:00,pv,random_forest,41.016418,20.591667,20.424752
2020-11-29 06:00:00,pv,mlp,228.579056,20.591667,207.987389
2020-11-29 06:00:00,pv,H24_DAILY_PERSISTENCE,25.808333,20.591667,5.216667
2020-11-29 07:00:00,pv,random_forest,538.236608,586.858333,48.621726
2020-11-29 07:00:00,pv,mlp,435.995911,586.858333,150.862423
2020-11-29 07:00:00,pv,H24_DAILY_PERSISTENCE,526.675,586.858333,60.183333
2020-11-29 08:00:00,pv,random_forest,809.973819,948.85,138.876181
2020-11-29 08:00:00,pv,mlp,585.707153,948.85,363.142847
2020-11-29 08:00:00,pv,H24_DAILY_PERSISTENCE,871.108333,948.85,77.741667
2020-11-29 09:00:00,pv,random_forest,974.363364,1075.308333,100.944969
2020-11-29 09:00:00,pv,mlp,635.280945,1075.308333,440.027389
2020-11-29 09:00:00,pv,H24_DAILY_PERSISTENCE,1014.166667,1075.308333,61.141667
2020-11-29 10:00:00,pv,random_forest,1017.002457,1115.666667,98.664209
2020-11-29 10:00:00,pv,mlp,647.432434,1115.666667,468.234233
2020-11-29 10:00:00,pv,H24_DAILY_PERSISTENCE,1054.675,1115.666667,60.991667
2020-11-29 11:00:00,pv,random_forest,1041.727579,1128.441667,86.714087
2020-11-29 11:00:00,pv,mlp,652.981079,1128.441667,475.460588
2020-11-29 11:00:00,pv,H24_DAILY_PERSISTENCE,1078.658333,1128.441667,49.783333
2020-11-29 12:00:00,pv,random_forest,983.649604,1112.55,128.900396
2020-11-29 12:00:00,pv,mlp,641.630493,1112.55,470.919507
2020-11-29 12:00:00,pv,H24_DAILY_PERSISTENCE,1089.2,1112.55,23.35
2020-11-29 13:00:00,pv,random_forest,984.448439,1074.666667,90.218228
2020-11-29 13:00:00,pv,mlp,628.213623,1074.666667,446.453044
2020-11-29 13:00:00,pv,H24_DAILY_PERSISTENCE,1063.266667,1074.666667,11.4
2020-11-29 14:00:00,pv,random_forest,966.152186,970.916667,4.764481
2020-11-29 14:00:00,pv,mlp,596.302307,970.916667,374.61436
2020-11-29 14:00:00,pv,H24_DAILY_PERSISTENCE,964.316667,970.916667,6.6
2020-11-29 15:00:00,pv,random_forest,741.97495,670.058333,71.916616
2020-11-29 15:00:00,pv,mlp,494.280273,670.058333,175.77806
2020-11-29 15:00:00,pv,H24_DAILY_PERSISTENCE,676.55,670.058333,6.491667
2020-11-29 16:00:00,pv,random_forest,93.717752,45.325,48.392752
2020-11-29 16:00:00,pv,mlp,240.16391,45.325,194.83891
2020-11-29 16:00:00,pv,H24_DAILY_PERSISTENCE,52.85,45.325,7.525
2020-11-29 17:00:00,pv,random_forest,0.050873,0.0,0.050873
2020-11-29 17:00:00,pv,mlp,220.108963,0.0,220.108963
2020-11-29 17:00:00,pv,H24_DAILY_PERSISTENCE,0.0,0.0,0.0
2020-11-29 18:00:00,pv,random_forest,0.046717,0.0,0.046717
2020-11-29 18:00:00,pv,mlp,195.147064,0.0,195.147064
2020-11-29 18:00:00,pv,H24_DAILY_PERSISTENCE,0.0,0.0,0.0
2020-11-29 19:00:00,pv,random_forest,0.046717,0.0,0.046717
2020-11-29 19:00:00,pv,mlp,174.165192,0.0,174.165192
2020-11-29 19:00:00,pv,H24_DAILY_PERSISTENCE,0.0,0.0,0.0
2020-11-29 20:00:00,pv,random_forest,0.046717,0.0,0.046717
2020-11-29 20:00:00,pv,mlp,157.817764,0.0,157.817764
2020-11-29 20:00:00,pv,H24_DAILY_PERSISTENCE,0.0,0.0,0.0
2020-11-29 21:00:00,pv,random_forest,0.046717,0.0,0.046717
2020-11-29 21:00:00,pv,mlp,144.044144,0.0,144.044144
2020-11-29 21:00:00,pv,H24_DAILY_PERSISTENCE,0.0,0.0,0.0
2020-11-29 22:00:00,pv,random_forest,0.046717,0.0,0.046717
2020-11-29 22:00:00,pv,mlp,133.378738,0.0,133.378738
2020-11-29 22:00:00,pv,H24_DAILY_PERSISTENCE,0.0,0.0,0.0
2020-11-29 23:00:00,pv,random_forest,0.046717,0.0,0.046717
2020-11-29 23:00:00,pv,mlp,127.798729,0.0,127.798729
2020-11-29 23:00:00,pv,H24_DAILY_PERSISTENCE,0.0,0.0,0.0
2020-11-30 00:00:00,pv,random_forest,0.046717,0.0,0.046717
2020-11-30 00:00:00,pv,mlp,117.367455,0.0,117.367455
2020-11-30 00:00:00,pv,H24_DAILY_PERSISTENCE,0.0,0.0,0.0
2020-11-30 01:00:00,pv,random_forest,0.046717,0.0,0.046717
2020-11-30 01:00:00,pv,mlp,126.288231,0.0,126.288231
2020-11-30 01:00:00,pv,H24_DAILY_PERSISTENCE,0.0,0.0,0.0
2020-11-30 02:00:00,pv,random_forest,0.046717,0.0,0.046717
2020-11-30 02:00:00,pv,mlp,138.156433,0.0,138.156433
2020-11-30 02:00:00,pv,H24_DAILY_PERSISTENCE,0.0,0.0,0.0
2020-11-30 03:00:00,pv,random_forest,0.046717,0.0,0.046717
2020-11-30 03:00:00,pv,mlp,153.523407,0.0,153.523407
2020-11-30 03:00:00,pv,H24_DAILY_PERSISTENCE,0.0,0.0,0.0
2020-11-30 04:00:00,pv,random_forest,0.046717,0.0,0.046717
2020-11-30 04:00:00,pv,mlp,171.625397,0.0,171.625397
2020-11-30 04:00:00,pv,H24_DAILY_PERSISTENCE,0.0,0.0,0.0
2020-11-30 05:00:00,pv,random_forest,0.046717,0.0,0.046717
2020-11-30 05:00:00,pv,mlp,189.456024,0.0,189.456024
2020-11-30 05:00:00,pv,H24_DAILY_PERSISTENCE,0.0,0.0,0.0
2020-11-30 06:00:00,pv,random_forest,42.518755,17.25,25.268755
2020-11-30 06:00:00,pv,mlp,217.962448,17.25,200.712448
2020-11-30 06:00:00,pv,H24_DAILY_PERSISTENCE,20.591667,17.25,3.341667
2020-11-30 07:00:00,pv,random_forest,534.301546,507.208333,27.093213
2020-11-30 07:00:00,pv,mlp,453.14267,507.208333,54.065664
2020-11-30 07:00:00,pv,H24_DAILY_PERSISTENCE,586.858333,507.208333,79.65
2020-11-30 08:00:00,pv,random_forest,819.59499,875.6,56.00501
2020-11-30 08:00:00,pv,mlp,600.154175,875.6,275.445825
2020-11-30 08:00:00,pv,H24_DAILY_PERSISTENCE,948.85,875.6,73.25
2020-11-30 09:00:00,pv,random_forest,988.004799,914.391667,73.613133
2020-11-30 09:00:00,pv,mlp,641.839233,914.391667,272.552433
2020-11-30 09:00:00,pv,H24_DAILY_PERSISTENCE,1075.308333,914.391667,160.916667
2020-11-30 10:00:00,pv,random_forest,1028.550751,907.958333,120.592417
2020-11-30 10:00:00,pv,mlp,652.210144,907.958333,255.748189
2020-11-30 10:00:00,pv,H24_DAILY_PERSISTENCE,1115.666667,907.958333,207.708333
2020-11-30 11:00:00,pv,random_forest,1064.900393,894.708333,170.19206
2020-11-30 11:00:00,pv,mlp,654.935059,894.708333,239.773275
2020-11-30 11:00:00,pv,H24_DAILY_PERSISTENCE,1128.441667,894.708333,233.733333
2020-11-30 12:00:00,pv,random_forest,1076.485777,942.275,134.210777
2020-11-30 12:00:00,pv,mlp,650.462952,942.275,291.812048
2020-11-30 12:00:00,pv,H24_DAILY_PERSISTENCE,1112.55,942.275,170.275
2020-11-30 13:00:00,pv,random_forest,1042.023635,962.916667,79.106969
2020-11-30 13:00:00,pv,mlp,633.482788,962.916667,329.433879
2020-11-30 13:00:00,pv,H24_DAILY_PERSISTENCE,1074.666667,962.916667,111.75
2020-11-30 14:00:00,pv,random_forest,978.874262,833.291667,145.582596
2020-11-30 14:00:00,pv,mlp,598.736633,833.291667,234.555033
2020-11-30 14:00:00,pv,H24_DAILY_PERSISTENCE,970.916667,833.291667,137.625
2020-11-30 15:00:00,pv,random_forest,752.498179,452.65,299.848179
2020-11-30 15:00:00,pv,mlp,488.413239,452.65,35.763239
2020-11-30 15:00:00,pv,H24_DAILY_PERSISTENCE,670.058333,452.65,217.408333
2020-11-30 16:00:00,pv,random_forest,87.818679,20.033333,67.785346
2020-11-30 16:00:00,pv,mlp,225.171478,20.033333,205.138145
2020-11-30 16:00:00,pv,H24_DAILY_PERSISTENCE,45.325,20.033333,25.291667
2020-11-30 17:00:00,pv,random_forest,0.050873,0.0,0.050873
2020-11-30 17:00:00,pv,mlp,195.61203,0.0,195.61203
2020-11-30 17:00:00,pv,H24_DAILY_PERSISTENCE,0.0,0.0,0.0
2020-11-30 18:00:00,pv,random_forest,0.046717,0.0,0.046717
2020-11-30 18:00:00,pv,mlp,177.994003,0.0,177.994003
2020-11-30 18:00:00,pv,H24_DAILY_PERSISTENCE,0.0,0.0,0.0
2020-11-30 19:00:00,pv,random_forest,0.046717,0.0,0.046717
2020-11-30 19:00:00,pv,mlp,159.990158,0.0,159.990158
2020-11-30 19:00:00,pv,H24_DAILY_PERSISTENCE,0.0,0.0,0.0
2020-11-30 20:00:00,pv,random_forest,0.046717,0.0,0.046717
2020-11-30 20:00:00,pv,mlp,144.707306,0.0,144.707306
2020-11-30 20:00:00,pv,H24_DAILY_PERSISTENCE,0.0,0.0,0.0
2020-11-30 21:00:00,pv,random_forest,0.046717,0.0,0.046717
2020-11-30 21:00:00,pv,mlp,131.228287,0.0,131.228287
2020-11-30 21:00:00,pv,H24_DAILY_PERSISTENCE,0.0,0.0,0.0
2020-11-30 22:00:00,pv,random_forest,0.046717,0.0,0.046717
2020-11-30 22:00:00,pv,mlp,120.746849,0.0,120.746849
2020-11-30 22:00:00,pv,H24_DAILY_PERSISTENCE,0.0,0.0,0.0
2020-11-30 23:00:00,pv,random_forest,0.046717,0.0,0.046717
2020-11-30 23:00:00,pv,mlp,116.229568,0.0,116.229568
2020-11-30 23:00:00,pv,H24_DAILY_PERSISTENCE,0.0,0.0,0.0
2020-12-01 00:00:00,pv,random_forest,0.059823,0.0,0.059823
2020-12-01 00:00:00,pv,mlp,127.253799,0.0,127.253799
2020-12-01 00:00:00,pv,H24_DAILY_PERSISTENCE,0.0,0.0,0.0
2020-12-01 01:00:00,pv,random_forest,0.059823,0.0,0.059823
2020-12-01 01:00:00,pv,mlp,136.699066,0.0,136.699066
2020-12-01 01:00:00,pv,H24_DAILY_PERSISTENCE,0.0,0.0,0.0
2020-12-01 02:00:00,pv,random_forest,0.059823,0.0,0.059823
2020-12-01 02:00:00,pv,mlp,148.979523,0.0,148.979523
2020-12-01 02:00:00,pv,H24_DAILY_PERSISTENCE,0.0,0.0,0.0
2020-12-01 03:00:00,pv,random_forest,0.059823,0.0,0.059823
2020-12-01 03:00:00,pv,mlp,163.837128,0.0,163.837128
2020-12-01 03:00:00,pv,H24_DAILY_PERSISTENCE,0.0,0.0,0.0
2020-12-01 04:00:00,pv,random_forest,0.059823,0.0,0.059823
2020-12-01 04:00:00,pv,mlp,179.456635,0.0,179.456635
2020-12-01 04:00:00,pv,H24_DAILY_PERSISTENCE,0.0,0.0,0.0
2020-12-01 05:00:00,pv,random_forest,0.059823,0.0,0.059823
2020-12-01 05:00:00,pv,mlp,197.146805,0.0,197.146805
2020-12-01 05:00:00,pv,H24_DAILY_PERSISTENCE,0.0,0.0,0.0
2020-12-01 06:00:00,pv,random_forest,30.269483,13.616667,16.652817
2020-12-01 06:00:00,pv,mlp,223.385208,13.616667,209.768541
2020-12-01 06:00:00,pv,H24_DAILY_PERSISTENCE,17.25,13.616667,3.633333
2020-12-01 07:00:00,pv,random_forest,533.902017,525.575,8.327017
2020-12-01 07:00:00,pv,mlp,467.25,525.575,58.325
2020-12-01 07:00:00,pv,H24_DAILY_PERSISTENCE,507.208333,525.575,18.366667
2020-12-01 08:00:00,pv,random_forest,835.998815,900.65,64.651185
2020-12-01 08:00:00,pv,mlp,600.521973,900.65,300.128027
2020-12-01 08:00:00,pv,H24_DAILY_PERSISTENCE,875.6,900.65,25.05
2020-12-01 09:00:00,pv,random_forest,1021.055657,1075.016667,53.961009
2020-12-01 09:00:00,pv,mlp,627.862366,1075.016667,447.154301
2020-12-01 09:00:00,pv,H24_DAILY_PERSISTENCE,914.391667,1075.016667,160.625
2020-12-01 10:00:00,pv,random_forest,1017.4798,1059.075,41.5952
2020-12-01 10:00:00,pv,mlp,633.249329,1059.075,425.825671
2020-12-01 10:00:00,pv,H24_DAILY_PERSISTENCE,907.958333,1059.075,151.116667
2020-12-01 11:00:00,pv,random_forest,1019.304344,1129.391667,110.087322
2020-12-01 11:00:00,pv,mlp,633.274902,1129.391667,496.116764
2020-12-01 11:00:00,pv,H24_DAILY_PERSISTENCE,894.708333,1129.391667,234.683333
2020-12-01 12:00:00,pv,random_forest,1024.268093,1091.825,67.556907
2020-12-01 12:00:00,pv,mlp,636.647888,1091.825,455.177112
2020-12-01 12:00:00,pv,H24_DAILY_PERSISTENCE,942.275,1091.825,149.55
2020-12-01 13:00:00,pv,random_forest,1023.852697,1049.266667,25.41397
2020-12-01 13:00:00,pv,mlp,627.639343,1049.266667,421.627323
2020-12-01 13:00:00,pv,H24_DAILY_PERSISTENCE,962.916667,1049.266667,86.35
2020-12-01 14:00:00,pv,random_forest,968.545737,919.375,49.170737
2020-12-01 14:00:00,pv,mlp,586.131104,919.375,333.243896
2020-12-01 14:00:00,pv,H24_DAILY_PERSISTENCE,833.291667,919.375,86.083333
2020-12-01 15:00:00,pv,random_forest,660.613843,633.458333,27.155509
2020-12-01 15:00:00,pv,mlp,460.924377,633.458333,172.533956
2020-12-01 15:00:00,pv,H24_DAILY_PERSISTENCE,452.65,633.458333,180.808333
2020-12-01 16:00:00,pv,random_forest,44.952693,40.616667,4.336027
2020-12-01 16:00:00,pv,mlp,224.47644,40.616667,183.859774
2020-12-01 16:00:00,pv,H24_DAILY_PERSISTENCE,20.033333,40.616667,20.583333
2020-12-01 17:00:00,pv,random_forest,0.037713,0.0,0.037713
2020-12-01 17:00:00,pv,mlp,195.35405,0.0,195.35405
2020-12-01 17:00:00,pv,H24_DAILY_PERSISTENCE,0.0,0.0,0.0
2020-12-01 18:00:00,pv,random_forest,0.059823,0.0,0.059823
2020-12-01 18:00:00,pv,mlp,173.323273,0.0,173.323273
2020-12-01 18:00:00,pv,H24_DAILY_PERSISTENCE,0.0,0.0,0.0
2020-12-01 19:00:00,pv,random_forest,0.059823,0.0,0.059823
2020-12-01 19:00:00,pv,mlp,151.981155,0.0,151.981155
2020-12-01 19:00:00,pv,H24_DAILY_PERSISTENCE,0.0,0.0,0.0
2020-12-01 20:00:00,pv,random_forest,0.059823,0.0,0.059823
2020-12-01 20:00:00,pv,mlp,135.029373,0.0,135.029373
2020-12-01 20:00:00,pv,H24_DAILY_PERSISTENCE,0.0,0.0,0.0
2020-12-01 21:00:00,pv,random_forest,0.059823,0.0,0.059823
2020-12-01 21:00:00,pv,mlp,123.142113,0.0,123.142113
2020-12-01 21:00:00,pv,H24_DAILY_PERSISTENCE,0.0,0.0,0.0
2020-12-01 22:00:00,pv,random_forest,0.059823,0.0,0.059823
2020-12-01 22:00:00,pv,mlp,117.257126,0.0,117.257126
2020-12-01 22:00:00,pv,H24_DAILY_PERSISTENCE,0.0,0.0,0.0
2020-12-01 23:00:00,pv,random_forest,0.059823,0.0,0.059823
2020-12-01 23:00:00,pv,mlp,117.304543,0.0,117.304543
2020-12-01 23:00:00,pv,H24_DAILY_PERSISTENCE,0.0,0.0,0.0
2020-12-02 00:00:00,pv,random_forest,0.059823,0.0,0.059823
2020-12-02 00:00:00,pv,mlp,117.271217,0.0,117.271217
2020-12-02 00:00:00,pv,H24_DAILY_PERSISTENCE,0.0,0.0,0.0
2020-12-02 01:00:00,pv,random_forest,0.059823,0.0,0.059823
2020-12-02 01:00:00,pv,mlp,125.779457,0.0,125.779457
2020-12-02 01:00:00,pv,H24_DAILY_PERSISTENCE,0.0,0.0,0.0
2020-12-02 02:00:00,pv,random_forest,0.059823,0.0,0.059823
2020-12-02 02:00:00,pv,mlp,138.621521,0.0,138.621521
2020-12-02 02:00:00,pv,H24_DAILY_PERSISTENCE,0.0,0.0,0.0
2020-12-02 03:00:00,pv,random_forest,0.059823,0.0,0.059823
2020-12-02 03:00:00,pv,mlp,155.260651,0.0,155.260651
2020-12-02 03:00:00,pv,H24_DAILY_PERSISTENCE,0.0,0.0,0.0
2020-12-02 04:00:00,pv,random_forest,0.059823,0.0,0.059823
2020-12-02 04:00:00,pv,mlp,172.933746,0.0,172.933746
2020-12-02 04:00:00,pv,H24_DAILY_PERSISTENCE,0.0,0.0,0.0
2020-12-02 05:00:00,pv,random_forest,0.059823,0.0,0.059823
2020-12-02 05:00:00,pv,mlp,193.688705,0.0,193.688705
2020-12-02 05:00:00,pv,H24_DAILY_PERSISTENCE,0.0,0.0,0.0
2020-12-02 06:00:00,pv,random_forest,27.100351,16.091667,11.008684
2020-12-02 06:00:00,pv,mlp,222.571289,16.091667,206.479622
2020-12-02 06:00:00,pv,H24_DAILY_PERSISTENCE,13.616667,16.091667,2.475
2020-12-02 07:00:00,pv,random_forest,513.935537,580.508333,66.572797
2020-12-02 07:00:00,pv,mlp,436.18158,580.508333,144.326754
2020-12-02 07:00:00,pv,H24_DAILY_PERSISTENCE,525.575,580.508333,54.933333
2020-12-02 08:00:00,pv,random_forest,831.344418,1012.775,181.430582
2020-12-02 08:00:00,pv,mlp,585.640503,1012.775,427.134497
2020-12-02 08:00:00,pv,H24_DAILY_PERSISTENCE,900.65,1012.775,112.125
2020-12-02 09:00:00,pv,random_forest,954.461712,1145.416667,190.954954
2020-12-02 09:00:00,pv,mlp,627.707214,1145.416667,517.709452
2020-12-02 09:00:00,pv,H24_DAILY_PERSISTENCE,1075.016667,1145.416667,70.4
2020-12-02 10:00:00,pv,random_forest,974.906744,1167.975,193.068256
2020-12-02 10:00:00,pv,mlp,629.134155,1167.975,538.840845
2020-12-02 10:00:00,pv,H24_DAILY_PERSISTENCE,1059.075,1167.975,108.9
2020-12-02 11:00:00,pv,random_forest,977.410776,1200.025,222.614224
2020-12-02 11:00:00,pv,mlp,638.262451,1200.025,561.762549
2020-12-02 11:00:00,pv,H24_DAILY_PERSISTENCE,1129.391667,1200.025,70.633333
2020-12-02 12:00:00,pv,random_forest,993.100323,1196.808333,203.708011
2020-12-02 12:00:00,pv,mlp,631.457397,1196.808333,565.350936
2020-12-02 12:00:00,pv,H24_DAILY_PERSISTENCE,1091.825,1196.808333,104.983333
2020-12-02 13:00:00,pv,random_forest,973.793474,1149.375,175.581526
2020-12-02 13:00:00,pv,mlp,618.897766,1149.375,530.477234
2020-12-02 13:00:00,pv,H24_DAILY_PERSISTENCE,1049.266667,1149.375,100.108333
2020-12-02 14:00:00,pv,random_forest,840.879061,1006.625,165.745939
2020-12-02 14:00:00,pv,mlp,565.647034,1006.625,440.977966
2020-12-02 14:00:00,pv,H24_DAILY_PERSISTENCE,919.375,1006.625,87.25
2020-12-02 15:00:00,pv,random_forest,489.743932,684.633333,194.889401
2020-12-02 15:00:00,pv,mlp,432.41449,684.633333,252.218844
2020-12-02 15:00:00,pv,H24_DAILY_PERSISTENCE,633.458333,684.633333,51.175
2020-12-02 16:00:00,pv,random_forest,52.46639,43.1,9.36639
2020-12-02 16:00:00,pv,mlp,229.210114,43.1,186.110114
2020-12-02 16:00:00,pv,H24_DAILY_PERSISTENCE,40.616667,43.1,2.483333
2020-12-02 17:00:00,pv,random_forest,0.13934,0.0,0.13934
2020-12-02 17:00:00,pv,mlp,205.242996,0.0,205.242996
2020-12-02 17:00:00,pv,H24_DAILY_PERSISTENCE,0.0,0.0,0.0
2020-12-02 18:00:00,pv,random_forest,0.059823,0.0,0.059823
2020-12-02 18:00:00,pv,mlp,182.517212,0.0,182.517212
2020-12-02 18:00:00,pv,H24_DAILY_PERSISTENCE,0.0,0.0,0.0
2020-12-02 19:00:00,pv,random_forest,0.059823,0.0,0.059823
2020-12-02 19:00:00,pv,mlp,162.341949,0.0,162.341949
2020-12-02 19:00:00,pv,H24_DAILY_PERSISTENCE,0.0,0.0,0.0
2020-12-02 20:00:00,pv,random_forest,0.059823,0.0,0.059823
2020-12-02 20:00:00,pv,mlp,146.250275,0.0,146.250275
2020-12-02 20:00:00,pv,H24_DAILY_PERSISTENCE,0.0,0.0,0.0
2020-12-02 21:00:00,pv,random_forest,0.059823,0.0,0.059823
2020-12-02 21:00:00,pv,mlp,133.774048,0.0,133.774048
2020-12-02 21:00:00,pv,H24_DAILY_PERSISTENCE,0.0,0.0,0.0
2020-12-02 22:00:00,pv,random_forest,0.059823,0.0,0.059823
2020-12-02 22:00:00,pv,mlp,125.900414,0.0,125.900414
2020-12-02 22:00:00,pv,H24_DAILY_PERSISTENCE,0.0,0.0,0.0
2020-12-02 23:00:00,pv,random_forest,0.059823,0.0,0.059823
2020-12-02 23:00:00,pv,mlp,121.958847,0.0,121.958847
2020-12-02 23:00:00,pv,H24_DAILY_PERSISTENCE,0.0,0.0,0.0
2020-12-03 00:00:00,pv,random_forest,0.059823,0.0,0.059823
2020-12-03 00:00:00,pv,mlp,121.544556,0.0,121.544556
2020-12-03 00:00:00,pv,H24_DAILY_PERSISTENCE,0.0,0.0,0.0
2020-12-03 01:00:00,pv,random_forest,0.059823,0.0,0.059823
2020-12-03 01:00:00,pv,mlp,126.930664,0.0,126.930664
2020-12-03 01:00:00,pv,H24_DAILY_PERSISTENCE,0.0,0.0,0.0
2020-12-03 02:00:00,pv,random_forest,0.059823,0.0,0.059823
2020-12-03 02:00:00,pv,mlp,138.7677,0.0,138.7677
2020-12-03 02:00:00,pv,H24_DAILY_PERSISTENCE,0.0,0.0,0.0
2020-12-03 03:00:00,pv,random_forest,0.059823,0.0,0.059823
2020-12-03 03:00:00,pv,mlp,155.134064,0.0,155.134064
2020-12-03 03:00:00,pv,H24_DAILY_PERSISTENCE,0.0,0.0,0.0
2020-12-03 04:00:00,pv,random_forest,0.059823,0.0,0.059823
2020-12-03 04:00:00,pv,mlp,174.698563,0.0,174.698563
2020-12-03 04:00:00,pv,H24_DAILY_PERSISTENCE,0.0,0.0,0.0
2020-12-03 05:00:00,pv,random_forest,0.059823,0.0,0.059823
2020-12-03 05:00:00,pv,mlp,195.895523,0.0,195.895523
2020-12-03 05:00:00,pv,H24_DAILY_PERSISTENCE,0.0,0.0,0.0
2020-12-03 06:00:00,pv,random_forest,29.008194,17.066667,11.941528
2020-12-03 06:00:00,pv,mlp,224.797516,17.066667,207.730849
2020-12-03 06:00:00,pv,H24_DAILY_PERSISTENCE,16.091667,17.066667,0.975
2020-12-03 07:00:00,pv,random_forest,503.795939,570.375,66.579061
2020-12-03 07:00:00,pv,mlp,415.018402,570.375,155.356598
2020-12-03 07:00:00,pv,H24_DAILY_PERSISTENCE,580.508333,570.375,10.133333
2020-12-03 08:00:00,pv,random_forest,790.175021,961.208333,171.033312
2020-12-03 08:00:00,pv,mlp,559.824341,961.208333,401.383993
2020-12-03 08:00:00,pv,H24_DAILY_PERSISTENCE,1012.775,961.208333,51.566667
2020-12-03 09:00:00,pv,random_forest,999.822009,1090.45,90.627991
2020-12-03 09:00:00,pv,mlp,611.700195,1090.45,478.749805
2020-12-03 09:00:00,pv,H24_DAILY_PERSISTENCE,1145.416667,1090.45,54.966667
2020-12-03 10:00:00,pv,random_forest,997.50219,1122.491667,124.989477
2020-12-03 10:00:00,pv,mlp,623.727234,1122.491667,498.764433
2020-12-03 10:00:00,pv,H24_DAILY_PERSISTENCE,1167.975,1122.491667,45.483333
2020-12-03 11:00:00,pv,random_forest,1012.327104,1146.45,134.122896
2020-12-03 11:00:00,pv,mlp,632.586426,1146.45,513.863574
2020-12-03 11:00:00,pv,H24_DAILY_PERSISTENCE,1200.025,1146.45,53.575
2020-12-03 12:00:00,pv,random_forest,1037.712777,1142.125,104.412223
2020-12-03 12:00:00,pv,mlp,624.840332,1142.125,517.284668
2020-12-03 12:00:00,pv,H24_DAILY_PERSISTENCE,1196.808333,1142.125,54.683333
2020-12-03 13:00:00,pv,random_forest,1057.068245,1068.45,11.381755
2020-12-03 13:00:00,pv,mlp,607.43042,1068.45,461.01958
2020-12-03 13:00:00,pv,H24_DAILY_PERSISTENCE,1149.375,1068.45,80.925
2020-12-03 14:00:00,pv,random_forest,928.902048,1018.066667,89.164619
2020-12-03 14:00:00,pv,mlp,562.415833,1018.066667,455.650834
2020-12-03 14:00:00,pv,H24_DAILY_PERSISTENCE,1006.625,1018.066667,11.441667
2020-12-03 15:00:00,pv,random_forest,638.165041,690.366667,52.201625
2020-12-03 15:00:00,pv,mlp,440.1521,690.366667,250.214567
2020-12-03 15:00:00,pv,H24_DAILY_PERSISTENCE,684.633333,690.366667,5.733333
2020-12-03 16:00:00,pv,random_forest,56.827803,40.6,16.227803
2020-12-03 16:00:00,pv,mlp,247.888184,40.6,207.288184
2020-12-03 16:00:00,pv,H24_DAILY_PERSISTENCE,43.1,40.6,2.5
2020-12-03 17:00:00,pv,random_forest,0.13934,0.0,0.13934
2020-12-03 17:00:00,pv,mlp,221.024704,0.0,221.024704
2020-12-03 17:00:00,pv,H24_DAILY_PERSISTENCE,0.0,0.0,0.0
2020-12-03 18:00:00,pv,random_forest,0.059823,0.0,0.059823
2020-12-03 18:00:00,pv,mlp,196.714111,0.0,196.714111
2020-12-03 18:00:00,pv,H24_DAILY_PERSISTENCE,0.0,0.0,0.0
2020-12-03 19:00:00,pv,random_forest,0.059823,0.0,0.059823
2020-12-03 19:00:00,pv,mlp,175.670044,0.0,175.670044
2020-12-03 19:00:00,pv,H24_DAILY_PERSISTENCE,0.0,0.0,0.0
2020-12-03 20:00:00,pv,random_forest,0.059823,0.0,0.059823
2020-12-03 20:00:00,pv,mlp,157.728973,0.0,157.728973
2020-12-03 20:00:00,pv,H24_DAILY_PERSISTENCE,0.0,0.0,0.0
2020-12-03 21:00:00,pv,random_forest,0.059823,0.0,0.059823
2020-12-03 21:00:00,pv,mlp,143.227066,0.0,143.227066
2020-12-03 21:00:00,pv,H24_DAILY_PERSISTENCE,0.0,0.0,0.0
2020-12-03 22:00:00,pv,random_forest,0.059823,0.0,0.059823
2020-12-03 22:00:00,pv,mlp,132.994537,0.0,132.994537
2020-12-03 22:00:00,pv,H24_DAILY_PERSISTENCE,0.0,0.0,0.0
2020-12-03 23:00:00,pv,random_forest,0.059823,0.0,0.059823
2020-12-03 23:00:00,pv,mlp,127.556641,0.0,127.556641
2020-12-03 23:00:00,pv,H24_DAILY_PERSISTENCE,0.0,0.0,0.0
2020-12-04 00:00:00,pv,random_forest,0.059823,0.0,0.059823
2020-12-04 00:00:00,pv,mlp,134.723175,0.0,134.723175
2020-12-04 00:00:00,pv,H24_DAILY_PERSISTENCE,0.0,0.0,0.0
2020-12-04 01:00:00,pv,random_forest,0.059823,0.0,0.059823
2020-12-04 01:00:00,pv,mlp,139.290436,0.0,139.290436
2020-12-04 01:00:00,pv,H24_DAILY_PERSISTENCE,0.0,0.0,0.0
2020-12-04 02:00:00,pv,random_forest,0.059823,0.0,0.059823
2020-12-04 02:00:00,pv,mlp,148.992477,0.0,148.992477
2020-12-04 02:00:00,pv,H24_DAILY_PERSISTENCE,0.0,0.0,0.0
2020-12-04 03:00:00,pv,random_forest,0.059823,0.0,0.059823
2020-12-04 03:00:00,pv,mlp,164.120544,0.0,164.120544
2020-12-04 03:00:00,pv,H24_DAILY_PERSISTENCE,0.0,0.0,0.0
2020-12-04 04:00:00,pv,random_forest,0.059823,0.0,0.059823
2020-12-04 04:00:00,pv,mlp,183.882797,0.0,183.882797
2020-12-04 04:00:00,pv,H24_DAILY_PERSISTENCE,0.0,0.0,0.0
2020-12-04 05:00:00,pv,random_forest,0.059823,0.0,0.059823
2020-12-04 05:00:00,pv,mlp,205.122437,0.0,205.122437
2020-12-04 05:00:00,pv,H24_DAILY_PERSISTENCE,0.0,0.0,0.0
2020-12-04 06:00:00,pv,random_forest,29.046345,15.191667,13.854678
2020-12-04 06:00:00,pv,mlp,230.609406,15.191667,215.417739
2020-12-04 06:00:00,pv,H24_DAILY_PERSISTENCE,17.066667,15.191667,1.875
2020-12-04 07:00:00,pv,random_forest,501.556746,551.075,49.518254
2020-12-04 07:00:00,pv,mlp,430.598816,551.075,120.476184
2020-12-04 07:00:00,pv,H24_DAILY_PERSISTENCE,570.375,551.075,19.3
2020-12-04 08:00:00,pv,random_forest,867.579996,948.341667,80.761671
2020-12-04 08:00:00,pv,mlp,587.240601,948.341667,361.101066
2020-12-04 08:00:00,pv,H24_DAILY_PERSISTENCE,961.208333,948.341667,12.866667
2020-12-04 09:00:00,pv,random_forest,1025.755619,1064.45,38.694381
2020-12-04 09:00:00,pv,mlp,628.173462,1064.45,436.276538
2020-12-04 09:00:00,pv,H24_DAILY_PERSISTENCE,1090.45,1064.45,26.0
2020-12-04 10:00:00,pv,random_forest,1073.9577,1096.575,22.6173
2020-12-04 10:00:00,pv,mlp,636.86145,1096.575,459.71355
2020-12-04 10:00:00,pv,H24_DAILY_PERSISTENCE,1122.491667,1096.575,25.916667
2020-12-04 11:00:00,pv,random_forest,1076.020034,1093.8,17.779966
2020-12-04 11:00:00,pv,mlp,642.563477,1093.8,451.236523
2020-12-04 11:00:00,pv,H24_DAILY_PERSISTENCE,1146.45,1093.8,52.65
2020-12-04 12:00:00,pv,random_forest,1078.609014,1082.05,3.440986
2020-12-04 12:00:00,pv,mlp,642.198853,1082.05,439.851147
2020-12-04 12:00:00,pv,H24_DAILY_PERSISTENCE,1142.125,1082.05,60.075
2020-12-04 13:00:00,pv,random_forest,1048.456825,1051.866667,3.409841
2020-12-04 13:00:00,pv,mlp,612.26239,1051.866667,439.604277
2020-12-04 13:00:00,pv,H24_DAILY_PERSISTENCE,1068.45,1051.866667,16.583333
2020-12-04 14:00:00,pv,random_forest,926.183655,975.875,49.691345
2020-12-04 14:00:00,pv,mlp,576.932373,975.875,398.942627
2020-12-04 14:00:00,pv,H24_DAILY_PERSISTENCE,1018.066667,975.875,42.191667
2020-12-04 15:00:00,pv,random_forest,676.82398,646.416667,30.407313
2020-12-04 15:00:00,pv,mlp,473.671143,646.416667,172.745524
2020-12-04 15:00:00,pv,H24_DAILY_PERSISTENCE,690.366667,646.416667,43.95
2020-12-04 16:00:00,pv,random_forest,64.284201,33.391667,30.892534
2020-12-04 16:00:00,pv,mlp,255.99263,33.391667,222.600963
2020-12-04 16:00:00,pv,H24_DAILY_PERSISTENCE,40.6,33.391667,7.208333
2020-12-04 17:00:00,pv,random_forest,0.13934,0.0,0.13934
2020-12-04 17:00:00,pv,mlp,234.834305,0.0,234.834305
2020-12-04 17:00:00,pv,H24_DAILY_PERSISTENCE,0.0,0.0,0.0
2020-12-04 18:00:00,pv,random_forest,0.059823,0.0,0.059823
2020-12-04 18:00:00,pv,mlp,211.700241,0.0,211.700241
2020-12-04 18:00:00,pv,H24_DAILY_PERSISTENCE,0.0,0.0,0.0
2020-12-04 19:00:00,pv,random_forest,0.059823,0.0,0.059823
2020-12-04 19:00:00,pv,mlp,190.760666,0.0,190.760666
2020-12-04 19:00:00,pv,H24_DAILY_PERSISTENCE,0.0,0.0,0.0
2020-12-04 20:00:00,pv,random_forest,0.059823,0.0,0.059823
2020-12-04 20:00:00,pv,mlp,171.095001,0.0,171.095001
2020-12-04 20:00:00,pv,H24_DAILY_PERSISTENCE,0.0,0.0,0.0
2020-12-04 21:00:00,pv,random_forest,0.059823,0.0,0.059823
2020-12-04 21:00:00,pv,mlp,154.977127,0.0,154.977127
2020-12-04 21:00:00,pv,H24_DAILY_PERSISTENCE,0.0,0.0,0.0
2020-12-04 22:00:00,pv,random_forest,0.059823,0.0,0.059823
2020-12-04 22:00:00,pv,mlp,143.169678,0.0,143.169678
2020-12-04 22:00:00,pv,H24_DAILY_PERSISTENCE,0.0,0.0,0.0
2020-12-04 23:00:00,pv,random_forest,0.059823,0.0,0.059823
2020-12-04 23:00:00,pv,mlp,135.858917,0.0,135.858917
2020-12-04 23:00:00,pv,H24_DAILY_PERSISTENCE,0.0,0.0,0.0
2020-12-05 00:00:00,pv,random_forest,0.059823,0.0,0.059823
2020-12-05 00:00:00,pv,mlp,144.71347,0.0,144.71347
2020-12-05 00:00:00,pv,H24_DAILY_PERSISTENCE,0.0,0.0,0.0
2020-12-05 01:00:00,pv,random_forest,0.059823,0.0,0.059823
2020-12-05 01:00:00,pv,mlp,149.477753,0.0,149.477753
2020-12-05 01:00:00,pv,H24_DAILY_PERSISTENCE,0.0,0.0,0.0
2020-12-05 02:00:00,pv,random_forest,0.059823,0.0,0.059823
2020-12-05 02:00:00,pv,mlp,159.275223,0.0,159.275223
2020-12-05 02:00:00,pv,H24_DAILY_PERSISTENCE,0.0,0.0,0.0
2020-12-05 03:00:00,pv,random_forest,0.059823,0.0,0.059823
2020-12-05 03:00:00,pv,mlp,173.048798,0.0,173.048798
2020-12-05 03:00:00,pv,H24_DAILY_PERSISTENCE,0.0,0.0,0.0
2020-12-05 04:00:00,pv,random_forest,0.059823,0.0,0.059823
2020-12-05 04:00:00,pv,mlp,190.80246,0.0,190.80246
2020-12-05 04:00:00,pv,H24_DAILY_PERSISTENCE,0.0,0.0,0.0
2020-12-05 05:00:00,pv,random_forest,0.059823,0.0,0.059823
2020-12-05 05:00:00,pv,mlp,208.897873,0.0,208.897873
2020-12-05 05:00:00,pv,H24_DAILY_PERSISTENCE,0.0,0.0,0.0
2020-12-05 06:00:00,pv,random_forest,28.527572,12.991667,15.535905
2020-12-05 06:00:00,pv,mlp,234.869919,12.991667,221.878252
2020-12-05 06:00:00,pv,H24_DAILY_PERSISTENCE,15.191667,12.991667,2.2
2020-12-05 07:00:00,pv,random_forest,495.559531,534.775,39.215469
2020-12-05 07:00:00,pv,mlp,434.165863,534.775,100.609137
2020-12-05 07:00:00,pv,H24_DAILY_PERSISTENCE,551.075,534.775,16.3
2020-12-05 08:00:00,pv,random_forest,856.778753,938.483333,81.704581
2020-12-05 08:00:00,pv,mlp,599.335022,938.483333,339.148311
2020-12-05 08:00:00,pv,H24_DAILY_PERSISTENCE,948.341667,938.483333,9.858333
2020-12-05 09:00:00,pv,random_forest,1017.188182,1079.908333,62.720152
2020-12-05 09:00:00,pv,mlp,636.748657,1079.908333,443.159676
2020-12-05 09:00:00,pv,H24_DAILY_PERSISTENCE,1064.45,1079.908333,15.458333
2020-12-05 10:00:00,pv,random_forest,1075.434237,1122.683333,47.249096
2020-12-05 10:00:00,pv,mlp,645.714783,1122.683333,476.968551
2020-12-05 10:00:00,pv,H24_DAILY_PERSISTENCE,1096.575,1122.683333,26.108333
2020-12-05 11:00:00,pv,random_forest,1081.072136,1126.891667,45.819531
2020-12-05 11:00:00,pv,mlp,649.738342,1126.891667,477.153324
2020-12-05 11:00:00,pv,H24_DAILY_PERSISTENCE,1093.8,1126.891667,33.091667
2020-12-05 12:00:00,pv,random_forest,1074.97485,1109.908333,34.933484
2020-12-05 12:00:00,pv,mlp,642.855713,1109.908333,467.05262
2020-12-05 12:00:00,pv,H24_DAILY_PERSISTENCE,1082.05,1109.908333,27.858333
2020-12-05 13:00:00,pv,random_forest,1052.677614,1064.35,11.672386
2020-12-05 13:00:00,pv,mlp,628.108459,1064.35,436.241541
2020-12-05 13:00:00,pv,H24_DAILY_PERSISTENCE,1051.866667,1064.35,12.483333
2020-12-05 14:00:00,pv,random_forest,979.00134,947.225,31.77634
2020-12-05 14:00:00,pv,mlp,603.09491,947.225,344.13009
2020-12-05 14:00:00,pv,H24_DAILY_PERSISTENCE,975.875,947.225,28.65
2020-12-05 15:00:00,pv,random_forest,696.364302,646.133333,50.230968
2020-12-05 15:00:00,pv,mlp,504.407715,646.133333,141.725618
2020-12-05 15:00:00,pv,H24_DAILY_PERSISTENCE,646.416667,646.133333,0.283333
2020-12-05 16:00:00,pv,random_forest,52.938923,35.1,17.838923
2020-12-05 16:00:00,pv,mlp,261.599762,35.1,226.499762
2020-12-05 16:00:00,pv,H24_DAILY_PERSISTENCE,33.391667,35.1,1.708333
2020-12-05 17:00:00,pv,random_forest,0.13934,0.0,0.13934
2020-12-05 17:00:00,pv,mlp,240.381424,0.0,240.381424
2020-12-05 17:00:00,pv,H24_DAILY_PERSISTENCE,0.0,0.0,0.0
2020-12-05 18:00:00,pv,random_forest,0.059823,0.0,0.059823
2020-12-05 18:00:00,pv,mlp,215.930542,0.0,215.930542
2020-12-05 18:00:00,pv,H24_DAILY_PERSISTENCE,0.0,0.0,0.0
2020-12-05 19:00:00,pv,random_forest,0.059823,0.0,0.059823
2020-12-05 19:00:00,pv,mlp,192.834885,0.0,192.834885
2020-12-05 19:00:00,pv,H24_DAILY_PERSISTENCE,0.0,0.0,0.0
2020-12-05 20:00:00,pv,random_forest,0.059823,0.0,0.059823
2020-12-05 20:00:00,pv,mlp,174.08873,0.0,174.08873
2020-12-05 20:00:00,pv,H24_DAILY_PERSISTENCE,0.0,0.0,0.0
2020-12-05 21:00:00,pv,random_forest,0.059823,0.0,0.059823
2020-12-05 21:00:00,pv,mlp,160.428604,0.0,160.428604
2020-12-05 21:00:00,pv,H24_DAILY_PERSISTENCE,0.0,0.0,0.0
2020-12-05 22:00:00,pv,random_forest,0.059823,0.0,0.059823
2020-12-05 22:00:00,pv,mlp,151.080048,0.0,151.080048
2020-12-05 22:00:00,pv,H24_DAILY_PERSISTENCE,0.0,0.0,0.0
2020-12-05 23:00:00,pv,random_forest,0.059823,0.0,0.059823
2020-12-05 23:00:00,pv,mlp,144.817474,0.0,144.817474
2020-12-05 23:00:00,pv,H24_DAILY_PERSISTENCE,0.0,0.0,0.0
2020-12-06 00:00:00,pv,random_forest,0.059823,0.0,0.059823
2020-12-06 00:00:00,pv,mlp,144.880219,0.0,144.880219
2020-12-06 00:00:00,pv,H24_DAILY_PERSISTENCE,0.0,0.0,0.0
2020-12-06 01:00:00,pv,random_forest,0.059823,0.0,0.059823
2020-12-06 01:00:00,pv,mlp,149.86058,0.0,149.86058
2020-12-06 01:00:00,pv,H24_DAILY_PERSISTENCE,0.0,0.0,0.0
2020-12-06 02:00:00,pv,random_forest,0.059823,0.0,0.059823
2020-12-06 02:00:00,pv,mlp,161.716507,0.0,161.716507
2020-12-06 02:00:00,pv,H24_DAILY_PERSISTENCE,0.0,0.0,0.0
2020-12-06 03:00:00,pv,random_forest,0.059823,0.0,0.059823
2020-12-06 03:00:00,pv,mlp,177.165497,0.0,177.165497
2020-12-06 03:00:00,pv,H24_DAILY_PERSISTENCE,0.0,0.0,0.0
2020-12-06 04:00:00,pv,random_forest,0.059823,0.0,0.059823
2020-12-06 04:00:00,pv,mlp,194.355469,0.0,194.355469
2020-12-06 04:00:00,pv,H24_DAILY_PERSISTENCE,0.0,0.0,0.0
2020-12-06 05:00:00,pv,random_forest,0.059823,0.0,0.059823
2020-12-06 05:00:00,pv,mlp,212.470749,0.0,212.470749
2020-12-06 05:00:00,pv,H24_DAILY_PERSISTENCE,0.0,0.0,0.0
2020-12-06 06:00:00,pv,random_forest,19.59526,10.516667,9.078593
2020-12-06 06:00:00,pv,mlp,238.053177,10.516667,227.53651
2020-12-06 06:00:00,pv,H24_DAILY_PERSISTENCE,12.991667,10.516667,2.475
2020-12-06 07:00:00,pv,random_forest,492.59637,534.358333,41.761964
2020-12-06 07:00:00,pv,mlp,439.037201,534.358333,95.321132
2020-12-06 07:00:00,pv,H24_DAILY_PERSISTENCE,534.775,534.358333,0.416667
2020-12-06 08:00:00,pv,random_forest,815.298078,952.741667,137.443589
2020-12-06 08:00:00,pv,mlp,599.266296,952.741667,353.47537
2020-12-06 08:00:00,pv,H24_DAILY_PERSISTENCE,938.483333,952.741667,14.258333
2020-12-06 09:00:00,pv,random_forest,1022.560972,1095.333333,72.772362
2020-12-06 09:00:00,pv,mlp,643.483215,1095.333333,451.850118
2020-12-06 09:00:00,pv,H24_DAILY_PERSISTENCE,1079.908333,1095.333333,15.425
2020-12-06 10:00:00,pv,random_forest,1078.014496,1154.841667,76.827171
2020-12-06 10:00:00,pv,mlp,652.689575,1154.841667,502.152091
2020-12-06 10:00:00,pv,H24_DAILY_PERSISTENCE,1122.683333,1154.841667,32.158333
2020-12-06 11:00:00,pv,random_forest,1078.043568,1158.65,80.606432
2020-12-06 11:00:00,pv,mlp,653.276245,1158.65,505.373755
2020-12-06 11:00:00,pv,H24_DAILY_PERSISTENCE,1126.891667,1158.65,31.758333
2020-12-06 12:00:00,pv,random_forest,1075.722337,1133.766667,58.04433
2020-12-06 12:00:00,pv,mlp,648.80011,1133.766667,484.966557
2020-12-06 12:00:00,pv,H24_DAILY_PERSISTENCE,1109.908333,1133.766667,23.858333
2020-12-06 13:00:00,pv,random_forest,1038.504185,1075.633333,37.129148
2020-12-06 13:00:00,pv,mlp,634.348755,1075.633333,441.284578
2020-12-06 13:00:00,pv,H24_DAILY_PERSISTENCE,1064.35,1075.633333,11.283333
2020-12-06 14:00:00,pv,random_forest,974.990068,971.075,3.915068
2020-12-06 14:00:00,pv,mlp,602.008179,971.075,369.066821
2020-12-06 14:00:00,pv,H24_DAILY_PERSISTENCE,947.225,971.075,23.85
2020-12-06 15:00:00,pv,random_forest,713.937343,635.883333,78.05401
2020-12-06 15:00:00,pv,mlp,508.933105,635.883333,126.950228
2020-12-06 15:00:00,pv,H24_DAILY_PERSISTENCE,646.133333,635.883333,10.25
2020-12-06 16:00:00,pv,random_forest,52.094575,35.716667,16.377908
2020-12-06 16:00:00,pv,mlp,250.633759,35.716667,214.917092
2020-12-06 16:00:00,pv,H24_DAILY_PERSISTENCE,35.1,35.716667,0.616667
2020-12-06 17:00:00,pv,random_forest,0.13934,0.0,0.13934
2020-12-06 17:00:00,pv,mlp,233.176849,0.0,233.176849
2020-12-06 17:00:00,pv,H24_DAILY_PERSISTENCE,0.0,0.0,0.0
2020-12-06 18:00:00,pv,random_forest,0.059823,0.0,0.059823
2020-12-06 18:00:00,pv,mlp,210.325287,0.0,210.325287
2020-12-06 18:00:00,pv,H24_DAILY_PERSISTENCE,0.0,0.0,0.0
2020-12-06 19:00:00,pv,random_forest,0.059823,0.0,0.059823
2020-12-06 19:00:00,pv,mlp,190.230682,0.0,190.230682
2020-12-06 19:00:00,pv,H24_DAILY_PERSISTENCE,0.0,0.0,0.0
2020-12-06 20:00:00,pv,random_forest,0.059823,0.0,0.059823
2020-12-06 20:00:00,pv,mlp,173.318512,0.0,173.318512
2020-12-06 20:00:00,pv,H24_DAILY_PERSISTENCE,0.0,0.0,0.0
2020-12-06 21:00:00,pv,random_forest,0.059823,0.0,0.059823
2020-12-06 21:00:00,pv,mlp,159.622253,0.0,159.622253
2020-12-06 21:00:00,pv,H24_DAILY_PERSISTENCE,0.0,0.0,0.0
2020-12-06 22:00:00,pv,random_forest,0.059823,0.0,0.059823
2020-12-06 22:00:00,pv,mlp,149.71196,0.0,149.71196
2020-12-06 22:00:00,pv,H24_DAILY_PERSISTENCE,0.0,0.0,0.0
2020-12-06 23:00:00,pv,random_forest,0.059823,0.0,0.059823
2020-12-06 23:00:00,pv,mlp,144.65329,0.0,144.65329
2020-12-06 23:00:00,pv,H24_DAILY_PERSISTENCE,0.0,0.0,0.0
2020-12-07 00:00:00,pv,random_forest,0.059823,0.0,0.059823
2020-12-07 00:00:00,pv,mlp,137.345566,0.0,137.345566
2020-12-07 00:00:00,pv,H24_DAILY_PERSISTENCE,0.0,0.0,0.0
2020-12-07 01:00:00,pv,random_forest,0.059823,0.0,0.059823
2020-12-07 01:00:00,pv,mlp,144.518982,0.0,144.518982
2020-12-07 01:00:00,pv,H24_DAILY_PERSISTENCE,0.0,0.0,0.0
2020-12-07 02:00:00,pv,random_forest,0.059823,0.0,0.059823
2020-12-07 02:00:00,pv,mlp,155.740875,0.0,155.740875
2020-12-07 02:00:00,pv,H24_DAILY_PERSISTENCE,0.0,0.0,0.0
2020-12-07 03:00:00,pv,random_forest,0.059823,0.0,0.059823
2020-12-07 03:00:00,pv,mlp,172.182587,0.0,172.182587
2020-12-07 03:00:00,pv,H24_DAILY_PERSISTENCE,0.0,0.0,0.0
2020-12-07 04:00:00,pv,random_forest,0.059823,0.0,0.059823
2020-12-07 04:00:00,pv,mlp,190.075653,0.0,190.075653
2020-12-07 04:00:00,pv,H24_DAILY_PERSISTENCE,0.0,0.0,0.0
2020-12-07 05:00:00,pv,random_forest,0.059823,0.0,0.059823
2020-12-07 05:00:00,pv,mlp,206.431122,0.0,206.431122
2020-12-07 05:00:00,pv,H24_DAILY_PERSISTENCE,0.0,0.0,0.0
2020-12-07 06:00:00,pv,random_forest,17.886913,9.008333,8.87858
2020-12-07 06:00:00,pv,mlp,227.651459,9.008333,218.643125
2020-12-07 06:00:00,pv,H24_DAILY_PERSISTENCE,10.516667,9.008333,1.508333
2020-12-07 07:00:00,pv,random_forest,526.000546,525.066667,0.933879
2020-12-07 07:00:00,pv,mlp,449.355774,525.066667,75.710893
2020-12-07 07:00:00,pv,H24_DAILY_PERSISTENCE,534.358333,525.066667,9.291667
2020-12-07 08:00:00,pv,random_forest,848.494333,937.575,89.080667
2020-12-07 08:00:00,pv,mlp,607.641418,937.575,329.933582
2020-12-07 08:00:00,pv,H24_DAILY_PERSISTENCE,952.741667,937.575,15.166667
2020-12-07 09:00:00,pv,random_forest,1025.793773,1056.175,30.381227
2020-12-07 09:00:00,pv,mlp,645.750305,1056.175,410.424695
2020-12-07 09:00:00,pv,H24_DAILY_PERSISTENCE,1095.333333,1056.175,39.158333
2020-12-07 10:00:00,pv,random_forest,1084.495002,1075.075,9.420002
2020-12-07 10:00:00,pv,mlp,657.466431,1075.075,417.608569
2020-12-07 10:00:00,pv,H24_DAILY_PERSISTENCE,1154.841667,1075.075,79.766667
2020-12-07 11:00:00,pv,random_forest,1098.80975,1092.875,5.93475
2020-12-07 11:00:00,pv,mlp,657.321838,1092.875,435.553162
2020-12-07 11:00:00,pv,H24_DAILY_PERSISTENCE,1158.65,1092.875,65.775
2020-12-07 12:00:00,pv,random_forest,1096.837708,1085.716667,11.121041
2020-12-07 12:00:00,pv,mlp,649.608765,1085.716667,436.107902
2020-12-07 12:00:00,pv,H24_DAILY_PERSISTENCE,1133.766667,1085.716667,48.05
2020-12-07 13:00:00,pv,random_forest,1065.939474,1027.566667,38.372808
2020-12-07 13:00:00,pv,mlp,634.251343,1027.566667,393.315324
2020-12-07 13:00:00,pv,H24_DAILY_PERSISTENCE,1075.633333,1027.566667,48.066667
2020-12-07 14:00:00,pv,random_forest,972.84489,926.716667,46.128223
2020-12-07 14:00:00,pv,mlp,602.627808,926.716667,324.088859
2020-12-07 14:00:00,pv,H24_DAILY_PERSISTENCE,971.075,926.716667,44.358333
2020-12-07 15:00:00,pv,random_forest,708.694869,628.291667,80.403202
2020-12-07 15:00:00,pv,mlp,494.275299,628.291667,134.016368
2020-12-07 15:00:00,pv,H24_DAILY_PERSISTENCE,635.883333,628.291667,7.591667
2020-12-07 16:00:00,pv,random_forest,52.17222,32.516667,19.655553
2020-12-07 16:00:00,pv,mlp,233.544724,32.516667,201.028057
2020-12-07 16:00:00,pv,H24_DAILY_PERSISTENCE,35.716667,32.516667,3.2
2020-12-07 17:00:00,pv,random_forest,0.13934,0.0,0.13934
2020-12-07 17:00:00,pv,mlp,210.106155,0.0,210.106155
2020-12-07 17:00:00,pv,H24_DAILY_PERSISTENCE,0.0,0.0,0.0
2020-12-07 18:00:00,pv,random_forest,0.059823,0.0,0.059823
2020-12-07 18:00:00,pv,mlp,192.651108,0.0,192.651108
2020-12-07 18:00:00,pv,H24_DAILY_PERSISTENCE,0.0,0.0,0.0
2020-12-07 19:00:00,pv,random_forest,0.059823,0.0,0.059823
2020-12-07 19:00:00,pv,mlp,175.132538,0.0,175.132538
2020-12-07 19:00:00,pv,H24_DAILY_PERSISTENCE,0.0,0.0,0.0
2020-12-07 20:00:00,pv,random_forest,0.059823,0.0,0.059823
2020-12-07 20:00:00,pv,mlp,161.275314,0.0,161.275314
2020-12-07 20:00:00,pv,H24_DAILY_PERSISTENCE,0.0,0.0,0.0
2020-12-07 21:00:00,pv,random_forest,0.059823,0.0,0.059823
2020-12-07 21:00:00,pv,mlp,147.998093,0.0,147.998093
2020-12-07 21:00:00,pv,H24_DAILY_PERSISTENCE,0.0,0.0,0.0
2020-12-07 22:00:00,pv,random_forest,0.059823,0.0,0.059823
2020-12-07 22:00:00,pv,mlp,139.398392,0.0,139.398392
2020-12-07 22:00:00,pv,H24_DAILY_PERSISTENCE,0.0,0.0,0.0
2020-12-07 23:00:00,pv,random_forest,0.059823,0.0,0.059823
2020-12-07 23:00:00,pv,mlp,135.359085,0.0,135.359085
2020-12-07 23:00:00,pv,H24_DAILY_PERSISTENCE,0.0,0.0,0.0
2020-12-08 00:00:00,pv,random_forest,0.059823,0.0,0.059823
2020-12-08 00:00:00,pv,mlp,142.550705,0.0,142.550705
2020-12-08 00:00:00,pv,H24_DAILY_PERSISTENCE,0.0,0.0,0.0
2020-12-08 01:00:00,pv,random_forest,0.059823,0.0,0.059823
2020-12-08 01:00:00,pv,mlp,148.137238,0.0,148.137238
2020-12-08 01:00:00,pv,H24_DAILY_PERSISTENCE,0.0,0.0,0.0
2020-12-08 02:00:00,pv,random_forest,0.059823,0.0,0.059823
2020-12-08 02:00:00,pv,mlp,157.63324,0.0,157.63324
2020-12-08 02:00:00,pv,H24_DAILY_PERSISTENCE,0.0,0.0,0.0
2020-12-08 03:00:00,pv,random_forest,0.059823,0.0,0.059823
2020-12-08 03:00:00,pv,mlp,170.090424,0.0,170.090424
2020-12-08 03:00:00,pv,H24_DAILY_PERSISTENCE,0.0,0.0,0.0
2020-12-08 04:00:00,pv,random_forest,0.059823,0.0,0.059823
2020-12-08 04:00:00,pv,mlp,185.609665,0.0,185.609665
2020-12-08 04:00:00,pv,H24_DAILY_PERSISTENCE,0.0,0.0,0.0
2020-12-08 05:00:00,pv,random_forest,0.059823,0.0,0.059823
2020-12-08 05:00:00,pv,mlp,202.400772,0.0,202.400772
2020-12-08 05:00:00,pv,H24_DAILY_PERSISTENCE,0.0,0.0,0.0
2020-12-08 06:00:00,pv,random_forest,18.057062,8.583333,9.473729
2020-12-08 06:00:00,pv,mlp,223.99411,8.583333,215.410777
2020-12-08 06:00:00,pv,H24_DAILY_PERSISTENCE,9.008333,8.583333,0.425
2020-12-08 07:00:00,pv,random_forest,498.207898,495.15,3.057898
2020-12-08 07:00:00,pv,mlp,448.633118,495.15,46.516882
2020-12-08 07:00:00,pv,H24_DAILY_PERSISTENCE,525.066667,495.15,29.916667
2020-12-08 08:00:00,pv,random_forest,821.261991,911.433333,90.171342
2020-12-08 08:00:00,pv,mlp,604.580444,911.433333,306.852889
2020-12-08 08:00:00,pv,H24_DAILY_PERSISTENCE,937.575,911.433333,26.141667
2020-12-08 09:00:00,pv,random_forest,1012.216829,1035.408333,23.191505
2020-12-08 09:00:00,pv,mlp,630.134094,1035.408333,405.274239
2020-12-08 09:00:00,pv,H24_DAILY_PERSISTENCE,1056.175,1035.408333,20.766667
2020-12-08 10:00:00,pv,random_forest,1070.734879,1058.458333,12.276546
2020-12-08 10:00:00,pv,mlp,634.520142,1058.458333,423.938192
2020-12-08 10:00:00,pv,H24_DAILY_PERSISTENCE,1075.075,1058.458333,16.616667
2020-12-08 11:00:00,pv,random_forest,1055.262644,1055.35,0.087356
2020-12-08 11:00:00,pv,mlp,634.742859,1055.35,420.607141
2020-12-08 11:00:00,pv,H24_DAILY_PERSISTENCE,1092.875,1055.35,37.525
2020-12-08 12:00:00,pv,random_forest,1069.691344,1024.875,44.816344
2020-12-08 12:00:00,pv,mlp,634.891418,1024.875,389.983582
2020-12-08 12:00:00,pv,H24_DAILY_PERSISTENCE,1085.716667,1024.875,60.841667
2020-12-08 13:00:00,pv,random_forest,1052.546666,992.908333,59.638332
2020-12-08 13:00:00,pv,mlp,623.841492,992.908333,369.066842
2020-12-08 13:00:00,pv,H24_DAILY_PERSISTENCE,1027.566667,992.908333,34.658333
2020-12-08 14:00:00,pv,random_forest,958.108448,941.016667,17.091781
2020-12-08 14:00:00,pv,mlp,589.131897,941.016667,351.88477
2020-12-08 14:00:00,pv,H24_DAILY_PERSISTENCE,926.716667,941.016667,14.3
2020-12-08 15:00:00,pv,random_forest,599.668425,636.908333,37.239909
2020-12-08 15:00:00,pv,mlp,459.183777,636.908333,177.724556
2020-12-08 15:00:00,pv,H24_DAILY_PERSISTENCE,628.291667,636.908333,8.616667
2020-12-08 16:00:00,pv,random_forest,52.236721,39.483333,12.753388
2020-12-08 16:00:00,pv,mlp,231.772049,39.483333,192.288716
2020-12-08 16:00:00,pv,H24_DAILY_PERSISTENCE,32.516667,39.483333,6.966667
2020-12-08 17:00:00,pv,random_forest,0.728014,0.0,0.728014
2020-12-08 17:00:00,pv,mlp,205.400391,0.0,205.400391
2020-12-08 17:00:00,pv,H24_DAILY_PERSISTENCE,0.0,0.0,0.0
2020-12-08 18:00:00,pv,random_forest,0.059823,0.0,0.059823
2020-12-08 18:00:00,pv,mlp,185.342072,0.0,185.342072
2020-12-08 18:00:00,pv,H24_DAILY_PERSISTENCE,0.0,0.0,0.0
2020-12-08 19:00:00,pv,random_forest,0.059823,0.0,0.059823
2020-12-08 19:00:00,pv,mlp,168.490738,0.0,168.490738
2020-12-08 19:00:00,pv,H24_DAILY_PERSISTENCE,0.0,0.0,0.0
2020-12-08 20:00:00,pv,random_forest,0.059823,0.0,0.059823
2020-12-08 20:00:00,pv,mlp,153.742569,0.0,153.742569
2020-12-08 20:00:00,pv,H24_DAILY_PERSISTENCE,0.0,0.0,0.0
2020-12-08 21:00:00,pv,random_forest,0.059823,0.0,0.059823
2020-12-08 21:00:00,pv,mlp,143.658234,0.0,143.658234
2020-12-08 21:00:00,pv,H24_DAILY_PERSISTENCE,0.0,0.0,0.0
2020-12-08 22:00:00,pv,random_forest,0.059823,0.0,0.059823
2020-12-08 22:00:00,pv,mlp,138.815598,0.0,138.815598
2020-12-08 22:00:00,pv,H24_DAILY_PERSISTENCE,0.0,0.0,0.0
2020-12-08 23:00:00,pv,random_forest,0.059823,0.0,0.059823
2020-12-08 23:00:00,pv,mlp,140.264069,0.0,140.264069
2020-12-08 23:00:00,pv,H24_DAILY_PERSISTENCE,0.0,0.0,0.0
2020-12-09 00:00:00,pv,random_forest,0.059823,0.0,0.059823
2020-12-09 00:00:00,pv,mlp,136.260254,0.0,136.260254
2020-12-09 00:00:00,pv,H24_DAILY_PERSISTENCE,0.0,0.0,0.0
2020-12-09 01:00:00,pv,random_forest,0.059823,0.0,0.059823
2020-12-09 01:00:00,pv,mlp,141.880951,0.0,141.880951
2020-12-09 01:00:00,pv,H24_DAILY_PERSISTENCE,0.0,0.0,0.0
2020-12-09 02:00:00,pv,random_forest,0.059823,0.0,0.059823
2020-12-09 02:00:00,pv,mlp,151.390427,0.0,151.390427
2020-12-09 02:00:00,pv,H24_DAILY_PERSISTENCE,0.0,0.0,0.0
2020-12-09 03:00:00,pv,random_forest,0.059823,0.0,0.059823
2020-12-09 03:00:00,pv,mlp,166.738647,0.0,166.738647
2020-12-09 03:00:00,pv,H24_DAILY_PERSISTENCE,0.0,0.0,0.0
2020-12-09 04:00:00,pv,random_forest,0.059823,0.0,0.059823
2020-12-09 04:00:00,pv,mlp,183.817154,0.0,183.817154
2020-12-09 04:00:00,pv,H24_DAILY_PERSISTENCE,0.0,0.0,0.0
2020-12-09 05:00:00,pv,random_forest,0.059823,0.0,0.059823
2020-12-09 05:00:00,pv,mlp,203.121613,0.0,203.121613
2020-12-09 05:00:00,pv,H24_DAILY_PERSISTENCE,0.0,0.0,0.0
2020-12-09 06:00:00,pv,random_forest,17.684287,7.925,9.759287
2020-12-09 06:00:00,pv,mlp,226.572174,7.925,218.647174
2020-12-09 06:00:00,pv,H24_DAILY_PERSISTENCE,8.583333,7.925,0.658333
2020-12-09 07:00:00,pv,random_forest,492.116519,437.191667,54.924852
2020-12-09 07:00:00,pv,mlp,443.149963,437.191667,5.958297
2020-12-09 07:00:00,pv,H24_DAILY_PERSISTENCE,495.15,437.191667,57.958333
2020-12-09 08:00:00,pv,random_forest,828.898854,787.158333,41.740521
2020-12-09 08:00:00,pv,mlp,596.264893,787.158333,190.893441
2020-12-09 08:00:00,pv,H24_DAILY_PERSISTENCE,911.433333,787.158333,124.275
2020-12-09 09:00:00,pv,random_forest,1021.270216,958.891667,62.378549
2020-12-09 09:00:00,pv,mlp,639.098511,958.891667,319.793156
2020-12-09 09:00:00,pv,H24_DAILY_PERSISTENCE,1035.408333,958.891667,76.516667
2020-12-09 10:00:00,pv,random_forest,1052.346143,1050.625,1.721143
2020-12-09 10:00:00,pv,mlp,642.441833,1050.625,408.183167
2020-12-09 10:00:00,pv,H24_DAILY_PERSISTENCE,1058.458333,1050.625,7.833333
2020-12-09 11:00:00,pv,random_forest,1076.230354,1071.391667,4.838687
2020-12-09 11:00:00,pv,mlp,650.270874,1071.391667,421.120793
2020-12-09 11:00:00,pv,H24_DAILY_PERSISTENCE,1055.35,1071.391667,16.041667
2020-12-09 12:00:00,pv,random_forest,1070.961489,1043.025,27.936489
2020-12-09 12:00:00,pv,mlp,642.122986,1043.025,400.902014
2020-12-09 12:00:00,pv,H24_DAILY_PERSISTENCE,1024.875,1043.025,18.15
2020-12-09 13:00:00,pv,random_forest,1011.105782,985.091667,26.014116
2020-12-09 13:00:00,pv,mlp,628.53125,985.091667,356.560417
2020-12-09 13:00:00,pv,H24_DAILY_PERSISTENCE,992.908333,985.091667,7.816667
2020-12-09 14:00:00,pv,random_forest,934.991343,891.225,43.766343
2020-12-09 14:00:00,pv,mlp,598.102356,891.225,293.122644
2020-12-09 14:00:00,pv,H24_DAILY_PERSISTENCE,941.016667,891.225,49.791667
2020-12-09 15:00:00,pv,random_forest,652.119844,589.175,62.944844
2020-12-09 15:00:00,pv,mlp,485.381287,589.175,103.793713
2020-12-09 15:00:00,pv,H24_DAILY_PERSISTENCE,636.908333,589.175,47.733333
2020-12-09 16:00:00,pv,random_forest,52.129329,32.25,19.879329
2020-12-09 16:00:00,pv,mlp,251.554413,32.25,219.304413
2020-12-09 16:00:00,pv,H24_DAILY_PERSISTENCE,39.483333,32.25,7.233333
2020-12-09 17:00:00,pv,random_forest,0.13934,0.0,0.13934
2020-12-09 17:00:00,pv,mlp,214.806061,0.0,214.806061
2020-12-09 17:00:00,pv,H24_DAILY_PERSISTENCE,0.0,0.0,0.0
2020-12-09 18:00:00,pv,random_forest,0.059823,0.0,0.059823
2020-12-09 18:00:00,pv,mlp,191.446838,0.0,191.446838
2020-12-09 18:00:00,pv,H24_DAILY_PERSISTENCE,0.0,0.0,0.0
2020-12-09 19:00:00,pv,random_forest,0.059823,0.0,0.059823
2020-12-09 19:00:00,pv,mlp,171.211029,0.0,171.211029
2020-12-09 19:00:00,pv,H24_DAILY_PERSISTENCE,0.0,0.0,0.0
2020-12-09 20:00:00,pv,random_forest,0.059823,0.0,0.059823
2020-12-09 20:00:00,pv,mlp,154.387802,0.0,154.387802
2020-12-09 20:00:00,pv,H24_DAILY_PERSISTENCE,0.0,0.0,0.0
2020-12-09 21:00:00,pv,random_forest,0.059823,0.0,0.059823
2020-12-09 21:00:00,pv,mlp,142.015961,0.0,142.015961
2020-12-09 21:00:00,pv,H24_DAILY_PERSISTENCE,0.0,0.0,0.0
2020-12-09 22:00:00,pv,random_forest,0.059823,0.0,0.059823
2020-12-09 22:00:00,pv,mlp,134.217224,0.0,134.217224
2020-12-09 22:00:00,pv,H24_DAILY_PERSISTENCE,0.0,0.0,0.0
2020-12-09 23:00:00,pv,random_forest,0.059823,0.0,0.059823
2020-12-09 23:00:00,pv,mlp,132.475861,0.0,132.475861
2020-12-09 23:00:00,pv,H24_DAILY_PERSISTENCE,0.0,0.0,0.0
2020-12-10 00:00:00,pv,random_forest,0.059823,0.0,0.059823
2020-12-10 00:00:00,pv,mlp,127.085106,0.0,127.085106
2020-12-10 00:00:00,pv,H24_DAILY_PERSISTENCE,0.0,0.0,0.0
2020-12-10 01:00:00,pv,random_forest,0.059823,0.0,0.059823
2020-12-10 01:00:00,pv,mlp,131.497726,0.0,131.497726
2020-12-10 01:00:00,pv,H24_DAILY_PERSISTENCE,0.0,0.0,0.0
2020-12-10 02:00:00,pv,random_forest,0.059823,0.0,0.059823
2020-12-10 02:00:00,pv,mlp,142.202957,0.0,142.202957
2020-12-10 02:00:00,pv,H24_DAILY_PERSISTENCE,0.0,0.0,0.0
2020-12-10 03:00:00,pv,random_forest,0.059823,0.0,0.059823
2020-12-10 03:00:00,pv,mlp,159.087845,0.0,159.087845
2020-12-10 03:00:00,pv,H24_DAILY_PERSISTENCE,0.0,0.0,0.0
2020-12-10 04:00:00,pv,random_forest,0.059823,0.0,0.059823
2020-12-10 04:00:00,pv,mlp,179.998871,0.0,179.998871
2020-12-10 04:00:00,pv,H24_DAILY_PERSISTENCE,0.0,0.0,0.0
2020-12-10 05:00:00,pv,random_forest,0.059823,0.0,0.059823
2020-12-10 05:00:00,pv,mlp,202.186279,0.0,202.186279
2020-12-10 05:00:00,pv,H24_DAILY_PERSISTENCE,0.0,0.0,0.0
2020-12-10 06:00:00,pv,random_forest,19.280529,7.308333,11.972196
2020-12-10 06:00:00,pv,mlp,229.841278,7.308333,222.532945
2020-12-10 06:00:00,pv,H24_DAILY_PERSISTENCE,7.925,7.308333,0.616667
2020-12-10 07:00:00,pv,random_forest,506.869575,473.025,33.844575
2020-12-10 07:00:00,pv,mlp,421.464355,473.025,51.560645
2020-12-10 07:00:00,pv,H24_DAILY_PERSISTENCE,437.191667,473.025,35.833333
2020-12-10 08:00:00,pv,random_forest,812.794013,869.183333,56.38932
2020-12-10 08:00:00,pv,mlp,586.53009,869.183333,282.653243
2020-12-10 08:00:00,pv,H24_DAILY_PERSISTENCE,787.158333,869.183333,82.025
2020-12-10 09:00:00,pv,random_forest,1012.033071,999.8,12.233071
2020-12-10 09:00:00,pv,mlp,635.105103,999.8,364.694897
2020-12-10 09:00:00,pv,H24_DAILY_PERSISTENCE,958.891667,999.8,40.908333
2020-12-10 10:00:00,pv,random_forest,1048.092131,1051.125,3.032869
2020-12-10 10:00:00,pv,mlp,648.121521,1051.125,403.003479
2020-12-10 10:00:00,pv,H24_DAILY_PERSISTENCE,1050.625,1051.125,0.5
2020-12-10 11:00:00,pv,random_forest,1031.337229,1073.716667,42.379438
2020-12-10 11:00:00,pv,mlp,649.609253,1073.716667,424.107414
2020-12-10 11:00:00,pv,H24_DAILY_PERSISTENCE,1071.391667,1073.716667,2.325
2020-12-10 12:00:00,pv,random_forest,995.560199,1064.266667,68.706468
2020-12-10 12:00:00,pv,mlp,642.355103,1064.266667,421.911564
2020-12-10 12:00:00,pv,H24_DAILY_PERSISTENCE,1043.025,1064.266667,21.241667
2020-12-10 13:00:00,pv,random_forest,980.540914,1017.141667,36.600752
2020-12-10 13:00:00,pv,mlp,627.934937,1017.141667,389.20673
2020-12-10 13:00:00,pv,H24_DAILY_PERSISTENCE,985.091667,1017.141667,32.05
2020-12-10 14:00:00,pv,random_forest,965.845801,921.35,44.495801
2020-12-10 14:00:00,pv,mlp,598.881714,921.35,322.468286
2020-12-10 14:00:00,pv,H24_DAILY_PERSISTENCE,891.225,921.35,30.125
2020-12-10 15:00:00,pv,random_forest,671.937264,618.916667,53.020598
2020-12-10 15:00:00,pv,mlp,496.216644,618.916667,122.700022
2020-12-10 15:00:00,pv,H24_DAILY_PERSISTENCE,589.175,618.916667,29.741667
2020-12-10 16:00:00,pv,random_forest,64.023281,36.75,27.273281
2020-12-10 16:00:00,pv,mlp,266.391785,36.75,229.641785
2020-12-10 16:00:00,pv,H24_DAILY_PERSISTENCE,32.25,36.75,4.5
2020-12-10 17:00:00,pv,random_forest,0.728014,0.0,0.728014
2020-12-10 17:00:00,pv,mlp,224.648285,0.0,224.648285
2020-12-10 17:00:00,pv,H24_DAILY_PERSISTENCE,0.0,0.0,0.0
2020-12-10 18:00:00,pv,random_forest,0.059823,0.0,0.059823
2020-12-10 18:00:00,pv,mlp,199.145111,0.0,199.145111
2020-12-10 18:00:00,pv,H24_DAILY_PERSISTENCE,0.0,0.0,0.0
2020-12-10 19:00:00,pv,random_forest,0.059823,0.0,0.059823
2020-12-10 19:00:00,pv,mlp,176.729095,0.0,176.729095
2020-12-10 19:00:00,pv,H24_DAILY_PERSISTENCE,0.0,0.0,0.0
2020-12-10 20:00:00,pv,random_forest,0.059823,0.0,0.059823
2020-12-10 20:00:00,pv,mlp,157.811798,0.0,157.811798
2020-12-10 20:00:00,pv,H24_DAILY_PERSISTENCE,0.0,0.0,0.0
2020-12-10 21:00:00,pv,random_forest,0.059823,0.0,0.059823
2020-12-10 21:00:00,pv,mlp,141.505737,0.0,141.505737
2020-12-10 21:00:00,pv,H24_DAILY_PERSISTENCE,0.0,0.0,0.0
2020-12-10 22:00:00,pv,random_forest,0.059823,0.0,0.059823
2020-12-10 22:00:00,pv,mlp,129.878189,0.0,129.878189
2020-12-10 22:00:00,pv,H24_DAILY_PERSISTENCE,0.0,0.0,0.0
2020-12-10 23:00:00,pv,random_forest,0.059823,0.0,0.059823
2020-12-10 23:00:00,pv,mlp,124.643738,0.0,124.643738
2020-12-10 23:00:00,pv,H24_DAILY_PERSISTENCE,0.0,0.0,0.0
2020-12-11 00:00:00,pv,random_forest,0.059823,0.0,0.059823
2020-12-11 00:00:00,pv,mlp,132.396378,0.0,132.396378
2020-12-11 00:00:00,pv,H24_DAILY_PERSISTENCE,0.0,0.0,0.0
2020-12-11 01:00:00,pv,random_forest,0.059823,0.0,0.059823
2020-12-11 01:00:00,pv,mlp,136.840561,0.0,136.840561
2020-12-11 01:00:00,pv,H24_DAILY_PERSISTENCE,0.0,0.0,0.0
2020-12-11 02:00:00,pv,random_forest,0.059823,0.0,0.059823
2020-12-11 02:00:00,pv,mlp,147.943085,0.0,147.943085
2020-12-11 02:00:00,pv,H24_DAILY_PERSISTENCE,0.0,0.0,0.0
2020-12-11 03:00:00,pv,random_forest,0.059823,0.0,0.059823
2020-12-11 03:00:00,pv,mlp,165.106277,0.0,165.106277
2020-12-11 03:00:00,pv,H24_DAILY_PERSISTENCE,0.0,0.0,0.0
2020-12-11 04:00:00,pv,random_forest,0.059823,0.0,0.059823
2020-12-11 04:00:00,pv,mlp,182.756393,0.0,182.756393
2020-12-11 04:00:00,pv,H24_DAILY_PERSISTENCE,0.0,0.0,0.0
2020-12-11 05:00:00,pv,random_forest,0.059823,0.0,0.059823
2020-12-11 05:00:00,pv,mlp,203.857132,0.0,203.857132
2020-12-11 05:00:00,pv,H24_DAILY_PERSISTENCE,0.0,0.0,0.0
2020-12-11 06:00:00,pv,random_forest,16.642984,6.083333,10.55965
2020-12-11 06:00:00,pv,mlp,232.575851,6.083333,226.492518
2020-12-11 06:00:00,pv,H24_DAILY_PERSISTENCE,7.308333,6.083333,1.225
2020-12-11 07:00:00,pv,random_forest,472.753171,466.766667,5.986504
2020-12-11 07:00:00,pv,mlp,412.87085,466.766667,53.895817
2020-12-11 07:00:00,pv,H24_DAILY_PERSISTENCE,473.025,466.766667,6.258333
2020-12-11 08:00:00,pv,random_forest,830.009593,877.458333,47.44874
2020-12-11 08:00:00,pv,mlp,575.410767,877.458333,302.047567
2020-12-11 08:00:00,pv,H24_DAILY_PERSISTENCE,869.183333,877.458333,8.275
2020-12-11 09:00:00,pv,random_forest,961.266602,1012.758333,51.491731
2020-12-11 09:00:00,pv,mlp,623.621033,1012.758333,389.137301
2020-12-11 09:00:00,pv,H24_DAILY_PERSISTENCE,999.8,1012.758333,12.958333
2020-12-11 10:00:00,pv,random_forest,1022.344412,1058.858333,36.513921
2020-12-11 10:00:00,pv,mlp,637.063904,1058.858333,421.79443
2020-12-11 10:00:00,pv,H24_DAILY_PERSISTENCE,1051.125,1058.858333,7.733333
2020-12-11 11:00:00,pv,random_forest,1072.24175,1068.816667,3.425084
2020-12-11 11:00:00,pv,mlp,643.091614,1068.816667,425.725053
2020-12-11 11:00:00,pv,H24_DAILY_PERSISTENCE,1073.716667,1068.816667,4.9
2020-12-11 12:00:00,pv,random_forest,1044.625926,1047.15,2.524074
2020-12-11 12:00:00,pv,mlp,639.744812,1047.15,407.405188
2020-12-11 12:00:00,pv,H24_DAILY_PERSISTENCE,1064.266667,1047.15,17.116667
2020-12-11 13:00:00,pv,random_forest,998.396309,983.633333,14.762976
2020-12-11 13:00:00,pv,mlp,622.01825,983.633333,361.615084
2020-12-11 13:00:00,pv,H24_DAILY_PERSISTENCE,1017.141667,983.633333,33.508333
2020-12-11 14:00:00,pv,random_forest,967.363468,838.3,129.063468
2020-12-11 14:00:00,pv,mlp,597.429504,838.3,240.870496
2020-12-11 14:00:00,pv,H24_DAILY_PERSISTENCE,921.35,838.3,83.05
2020-12-11 15:00:00,pv,random_forest,664.856932,561.875,102.981932
2020-12-11 15:00:00,pv,mlp,499.349182,561.875,62.525818
2020-12-11 15:00:00,pv,H24_DAILY_PERSISTENCE,618.916667,561.875,57.041667
2020-12-11 16:00:00,pv,random_forest,57.616258,26.216667,31.399591
2020-12-11 16:00:00,pv,mlp,263.576904,26.216667,237.360238
2020-12-11 16:00:00,pv,H24_DAILY_PERSISTENCE,36.75,26.216667,10.533333
2020-12-11 17:00:00,pv,random_forest,0.13934,0.0,0.13934
2020-12-11 17:00:00,pv,mlp,236.151733,0.0,236.151733
2020-12-11 17:00:00,pv,H24_DAILY_PERSISTENCE,0.0,0.0,0.0
2020-12-11 18:00:00,pv,random_forest,0.059823,0.0,0.059823
2020-12-11 18:00:00,pv,mlp,213.047211,0.0,213.047211
2020-12-11 18:00:00,pv,H24_DAILY_PERSISTENCE,0.0,0.0,0.0
2020-12-11 19:00:00,pv,random_forest,0.059823,0.0,0.059823
2020-12-11 19:00:00,pv,mlp,190.554749,0.0,190.554749
2020-12-11 19:00:00,pv,H24_DAILY_PERSISTENCE,0.0,0.0,0.0
2020-12-11 20:00:00,pv,random_forest,0.059823,0.0,0.059823
2020-12-11 20:00:00,pv,mlp,169.476654,0.0,169.476654
2020-12-11 20:00:00,pv,H24_DAILY_PERSISTENCE,0.0,0.0,0.0
2020-12-11 21:00:00,pv,random_forest,0.059823,0.0,0.059823
2020-12-11 21:00:00,pv,mlp,153.019867,0.0,153.019867
2020-12-11 21:00:00,pv,H24_DAILY_PERSISTENCE,0.0,0.0,0.0
2020-12-11 22:00:00,pv,random_forest,0.059823,0.0,0.059823
2020-12-11 22:00:00,pv,mlp,140.76207,0.0,140.76207
2020-12-11 22:00:00,pv,H24_DAILY_PERSISTENCE,0.0,0.0,0.0
2020-12-11 23:00:00,pv,random_forest,0.059823,0.0,0.059823
2020-12-11 23:00:00,pv,mlp,133.548798,0.0,133.548798
2020-12-11 23:00:00,pv,H24_DAILY_PERSISTENCE,0.0,0.0,0.0
2020-12-12 00:00:00,pv,random_forest,0.059823,0.0,0.059823
2020-12-12 00:00:00,pv,mlp,141.634979,0.0,141.634979
2020-12-12 00:00:00,pv,H24_DAILY_PERSISTENCE,0.0,0.0,0.0
2020-12-12 01:00:00,pv,random_forest,0.059823,0.0,0.059823
2020-12-12 01:00:00,pv,mlp,146.921494,0.0,146.921494
2020-12-12 01:00:00,pv,H24_DAILY_PERSISTENCE,0.0,0.0,0.0
2020-12-12 02:00:00,pv,random_forest,0.059823,0.0,0.059823
2020-12-12 02:00:00,pv,mlp,157.22403,0.0,157.22403
2020-12-12 02:00:00,pv,H24_DAILY_PERSISTENCE,0.0,0.0,0.0
2020-12-12 03:00:00,pv,random_forest,0.059823,0.0,0.059823
2020-12-12 03:00:00,pv,mlp,171.224884,0.0,171.224884
2020-12-12 03:00:00,pv,H24_DAILY_PERSISTENCE,0.0,0.0,0.0
2020-12-12 04:00:00,pv,random_forest,0.059823,0.0,0.059823
2020-12-12 04:00:00,pv,mlp,189.314407,0.0,189.314407
2020-12-12 04:00:00,pv,H24_DAILY_PERSISTENCE,0.0,0.0,0.0
2020-12-12 05:00:00,pv,random_forest,0.059823,0.0,0.059823
2020-12-12 05:00:00,pv,mlp,209.686127,0.0,209.686127
2020-12-12 05:00:00,pv,H24_DAILY_PERSISTENCE,0.0,0.0,0.0
2020-12-12 06:00:00,pv,random_forest,14.641284,6.041667,8.599617
2020-12-12 06:00:00,pv,mlp,235.476028,6.041667,229.434362
2020-12-12 06:00:00,pv,H24_DAILY_PERSISTENCE,6.083333,6.041667,0.041667
2020-12-12 07:00:00,pv,random_forest,500.244061,445.441667,54.802394
2020-12-12 07:00:00,pv,mlp,421.243744,445.441667,24.197923
2020-12-12 07:00:00,pv,H24_DAILY_PERSISTENCE,466.766667,445.441667,21.325
2020-12-12 08:00:00,pv,random_forest,841.507568,840.875,0.632568
2020-12-12 08:00:00,pv,mlp,592.073486,840.875,248.801514
2020-12-12 08:00:00,pv,H24_DAILY_PERSISTENCE,877.458333,840.875,36.583333
2020-12-12 09:00:00,pv,random_forest,972.477757,992.85,20.372243
2020-12-12 09:00:00,pv,mlp,633.109863,992.85,359.740137
2020-12-12 09:00:00,pv,H24_DAILY_PERSISTENCE,1012.758333,992.85,19.908333
2020-12-12 10:00:00,pv,random_forest,1021.704564,1075.758333,54.053769
2020-12-12 10:00:00,pv,mlp,644.340942,1075.758333,431.417391
2020-12-12 10:00:00,pv,H24_DAILY_PERSISTENCE,1058.858333,1075.758333,16.9
2020-12-12 11:00:00,pv,random_forest,1069.689133,1102.591667,32.902533
2020-12-12 11:00:00,pv,mlp,647.726074,1102.591667,454.865592
2020-12-12 11:00:00,pv,H24_DAILY_PERSISTENCE,1068.816667,1102.591667,33.775
2020-12-12 12:00:00,pv,random_forest,1061.2788,1078.266667,16.987867
2020-12-12 12:00:00,pv,mlp,641.699829,1078.266667,436.566838
2020-12-12 12:00:00,pv,H24_DAILY_PERSISTENCE,1047.15,1078.266667,31.116667
2020-12-12 13:00:00,pv,random_forest,979.898606,1038.191667,58.293061
2020-12-12 13:00:00,pv,mlp,623.970825,1038.191667,414.220841
2020-12-12 13:00:00,pv,H24_DAILY_PERSISTENCE,983.633333,1038.191667,54.558333
2020-12-12 14:00:00,pv,random_forest,962.707983,937.466667,25.241317
2020-12-12 14:00:00,pv,mlp,588.393433,937.466667,349.073234
2020-12-12 14:00:00,pv,H24_DAILY_PERSISTENCE,838.3,937.466667,99.166667
2020-12-12 15:00:00,pv,random_forest,660.936192,635.516667,25.419525
2020-12-12 15:00:00,pv,mlp,497.698303,635.516667,137.818363
2020-12-12 15:00:00,pv,H24_DAILY_PERSISTENCE,561.875,635.516667,73.641667
2020-12-12 16:00:00,pv,random_forest,45.807741,39.583333,6.224407
2020-12-12 16:00:00,pv,mlp,258.786072,39.583333,219.202738
2020-12-12 16:00:00,pv,H24_DAILY_PERSISTENCE,26.216667,39.583333,13.366667
2020-12-12 17:00:00,pv,random_forest,0.037713,0.0,0.037713
2020-12-12 17:00:00,pv,mlp,238.082672,0.0,238.082672
2020-12-12 17:00:00,pv,H24_DAILY_PERSISTENCE,0.0,0.0,0.0
2020-12-12 18:00:00,pv,random_forest,0.059823,0.0,0.059823
2020-12-12 18:00:00,pv,mlp,212.917435,0.0,212.917435
2020-12-12 18:00:00,pv,H24_DAILY_PERSISTENCE,0.0,0.0,0.0
2020-12-12 19:00:00,pv,random_forest,0.059823,0.0,0.059823
2020-12-12 19:00:00,pv,mlp,190.897217,0.0,190.897217
2020-12-12 19:00:00,pv,H24_DAILY_PERSISTENCE,0.0,0.0,0.0
2020-12-12 20:00:00,pv,random_forest,0.059823,0.0,0.059823
2020-12-12 20:00:00,pv,mlp,172.50174,0.0,172.50174
2020-12-12 20:00:00,pv,H24_DAILY_PERSISTENCE,0.0,0.0,0.0
2020-12-12 21:00:00,pv,random_forest,0.059823,0.0,0.059823
2020-12-12 21:00:00,pv,mlp,157.741699,0.0,157.741699
2020-12-12 21:00:00,pv,H24_DAILY_PERSISTENCE,0.0,0.0,0.0
2020-12-12 22:00:00,pv,random_forest,0.059823,0.0,0.059823
2020-12-12 22:00:00,pv,mlp,147.507904,0.0,147.507904
2020-12-12 22:00:00,pv,H24_DAILY_PERSISTENCE,0.0,0.0,0.0
2020-12-12 23:00:00,pv,random_forest,0.059823,0.0,0.059823
2020-12-12 23:00:00,pv,mlp,141.23172,0.0,141.23172
2020-12-12 23:00:00,pv,H24_DAILY_PERSISTENCE,0.0,0.0,0.0
2020-12-13 00:00:00,pv,random_forest,0.059823,0.0,0.059823
2020-12-13 00:00:00,pv,mlp,138.380127,0.0,138.380127
2020-12-13 00:00:00,pv,H24_DAILY_PERSISTENCE,0.0,0.0,0.0
2020-12-13 01:00:00,pv,random_forest,0.059823,0.0,0.059823
2020-12-13 01:00:00,pv,mlp,144.133499,0.0,144.133499
2020-12-13 01:00:00,pv,H24_DAILY_PERSISTENCE,0.0,0.0,0.0
2020-12-13 02:00:00,pv,random_forest,0.059823,0.0,0.059823
2020-12-13 02:00:00,pv,mlp,156.659698,0.0,156.659698
2020-12-13 02:00:00,pv,H24_DAILY_PERSISTENCE,0.0,0.0,0.0
2020-12-13 03:00:00,pv,random_forest,0.059823,0.0,0.059823
2020-12-13 03:00:00,pv,mlp,173.022858,0.0,173.022858
2020-12-13 03:00:00,pv,H24_DAILY_PERSISTENCE,0.0,0.0,0.0
2020-12-13 04:00:00,pv,random_forest,0.059823,0.0,0.059823
2020-12-13 04:00:00,pv,mlp,191.233902,0.0,191.233902
2020-12-13 04:00:00,pv,H24_DAILY_PERSISTENCE,0.0,0.0,0.0
2020-12-13 05:00:00,pv,random_forest,0.059823,0.0,0.059823
2020-12-13 05:00:00,pv,mlp,211.076492,0.0,211.076492
2020-12-13 05:00:00,pv,H24_DAILY_PERSISTENCE,0.0,0.0,0.0
2020-12-13 06:00:00,pv,random_forest,12.863344,4.858333,8.005011
2020-12-13 06:00:00,pv,mlp,233.922638,4.858333,229.064305
2020-12-13 06:00:00,pv,H24_DAILY_PERSISTENCE,6.041667,4.858333,1.183333
2020-12-13 07:00:00,pv,random_forest,496.507773,441.941667,54.566106
2020-12-13 07:00:00,pv,mlp,417.891846,441.941667,24.049821
2020-12-13 07:00:00,pv,H24_DAILY_PERSISTENCE,445.441667,441.941667,3.5
2020-12-13 08:00:00,pv,random_forest,810.879547,936.691667,125.81212
2020-12-13 08:00:00,pv,mlp,584.611267,936.691667,352.0804
2020-12-13 08:00:00,pv,H24_DAILY_PERSISTENCE,840.875,936.691667,95.816667
2020-12-13 09:00:00,pv,random_forest,984.858926,1075.375,90.516074
2020-12-13 09:00:00,pv,mlp,638.759399,1075.375,436.615601
2020-12-13 09:00:00,pv,H24_DAILY_PERSISTENCE,992.85,1075.375,82.525
2020-12-13 10:00:00,pv,random_forest,1034.404928,1124.725,90.320072
2020-12-13 10:00:00,pv,mlp,655.876343,1124.725,468.848657
2020-12-13 10:00:00,pv,H24_DAILY_PERSISTENCE,1075.758333,1124.725,48.966667
2020-12-13 11:00:00,pv,random_forest,1062.585409,1074.966667,12.381258
2020-12-13 11:00:00,pv,mlp,657.840576,1074.966667,417.12609
2020-12-13 11:00:00,pv,H24_DAILY_PERSISTENCE,1102.591667,1074.966667,27.625
2020-12-13 12:00:00,pv,random_forest,1060.844642,1040.975,19.869642
2020-12-13 12:00:00,pv,mlp,648.693542,1040.975,392.281458
2020-12-13 12:00:00,pv,H24_DAILY_PERSISTENCE,1078.266667,1040.975,37.291667
2020-12-13 13:00:00,pv,random_forest,993.228869,1032.591667,39.362798
2020-12-13 13:00:00,pv,mlp,630.240723,1032.591667,402.350944
2020-12-13 13:00:00,pv,H24_DAILY_PERSISTENCE,1038.191667,1032.591667,5.6
2020-12-13 14:00:00,pv,random_forest,924.221254,791.0,133.221254
2020-12-13 14:00:00,pv,mlp,588.584473,791.0,202.415527
2020-12-13 14:00:00,pv,H24_DAILY_PERSISTENCE,937.466667,791.0,146.466667
2020-12-13 15:00:00,pv,random_forest,651.921653,506.533333,145.38832
2020-12-13 15:00:00,pv,mlp,493.574615,506.533333,12.958718
2020-12-13 15:00:00,pv,H24_DAILY_PERSISTENCE,635.516667,506.533333,128.983333
2020-12-13 16:00:00,pv,random_forest,51.791745,28.5,23.291745
2020-12-13 16:00:00,pv,mlp,244.000641,28.5,215.500641
2020-12-13 16:00:00,pv,H24_DAILY_PERSISTENCE,39.583333,28.5,11.083333
2020-12-13 17:00:00,pv,random_forest,0.13934,0.0,0.13934
2020-12-13 17:00:00,pv,mlp,227.83316,0.0,227.83316
2020-12-13 17:00:00,pv,H24_DAILY_PERSISTENCE,0.0,0.0,0.0
2020-12-13 18:00:00,pv,random_forest,0.059823,0.0,0.059823
2020-12-13 18:00:00,pv,mlp,205.389648,0.0,205.389648
2020-12-13 18:00:00,pv,H24_DAILY_PERSISTENCE,0.0,0.0,0.0
2020-12-13 19:00:00,pv,random_forest,0.059823,0.0,0.059823
2020-12-13 19:00:00,pv,mlp,184.91423,0.0,184.91423
2020-12-13 19:00:00,pv,H24_DAILY_PERSISTENCE,0.0,0.0,0.0
2020-12-13 20:00:00,pv,random_forest,0.059823,0.0,0.059823
2020-12-13 20:00:00,pv,mlp,168.440079,0.0,168.440079
2020-12-13 20:00:00,pv,H24_DAILY_PERSISTENCE,0.0,0.0,0.0
2020-12-13 21:00:00,pv,random_forest,0.059823,0.0,0.059823
2020-12-13 21:00:00,pv,mlp,153.73642,0.0,153.73642
2020-12-13 21:00:00,pv,H24_DAILY_PERSISTENCE,0.0,0.0,0.0
2020-12-13 22:00:00,pv,random_forest,0.059823,0.0,0.059823
2020-12-13 22:00:00,pv,mlp,143.524414,0.0,143.524414
2020-12-13 22:00:00,pv,H24_DAILY_PERSISTENCE,0.0,0.0,0.0
2020-12-13 23:00:00,pv,random_forest,0.059823,0.0,0.059823
2020-12-13 23:00:00,pv,mlp,138.115479,0.0,138.115479
2020-12-13 23:00:00,pv,H24_DAILY_PERSISTENCE,0.0,0.0,0.0
2020-12-14 00:00:00,pv,random_forest,0.059823,0.0,0.059823
2020-12-14 00:00:00,pv,mlp,131.292816,0.0,131.292816
2020-12-14 00:00:00,pv,H24_DAILY_PERSISTENCE,0.0,0.0,0.0
2020-12-14 01:00:00,pv,random_forest,0.059823,0.0,0.059823
2020-12-14 01:00:00,pv,mlp,138.007339,0.0,138.007339
2020-12-14 01:00:00,pv,H24_DAILY_PERSISTENCE,0.0,0.0,0.0
2020-12-14 02:00:00,pv,random_forest,0.059823,0.0,0.059823
2020-12-14 02:00:00,pv,mlp,149.605713,0.0,149.605713
2020-12-14 02:00:00,pv,H24_DAILY_PERSISTENCE,0.0,0.0,0.0
2020-12-14 03:00:00,pv,random_forest,0.059823,0.0,0.059823
2020-12-14 03:00:00,pv,mlp,166.761719,0.0,166.761719
2020-12-14 03:00:00,pv,H24_DAILY_PERSISTENCE,0.0,0.0,0.0
2020-12-14 04:00:00,pv,random_forest,0.059823,0.0,0.059823
2020-12-14 04:00:00,pv,mlp,185.654053,0.0,185.654053
2020-12-14 04:00:00,pv,H24_DAILY_PERSISTENCE,0.0,0.0,0.0
2020-12-14 05:00:00,pv,random_forest,0.059823,0.0,0.059823
2020-12-14 05:00:00,pv,mlp,201.774963,0.0,201.774963
2020-12-14 05:00:00,pv,H24_DAILY_PERSISTENCE,0.0,0.0,0.0
2020-12-14 06:00:00,pv,random_forest,10.224414,3.358333,6.866081
2020-12-14 06:00:00,pv,mlp,220.49353,3.358333,217.135197
2020-12-14 06:00:00,pv,H24_DAILY_PERSISTENCE,4.858333,3.358333,1.5
2020-12-14 07:00:00,pv,random_forest,489.686733,417.716667,71.970066
2020-12-14 07:00:00,pv,mlp,415.738831,417.716667,1.977836
2020-12-14 07:00:00,pv,H24_DAILY_PERSISTENCE,441.941667,417.716667,24.225
2020-12-14 08:00:00,pv,random_forest,789.237221,881.375,92.137779
2020-12-14 08:00:00,pv,mlp,595.026733,881.375,286.348267
2020-12-14 08:00:00,pv,H24_DAILY_PERSISTENCE,936.691667,881.375,55.316667
2020-12-14 09:00:00,pv,random_forest,969.382801,1023.225,53.842199
2020-12-14 09:00:00,pv,mlp,639.100525,1023.225,384.124475
2020-12-14 09:00:00,pv,H24_DAILY_PERSISTENCE,1075.375,1023.225,52.15
2020-12-14 10:00:00,pv,random_forest,1073.539,1064.383333,9.155667
2020-12-14 10:00:00,pv,mlp,656.963745,1064.383333,407.419588
2020-12-14 10:00:00,pv,H24_DAILY_PERSISTENCE,1124.725,1064.383333,60.341667
2020-12-14 11:00:00,pv,random_forest,1097.859389,1077.416667,20.442722
2020-12-14 11:00:00,pv,mlp,653.490112,1077.416667,423.926554
2020-12-14 11:00:00,pv,H24_DAILY_PERSISTENCE,1074.966667,1077.416667,2.45
2020-12-14 12:00:00,pv,random_forest,1070.148744,1057.483333,12.665411
2020-12-14 12:00:00,pv,mlp,645.161072,1057.483333,412.322262
2020-12-14 12:00:00,pv,H24_DAILY_PERSISTENCE,1040.975,1057.483333,16.508333
2020-12-14 13:00:00,pv,random_forest,1015.519676,1018.008333,2.488657
2020-12-14 13:00:00,pv,mlp,631.349609,1018.008333,386.658724
2020-12-14 13:00:00,pv,H24_DAILY_PERSISTENCE,1032.591667,1018.008333,14.583333
2020-12-14 14:00:00,pv,random_forest,964.791903,964.116667,0.675236
2020-12-14 14:00:00,pv,mlp,588.500488,964.116667,375.616178
2020-12-14 14:00:00,pv,H24_DAILY_PERSISTENCE,791.0,964.116667,173.116667
2020-12-14 15:00:00,pv,random_forest,670.177706,629.7,40.477706
2020-12-14 15:00:00,pv,mlp,476.863617,629.7,152.836383
2020-12-14 15:00:00,pv,H24_DAILY_PERSISTENCE,506.533333,629.7,123.166667
2020-12-14 16:00:00,pv,random_forest,49.261401,29.5,19.761401
2020-12-14 16:00:00,pv,mlp,226.303864,29.5,196.803864
2020-12-14 16:00:00,pv,H24_DAILY_PERSISTENCE,28.5,29.5,1.0
2020-12-14 17:00:00,pv,random_forest,0.728014,0.0,0.728014
2020-12-14 17:00:00,pv,mlp,205.81987,0.0,205.81987
2020-12-14 17:00:00,pv,H24_DAILY_PERSISTENCE,0.0,0.0,0.0
2020-12-14 18:00:00,pv,random_forest,0.059823,0.0,0.059823
2020-12-14 18:00:00,pv,mlp,187.345367,0.0,187.345367
2020-12-14 18:00:00,pv,H24_DAILY_PERSISTENCE,0.0,0.0,0.0
2020-12-14 19:00:00,pv,random_forest,0.059823,0.0,0.059823
2020-12-14 19:00:00,pv,mlp,168.656296,0.0,168.656296
2020-12-14 19:00:00,pv,H24_DAILY_PERSISTENCE,0.0,0.0,0.0
2020-12-14 20:00:00,pv,random_forest,0.059823,0.0,0.059823
2020-12-14 20:00:00,pv,mlp,153.163269,0.0,153.163269
2020-12-14 20:00:00,pv,H24_DAILY_PERSISTENCE,0.0,0.0,0.0
2020-12-14 21:00:00,pv,random_forest,0.059823,0.0,0.059823
2020-12-14 21:00:00,pv,mlp,140.254608,0.0,140.254608
2020-12-14 21:00:00,pv,H24_DAILY_PERSISTENCE,0.0,0.0,0.0
2020-12-14 22:00:00,pv,random_forest,0.059823,0.0,0.059823
2020-12-14 22:00:00,pv,mlp,131.446609,0.0,131.446609
2020-12-14 22:00:00,pv,H24_DAILY_PERSISTENCE,0.0,0.0,0.0
2020-12-14 23:00:00,pv,random_forest,0.059823,0.0,0.059823
2020-12-14 23:00:00,pv,mlp,127.716042,0.0,127.716042
2020-12-14 23:00:00,pv,H24_DAILY_PERSISTENCE,0.0,0.0,0.0
2020-12-15 00:00:00,pv,random_forest,0.059823,0.0,0.059823
2020-12-15 00:00:00,pv,mlp,131.669235,0.0,131.669235
2020-12-15 00:00:00,pv,H24_DAILY_PERSISTENCE,0.0,0.0,0.0
2020-12-15 01:00:00,pv,random_forest,0.059823,0.0,0.059823
2020-12-15 01:00:00,pv,mlp,139.935089,0.0,139.935089
2020-12-15 01:00:00,pv,H24_DAILY_PERSISTENCE,0.0,0.0,0.0
2020-12-15 02:00:00,pv,random_forest,0.059823,0.0,0.059823
2020-12-15 02:00:00,pv,mlp,149.480469,0.0,149.480469
2020-12-15 02:00:00,pv,H24_DAILY_PERSISTENCE,0.0,0.0,0.0
2020-12-15 03:00:00,pv,random_forest,0.059823,0.0,0.059823
2020-12-15 03:00:00,pv,mlp,162.564087,0.0,162.564087
2020-12-15 03:00:00,pv,H24_DAILY_PERSISTENCE,0.0,0.0,0.0
2020-12-15 04:00:00,pv,random_forest,0.059823,0.0,0.059823
2020-12-15 04:00:00,pv,mlp,178.292892,0.0,178.292892
2020-12-15 04:00:00,pv,H24_DAILY_PERSISTENCE,0.0,0.0,0.0
2020-12-15 05:00:00,pv,random_forest,0.059823,0.0,0.059823
2020-12-15 05:00:00,pv,mlp,195.768829,0.0,195.768829
2020-12-15 05:00:00,pv,H24_DAILY_PERSISTENCE,0.0,0.0,0.0
2020-12-15 06:00:00,pv,random_forest,9.96248,1.991667,7.970813
2020-12-15 06:00:00,pv,mlp,215.915924,1.991667,213.924257
2020-12-15 06:00:00,pv,H24_DAILY_PERSISTENCE,3.358333,1.991667,1.366667
2020-12-15 07:00:00,pv,random_forest,429.413665,318.775,110.638665
2020-12-15 07:00:00,pv,mlp,418.516937,318.775,99.741937
2020-12-15 07:00:00,pv,H24_DAILY_PERSISTENCE,417.716667,318.775,98.941667
2020-12-15 08:00:00,pv,random_forest,815.02433,746.358333,68.665996
2020-12-15 08:00:00,pv,mlp,602.992798,746.358333,143.365535
2020-12-15 08:00:00,pv,H24_DAILY_PERSISTENCE,881.375,746.358333,135.016667
2020-12-15 09:00:00,pv,random_forest,1022.029269,865.691667,156.337603
2020-12-15 09:00:00,pv,mlp,639.673279,865.691667,226.018388
2020-12-15 09:00:00,pv,H24_DAILY_PERSISTENCE,1023.225,865.691667,157.533333
2020-12-15 10:00:00,pv,random_forest,1067.924478,781.258333,286.666144
2020-12-15 10:00:00,pv,mlp,648.749634,781.258333,132.5087
2020-12-15 10:00:00,pv,H24_DAILY_PERSISTENCE,1064.383333,781.258333,283.125
2020-12-15 11:00:00,pv,random_forest,1069.415301,792.65,276.765301
2020-12-15 11:00:00,pv,mlp,648.339844,792.65,144.310156
2020-12-15 11:00:00,pv,H24_DAILY_PERSISTENCE,1077.416667,792.65,284.766667
2020-12-15 12:00:00,pv,random_forest,1032.631688,925.808333,106.823354
2020-12-15 12:00:00,pv,mlp,642.450623,925.808333,283.357711
2020-12-15 12:00:00,pv,H24_DAILY_PERSISTENCE,1057.483333,925.808333,131.675
2020-12-15 13:00:00,pv,random_forest,1015.539521,930.241667,85.297854
2020-12-15 13:00:00,pv,mlp,629.579712,930.241667,300.661955
2020-12-15 13:00:00,pv,H24_DAILY_PERSISTENCE,1018.008333,930.241667,87.766667
2020-12-15 14:00:00,pv,random_forest,901.523922,864.141667,37.382256
2020-12-15 14:00:00,pv,mlp,588.851868,864.141667,275.289799
2020-12-15 14:00:00,pv,H24_DAILY_PERSISTENCE,964.116667,864.141667,99.975
2020-12-15 15:00:00,pv,random_forest,688.185929,548.641667,139.544263
2020-12-15 15:00:00,pv,mlp,460.40152,548.641667,88.240147
2020-12-15 15:00:00,pv,H24_DAILY_PERSISTENCE,629.7,548.641667,81.058333
2020-12-15 16:00:00,pv,random_forest,55.089173,35.041667,20.047507
2020-12-15 16:00:00,pv,mlp,226.261887,35.041667,191.22022
2020-12-15 16:00:00,pv,H24_DAILY_PERSISTENCE,29.5,35.041667,5.541667
2020-12-15 17:00:00,pv,random_forest,0.728014,0.0,0.728014
2020-12-15 17:00:00,pv,mlp,197.12291,0.0,197.12291
2020-12-15 17:00:00,pv,H24_DAILY_PERSISTENCE,0.0,0.0,0.0
2020-12-15 18:00:00,pv,random_forest,0.059823,0.0,0.059823
2020-12-15 18:00:00,pv,mlp,177.392853,0.0,177.392853
2020-12-15 18:00:00,pv,H24_DAILY_PERSISTENCE,0.0,0.0,0.0
2020-12-15 19:00:00,pv,random_forest,0.059823,0.0,0.059823
2020-12-15 19:00:00,pv,mlp,159.058868,0.0,159.058868
2020-12-15 19:00:00,pv,H24_DAILY_PERSISTENCE,0.0,0.0,0.0
2020-12-15 20:00:00,pv,random_forest,0.059823,0.0,0.059823
2020-12-15 20:00:00,pv,mlp,144.363937,0.0,144.363937
2020-12-15 20:00:00,pv,H24_DAILY_PERSISTENCE,0.0,0.0,0.0
2020-12-15 21:00:00,pv,random_forest,0.059823,0.0,0.059823
2020-12-15 21:00:00,pv,mlp,133.305557,0.0,133.305557
2020-12-15 21:00:00,pv,H24_DAILY_PERSISTENCE,0.0,0.0,0.0
2020-12-15 22:00:00,pv,random_forest,0.059823,0.0,0.059823
2020-12-15 22:00:00,pv,mlp,127.142319,0.0,127.142319
2020-12-15 22:00:00,pv,H24_DAILY_PERSISTENCE,0.0,0.0,0.0
2020-12-15 23:00:00,pv,random_forest,0.059823,0.0,0.059823
2020-12-15 23:00:00,pv,mlp,126.854233,0.0,126.854233
2020-12-15 23:00:00,pv,H24_DAILY_PERSISTENCE,0.0,0.0,0.0
2020-12-16 00:00:00,pv,random_forest,0.059823,0.0,0.059823
2020-12-16 00:00:00,pv,mlp,126.85997,0.0,126.85997
2020-12-16 00:00:00,pv,H24_DAILY_PERSISTENCE,0.0,0.0,0.0
2020-12-16 01:00:00,pv,random_forest,0.059823,0.0,0.059823
2020-12-16 01:00:00,pv,mlp,133.885544,0.0,133.885544
2020-12-16 01:00:00,pv,H24_DAILY_PERSISTENCE,0.0,0.0,0.0
2020-12-16 02:00:00,pv,random_forest,0.059823,0.0,0.059823
2020-12-16 02:00:00,pv,mlp,145.014862,0.0,145.014862
2020-12-16 02:00:00,pv,H24_DAILY_PERSISTENCE,0.0,0.0,0.0
2020-12-16 03:00:00,pv,random_forest,0.059823,0.0,0.059823
2020-12-16 03:00:00,pv,mlp,160.403854,0.0,160.403854
2020-12-16 03:00:00,pv,H24_DAILY_PERSISTENCE,0.0,0.0,0.0
2020-12-16 04:00:00,pv,random_forest,0.059823,0.0,0.059823
2020-12-16 04:00:00,pv,mlp,177.170456,0.0,177.170456
2020-12-16 04:00:00,pv,H24_DAILY_PERSISTENCE,0.0,0.0,0.0
2020-12-16 05:00:00,pv,random_forest,0.059823,0.0,0.059823
2020-12-16 05:00:00,pv,mlp,197.977051,0.0,197.977051
2020-12-16 05:00:00,pv,H24_DAILY_PERSISTENCE,0.0,0.0,0.0
2020-12-16 06:00:00,pv,random_forest,9.896502,2.933333,6.963169
2020-12-16 06:00:00,pv,mlp,220.744217,2.933333,217.810884
2020-12-16 06:00:00,pv,H24_DAILY_PERSISTENCE,1.991667,2.933333,0.941667
2020-12-16 07:00:00,pv,random_forest,397.138034,382.058333,15.079701
2020-12-16 07:00:00,pv,mlp,402.750732,382.058333,20.692399
2020-12-16 07:00:00,pv,H24_DAILY_PERSISTENCE,318.775,382.058333,63.283333
2020-12-16 08:00:00,pv,random_forest,826.856107,868.041667,41.18556
2020-12-16 08:00:00,pv,mlp,570.47522,868.041667,297.566447
2020-12-16 08:00:00,pv,H24_DAILY_PERSISTENCE,746.358333,868.041667,121.683333
2020-12-16 09:00:00,pv,random_forest,951.135638,1006.383333,55.247695
2020-12-16 09:00:00,pv,mlp,620.973755,1006.383333,385.409578
2020-12-16 09:00:00,pv,H24_DAILY_PERSISTENCE,865.691667,1006.383333,140.691667
2020-12-16 10:00:00,pv,random_forest,1020.812611,1031.716667,10.904056
2020-12-16 10:00:00,pv,mlp,619.511414,1031.716667,412.205253
2020-12-16 10:00:00,pv,H24_DAILY_PERSISTENCE,781.258333,1031.716667,250.458333
2020-12-16 11:00:00,pv,random_forest,987.283266,1027.375,40.091734
2020-12-16 11:00:00,pv,mlp,627.433472,1027.375,399.941528
2020-12-16 11:00:00,pv,H24_DAILY_PERSISTENCE,792.65,1027.375,234.725
2020-12-16 12:00:00,pv,random_forest,981.678024,1002.841667,21.163642
2020-12-16 12:00:00,pv,mlp,636.481567,1002.841667,366.360099
2020-12-16 12:00:00,pv,H24_DAILY_PERSISTENCE,925.808333,1002.841667,77.033333
2020-12-16 13:00:00,pv,random_forest,980.165352,961.625,18.540352
2020-12-16 13:00:00,pv,mlp,622.829468,961.625,338.795532
2020-12-16 13:00:00,pv,H24_DAILY_PERSISTENCE,930.241667,961.625,31.383333
2020-12-16 14:00:00,pv,random_forest,968.051525,902.258333,65.793192
2020-12-16 14:00:00,pv,mlp,597.576477,902.258333,304.681856
2020-12-16 14:00:00,pv,H24_DAILY_PERSISTENCE,864.141667,902.258333,38.116667
2020-12-16 15:00:00,pv,random_forest,639.058431,585.008333,54.050098
2020-12-16 15:00:00,pv,mlp,476.560059,585.008333,108.448275
2020-12-16 15:00:00,pv,H24_DAILY_PERSISTENCE,548.641667,585.008333,36.366667
2020-12-16 16:00:00,pv,random_forest,44.412153,25.916667,18.495486
2020-12-16 16:00:00,pv,mlp,243.37175,25.916667,217.455083
2020-12-16 16:00:00,pv,H24_DAILY_PERSISTENCE,35.041667,25.916667,9.125
2020-12-16 17:00:00,pv,random_forest,0.13934,0.0,0.13934
2020-12-16 17:00:00,pv,mlp,210.429535,0.0,210.429535
2020-12-16 17:00:00,pv,H24_DAILY_PERSISTENCE,0.0,0.0,0.0
2020-12-16 18:00:00,pv,random_forest,0.059823,0.0,0.059823
2020-12-16 18:00:00,pv,mlp,183.428024,0.0,183.428024
2020-12-16 18:00:00,pv,H24_DAILY_PERSISTENCE,0.0,0.0,0.0
2020-12-16 19:00:00,pv,random_forest,0.059823,0.0,0.059823
2020-12-16 19:00:00,pv,mlp,160.050446,0.0,160.050446
2020-12-16 19:00:00,pv,H24_DAILY_PERSISTENCE,0.0,0.0,0.0
2020-12-16 20:00:00,pv,random_forest,0.059823,0.0,0.059823
2020-12-16 20:00:00,pv,mlp,141.362457,0.0,141.362457
2020-12-16 20:00:00,pv,H24_DAILY_PERSISTENCE,0.0,0.0,0.0
2020-12-16 21:00:00,pv,random_forest,0.059823,0.0,0.059823
2020-12-16 21:00:00,pv,mlp,127.245193,0.0,127.245193
2020-12-16 21:00:00,pv,H24_DAILY_PERSISTENCE,0.0,0.0,0.0
2020-12-16 22:00:00,pv,random_forest,0.059823,0.0,0.059823
2020-12-16 22:00:00,pv,mlp,118.652054,0.0,118.652054
2020-12-16 22:00:00,pv,H24_DAILY_PERSISTENCE,0.0,0.0,0.0
2020-12-16 23:00:00,pv,random_forest,0.059823,0.0,0.059823
2020-12-16 23:00:00,pv,mlp,115.889786,0.0,115.889786
2020-12-16 23:00:00,pv,H24_DAILY_PERSISTENCE,0.0,0.0,0.0
2020-12-17 00:00:00,pv,random_forest,0.059823,0.0,0.059823
2020-12-17 00:00:00,pv,mlp,118.001877,0.0,118.001877
2020-12-17 00:00:00,pv,H24_DAILY_PERSISTENCE,0.0,0.0,0.0
2020-12-17 01:00:00,pv,random_forest,0.059823,0.0,0.059823
2020-12-17 01:00:00,pv,mlp,124.425331,0.0,124.425331
2020-12-17 01:00:00,pv,H24_DAILY_PERSISTENCE,0.0,0.0,0.0
2020-12-17 02:00:00,pv,random_forest,0.059823,0.0,0.059823
2020-12-17 02:00:00,pv,mlp,136.398285,0.0,136.398285
2020-12-17 02:00:00,pv,H24_DAILY_PERSISTENCE,0.0,0.0,0.0
2020-12-17 03:00:00,pv,random_forest,0.059823,0.0,0.059823
2020-12-17 03:00:00,pv,mlp,152.18927,0.0,152.18927
2020-12-17 03:00:00,pv,H24_DAILY_PERSISTENCE,0.0,0.0,0.0
2020-12-17 04:00:00,pv,random_forest,0.059823,0.0,0.059823
2020-12-17 04:00:00,pv,mlp,171.209702,0.0,171.209702
2020-12-17 04:00:00,pv,H24_DAILY_PERSISTENCE,0.0,0.0,0.0
2020-12-17 05:00:00,pv,random_forest,0.059823,0.0,0.059823
2020-12-17 05:00:00,pv,mlp,194.032501,0.0,194.032501
2020-12-17 05:00:00,pv,H24_DAILY_PERSISTENCE,0.0,0.0,0.0
2020-12-17 06:00:00,pv,random_forest,5.725062,1.591667,4.133395
2020-12-17 06:00:00,pv,mlp,219.260956,1.591667,217.669289
2020-12-17 06:00:00,pv,H24_DAILY_PERSISTENCE,2.933333,1.591667,1.341667
2020-12-17 07:00:00,pv,random_forest,354.326195,329.891667,24.434528
2020-12-17 07:00:00,pv,mlp,366.985168,329.891667,37.093502
2020-12-17 07:00:00,pv,H24_DAILY_PERSISTENCE,382.058333,329.891667,52.166667
2020-12-17 08:00:00,pv,random_forest,692.935147,750.208333,57.273186
2020-12-17 08:00:00,pv,mlp,544.401001,750.208333,205.807332
2020-12-17 08:00:00,pv,H24_DAILY_PERSISTENCE,868.041667,750.208333,117.833333
2020-12-17 09:00:00,pv,random_forest,929.490996,875.4,54.090996
2020-12-17 09:00:00,pv,mlp,609.44696,875.4,265.95304
2020-12-17 09:00:00,pv,H24_DAILY_PERSISTENCE,1006.383333,875.4,130.983333
2020-12-17 10:00:00,pv,random_forest,935.886774,902.05,33.836774
2020-12-17 10:00:00,pv,mlp,616.295105,902.05,285.754895
2020-12-17 10:00:00,pv,H24_DAILY_PERSISTENCE,1031.716667,902.05,129.666667
2020-12-17 11:00:00,pv,random_forest,981.022858,922.675,58.347858
2020-12-17 11:00:00,pv,mlp,618.385864,922.675,304.289136
2020-12-17 11:00:00,pv,H24_DAILY_PERSISTENCE,1027.375,922.675,104.7
2020-12-17 12:00:00,pv,random_forest,968.10261,996.666667,28.564056
2020-12-17 12:00:00,pv,mlp,620.048523,996.666667,376.618144
2020-12-17 12:00:00,pv,H24_DAILY_PERSISTENCE,1002.841667,996.666667,6.175
2020-12-17 13:00:00,pv,random_forest,962.755704,956.825,5.930704
2020-12-17 13:00:00,pv,mlp,608.072388,956.825,348.752612
2020-12-17 13:00:00,pv,H24_DAILY_PERSISTENCE,961.625,956.825,4.8
2020-12-17 14:00:00,pv,random_forest,912.538818,846.333333,66.205485
2020-12-17 14:00:00,pv,mlp,582.538696,846.333333,263.794637
2020-12-17 14:00:00,pv,H24_DAILY_PERSISTENCE,902.258333,846.333333,55.925
2020-12-17 15:00:00,pv,random_forest,606.865902,522.775,84.090902
2020-12-17 15:00:00,pv,mlp,467.382507,522.775,55.392493
2020-12-17 15:00:00,pv,H24_DAILY_PERSISTENCE,585.008333,522.775,62.233333
2020-12-17 16:00:00,pv,random_forest,65.945592,18.55,47.395592
2020-12-17 16:00:00,pv,mlp,249.784348,18.55,231.234348
2020-12-17 16:00:00,pv,H24_DAILY_PERSISTENCE,25.916667,18.55,7.366667
2020-12-17 17:00:00,pv,random_forest,0.037713,0.0,0.037713
2020-12-17 17:00:00,pv,mlp,221.048996,0.0,221.048996
2020-12-17 17:00:00,pv,H24_DAILY_PERSISTENCE,0.0,0.0,0.0
2020-12-17 18:00:00,pv,random_forest,0.059823,0.0,0.059823
2020-12-17 18:00:00,pv,mlp,195.841995,0.0,195.841995
2020-12-17 18:00:00,pv,H24_DAILY_PERSISTENCE,0.0,0.0,0.0
2020-12-17 19:00:00,pv,random_forest,0.059823,0.0,0.059823
2020-12-17 19:00:00,pv,mlp,172.807007,0.0,172.807007
2020-12-17 19:00:00,pv,H24_DAILY_PERSISTENCE,0.0,0.0,0.0
2020-12-17 20:00:00,pv,random_forest,0.059823,0.0,0.059823
2020-12-17 20:00:00,pv,mlp,153.369965,0.0,153.369965
2020-12-17 20:00:00,pv,H24_DAILY_PERSISTENCE,0.0,0.0,0.0
2020-12-17 21:00:00,pv,random_forest,0.059823,0.0,0.059823
2020-12-17 21:00:00,pv,mlp,138.313065,0.0,138.313065
2020-12-17 21:00:00,pv,H24_DAILY_PERSISTENCE,0.0,0.0,0.0
2020-12-17 22:00:00,pv,random_forest,0.059823,0.0,0.059823
2020-12-17 22:00:00,pv,mlp,128.03035,0.0,128.03035
2020-12-17 22:00:00,pv,H24_DAILY_PERSISTENCE,0.0,0.0,0.0
2020-12-17 23:00:00,pv,random_forest,0.059823,0.0,0.059823
2020-12-17 23:00:00,pv,mlp,122.51841,0.0,122.51841
2020-12-17 23:00:00,pv,H24_DAILY_PERSISTENCE,0.0,0.0,0.0
2020-12-18 00:00:00,pv,random_forest,0.059823,0.0,0.059823
2020-12-18 00:00:00,pv,mlp,129.128571,0.0,129.128571
2020-12-18 00:00:00,pv,H24_DAILY_PERSISTENCE,0.0,0.0,0.0
2020-12-18 01:00:00,pv,random_forest,0.059823,0.0,0.059823
2020-12-18 01:00:00,pv,mlp,133.778397,0.0,133.778397
2020-12-18 01:00:00,pv,H24_DAILY_PERSISTENCE,0.0,0.0,0.0
2020-12-18 02:00:00,pv,random_forest,0.059823,0.0,0.059823
2020-12-18 02:00:00,pv,mlp,144.260101,0.0,144.260101
2020-12-18 02:00:00,pv,H24_DAILY_PERSISTENCE,0.0,0.0,0.0
2020-12-18 03:00:00,pv,random_forest,0.059823,0.0,0.059823
2020-12-18 03:00:00,pv,mlp,160.216766,0.0,160.216766
2020-12-18 03:00:00,pv,H24_DAILY_PERSISTENCE,0.0,0.0,0.0
2020-12-18 04:00:00,pv,random_forest,0.059823,0.0,0.059823
2020-12-18 04:00:00,pv,mlp,178.424164,0.0,178.424164
2020-12-18 04:00:00,pv,H24_DAILY_PERSISTENCE,0.0,0.0,0.0
2020-12-18 05:00:00,pv,random_forest,0.059823,0.0,0.059823
2020-12-18 05:00:00,pv,mlp,200.670395,0.0,200.670395
2020-12-18 05:00:00,pv,H24_DAILY_PERSISTENCE,0.0,0.0,0.0
2020-12-18 06:00:00,pv,random_forest,5.832549,1.791667,4.040883
2020-12-18 06:00:00,pv,mlp,226.283234,1.791667,224.491567
2020-12-18 06:00:00,pv,H24_DAILY_PERSISTENCE,1.591667,1.791667,0.2
2020-12-18 07:00:00,pv,random_forest,382.526278,360.791667,21.734611
2020-12-18 07:00:00,pv,mlp,374.308136,360.791667,13.516469
2020-12-18 07:00:00,pv,H24_DAILY_PERSISTENCE,329.891667,360.791667,30.9
2020-12-18 08:00:00,pv,random_forest,826.677186,827.983333,1.306148
2020-12-18 08:00:00,pv,mlp,554.037598,827.983333,273.945736
2020-12-18 08:00:00,pv,H24_DAILY_PERSISTENCE,750.208333,827.983333,77.775
2020-12-18 09:00:00,pv,random_forest,947.554872,955.15,7.595128
2020-12-18 09:00:00,pv,mlp,607.285156,955.15,347.864844
2020-12-18 09:00:00,pv,H24_DAILY_PERSISTENCE,875.4,955.15,79.75
2020-12-18 10:00:00,pv,random_forest,1001.249467,951.683333,49.566134
2020-12-18 10:00:00,pv,mlp,620.026672,951.683333,331.656661
2020-12-18 10:00:00,pv,H24_DAILY_PERSISTENCE,902.05,951.683333,49.633333
2020-12-18 11:00:00,pv,random_forest,1002.512916,1003.533333,1.020418
2020-12-18 11:00:00,pv,mlp,625.113403,1003.533333,378.41993
2020-12-18 11:00:00,pv,H24_DAILY_PERSISTENCE,922.675,1003.533333,80.858333
2020-12-18 12:00:00,pv,random_forest,969.678903,1007.891667,38.212763
2020-12-18 12:00:00,pv,mlp,626.771851,1007.891667,381.119816
2020-12-18 12:00:00,pv,H24_DAILY_PERSISTENCE,996.666667,1007.891667,11.225
2020-12-18 13:00:00,pv,random_forest,973.964242,971.666667,2.297575
2020-12-18 13:00:00,pv,mlp,612.695618,971.666667,358.971049
2020-12-18 13:00:00,pv,H24_DAILY_PERSISTENCE,956.825,971.666667,14.841667
2020-12-18 14:00:00,pv,random_forest,927.085226,859.733333,67.351893
2020-12-18 14:00:00,pv,mlp,583.926025,859.733333,275.807308
2020-12-18 14:00:00,pv,H24_DAILY_PERSISTENCE,846.333333,859.733333,13.4
2020-12-18 15:00:00,pv,random_forest,648.089091,521.625,126.464091
2020-12-18 15:00:00,pv,mlp,479.167725,521.625,42.457275
2020-12-18 15:00:00,pv,H24_DAILY_PERSISTENCE,522.775,521.625,1.15
2020-12-18 16:00:00,pv,random_forest,45.485475,16.008333,29.477141
2020-12-18 16:00:00,pv,mlp,257.577057,16.008333,241.568724
2020-12-18 16:00:00,pv,H24_DAILY_PERSISTENCE,18.55,16.008333,2.541667
2020-12-18 17:00:00,pv,random_forest,0.037713,0.0,0.037713
2020-12-18 17:00:00,pv,mlp,233.690216,0.0,233.690216
2020-12-18 17:00:00,pv,H24_DAILY_PERSISTENCE,0.0,0.0,0.0
2020-12-18 18:00:00,pv,random_forest,0.059823,0.0,0.059823
2020-12-18 18:00:00,pv,mlp,208.392181,0.0,208.392181
2020-12-18 18:00:00,pv,H24_DAILY_PERSISTENCE,0.0,0.0,0.0
2020-12-18 19:00:00,pv,random_forest,0.059823,0.0,0.059823
2020-12-18 19:00:00,pv,mlp,184.900055,0.0,184.900055
2020-12-18 19:00:00,pv,H24_DAILY_PERSISTENCE,0.0,0.0,0.0
2020-12-18 20:00:00,pv,random_forest,0.059823,0.0,0.059823
2020-12-18 20:00:00,pv,mlp,164.185837,0.0,164.185837
2020-12-18 20:00:00,pv,H24_DAILY_PERSISTENCE,0.0,0.0,0.0
2020-12-18 21:00:00,pv,random_forest,0.059823,0.0,0.059823
2020-12-18 21:00:00,pv,mlp,147.993362,0.0,147.993362
2020-12-18 21:00:00,pv,H24_DAILY_PERSISTENCE,0.0,0.0,0.0
2020-12-18 22:00:00,pv,random_forest,0.059823,0.0,0.059823
2020-12-18 22:00:00,pv,mlp,135.324783,0.0,135.324783
2020-12-18 22:00:00,pv,H24_DAILY_PERSISTENCE,0.0,0.0,0.0
2020-12-18 23:00:00,pv,random_forest,0.059823,0.0,0.059823
2020-12-18 23:00:00,pv,mlp,128.386353,0.0,128.386353
2020-12-18 23:00:00,pv,H24_DAILY_PERSISTENCE,0.0,0.0,0.0
2020-12-19 00:00:00,pv,random_forest,0.059823,0.0,0.059823
2020-12-19 00:00:00,pv,mlp,134.746063,0.0,134.746063
2020-12-19 00:00:00,pv,H24_DAILY_PERSISTENCE,0.0,0.0,0.0
2020-12-19 01:00:00,pv,random_forest,0.059823,0.0,0.059823
2020-12-19 01:00:00,pv,mlp,141.064102,0.0,141.064102
2020-12-19 01:00:00,pv,H24_DAILY_PERSISTENCE,0.0,0.0,0.0
2020-12-19 02:00:00,pv,random_forest,0.059823,0.0,0.059823
2020-12-19 02:00:00,pv,mlp,150.809769,0.0,150.809769
2020-12-19 02:00:00,pv,H24_DAILY_PERSISTENCE,0.0,0.0,0.0
2020-12-19 03:00:00,pv,random_forest,0.059823,0.0,0.059823
2020-12-19 03:00:00,pv,mlp,165.444351,0.0,165.444351
2020-12-19 03:00:00,pv,H24_DAILY_PERSISTENCE,0.0,0.0,0.0
2020-12-19 04:00:00,pv,random_forest,0.059823,0.0,0.059823
2020-12-19 04:00:00,pv,mlp,184.701385,0.0,184.701385
2020-12-19 04:00:00,pv,H24_DAILY_PERSISTENCE,0.0,0.0,0.0
2020-12-19 05:00:00,pv,random_forest,0.059823,0.0,0.059823
2020-12-19 05:00:00,pv,mlp,206.291214,0.0,206.291214
2020-12-19 05:00:00,pv,H24_DAILY_PERSISTENCE,0.0,0.0,0.0
2020-12-19 06:00:00,pv,random_forest,4.2506,0.5,3.7506
2020-12-19 06:00:00,pv,mlp,231.460785,0.5,230.960785
2020-12-19 06:00:00,pv,H24_DAILY_PERSISTENCE,1.791667,0.5,1.291667
2020-12-19 07:00:00,pv,random_forest,351.28266,190.55,160.73266
2020-12-19 07:00:00,pv,mlp,372.60025,190.55,182.05025
2020-12-19 07:00:00,pv,H24_DAILY_PERSISTENCE,360.791667,190.55,170.241667
2020-12-19 08:00:00,pv,random_forest,744.028253,366.625,377.403253
2020-12-19 08:00:00,pv,mlp,557.039917,366.625,190.414917
2020-12-19 08:00:00,pv,H24_DAILY_PERSISTENCE,827.983333,366.625,461.358333
2020-12-19 09:00:00,pv,random_forest,930.808575,421.758333,509.050241
2020-12-19 09:00:00,pv,mlp,610.393555,421.758333,188.635221
2020-12-19 09:00:00,pv,H24_DAILY_PERSISTENCE,955.15,421.758333,533.391667
2020-12-19 10:00:00,pv,random_forest,960.415091,400.575,559.840091
2020-12-19 10:00:00,pv,mlp,620.51062,400.575,219.93562
2020-12-19 10:00:00,pv,H24_DAILY_PERSISTENCE,951.683333,400.575,551.108333
2020-12-19 11:00:00,pv,random_forest,958.212134,444.108333,514.1038
2020-12-19 11:00:00,pv,mlp,630.615967,444.108333,186.507633
2020-12-19 11:00:00,pv,H24_DAILY_PERSISTENCE,1003.533333,444.108333,559.425
2020-12-19 12:00:00,pv,random_forest,977.615402,496.966667,480.648736
2020-12-19 12:00:00,pv,mlp,631.846375,496.966667,134.879708
2020-12-19 12:00:00,pv,H24_DAILY_PERSISTENCE,1007.891667,496.966667,510.925
2020-12-19 13:00:00,pv,random_forest,963.782108,445.225,518.557108
2020-12-19 13:00:00,pv,mlp,612.32489,445.225,167.09989
2020-12-19 13:00:00,pv,H24_DAILY_PERSISTENCE,971.666667,445.225,526.441667
2020-12-19 14:00:00,pv,random_forest,871.265707,312.45,558.815707
2020-12-19 14:00:00,pv,mlp,570.172119,312.45,257.722119
2020-12-19 14:00:00,pv,H24_DAILY_PERSISTENCE,859.733333,312.45,547.283333
2020-12-19 15:00:00,pv,random_forest,599.143819,195.108333,404.035486
2020-12-19 15:00:00,pv,mlp,463.676178,195.108333,268.567845
2020-12-19 15:00:00,pv,H24_DAILY_PERSISTENCE,521.625,195.108333,326.516667
2020-12-19 16:00:00,pv,random_forest,39.912449,10.666667,29.245782
2020-12-19 16:00:00,pv,mlp,248.566284,10.666667,237.899618
2020-12-19 16:00:00,pv,H24_DAILY_PERSISTENCE,16.008333,10.666667,5.341667
2020-12-19 17:00:00,pv,random_forest,0.037713,0.0,0.037713
2020-12-19 17:00:00,pv,mlp,232.441452,0.0,232.441452
2020-12-19 17:00:00,pv,H24_DAILY_PERSISTENCE,0.0,0.0,0.0
2020-12-19 18:00:00,pv,random_forest,0.059823,0.0,0.059823
2020-12-19 18:00:00,pv,mlp,208.230515,0.0,208.230515
2020-12-19 18:00:00,pv,H24_DAILY_PERSISTENCE,0.0,0.0,0.0
2020-12-19 19:00:00,pv,random_forest,0.059823,0.0,0.059823
2020-12-19 19:00:00,pv,mlp,186.609467,0.0,186.609467
2020-12-19 19:00:00,pv,H24_DAILY_PERSISTENCE,0.0,0.0,0.0
2020-12-19 20:00:00,pv,random_forest,0.059823,0.0,0.059823
2020-12-19 20:00:00,pv,mlp,167.223083,0.0,167.223083
2020-12-19 20:00:00,pv,H24_DAILY_PERSISTENCE,0.0,0.0,0.0
2020-12-19 21:00:00,pv,random_forest,0.059823,0.0,0.059823
2020-12-19 21:00:00,pv,mlp,150.881348,0.0,150.881348
2020-12-19 21:00:00,pv,H24_DAILY_PERSISTENCE,0.0,0.0,0.0
2020-12-19 22:00:00,pv,random_forest,0.059823,0.0,0.059823
2020-12-19 22:00:00,pv,mlp,139.500778,0.0,139.500778
2020-12-19 22:00:00,pv,H24_DAILY_PERSISTENCE,0.0,0.0,0.0
2020-12-19 23:00:00,pv,random_forest,0.059823,0.0,0.059823
2020-12-19 23:00:00,pv,mlp,134.32132,0.0,134.32132
2020-12-19 23:00:00,pv,H24_DAILY_PERSISTENCE,0.0,0.0,0.0
2020-12-20 00:00:00,pv,random_forest,0.059823,0.0,0.059823
2020-12-20 00:00:00,pv,mlp,127.959007,0.0,127.959007
2020-12-20 00:00:00,pv,H24_DAILY_PERSISTENCE,0.0,0.0,0.0
2020-12-20 01:00:00,pv,random_forest,0.059823,0.0,0.059823
2020-12-20 01:00:00,pv,mlp,134.654526,0.0,134.654526
2020-12-20 01:00:00,pv,H24_DAILY_PERSISTENCE,0.0,0.0,0.0
2020-12-20 02:00:00,pv,random_forest,0.059823,0.0,0.059823
2020-12-20 02:00:00,pv,mlp,146.610626,0.0,146.610626
2020-12-20 02:00:00,pv,H24_DAILY_PERSISTENCE,0.0,0.0,0.0
2020-12-20 03:00:00,pv,random_forest,0.059823,0.0,0.059823
2020-12-20 03:00:00,pv,mlp,163.642578,0.0,163.642578
2020-12-20 03:00:00,pv,H24_DAILY_PERSISTENCE,0.0,0.0,0.0
2020-12-20 04:00:00,pv,random_forest,0.059823,0.0,0.059823
2020-12-20 04:00:00,pv,mlp,183.197845,0.0,183.197845
2020-12-20 04:00:00,pv,H24_DAILY_PERSISTENCE,0.0,0.0,0.0
2020-12-20 05:00:00,pv,random_forest,0.059823,0.0,0.059823
2020-12-20 05:00:00,pv,mlp,202.819855,0.0,202.819855
2020-12-20 05:00:00,pv,H24_DAILY_PERSISTENCE,0.0,0.0,0.0
2020-12-20 06:00:00,pv,random_forest,4.2506,1.108333,3.142266
2020-12-20 06:00:00,pv,mlp,224.429596,1.108333,223.321263
2020-12-20 06:00:00,pv,H24_DAILY_PERSISTENCE,0.5,1.108333,0.608333
2020-12-20 07:00:00,pv,random_forest,351.532976,360.783333,9.250357
2020-12-20 07:00:00,pv,mlp,365.500702,360.783333,4.717369
2020-12-20 07:00:00,pv,H24_DAILY_PERSISTENCE,190.55,360.783333,170.233333
2020-12-20 08:00:00,pv,random_forest,752.701036,883.05,130.348964
2020-12-20 08:00:00,pv,mlp,523.573425,883.05,359.476575
2020-12-20 08:00:00,pv,H24_DAILY_PERSISTENCE,366.625,883.05,516.425
2020-12-20 09:00:00,pv,random_forest,844.571457,1021.6,177.028543
2020-12-20 09:00:00,pv,mlp,574.869202,1021.6,446.730798
2020-12-20 09:00:00,pv,H24_DAILY_PERSISTENCE,421.758333,1021.6,599.841667
2020-12-20 10:00:00,pv,random_forest,896.79931,1066.583333,169.784023
2020-12-20 10:00:00,pv,mlp,591.963379,1066.583333,474.619954
2020-12-20 10:00:00,pv,H24_DAILY_PERSISTENCE,400.575,1066.583333,666.008333
2020-12-20 11:00:00,pv,random_forest,907.846193,1110.116667,202.270473
2020-12-20 11:00:00,pv,mlp,607.010437,1110.116667,503.10623
2020-12-20 11:00:00,pv,H24_DAILY_PERSISTENCE,444.108333,1110.116667,666.008333
2020-12-20 12:00:00,pv,random_forest,902.838688,1137.266667,234.427979
2020-12-20 12:00:00,pv,mlp,609.997864,1137.266667,527.268803
2020-12-20 12:00:00,pv,H24_DAILY_PERSISTENCE,496.966667,1137.266667,640.3
2020-12-20 13:00:00,pv,random_forest,891.612004,999.091667,107.479663
2020-12-20 13:00:00,pv,mlp,593.119019,999.091667,405.972648
2020-12-20 13:00:00,pv,H24_DAILY_PERSISTENCE,445.225,999.091667,553.866667
2020-12-20 14:00:00,pv,random_forest,808.767117,975.033333,166.266216
2020-12-20 14:00:00,pv,mlp,549.812134,975.033333,425.2212
2020-12-20 14:00:00,pv,H24_DAILY_PERSISTENCE,312.45,975.033333,662.583333
2020-12-20 15:00:00,pv,random_forest,631.063744,653.058333,21.99459
2020-12-20 15:00:00,pv,mlp,443.717712,653.058333,209.340621
2020-12-20 15:00:00,pv,H24_DAILY_PERSISTENCE,195.108333,653.058333,457.95
2020-12-20 16:00:00,pv,random_forest,34.356587,45.091667,10.735079
2020-12-20 16:00:00,pv,mlp,249.86792,45.091667,204.776253
2020-12-20 16:00:00,pv,H24_DAILY_PERSISTENCE,10.666667,45.091667,34.425
2020-12-20 17:00:00,pv,random_forest,0.069081,0.0,0.069081
2020-12-20 17:00:00,pv,mlp,209.936066,0.0,209.936066
2020-12-20 17:00:00,pv,H24_DAILY_PERSISTENCE,0.0,0.0,0.0
2020-12-20 18:00:00,pv,random_forest,0.059823,0.0,0.059823
2020-12-20 18:00:00,pv,mlp,184.253632,0.0,184.253632
2020-12-20 18:00:00,pv,H24_DAILY_PERSISTENCE,0.0,0.0,0.0
2020-12-20 19:00:00,pv,random_forest,0.059823,0.0,0.059823
2020-12-20 19:00:00,pv,mlp,162.205353,0.0,162.205353
2020-12-20 19:00:00,pv,H24_DAILY_PERSISTENCE,0.0,0.0,0.0
2020-12-20 20:00:00,pv,random_forest,0.059823,0.0,0.059823
2020-12-20 20:00:00,pv,mlp,143.80658,0.0,143.80658
2020-12-20 20:00:00,pv,H24_DAILY_PERSISTENCE,0.0,0.0,0.0
2020-12-20 21:00:00,pv,random_forest,0.059823,0.0,0.059823
2020-12-20 21:00:00,pv,mlp,129.114624,0.0,129.114624
2020-12-20 21:00:00,pv,H24_DAILY_PERSISTENCE,0.0,0.0,0.0
2020-12-20 22:00:00,pv,random_forest,0.059823,0.0,0.059823
2020-12-20 22:00:00,pv,mlp,120.872459,0.0,120.872459
2020-12-20 22:00:00,pv,H24_DAILY_PERSISTENCE,0.0,0.0,0.0
2020-12-20 23:00:00,pv,random_forest,0.059823,0.0,0.059823
2020-12-20 23:00:00,pv,mlp,117.079346,0.0,117.079346
2020-12-20 23:00:00,pv,H24_DAILY_PERSISTENCE,0.0,0.0,0.0
2020-12-21 00:00:00,pv,random_forest,0.059823,0.0,0.059823
2020-12-21 00:00:00,pv,mlp,106.343422,0.0,106.343422
2020-12-21 00:00:00,pv,H24_DAILY_PERSISTENCE,0.0,0.0,0.0
2020-12-21 01:00:00,pv,random_forest,0.059823,0.0,0.059823
2020-12-21 01:00:00,pv,mlp,112.056931,0.0,112.056931
2020-12-21 01:00:00,pv,H24_DAILY_PERSISTENCE,0.0,0.0,0.0
2020-12-21 02:00:00,pv,random_forest,0.059823,0.0,0.059823
2020-12-21 02:00:00,pv,mlp,123.104897,0.0,123.104897
2020-12-21 02:00:00,pv,H24_DAILY_PERSISTENCE,0.0,0.0,0.0
2020-12-21 03:00:00,pv,random_forest,0.059823,0.0,0.059823
2020-12-21 03:00:00,pv,mlp,141.397415,0.0,141.397415
2020-12-21 03:00:00,pv,H24_DAILY_PERSISTENCE,0.0,0.0,0.0
2020-12-21 04:00:00,pv,random_forest,0.059823,0.0,0.059823
2020-12-21 04:00:00,pv,mlp,164.755066,0.0,164.755066
2020-12-21 04:00:00,pv,H24_DAILY_PERSISTENCE,0.0,0.0,0.0
2020-12-21 05:00:00,pv,random_forest,0.059823,0.0,0.059823
2020-12-21 05:00:00,pv,mlp,189.283737,0.0,189.283737
2020-12-21 05:00:00,pv,H24_DAILY_PERSISTENCE,0.0,0.0,0.0
2020-12-21 06:00:00,pv,random_forest,3.866247,0.433333,3.432914
2020-12-21 06:00:00,pv,mlp,213.88736,0.433333,213.454026
2020-12-21 06:00:00,pv,H24_DAILY_PERSISTENCE,1.108333,0.433333,0.675
2020-12-21 07:00:00,pv,random_forest,384.289806,310.766667,73.523139
2020-12-21 07:00:00,pv,mlp,340.954895,310.766667,30.188228
2020-12-21 07:00:00,pv,H24_DAILY_PERSISTENCE,360.783333,310.766667,50.016667
2020-12-21 08:00:00,pv,random_forest,696.533859,811.783333,115.249475
2020-12-21 08:00:00,pv,mlp,519.091309,811.783333,292.692025
2020-12-21 08:00:00,pv,H24_DAILY_PERSISTENCE,883.05,811.783333,71.266667
2020-12-21 09:00:00,pv,random_forest,945.85803,954.791667,8.933637
2020-12-21 09:00:00,pv,mlp,584.894897,954.791667,369.896769
2020-12-21 09:00:00,pv,H24_DAILY_PERSISTENCE,1021.6,954.791667,66.808333
2020-12-21 10:00:00,pv,random_forest,1014.38245,931.725,82.65745
2020-12-21 10:00:00,pv,mlp,596.390442,931.725,335.334558
2020-12-21 10:00:00,pv,H24_DAILY_PERSISTENCE,1066.583333,931.725,134.858333
2020-12-21 11:00:00,pv,random_forest,997.569562,894.133333,103.436229
2020-12-21 11:00:00,pv,mlp,599.672241,894.133333,294.461092
2020-12-21 11:00:00,pv,H24_DAILY_PERSISTENCE,1110.116667,894.133333,215.983333
2020-12-21 12:00:00,pv,random_forest,970.538522,907.883333,62.655189
2020-12-21 12:00:00,pv,mlp,598.237183,907.883333,309.646151
2020-12-21 12:00:00,pv,H24_DAILY_PERSISTENCE,1137.266667,907.883333,229.383333
2020-12-21 13:00:00,pv,random_forest,986.536352,945.891667,40.644686
2020-12-21 13:00:00,pv,mlp,569.095581,945.891667,376.796086
2020-12-21 13:00:00,pv,H24_DAILY_PERSISTENCE,999.091667,945.891667,53.2
2020-12-21 14:00:00,pv,random_forest,755.825652,802.566667,46.741015
2020-12-21 14:00:00,pv,mlp,514.497925,802.566667,288.068742
2020-12-21 14:00:00,pv,H24_DAILY_PERSISTENCE,975.033333,802.566667,172.466667
2020-12-21 15:00:00,pv,random_forest,556.988617,497.941667,59.046951
2020-12-21 15:00:00,pv,mlp,394.334412,497.941667,103.607255
2020-12-21 15:00:00,pv,H24_DAILY_PERSISTENCE,653.058333,497.941667,155.116667
2020-12-21 16:00:00,pv,random_forest,52.876805,25.733333,27.143472
2020-12-21 16:00:00,pv,mlp,208.616013,25.733333,182.882679
2020-12-21 16:00:00,pv,H24_DAILY_PERSISTENCE,45.091667,25.733333,19.358333
2020-12-21 17:00:00,pv,random_forest,0.13934,0.0,0.13934
2020-12-21 17:00:00,pv,mlp,189.027176,0.0,189.027176
2020-12-21 17:00:00,pv,H24_DAILY_PERSISTENCE,0.0,0.0,0.0
2020-12-21 18:00:00,pv,random_forest,0.059823,0.0,0.059823
2020-12-21 18:00:00,pv,mlp,170.074005,0.0,170.074005
2020-12-21 18:00:00,pv,H24_DAILY_PERSISTENCE,0.0,0.0,0.0
2020-12-21 19:00:00,pv,random_forest,0.059823,0.0,0.059823
2020-12-21 19:00:00,pv,mlp,152.252686,0.0,152.252686
2020-12-21 19:00:00,pv,H24_DAILY_PERSISTENCE,0.0,0.0,0.0
2020-12-21 20:00:00,pv,random_forest,0.059823,0.0,0.059823
2020-12-21 20:00:00,pv,mlp,136.072342,0.0,136.072342
2020-12-21 20:00:00,pv,H24_DAILY_PERSISTENCE,0.0,0.0,0.0
2020-12-21 21:00:00,pv,random_forest,0.059823,0.0,0.059823
2020-12-21 21:00:00,pv,mlp,123.802452,0.0,123.802452
2020-12-21 21:00:00,pv,H24_DAILY_PERSISTENCE,0.0,0.0,0.0
2020-12-21 22:00:00,pv,random_forest,0.059823,0.0,0.059823
2020-12-21 22:00:00,pv,mlp,116.348099,0.0,116.348099
2020-12-21 22:00:00,pv,H24_DAILY_PERSISTENCE,0.0,0.0,0.0
2020-12-21 23:00:00,pv,random_forest,0.059823,0.0,0.059823
2020-12-21 23:00:00,pv,mlp,113.579308,0.0,113.579308
2020-12-21 23:00:00,pv,H24_DAILY_PERSISTENCE,0.0,0.0,0.0
2020-12-22 00:00:00,pv,random_forest,0.059823,0.0,0.059823
2020-12-22 00:00:00,pv,mlp,112.861618,0.0,112.861618
2020-12-22 00:00:00,pv,H24_DAILY_PERSISTENCE,0.0,0.0,0.0
2020-12-22 01:00:00,pv,random_forest,0.059823,0.0,0.059823
2020-12-22 01:00:00,pv,mlp,121.688522,0.0,121.688522
2020-12-22 01:00:00,pv,H24_DAILY_PERSISTENCE,0.0,0.0,0.0
2020-12-22 02:00:00,pv,random_forest,0.059823,0.0,0.059823
2020-12-22 02:00:00,pv,mlp,133.960785,0.0,133.960785
2020-12-22 02:00:00,pv,H24_DAILY_PERSISTENCE,0.0,0.0,0.0
2020-12-22 03:00:00,pv,random_forest,0.059823,0.0,0.059823
2020-12-22 03:00:00,pv,mlp,148.087082,0.0,148.087082
2020-12-22 03:00:00,pv,H24_DAILY_PERSISTENCE,0.0,0.0,0.0
2020-12-22 04:00:00,pv,random_forest,0.059823,0.0,0.059823
2020-12-22 04:00:00,pv,mlp,164.422607,0.0,164.422607
2020-12-22 04:00:00,pv,H24_DAILY_PERSISTENCE,0.0,0.0,0.0
2020-12-22 05:00:00,pv,random_forest,0.059823,0.0,0.059823
2020-12-22 05:00:00,pv,mlp,181.553879,0.0,181.553879
2020-12-22 05:00:00,pv,H24_DAILY_PERSISTENCE,0.0,0.0,0.0
2020-12-22 06:00:00,pv,random_forest,2.907845,1.333333,1.574512
2020-12-22 06:00:00,pv,mlp,200.131546,1.333333,198.798213
2020-12-22 06:00:00,pv,H24_DAILY_PERSISTENCE,0.433333,1.333333,0.9
2020-12-22 07:00:00,pv,random_forest,351.894162,288.4,63.494162
2020-12-22 07:00:00,pv,mlp,372.700867,288.4,84.300867
2020-12-22 07:00:00,pv,H24_DAILY_PERSISTENCE,310.766667,288.4,22.366667
2020-12-22 08:00:00,pv,random_forest,833.476168,885.983333,52.507166
2020-12-22 08:00:00,pv,mlp,577.098267,885.983333,308.885067
2020-12-22 08:00:00,pv,H24_DAILY_PERSISTENCE,811.783333,885.983333,74.2
2020-12-22 09:00:00,pv,random_forest,971.404899,1042.658333,71.253435
2020-12-22 09:00:00,pv,mlp,621.645813,1042.658333,421.01252
2020-12-22 09:00:00,pv,H24_DAILY_PERSISTENCE,954.791667,1042.658333,87.866667
2020-12-22 10:00:00,pv,random_forest,1020.293131,1066.641667,46.348536
2020-12-22 10:00:00,pv,mlp,625.80188,1066.641667,440.839787
2020-12-22 10:00:00,pv,H24_DAILY_PERSISTENCE,931.725,1066.641667,134.916667
2020-12-22 11:00:00,pv,random_forest,1026.419507,1056.75,30.330493
2020-12-22 11:00:00,pv,mlp,629.463989,1056.75,427.286011
2020-12-22 11:00:00,pv,H24_DAILY_PERSISTENCE,894.133333,1056.75,162.616667
2020-12-22 12:00:00,pv,random_forest,1022.174071,1074.066667,51.892596
2020-12-22 12:00:00,pv,mlp,632.613342,1074.066667,441.453324
2020-12-22 12:00:00,pv,H24_DAILY_PERSISTENCE,907.883333,1074.066667,166.183333
2020-12-22 13:00:00,pv,random_forest,968.525246,1034.458333,65.933088
2020-12-22 13:00:00,pv,mlp,618.935425,1034.458333,415.522909
2020-12-22 13:00:00,pv,H24_DAILY_PERSISTENCE,945.891667,1034.458333,88.566667
2020-12-22 14:00:00,pv,random_forest,970.084948,963.825,6.259948
2020-12-22 14:00:00,pv,mlp,584.797668,963.825,379.027332
2020-12-22 14:00:00,pv,H24_DAILY_PERSISTENCE,802.566667,963.825,161.258333
2020-12-22 15:00:00,pv,random_forest,692.6161,661.358333,31.257767
2020-12-22 15:00:00,pv,mlp,450.613678,661.358333,210.744655
2020-12-22 15:00:00,pv,H24_DAILY_PERSISTENCE,497.941667,661.358333,163.416667
2020-12-22 16:00:00,pv,random_forest,53.317099,57.866667,4.549568
2020-12-22 16:00:00,pv,mlp,208.287064,57.866667,150.420397
2020-12-22 16:00:00,pv,H24_DAILY_PERSISTENCE,25.733333,57.866667,32.133333
2020-12-22 17:00:00,pv,random_forest,0.037713,0.0,0.037713
2020-12-22 17:00:00,pv,mlp,181.379135,0.0,181.379135
2020-12-22 17:00:00,pv,H24_DAILY_PERSISTENCE,0.0,0.0,0.0
2020-12-22 18:00:00,pv,random_forest,0.059823,0.0,0.059823
2020-12-22 18:00:00,pv,mlp,159.482513,0.0,159.482513
2020-12-22 18:00:00,pv,H24_DAILY_PERSISTENCE,0.0,0.0,0.0
2020-12-22 19:00:00,pv,random_forest,0.059823,0.0,0.059823
2020-12-22 19:00:00,pv,mlp,139.231079,0.0,139.231079
2020-12-22 19:00:00,pv,H24_DAILY_PERSISTENCE,0.0,0.0,0.0
2020-12-22 20:00:00,pv,random_forest,0.059823,0.0,0.059823
2020-12-22 20:00:00,pv,mlp,120.4561,0.0,120.4561
2020-12-22 20:00:00,pv,H24_DAILY_PERSISTENCE,0.0,0.0,0.0
2020-12-22 21:00:00,pv,random_forest,0.059823,0.0,0.059823
2020-12-22 21:00:00,pv,mlp,107.712524,0.0,107.712524
2020-12-22 21:00:00,pv,H24_DAILY_PERSISTENCE,0.0,0.0,0.0
2020-12-22 22:00:00,pv,random_forest,0.059823,0.0,0.059823
2020-12-22 22:00:00,pv,mlp,102.147972,0.0,102.147972
2020-12-22 22:00:00,pv,H24_DAILY_PERSISTENCE,0.0,0.0,0.0
2020-12-22 23:00:00,pv,random_forest,0.059823,0.0,0.059823
2020-12-22 23:00:00,pv,mlp,102.523972,0.0,102.523972
2020-12-22 23:00:00,pv,H24_DAILY_PERSISTENCE,0.0,0.0,0.0
2020-12-23 00:00:00,pv,random_forest,0.059823,0.0,0.059823
2020-12-23 00:00:00,pv,mlp,106.945335,0.0,106.945335
2020-12-23 00:00:00,pv,H24_DAILY_PERSISTENCE,0.0,0.0,0.0
2020-12-23 01:00:00,pv,random_forest,0.059823,0.0,0.059823
2020-12-23 01:00:00,pv,mlp,115.548058,0.0,115.548058
2020-12-23 01:00:00,pv,H24_DAILY_PERSISTENCE,0.0,0.0,0.0
2020-12-23 02:00:00,pv,random_forest,0.059823,0.0,0.059823
2020-12-23 02:00:00,pv,mlp,128.082062,0.0,128.082062
2020-12-23 02:00:00,pv,H24_DAILY_PERSISTENCE,0.0,0.0,0.0
2020-12-23 03:00:00,pv,random_forest,0.059823,0.0,0.059823
2020-12-23 03:00:00,pv,mlp,141.775711,0.0,141.775711
2020-12-23 03:00:00,pv,H24_DAILY_PERSISTENCE,0.0,0.0,0.0
2020-12-23 04:00:00,pv,random_forest,0.059823,0.0,0.059823
2020-12-23 04:00:00,pv,mlp,160.374496,0.0,160.374496
2020-12-23 04:00:00,pv,H24_DAILY_PERSISTENCE,0.0,0.0,0.0
2020-12-23 05:00:00,pv,random_forest,0.059823,0.0,0.059823
2020-12-23 05:00:00,pv,mlp,181.272003,0.0,181.272003
2020-12-23 05:00:00,pv,H24_DAILY_PERSISTENCE,0.0,0.0,0.0
2020-12-23 06:00:00,pv,random_forest,1.216707,1.466667,0.24996
2020-12-23 06:00:00,pv,mlp,203.245956,1.466667,201.77929
2020-12-23 06:00:00,pv,H24_DAILY_PERSISTENCE,1.333333,1.466667,0.133333
2020-12-23 07:00:00,pv,random_forest,306.053134,364.208333,58.155199
2020-12-23 07:00:00,pv,mlp,343.793365,364.208333,20.414968
2020-12-23 07:00:00,pv,H24_DAILY_PERSISTENCE,288.4,364.208333,75.808333
2020-12-23 08:00:00,pv,random_forest,721.843734,877.608333,155.7646
2020-12-23 08:00:00,pv,mlp,549.176392,877.608333,328.431942
2020-12-23 08:00:00,pv,H24_DAILY_PERSISTENCE,885.983333,877.608333,8.375
2020-12-23 09:00:00,pv,random_forest,948.656441,1042.066667,93.410226
2020-12-23 09:00:00,pv,mlp,609.874695,1042.066667,432.191972
2020-12-23 09:00:00,pv,H24_DAILY_PERSISTENCE,1042.658333,1042.066667,0.591667
2020-12-23 10:00:00,pv,random_forest,928.417117,1088.616667,160.19955
2020-12-23 10:00:00,pv,mlp,601.482544,1088.616667,487.134123
2020-12-23 10:00:00,pv,H24_DAILY_PERSISTENCE,1066.641667,1088.616667,21.975
2020-12-23 11:00:00,pv,random_forest,921.226536,1097.158333,175.931797
2020-12-23 11:00:00,pv,mlp,599.744995,1097.158333,497.413338
2020-12-23 11:00:00,pv,H24_DAILY_PERSISTENCE,1056.75,1097.158333,40.408333
2020-12-23 12:00:00,pv,random_forest,944.702749,1092.058333,147.355584
2020-12-23 12:00:00,pv,mlp,612.907288,1092.058333,479.151046
2020-12-23 12:00:00,pv,H24_DAILY_PERSISTENCE,1074.066667,1092.058333,17.991667
2020-12-23 13:00:00,pv,random_forest,954.831868,1053.666667,98.834799
2020-12-23 13:00:00,pv,mlp,607.407166,1053.666667,446.259501
2020-12-23 13:00:00,pv,H24_DAILY_PERSISTENCE,1034.458333,1053.666667,19.208333
2020-12-23 14:00:00,pv,random_forest,881.541188,965.466667,83.925479
2020-12-23 14:00:00,pv,mlp,573.444458,965.466667,392.022209
2020-12-23 14:00:00,pv,H24_DAILY_PERSISTENCE,963.825,965.466667,1.641667
2020-12-23 15:00:00,pv,random_forest,672.527596,671.408333,1.119263
2020-12-23 15:00:00,pv,mlp,442.906799,671.408333,228.501534
2020-12-23 15:00:00,pv,H24_DAILY_PERSISTENCE,661.358333,671.408333,10.05
2020-12-23 16:00:00,pv,random_forest,55.501407,54.075,1.426407
2020-12-23 16:00:00,pv,mlp,219.919434,54.075,165.844434
2020-12-23 16:00:00,pv,H24_DAILY_PERSISTENCE,57.866667,54.075,3.791667
2020-12-23 17:00:00,pv,random_forest,0.064382,0.0,0.064382
2020-12-23 17:00:00,pv,mlp,193.588699,0.0,193.588699
2020-12-23 17:00:00,pv,H24_DAILY_PERSISTENCE,0.0,0.0,0.0
2020-12-23 18:00:00,pv,random_forest,0.059823,0.0,0.059823
2020-12-23 18:00:00,pv,mlp,172.344116,0.0,172.344116
2020-12-23 18:00:00,pv,H24_DAILY_PERSISTENCE,0.0,0.0,0.0
2020-12-23 19:00:00,pv,random_forest,0.059823,0.0,0.059823
2020-12-23 19:00:00,pv,mlp,151.245728,0.0,151.245728
2020-12-23 19:00:00,pv,H24_DAILY_PERSISTENCE,0.0,0.0,0.0
2020-12-23 20:00:00,pv,random_forest,0.059823,0.0,0.059823
2020-12-23 20:00:00,pv,mlp,132.416306,0.0,132.416306
2020-12-23 20:00:00,pv,H24_DAILY_PERSISTENCE,0.0,0.0,0.0
2020-12-23 21:00:00,pv,random_forest,0.059823,0.0,0.059823
2020-12-23 21:00:00,pv,mlp,119.852867,0.0,119.852867
2020-12-23 21:00:00,pv,H24_DAILY_PERSISTENCE,0.0,0.0,0.0
2020-12-23 22:00:00,pv,random_forest,0.059823,0.0,0.059823
2020-12-23 22:00:00,pv,mlp,112.547363,0.0,112.547363
2020-12-23 22:00:00,pv,H24_DAILY_PERSISTENCE,0.0,0.0,0.0
2020-12-23 23:00:00,pv,random_forest,0.059823,0.0,0.059823
2020-12-23 23:00:00,pv,mlp,110.008911,0.0,110.008911
2020-12-23 23:00:00,pv,H24_DAILY_PERSISTENCE,0.0,0.0,0.0
2020-12-24 00:00:00,pv,random_forest,0.059823,0.0,0.059823
2020-12-24 00:00:00,pv,mlp,119.123169,0.0,119.123169
2020-12-24 00:00:00,pv,H24_DAILY_PERSISTENCE,0.0,0.0,0.0
2020-12-24 01:00:00,pv,random_forest,0.059823,0.0,0.059823
2020-12-24 01:00:00,pv,mlp,125.636696,0.0,125.636696
2020-12-24 01:00:00,pv,H24_DAILY_PERSISTENCE,0.0,0.0,0.0
2020-12-24 02:00:00,pv,random_forest,0.059823,0.0,0.059823
2020-12-24 02:00:00,pv,mlp,137.470917,0.0,137.470917
2020-12-24 02:00:00,pv,H24_DAILY_PERSISTENCE,0.0,0.0,0.0
2020-12-24 03:00:00,pv,random_forest,0.059823,0.0,0.059823
2020-12-24 03:00:00,pv,mlp,152.057526,0.0,152.057526
2020-12-24 03:00:00,pv,H24_DAILY_PERSISTENCE,0.0,0.0,0.0
2020-12-24 04:00:00,pv,random_forest,0.059823,0.0,0.059823
2020-12-24 04:00:00,pv,mlp,168.906631,0.0,168.906631
2020-12-24 04:00:00,pv,H24_DAILY_PERSISTENCE,0.0,0.0,0.0
2020-12-24 05:00:00,pv,random_forest,0.059823,0.0,0.059823
2020-12-24 05:00:00,pv,mlp,188.283508,0.0,188.283508
2020-12-24 05:00:00,pv,H24_DAILY_PERSISTENCE,0.0,0.0,0.0
2020-12-24 06:00:00,pv,random_forest,1.333604,1.441667,0.108062
2020-12-24 06:00:00,pv,mlp,209.984329,1.441667,208.542663
2020-12-24 06:00:00,pv,H24_DAILY_PERSISTENCE,1.466667,1.441667,0.025
2020-12-24 07:00:00,pv,random_forest,332.358583,274.091667,58.266916
2020-12-24 07:00:00,pv,mlp,353.5961,274.091667,79.504433
2020-12-24 07:00:00,pv,H24_DAILY_PERSISTENCE,364.208333,274.091667,90.116667
2020-12-24 08:00:00,pv,random_forest,805.802455,721.983333,83.819122
2020-12-24 08:00:00,pv,mlp,560.05188,721.983333,161.931453
2020-12-24 08:00:00,pv,H24_DAILY_PERSISTENCE,877.608333,721.983333,155.625
2020-12-24 09:00:00,pv,random_forest,1001.974922,912.091667,89.883255
2020-12-24 09:00:00,pv,mlp,617.025513,912.091667,295.066154
2020-12-24 09:00:00,pv,H24_DAILY_PERSISTENCE,1042.066667,912.091667,129.975
2020-12-24 10:00:00,pv,random_forest,1047.754244,1046.825,0.929244
2020-12-24 10:00:00,pv,mlp,629.872253,1046.825,416.952747
2020-12-24 10:00:00,pv,H24_DAILY_PERSISTENCE,1088.616667,1046.825,41.791667
2020-12-24 11:00:00,pv,random_forest,1045.502428,1026.45,19.052428
2020-12-24 11:00:00,pv,mlp,630.854675,1026.45,395.595325
2020-12-24 11:00:00,pv,H24_DAILY_PERSISTENCE,1097.158333,1026.45,70.708333
2020-12-24 12:00:00,pv,random_forest,1050.368705,977.341667,73.027039
2020-12-24 12:00:00,pv,mlp,628.267029,977.341667,349.074638
2020-12-24 12:00:00,pv,H24_DAILY_PERSISTENCE,1092.058333,977.341667,114.716667
2020-12-24 13:00:00,pv,random_forest,1015.429403,774.433333,240.99607
2020-12-24 13:00:00,pv,mlp,613.382019,774.433333,161.051314
2020-12-24 13:00:00,pv,H24_DAILY_PERSISTENCE,1053.666667,774.433333,279.233333
2020-12-24 14:00:00,pv,random_forest,963.272997,702.75,260.522997
2020-12-24 14:00:00,pv,mlp,586.383057,702.75,116.366943
2020-12-24 14:00:00,pv,H24_DAILY_PERSISTENCE,965.466667,702.75,262.716667
2020-12-24 15:00:00,pv,random_forest,672.59667,422.458333,250.138337
2020-12-24 15:00:00,pv,mlp,473.736023,422.458333,51.27769
2020-12-24 15:00:00,pv,H24_DAILY_PERSISTENCE,671.408333,422.458333,248.95
2020-12-24 16:00:00,pv,random_forest,64.477916,28.575,35.902916
2020-12-24 16:00:00,pv,mlp,234.987137,28.575,206.412137
2020-12-24 16:00:00,pv,H24_DAILY_PERSISTENCE,54.075,28.575,25.5
2020-12-24 17:00:00,pv,random_forest,0.064382,0.0,0.064382
2020-12-24 17:00:00,pv,mlp,212.784668,0.0,212.784668
2020-12-24 17:00:00,pv,H24_DAILY_PERSISTENCE,0.0,0.0,0.0
2020-12-24 18:00:00,pv,random_forest,0.059823,0.0,0.059823
2020-12-24 18:00:00,pv,mlp,189.399445,0.0,189.399445
2020-12-24 18:00:00,pv,H24_DAILY_PERSISTENCE,0.0,0.0,0.0
2020-12-24 19:00:00,pv,random_forest,0.059823,0.0,0.059823
2020-12-24 19:00:00,pv,mlp,167.964996,0.0,167.964996
2020-12-24 19:00:00,pv,H24_DAILY_PERSISTENCE,0.0,0.0,0.0
2020-12-24 20:00:00,pv,random_forest,0.059823,0.0,0.059823
2020-12-24 20:00:00,pv,mlp,149.797913,0.0,149.797913
2020-12-24 20:00:00,pv,H24_DAILY_PERSISTENCE,0.0,0.0,0.0
2020-12-24 21:00:00,pv,random_forest,0.059823,0.0,0.059823
2020-12-24 21:00:00,pv,mlp,134.087906,0.0,134.087906
2020-12-24 21:00:00,pv,H24_DAILY_PERSISTENCE,0.0,0.0,0.0
2020-12-24 22:00:00,pv,random_forest,0.059823,0.0,0.059823
2020-12-24 22:00:00,pv,mlp,123.479836,0.0,123.479836
2020-12-24 22:00:00,pv,H24_DAILY_PERSISTENCE,0.0,0.0,0.0
2020-12-24 23:00:00,pv,random_forest,0.059823,0.0,0.059823
2020-12-24 23:00:00,pv,mlp,119.36454,0.0,119.36454
2020-12-24 23:00:00,pv,H24_DAILY_PERSISTENCE,0.0,0.0,0.0
2020-12-25 00:00:00,pv,random_forest,0.059823,0.0,0.059823
2020-12-25 00:00:00,pv,mlp,125.714722,0.0,125.714722
2020-12-25 00:00:00,pv,H24_DAILY_PERSISTENCE,0.0,0.0,0.0
2020-12-25 01:00:00,pv,random_forest,0.059823,0.0,0.059823
2020-12-25 01:00:00,pv,mlp,129.549271,0.0,129.549271
2020-12-25 01:00:00,pv,H24_DAILY_PERSISTENCE,0.0,0.0,0.0
2020-12-25 02:00:00,pv,random_forest,0.059823,0.0,0.059823
2020-12-25 02:00:00,pv,mlp,140.459763,0.0,140.459763
2020-12-25 02:00:00,pv,H24_DAILY_PERSISTENCE,0.0,0.0,0.0
2020-12-25 03:00:00,pv,random_forest,0.059823,0.0,0.059823
2020-12-25 03:00:00,pv,mlp,155.862015,0.0,155.862015
2020-12-25 03:00:00,pv,H24_DAILY_PERSISTENCE,0.0,0.0,0.0
2020-12-25 04:00:00,pv,random_forest,0.059823,0.0,0.059823
2020-12-25 04:00:00,pv,mlp,174.724213,0.0,174.724213
2020-12-25 04:00:00,pv,H24_DAILY_PERSISTENCE,0.0,0.0,0.0
2020-12-25 05:00:00,pv,random_forest,0.059823,0.0,0.059823
2020-12-25 05:00:00,pv,mlp,195.8396,0.0,195.8396
2020-12-25 05:00:00,pv,H24_DAILY_PERSISTENCE,0.0,0.0,0.0
2020-12-25 06:00:00,pv,random_forest,1.292826,0.2,1.092826
2020-12-25 06:00:00,pv,mlp,218.412354,0.2,218.212354
2020-12-25 06:00:00,pv,H24_DAILY_PERSISTENCE,1.441667,0.2,1.241667
2020-12-25 07:00:00,pv,random_forest,323.776978,266.241667,57.535311
2020-12-25 07:00:00,pv,mlp,345.892029,266.241667,79.650362
2020-12-25 07:00:00,pv,H24_DAILY_PERSISTENCE,274.091667,266.241667,7.85
2020-12-25 08:00:00,pv,random_forest,801.309258,794.225,7.084258
2020-12-25 08:00:00,pv,mlp,531.166138,794.225,263.058862
2020-12-25 08:00:00,pv,H24_DAILY_PERSISTENCE,721.983333,794.225,72.241667
2020-12-25 09:00:00,pv,random_forest,945.871396,763.15,182.721396
2020-12-25 09:00:00,pv,mlp,594.819153,763.15,168.330847
2020-12-25 09:00:00,pv,H24_DAILY_PERSISTENCE,912.091667,763.15,148.941667
2020-12-25 10:00:00,pv,random_forest,1012.542897,705.316667,307.22623
2020-12-25 10:00:00,pv,mlp,619.124817,705.316667,86.19185
2020-12-25 10:00:00,pv,H24_DAILY_PERSISTENCE,1046.825,705.316667,341.508333
2020-12-25 11:00:00,pv,random_forest,1061.155576,708.591667,352.56391
2020-12-25 11:00:00,pv,mlp,622.226807,708.591667,86.36486
2020-12-25 11:00:00,pv,H24_DAILY_PERSISTENCE,1026.45,708.591667,317.858333
2020-12-25 12:00:00,pv,random_forest,1052.247112,848.208333,204.038778
2020-12-25 12:00:00,pv,mlp,621.50769,848.208333,226.700643
2020-12-25 12:00:00,pv,H24_DAILY_PERSISTENCE,977.341667,848.208333,129.133333
2020-12-25 13:00:00,pv,random_forest,1007.159944,987.075,20.084944
2020-12-25 13:00:00,pv,mlp,594.210266,987.075,392.864734
2020-12-25 13:00:00,pv,H24_DAILY_PERSISTENCE,774.433333,987.075,212.641667
2020-12-25 14:00:00,pv,random_forest,942.184952,916.208333,25.976618
2020-12-25 14:00:00,pv,mlp,562.704407,916.208333,353.503927
2020-12-25 14:00:00,pv,H24_DAILY_PERSISTENCE,702.75,916.208333,213.458333
2020-12-25 15:00:00,pv,random_forest,663.579061,664.575,0.995939
2020-12-25 15:00:00,pv,mlp,456.654785,664.575,207.920215
2020-12-25 15:00:00,pv,H24_DAILY_PERSISTENCE,422.458333,664.575,242.116667
2020-12-25 16:00:00,pv,random_forest,38.272888,64.541667,26.268779
2020-12-25 16:00:00,pv,mlp,253.096725,64.541667,188.555059
2020-12-25 16:00:00,pv,H24_DAILY_PERSISTENCE,28.575,64.541667,35.966667
2020-12-25 17:00:00,pv,random_forest,0.728014,0.0,0.728014
2020-12-25 17:00:00,pv,mlp,226.817108,0.0,226.817108
2020-12-25 17:00:00,pv,H24_DAILY_PERSISTENCE,0.0,0.0,0.0
2020-12-25 18:00:00,pv,random_forest,0.059823,0.0,0.059823
2020-12-25 18:00:00,pv,mlp,202.434448,0.0,202.434448
2020-12-25 18:00:00,pv,H24_DAILY_PERSISTENCE,0.0,0.0,0.0
2020-12-25 19:00:00,pv,random_forest,0.059823,0.0,0.059823
2020-12-25 19:00:00,pv,mlp,178.251984,0.0,178.251984
2020-12-25 19:00:00,pv,H24_DAILY_PERSISTENCE,0.0,0.0,0.0
2020-12-25 20:00:00,pv,random_forest,0.059823,0.0,0.059823
2020-12-25 20:00:00,pv,mlp,157.347427,0.0,157.347427
2020-12-25 20:00:00,pv,H24_DAILY_PERSISTENCE,0.0,0.0,0.0
2020-12-25 21:00:00,pv,random_forest,0.059823,0.0,0.059823
2020-12-25 21:00:00,pv,mlp,139.797287,0.0,139.797287
2020-12-25 21:00:00,pv,H24_DAILY_PERSISTENCE,0.0,0.0,0.0
2020-12-25 22:00:00,pv,random_forest,0.059823,0.0,0.059823
2020-12-25 22:00:00,pv,mlp,128.189484,0.0,128.189484
2020-12-25 22:00:00,pv,H24_DAILY_PERSISTENCE,0.0,0.0,0.0
2020-12-25 23:00:00,pv,random_forest,0.059823,0.0,0.059823
2020-12-25 23:00:00,pv,mlp,122.713577,0.0,122.713577
2020-12-25 23:00:00,pv,H24_DAILY_PERSISTENCE,0.0,0.0,0.0
2020-12-26 00:00:00,pv,random_forest,0.059823,0.0,0.059823
2020-12-26 00:00:00,pv,mlp,127.793137,0.0,127.793137
2020-12-26 00:00:00,pv,H24_DAILY_PERSISTENCE,0.0,0.0,0.0
2020-12-26 01:00:00,pv,random_forest,0.059823,0.0,0.059823
2020-12-26 01:00:00,pv,mlp,132.046112,0.0,132.046112
2020-12-26 01:00:00,pv,H24_DAILY_PERSISTENCE,0.0,0.0,0.0
2020-12-26 02:00:00,pv,random_forest,0.059823,0.0,0.059823
2020-12-26 02:00:00,pv,mlp,142.112274,0.0,142.112274
2020-12-26 02:00:00,pv,H24_DAILY_PERSISTENCE,0.0,0.0,0.0
2020-12-26 03:00:00,pv,random_forest,0.059823,0.0,0.059823
2020-12-26 03:00:00,pv,mlp,158.031952,0.0,158.031952
2020-12-26 03:00:00,pv,H24_DAILY_PERSISTENCE,0.0,0.0,0.0
2020-12-26 04:00:00,pv,random_forest,0.059823,0.0,0.059823
2020-12-26 04:00:00,pv,mlp,176.755295,0.0,176.755295
2020-12-26 04:00:00,pv,H24_DAILY_PERSISTENCE,0.0,0.0,0.0
2020-12-26 05:00:00,pv,random_forest,0.059823,0.0,0.059823
2020-12-26 05:00:00,pv,mlp,199.113251,0.0,199.113251
2020-12-26 05:00:00,pv,H24_DAILY_PERSISTENCE,0.0,0.0,0.0
2020-12-26 06:00:00,pv,random_forest,1.292826,0.6,0.692826
2020-12-26 06:00:00,pv,mlp,223.426315,0.6,222.826315
2020-12-26 06:00:00,pv,H24_DAILY_PERSISTENCE,0.2,0.6,0.4
2020-12-26 07:00:00,pv,random_forest,269.93602,337.325,67.38898
2020-12-26 07:00:00,pv,mlp,332.83844,337.325,4.48656
2020-12-26 07:00:00,pv,H24_DAILY_PERSISTENCE,266.241667,337.325,71.083333
2020-12-26 08:00:00,pv,random_forest,758.875449,903.675,144.799551
2020-12-26 08:00:00,pv,mlp,536.901367,903.675,366.773633
2020-12-26 08:00:00,pv,H24_DAILY_PERSISTENCE,794.225,903.675,109.45
2020-12-26 09:00:00,pv,random_forest,858.389399,1057.983333,199.593935
2020-12-26 09:00:00,pv,mlp,585.354675,1057.983333,472.628658
2020-12-26 09:00:00,pv,H24_DAILY_PERSISTENCE,763.15,1057.983333,294.833333
2020-12-26 10:00:00,pv,random_forest,975.536603,1097.358333,121.82173
2020-12-26 10:00:00,pv,mlp,603.191833,1097.358333,494.1665
2020-12-26 10:00:00,pv,H24_DAILY_PERSISTENCE,705.316667,1097.358333,392.041667
2020-12-26 11:00:00,pv,random_forest,949.502332,1102.608333,153.106001
2020-12-26 11:00:00,pv,mlp,609.948547,1102.608333,492.659786
2020-12-26 11:00:00,pv,H24_DAILY_PERSISTENCE,708.591667,1102.608333,394.016667
2020-12-26 12:00:00,pv,random_forest,944.45011,1099.241667,154.791557
2020-12-26 12:00:00,pv,mlp,617.035767,1099.241667,482.2059
2020-12-26 12:00:00,pv,H24_DAILY_PERSISTENCE,848.208333,1099.241667,251.033333
2020-12-26 13:00:00,pv,random_forest,907.925169,1050.725,142.799831
2020-12-26 13:00:00,pv,mlp,595.083618,1050.725,455.641382
2020-12-26 13:00:00,pv,H24_DAILY_PERSISTENCE,987.075,1050.725,63.65
2020-12-26 14:00:00,pv,random_forest,870.03986,968.408333,98.368473
2020-12-26 14:00:00,pv,mlp,557.560913,968.408333,410.84742
2020-12-26 14:00:00,pv,H24_DAILY_PERSISTENCE,916.208333,968.408333,52.2
2020-12-26 15:00:00,pv,random_forest,533.785993,659.341667,125.555674
2020-12-26 15:00:00,pv,mlp,453.24765,659.341667,206.094017
2020-12-26 15:00:00,pv,H24_DAILY_PERSISTENCE,664.575,659.341667,5.233333
2020-12-26 16:00:00,pv,random_forest,62.656398,45.625,17.031398
2020-12-26 16:00:00,pv,mlp,246.993118,45.625,201.368118
2020-12-26 16:00:00,pv,H24_DAILY_PERSISTENCE,64.541667,45.625,18.916667
2020-12-26 17:00:00,pv,random_forest,0.064382,0.0,0.064382
2020-12-26 17:00:00,pv,mlp,225.582031,0.0,225.582031
2020-12-26 17:00:00,pv,H24_DAILY_PERSISTENCE,0.0,0.0,0.0
2020-12-26 18:00:00,pv,random_forest,0.059823,0.0,0.059823
2020-12-26 18:00:00,pv,mlp,201.20993,0.0,201.20993
2020-12-26 18:00:00,pv,H24_DAILY_PERSISTENCE,0.0,0.0,0.0
2020-12-26 19:00:00,pv,random_forest,0.059823,0.0,0.059823
2020-12-26 19:00:00,pv,mlp,179.127289,0.0,179.127289
2020-12-26 19:00:00,pv,H24_DAILY_PERSISTENCE,0.0,0.0,0.0
2020-12-26 20:00:00,pv,random_forest,0.059823,0.0,0.059823
2020-12-26 20:00:00,pv,mlp,157.732574,0.0,157.732574
2020-12-26 20:00:00,pv,H24_DAILY_PERSISTENCE,0.0,0.0,0.0
2020-12-26 21:00:00,pv,random_forest,0.059823,0.0,0.059823
2020-12-26 21:00:00,pv,mlp,140.786575,0.0,140.786575
2020-12-26 21:00:00,pv,H24_DAILY_PERSISTENCE,0.0,0.0,0.0
2020-12-26 22:00:00,pv,random_forest,0.059823,0.0,0.059823
2020-12-26 22:00:00,pv,mlp,129.403519,0.0,129.403519
2020-12-26 22:00:00,pv,H24_DAILY_PERSISTENCE,0.0,0.0,0.0
2020-12-26 23:00:00,pv,random_forest,0.059823,0.0,0.059823
2020-12-26 23:00:00,pv,mlp,125.589012,0.0,125.589012
2020-12-26 23:00:00,pv,H24_DAILY_PERSISTENCE,0.0,0.0,0.0
2020-12-27 00:00:00,pv,random_forest,0.059823,0.0,0.059823
2020-12-27 00:00:00,pv,mlp,118.673569,0.0,118.673569
2020-12-27 00:00:00,pv,H24_DAILY_PERSISTENCE,0.0,0.0,0.0
2020-12-27 01:00:00,pv,random_forest,0.059823,0.0,0.059823
2020-12-27 01:00:00,pv,mlp,125.03154,0.0,125.03154
2020-12-27 01:00:00,pv,H24_DAILY_PERSISTENCE,0.0,0.0,0.0
2020-12-27 02:00:00,pv,random_forest,0.059823,0.0,0.059823
2020-12-27 02:00:00,pv,mlp,137.143158,0.0,137.143158
2020-12-27 02:00:00,pv,H24_DAILY_PERSISTENCE,0.0,0.0,0.0
2020-12-27 03:00:00,pv,random_forest,0.059823,0.0,0.059823
2020-12-27 03:00:00,pv,mlp,152.992401,0.0,152.992401
2020-12-27 03:00:00,pv,H24_DAILY_PERSISTENCE,0.0,0.0,0.0
2020-12-27 04:00:00,pv,random_forest,0.059823,0.0,0.059823
2020-12-27 04:00:00,pv,mlp,171.438599,0.0,171.438599
2020-12-27 04:00:00,pv,H24_DAILY_PERSISTENCE,0.0,0.0,0.0
2020-12-27 05:00:00,pv,random_forest,0.059823,0.0,0.059823
2020-12-27 05:00:00,pv,mlp,192.643677,0.0,192.643677
2020-12-27 05:00:00,pv,H24_DAILY_PERSISTENCE,0.0,0.0,0.0
2020-12-27 06:00:00,pv,random_forest,0.652387,0.325,0.327387
2020-12-27 06:00:00,pv,mlp,213.986496,0.325,213.661496
2020-12-27 06:00:00,pv,H24_DAILY_PERSISTENCE,0.6,0.325,0.275
2020-12-27 07:00:00,pv,random_forest,281.467602,297.741667,16.274065
2020-12-27 07:00:00,pv,mlp,310.653137,297.741667,12.911471
2020-12-27 07:00:00,pv,H24_DAILY_PERSISTENCE,337.325,297.741667,39.583333
2020-12-27 08:00:00,pv,random_forest,683.129653,832.858333,149.72868
2020-12-27 08:00:00,pv,mlp,505.876648,832.858333,326.981685
2020-12-27 08:00:00,pv,H24_DAILY_PERSISTENCE,903.675,832.858333,70.816667
2020-12-27 09:00:00,pv,random_forest,644.15798,983.558333,339.400353
2020-12-27 09:00:00,pv,mlp,543.607239,983.558333,439.951095
2020-12-27 09:00:00,pv,H24_DAILY_PERSISTENCE,1057.983333,983.558333,74.425
2020-12-27 10:00:00,pv,random_forest,731.285943,1033.566667,302.280724
2020-12-27 10:00:00,pv,mlp,540.54895,1033.566667,493.017716
2020-12-27 10:00:00,pv,H24_DAILY_PERSISTENCE,1097.358333,1033.566667,63.791667
2020-12-27 11:00:00,pv,random_forest,742.90138,1042.758333,299.856953
2020-12-27 11:00:00,pv,mlp,547.772644,1042.758333,494.985689
2020-12-27 11:00:00,pv,H24_DAILY_PERSISTENCE,1102.608333,1042.758333,59.85
2020-12-27 12:00:00,pv,random_forest,815.559407,1029.575,214.015593
2020-12-27 12:00:00,pv,mlp,565.595032,1029.575,463.979968
2020-12-27 12:00:00,pv,H24_DAILY_PERSISTENCE,1099.241667,1029.575,69.666667
2020-12-27 13:00:00,pv,random_forest,878.395006,948.008333,69.613327
2020-12-27 13:00:00,pv,mlp,565.168823,948.008333,382.83951
2020-12-27 13:00:00,pv,H24_DAILY_PERSISTENCE,1050.725,948.008333,102.716667
2020-12-27 14:00:00,pv,random_forest,862.192806,883.85,21.657194
2020-12-27 14:00:00,pv,mlp,530.730652,883.85,353.119348
2020-12-27 14:00:00,pv,H24_DAILY_PERSISTENCE,968.408333,883.85,84.558333
2020-12-27 15:00:00,pv,random_forest,556.573624,612.55,55.976376
2020-12-27 15:00:00,pv,mlp,442.441742,612.55,170.108258
2020-12-27 15:00:00,pv,H24_DAILY_PERSISTENCE,659.341667,612.55,46.791667
2020-12-27 16:00:00,pv,random_forest,52.083353,51.683333,0.40002
2020-12-27 16:00:00,pv,mlp,237.971725,51.683333,186.288392
2020-12-27 16:00:00,pv,H24_DAILY_PERSISTENCE,45.625,51.683333,6.058333
2020-12-27 17:00:00,pv,random_forest,0.13934,0.0,0.13934
2020-12-27 17:00:00,pv,mlp,217.914017,0.0,217.914017
2020-12-27 17:00:00,pv,H24_DAILY_PERSISTENCE,0.0,0.0,0.0
2020-12-27 18:00:00,pv,random_forest,0.059823,0.0,0.059823
2020-12-27 18:00:00,pv,mlp,197.424271,0.0,197.424271
2020-12-27 18:00:00,pv,H24_DAILY_PERSISTENCE,0.0,0.0,0.0
2020-12-27 19:00:00,pv,random_forest,0.059823,0.0,0.059823
2020-12-27 19:00:00,pv,mlp,177.0,0.0,177.0
2020-12-27 19:00:00,pv,H24_DAILY_PERSISTENCE,0.0,0.0,0.0
2020-12-27 20:00:00,pv,random_forest,0.059823,0.0,0.059823
2020-12-27 20:00:00,pv,mlp,159.84227,0.0,159.84227
2020-12-27 20:00:00,pv,H24_DAILY_PERSISTENCE,0.0,0.0,0.0
2020-12-27 21:00:00,pv,random_forest,0.059823,0.0,0.059823
2020-12-27 21:00:00,pv,mlp,145.31665,0.0,145.31665
2020-12-27 21:00:00,pv,H24_DAILY_PERSISTENCE,0.0,0.0,0.0
2020-12-27 22:00:00,pv,random_forest,0.059823,0.0,0.059823
2020-12-27 22:00:00,pv,mlp,134.95137,0.0,134.95137
2020-12-27 22:00:00,pv,H24_DAILY_PERSISTENCE,0.0,0.0,0.0
2020-12-27 23:00:00,pv,random_forest,0.059823,0.0,0.059823
2020-12-27 23:00:00,pv,mlp,128.65271,0.0,128.65271
2020-12-27 23:00:00,pv,H24_DAILY_PERSISTENCE,0.0,0.0,0.0
2020-12-28 00:00:00,pv,random_forest,0.059823,0.0,0.059823
2020-12-28 00:00:00,pv,mlp,124.461304,0.0,124.461304
2020-12-28 00:00:00,pv,H24_DAILY_PERSISTENCE,0.0,0.0,0.0
2020-12-28 01:00:00,pv,random_forest,0.059823,0.0,0.059823
2020-12-28 01:00:00,pv,mlp,130.741562,0.0,130.741562
2020-12-28 01:00:00,pv,H24_DAILY_PERSISTENCE,0.0,0.0,0.0
2020-12-28 02:00:00,pv,random_forest,0.059823,0.0,0.059823
2020-12-28 02:00:00,pv,mlp,141.423019,0.0,141.423019
2020-12-28 02:00:00,pv,H24_DAILY_PERSISTENCE,0.0,0.0,0.0
2020-12-28 03:00:00,pv,random_forest,0.059823,0.0,0.059823
2020-12-28 03:00:00,pv,mlp,156.857529,0.0,156.857529
2020-12-28 03:00:00,pv,H24_DAILY_PERSISTENCE,0.0,0.0,0.0
2020-12-28 04:00:00,pv,random_forest,0.059823,0.0,0.059823
2020-12-28 04:00:00,pv,mlp,175.361679,0.0,175.361679
2020-12-28 04:00:00,pv,H24_DAILY_PERSISTENCE,0.0,0.0,0.0
2020-12-28 05:00:00,pv,random_forest,0.059823,0.0,0.059823
2020-12-28 05:00:00,pv,mlp,194.549637,0.0,194.549637
2020-12-28 05:00:00,pv,H24_DAILY_PERSISTENCE,0.0,0.0,0.0
2020-12-28 06:00:00,pv,random_forest,1.070369,0.55,0.520369
2020-12-28 06:00:00,pv,mlp,212.075897,0.55,211.525897
2020-12-28 06:00:00,pv,H24_DAILY_PERSISTENCE,0.325,0.55,0.225
2020-12-28 07:00:00,pv,random_forest,291.7863,310.483333,18.697034
2020-12-28 07:00:00,pv,mlp,357.390472,310.483333,46.907139
2020-12-28 07:00:00,pv,H24_DAILY_PERSISTENCE,297.741667,310.483333,12.741667
2020-12-28 08:00:00,pv,random_forest,832.226525,849.65,17.423475
2020-12-28 08:00:00,pv,mlp,582.163086,849.65,267.486914
2020-12-28 08:00:00,pv,H24_DAILY_PERSISTENCE,832.858333,849.65,16.791667
2020-12-28 09:00:00,pv,random_forest,1022.943023,999.125,23.818023
2020-12-28 09:00:00,pv,mlp,627.384766,999.125,371.740234
2020-12-28 09:00:00,pv,H24_DAILY_PERSISTENCE,983.558333,999.125,15.566667
2020-12-28 10:00:00,pv,random_forest,1041.375635,1002.525,38.850635
2020-12-28 10:00:00,pv,mlp,642.802429,1002.525,359.722571
2020-12-28 10:00:00,pv,H24_DAILY_PERSISTENCE,1033.566667,1002.525,31.041667
2020-12-28 11:00:00,pv,random_forest,1069.665904,1012.75,56.915904
2020-12-28 11:00:00,pv,mlp,647.566223,1012.75,365.183777
2020-12-28 11:00:00,pv,H24_DAILY_PERSISTENCE,1042.758333,1012.75,30.008333
2020-12-28 12:00:00,pv,random_forest,1074.694955,992.383333,82.311622
2020-12-28 12:00:00,pv,mlp,646.908203,992.383333,345.47513
2020-12-28 12:00:00,pv,H24_DAILY_PERSISTENCE,1029.575,992.383333,37.191667
2020-12-28 13:00:00,pv,random_forest,1016.135823,977.016667,39.119156
2020-12-28 13:00:00,pv,mlp,620.605164,977.016667,356.411503
2020-12-28 13:00:00,pv,H24_DAILY_PERSISTENCE,948.008333,977.016667,29.008333
2020-12-28 14:00:00,pv,random_forest,966.486391,908.208333,58.278058
2020-12-28 14:00:00,pv,mlp,598.18396,908.208333,310.024373
2020-12-28 14:00:00,pv,H24_DAILY_PERSISTENCE,883.85,908.208333,24.358333
2020-12-28 15:00:00,pv,random_forest,643.718653,629.675,14.043653
2020-12-28 15:00:00,pv,mlp,488.160645,629.675,141.514355
2020-12-28 15:00:00,pv,H24_DAILY_PERSISTENCE,612.55,629.675,17.125
2020-12-28 16:00:00,pv,random_forest,59.570057,49.541667,10.02839
2020-12-28 16:00:00,pv,mlp,227.574982,49.541667,178.033315
2020-12-28 16:00:00,pv,H24_DAILY_PERSISTENCE,51.683333,49.541667,2.141667
2020-12-28 17:00:00,pv,random_forest,0.064382,0.0,0.064382
2020-12-28 17:00:00,pv,mlp,195.735794,0.0,195.735794
2020-12-28 17:00:00,pv,H24_DAILY_PERSISTENCE,0.0,0.0,0.0
2020-12-28 18:00:00,pv,random_forest,0.059823,0.0,0.059823
2020-12-28 18:00:00,pv,mlp,178.241913,0.0,178.241913
2020-12-28 18:00:00,pv,H24_DAILY_PERSISTENCE,0.0,0.0,0.0
2020-12-28 19:00:00,pv,random_forest,0.059823,0.0,0.059823
2020-12-28 19:00:00,pv,mlp,159.807861,0.0,159.807861
2020-12-28 19:00:00,pv,H24_DAILY_PERSISTENCE,0.0,0.0,0.0
2020-12-28 20:00:00,pv,random_forest,0.059823,0.0,0.059823
2020-12-28 20:00:00,pv,mlp,143.452515,0.0,143.452515
2020-12-28 20:00:00,pv,H24_DAILY_PERSISTENCE,0.0,0.0,0.0
2020-12-28 21:00:00,pv,random_forest,0.059823,0.0,0.059823
2020-12-28 21:00:00,pv,mlp,131.38028,0.0,131.38028
2020-12-28 21:00:00,pv,H24_DAILY_PERSISTENCE,0.0,0.0,0.0
2020-12-28 22:00:00,pv,random_forest,0.059823,0.0,0.059823
2020-12-28 22:00:00,pv,mlp,123.538498,0.0,123.538498
2020-12-28 22:00:00,pv,H24_DAILY_PERSISTENCE,0.0,0.0,0.0
2020-12-28 23:00:00,pv,random_forest,0.059823,0.0,0.059823
2020-12-28 23:00:00,pv,mlp,119.783127,0.0,119.783127
2020-12-28 23:00:00,pv,H24_DAILY_PERSISTENCE,0.0,0.0,0.0
2020-12-29 00:00:00,pv,random_forest,0.059823,0.0,0.059823
2020-12-29 00:00:00,pv,mlp,121.109207,0.0,121.109207
2020-12-29 00:00:00,pv,H24_DAILY_PERSISTENCE,0.0,0.0,0.0
2020-12-29 01:00:00,pv,random_forest,0.059823,0.0,0.059823
2020-12-29 01:00:00,pv,mlp,128.16713,0.0,128.16713
2020-12-29 01:00:00,pv,H24_DAILY_PERSISTENCE,0.0,0.0,0.0
2020-12-29 02:00:00,pv,random_forest,0.059823,0.0,0.059823
2020-12-29 02:00:00,pv,mlp,138.906113,0.0,138.906113
2020-12-29 02:00:00,pv,H24_DAILY_PERSISTENCE,0.0,0.0,0.0
2020-12-29 03:00:00,pv,random_forest,0.059823,0.0,0.059823
2020-12-29 03:00:00,pv,mlp,152.447372,0.0,152.447372
2020-12-29 03:00:00,pv,H24_DAILY_PERSISTENCE,0.0,0.0,0.0
2020-12-29 04:00:00,pv,random_forest,0.059823,0.0,0.059823
2020-12-29 04:00:00,pv,mlp,168.76976,0.0,168.76976
2020-12-29 04:00:00,pv,H24_DAILY_PERSISTENCE,0.0,0.0,0.0
2020-12-29 05:00:00,pv,random_forest,0.059823,0.0,0.059823
2020-12-29 05:00:00,pv,mlp,187.103027,0.0,187.103027
2020-12-29 05:00:00,pv,H24_DAILY_PERSISTENCE,0.0,0.0,0.0
2020-12-29 06:00:00,pv,random_forest,0.652387,0.433333,0.219054
2020-12-29 06:00:00,pv,mlp,205.401611,0.433333,204.968278
2020-12-29 06:00:00,pv,H24_DAILY_PERSISTENCE,0.55,0.433333,0.116667
2020-12-29 07:00:00,pv,random_forest,298.016936,227.225,70.791936
2020-12-29 07:00:00,pv,mlp,351.929138,227.225,124.704138
2020-12-29 07:00:00,pv,H24_DAILY_PERSISTENCE,310.483333,227.225,83.258333
2020-12-29 08:00:00,pv,random_forest,773.852685,662.133333,111.719352
2020-12-29 08:00:00,pv,mlp,572.222961,662.133333,89.910372
2020-12-29 08:00:00,pv,H24_DAILY_PERSISTENCE,849.65,662.133333,187.516667
2020-12-29 09:00:00,pv,random_forest,975.134153,679.283333,295.85082
2020-12-29 09:00:00,pv,mlp,619.06073,679.283333,60.222603
2020-12-29 09:00:00,pv,H24_DAILY_PERSISTENCE,999.125,679.283333,319.841667
2020-12-29 10:00:00,pv,random_forest,1014.343648,713.758333,300.585315
2020-12-29 10:00:00,pv,mlp,622.977173,713.758333,90.78116
2020-12-29 10:00:00,pv,H24_DAILY_PERSISTENCE,1002.525,713.758333,288.766667
2020-12-29 11:00:00,pv,random_forest,1011.253002,720.066667,291.186336
2020-12-29 11:00:00,pv,mlp,622.582153,720.066667,97.484513
2020-12-29 11:00:00,pv,H24_DAILY_PERSISTENCE,1012.75,720.066667,292.683333
2020-12-29 12:00:00,pv,random_forest,1017.322967,573.091667,444.2313
2020-12-29 12:00:00,pv,mlp,619.362061,573.091667,46.270394
2020-12-29 12:00:00,pv,H24_DAILY_PERSISTENCE,992.383333,573.091667,419.291667
2020-12-29 13:00:00,pv,random_forest,947.395792,581.633333,365.762458
2020-12-29 13:00:00,pv,mlp,611.201904,581.633333,29.568571
2020-12-29 13:00:00,pv,H24_DAILY_PERSISTENCE,977.016667,581.633333,395.383333
2020-12-29 14:00:00,pv,random_forest,911.853404,470.233333,441.62007
2020-12-29 14:00:00,pv,mlp,577.535706,470.233333,107.302372
2020-12-29 14:00:00,pv,H24_DAILY_PERSISTENCE,908.208333,470.233333,437.975
2020-12-29 15:00:00,pv,random_forest,600.786237,349.383333,251.402904
2020-12-29 15:00:00,pv,mlp,455.127258,349.383333,105.743925
2020-12-29 15:00:00,pv,H24_DAILY_PERSISTENCE,629.675,349.383333,280.291667
2020-12-29 16:00:00,pv,random_forest,54.65606,12.916667,41.739393
2020-12-29 16:00:00,pv,mlp,225.752319,12.916667,212.835653
2020-12-29 16:00:00,pv,H24_DAILY_PERSISTENCE,49.541667,12.916667,36.625
2020-12-29 17:00:00,pv,random_forest,0.13934,0.0,0.13934
2020-12-29 17:00:00,pv,mlp,189.560974,0.0,189.560974
2020-12-29 17:00:00,pv,H24_DAILY_PERSISTENCE,0.0,0.0,0.0
2020-12-29 18:00:00,pv,random_forest,0.059823,0.0,0.059823
2020-12-29 18:00:00,pv,mlp,171.039764,0.0,171.039764
2020-12-29 18:00:00,pv,H24_DAILY_PERSISTENCE,0.0,0.0,0.0
2020-12-29 19:00:00,pv,random_forest,0.059823,0.0,0.059823
2020-12-29 19:00:00,pv,mlp,151.525665,0.0,151.525665
2020-12-29 19:00:00,pv,H24_DAILY_PERSISTENCE,0.0,0.0,0.0
2020-12-29 20:00:00,pv,random_forest,0.059823,0.0,0.059823
2020-12-29 20:00:00,pv,mlp,135.553223,0.0,135.553223
2020-12-29 20:00:00,pv,H24_DAILY_PERSISTENCE,0.0,0.0,0.0
2020-12-29 21:00:00,pv,random_forest,0.059823,0.0,0.059823
2020-12-29 21:00:00,pv,mlp,124.642899,0.0,124.642899
2020-12-29 21:00:00,pv,H24_DAILY_PERSISTENCE,0.0,0.0,0.0
2020-12-29 22:00:00,pv,random_forest,0.059823,0.0,0.059823
2020-12-29 22:00:00,pv,mlp,118.701172,0.0,118.701172
2020-12-29 22:00:00,pv,H24_DAILY_PERSISTENCE,0.0,0.0,0.0
2020-12-29 23:00:00,pv,random_forest,0.059823,0.0,0.059823
2020-12-29 23:00:00,pv,mlp,118.17421,0.0,118.17421
2020-12-29 23:00:00,pv,H24_DAILY_PERSISTENCE,0.0,0.0,0.0
2020-12-30 00:00:00,pv,random_forest,0.059823,0.0,0.059823
2020-12-30 00:00:00,pv,mlp,120.623192,0.0,120.623192
2020-12-30 00:00:00,pv,H24_DAILY_PERSISTENCE,0.0,0.0,0.0
2020-12-30 01:00:00,pv,random_forest,0.059823,0.0,0.059823
2020-12-30 01:00:00,pv,mlp,127.397438,0.0,127.397438
2020-12-30 01:00:00,pv,H24_DAILY_PERSISTENCE,0.0,0.0,0.0
2020-12-30 02:00:00,pv,random_forest,0.059823,0.0,0.059823
2020-12-30 02:00:00,pv,mlp,139.353897,0.0,139.353897
2020-12-30 02:00:00,pv,H24_DAILY_PERSISTENCE,0.0,0.0,0.0
2020-12-30 03:00:00,pv,random_forest,0.059823,0.0,0.059823
2020-12-30 03:00:00,pv,mlp,153.16214,0.0,153.16214
2020-12-30 03:00:00,pv,H24_DAILY_PERSISTENCE,0.0,0.0,0.0
2020-12-30 04:00:00,pv,random_forest,0.059823,0.0,0.059823
2020-12-30 04:00:00,pv,mlp,171.741486,0.0,171.741486
2020-12-30 04:00:00,pv,H24_DAILY_PERSISTENCE,0.0,0.0,0.0
2020-12-30 05:00:00,pv,random_forest,0.059823,0.0,0.059823
2020-12-30 05:00:00,pv,mlp,192.730515,0.0,192.730515
2020-12-30 05:00:00,pv,H24_DAILY_PERSISTENCE,0.0,0.0,0.0
2020-12-30 06:00:00,pv,random_forest,1.070369,0.175,0.895369
2020-12-30 06:00:00,pv,mlp,214.667038,0.175,214.492038
2020-12-30 06:00:00,pv,H24_DAILY_PERSISTENCE,0.433333,0.175,0.258333
2020-12-30 07:00:00,pv,random_forest,305.852776,229.85,76.002776
2020-12-30 07:00:00,pv,mlp,346.496063,229.85,116.646063
2020-12-30 07:00:00,pv,H24_DAILY_PERSISTENCE,227.225,229.85,2.625
2020-12-30 08:00:00,pv,random_forest,772.572274,669.3,103.272274
2020-12-30 08:00:00,pv,mlp,551.835815,669.3,117.464185
2020-12-30 08:00:00,pv,H24_DAILY_PERSISTENCE,662.133333,669.3,7.166667
2020-12-30 09:00:00,pv,random_forest,895.714557,766.466667,129.247891
2020-12-30 09:00:00,pv,mlp,598.380554,766.466667,168.086112
2020-12-30 09:00:00,pv,H24_DAILY_PERSISTENCE,679.283333,766.466667,87.183333
2020-12-30 10:00:00,pv,random_forest,917.953993,802.475,115.478993
2020-12-30 10:00:00,pv,mlp,609.371704,802.475,193.103296
2020-12-30 10:00:00,pv,H24_DAILY_PERSISTENCE,713.758333,802.475,88.716667
2020-12-30 11:00:00,pv,random_forest,944.622739,697.0,247.622739
2020-12-30 11:00:00,pv,mlp,613.280579,697.0,83.719421
2020-12-30 11:00:00,pv,H24_DAILY_PERSISTENCE,720.066667,697.0,23.066667
2020-12-30 12:00:00,pv,random_forest,957.928676,726.241667,231.68701
2020-12-30 12:00:00,pv,mlp,597.419434,726.241667,128.822233
2020-12-30 12:00:00,pv,H24_DAILY_PERSISTENCE,573.091667,726.241667,153.15
2020-12-30 13:00:00,pv,random_forest,892.986146,698.716667,194.26948
2020-12-30 13:00:00,pv,mlp,594.931274,698.716667,103.785392
2020-12-30 13:00:00,pv,H24_DAILY_PERSISTENCE,581.633333,698.716667,117.083333
2020-12-30 14:00:00,pv,random_forest,857.076849,593.191667,263.885182
2020-12-30 14:00:00,pv,mlp,558.234619,593.191667,34.957048
2020-12-30 14:00:00,pv,H24_DAILY_PERSISTENCE,470.233333,593.191667,122.958333
2020-12-30 15:00:00,pv,random_forest,682.242364,359.85,322.392364
2020-12-30 15:00:00,pv,mlp,462.303619,359.85,102.453619
2020-12-30 15:00:00,pv,H24_DAILY_PERSISTENCE,349.383333,359.85,10.466667
2020-12-30 16:00:00,pv,random_forest,50.149356,24.066667,26.08269
2020-12-30 16:00:00,pv,mlp,247.49527,24.066667,223.428603
2020-12-30 16:00:00,pv,H24_DAILY_PERSISTENCE,12.916667,24.066667,11.15
2020-12-30 17:00:00,pv,random_forest,0.069081,0.0,0.069081
2020-12-30 17:00:00,pv,mlp,204.302917,0.0,204.302917
2020-12-30 17:00:00,pv,H24_DAILY_PERSISTENCE,0.0,0.0,0.0
2020-12-30 18:00:00,pv,random_forest,0.059823,0.0,0.059823
2020-12-30 18:00:00,pv,mlp,178.493118,0.0,178.493118
2020-12-30 18:00:00,pv,H24_DAILY_PERSISTENCE,0.0,0.0,0.0
2020-12-30 19:00:00,pv,random_forest,0.059823,0.0,0.059823
2020-12-30 19:00:00,pv,mlp,153.765472,0.0,153.765472
2020-12-30 19:00:00,pv,H24_DAILY_PERSISTENCE,0.0,0.0,0.0
2020-12-30 20:00:00,pv,random_forest,0.059823,0.0,0.059823
2020-12-30 20:00:00,pv,mlp,131.913956,0.0,131.913956
2020-12-30 20:00:00,pv,H24_DAILY_PERSISTENCE,0.0,0.0,0.0
2020-12-30 21:00:00,pv,random_forest,0.059823,0.0,0.059823
2020-12-30 21:00:00,pv,mlp,114.641235,0.0,114.641235
2020-12-30 21:00:00,pv,H24_DAILY_PERSISTENCE,0.0,0.0,0.0
2020-12-30 22:00:00,pv,random_forest,0.059823,0.0,0.059823
2020-12-30 22:00:00,pv,mlp,103.698402,0.0,103.698402
2020-12-30 22:00:00,pv,H24_DAILY_PERSISTENCE,0.0,0.0,0.0
2020-12-30 23:00:00,pv,random_forest,0.059823,0.0,0.059823
2020-12-30 23:00:00,pv,mlp,100.018539,0.0,100.018539
2020-12-30 23:00:00,pv,H24_DAILY_PERSISTENCE,0.0,0.0,0.0
2020-12-31 00:00:00,pv,random_forest,0.059823,0.0,0.059823
2020-12-31 00:00:00,pv,mlp,107.344337,0.0,107.344337
2020-12-31 00:00:00,pv,H24_DAILY_PERSISTENCE,0.0,0.0,0.0
2020-12-31 01:00:00,pv,random_forest,0.059823,0.0,0.059823
2020-12-31 01:00:00,pv,mlp,114.158936,0.0,114.158936
2020-12-31 01:00:00,pv,H24_DAILY_PERSISTENCE,0.0,0.0,0.0
2020-12-31 02:00:00,pv,random_forest,0.059823,0.0,0.059823
2020-12-31 02:00:00,pv,mlp,125.259132,0.0,125.259132
2020-12-31 02:00:00,pv,H24_DAILY_PERSISTENCE,0.0,0.0,0.0
2020-12-31 03:00:00,pv,random_forest,0.059823,0.0,0.059823
2020-12-31 03:00:00,pv,mlp,142.801224,0.0,142.801224
2020-12-31 03:00:00,pv,H24_DAILY_PERSISTENCE,0.0,0.0,0.0
2020-12-31 04:00:00,pv,random_forest,0.059823,0.0,0.059823
2020-12-31 04:00:00,pv,mlp,163.600204,0.0,163.600204
2020-12-31 04:00:00,pv,H24_DAILY_PERSISTENCE,0.0,0.0,0.0
2020-12-31 05:00:00,pv,random_forest,0.059823,0.0,0.059823
2020-12-31 05:00:00,pv,mlp,187.897919,0.0,187.897919
2020-12-31 05:00:00,pv,H24_DAILY_PERSISTENCE,0.0,0.0,0.0
2020-12-31 06:00:00,pv,random_forest,0.848833,0.008333,0.8405
2020-12-31 06:00:00,pv,mlp,214.466156,0.008333,214.457823
2020-12-31 06:00:00,pv,H24_DAILY_PERSISTENCE,0.175,0.008333,0.166667
2020-12-31 07:00:00,pv,random_forest,279.929951,272.225,7.704951
2020-12-31 07:00:00,pv,mlp,329.539307,272.225,57.314307
2020-12-31 07:00:00,pv,H24_DAILY_PERSISTENCE,229.85,272.225,42.375
2020-12-31 08:00:00,pv,random_forest,747.233937,791.708333,44.474397
2020-12-31 08:00:00,pv,mlp,522.325439,791.708333,269.382894
2020-12-31 08:00:00,pv,H24_DAILY_PERSISTENCE,669.3,791.708333,122.408333
2020-12-31 09:00:00,pv,random_forest,880.106716,958.508333,78.401618
2020-12-31 09:00:00,pv,mlp,582.972168,958.508333,375.536165
2020-12-31 09:00:00,pv,H24_DAILY_PERSISTENCE,766.466667,958.508333,192.041667
2020-12-31 10:00:00,pv,random_forest,897.74293,893.716667,4.026264
2020-12-31 10:00:00,pv,mlp,598.726074,893.716667,294.990592
2020-12-31 10:00:00,pv,H24_DAILY_PERSISTENCE,802.475,893.716667,91.241667
2020-12-31 11:00:00,pv,random_forest,931.748423,979.358333,47.60991
2020-12-31 11:00:00,pv,mlp,586.736938,979.358333,392.621395
2020-12-31 11:00:00,pv,H24_DAILY_PERSISTENCE,697.0,979.358333,282.358333
2020-12-31 12:00:00,pv,random_forest,876.913597,1002.308333,125.394737
2020-12-31 12:00:00,pv,mlp,578.712463,1002.308333,423.59587
2020-12-31 12:00:00,pv,H24_DAILY_PERSISTENCE,726.241667,1002.308333,276.066667
2020-12-31 13:00:00,pv,random_forest,848.061788,962.316667,114.254879
2020-12-31 13:00:00,pv,mlp,564.076355,962.316667,398.240312
2020-12-31 13:00:00,pv,H24_DAILY_PERSISTENCE,698.716667,962.316667,263.6
2020-12-31 14:00:00,pv,random_forest,888.411743,911.091667,22.679924
2020-12-31 14:00:00,pv,mlp,522.152222,911.091667,388.939445
2020-12-31 14:00:00,pv,H24_DAILY_PERSISTENCE,593.191667,911.091667,317.9
2020-12-31 15:00:00,pv,random_forest,677.814707,655.85,21.964707
2020-12-31 15:00:00,pv,mlp,431.163635,655.85,224.686365
2020-12-31 15:00:00,pv,H24_DAILY_PERSISTENCE,359.85,655.85,296.0
2020-12-31 16:00:00,pv,random_forest,40.878639,84.4,43.521361
2020-12-31 16:00:00,pv,mlp,242.776154,84.4,158.376154
2020-12-31 16:00:00,pv,H24_DAILY_PERSISTENCE,24.066667,84.4,60.333333
2020-12-31 17:00:00,pv,random_forest,0.037713,0.0,0.037713
2020-12-31 17:00:00,pv,mlp,209.466553,0.0,209.466553
2020-12-31 17:00:00,pv,H24_DAILY_PERSISTENCE,0.0,0.0,0.0
2020-12-31 18:00:00,pv,random_forest,0.059823,0.0,0.059823
2020-12-31 18:00:00,pv,mlp,183.199844,0.0,183.199844
2020-12-31 18:00:00,pv,H24_DAILY_PERSISTENCE,0.0,0.0,0.0
2020-12-31 19:00:00,pv,random_forest,0.059823,0.0,0.059823
2020-12-31 19:00:00,pv,mlp,158.017731,0.0,158.017731
2020-12-31 19:00:00,pv,H24_DAILY_PERSISTENCE,0.0,0.0,0.0
2020-12-31 20:00:00,pv,random_forest,0.059823,0.0,0.059823
2020-12-31 20:00:00,pv,mlp,135.023651,0.0,135.023651
2020-12-31 20:00:00,pv,H24_DAILY_PERSISTENCE,0.0,0.0,0.0
2020-12-31 21:00:00,pv,random_forest,0.059823,0.0,0.059823
2020-12-31 21:00:00,pv,mlp,118.376122,0.0,118.376122
2020-12-31 21:00:00,pv,H24_DAILY_PERSISTENCE,0.0,0.0,0.0
2020-12-31 22:00:00,pv,random_forest,0.059823,0.0,0.059823
2020-12-31 22:00:00,pv,mlp,106.787376,0.0,106.787376
2020-12-31 22:00:00,pv,H24_DAILY_PERSISTENCE,0.0,0.0,0.0
2020-12-31 23:00:00,pv,random_forest,0.059823,0.0,0.059823
2020-12-31 23:00:00,pv,mlp,101.65123,0.0,101.65123
2020-12-31 23:00:00,pv,H24_DAILY_PERSISTENCE,0.0,0.0,0.0
