experiment_id,epoch,training_loss,inner_validation_loss,best_epoch,stopped_epoch
LOAD-H1-MLP-NNV1-S42-F01,1,0.14058604836463928,0.2962939143180847,11,12
LOAD-H1-MLP-NNV1-S42-F01,2,0.07863958179950714,0.1378439962863922,11,12
LOAD-H1-MLP-NNV1-S42-F01,3,0.12433554977178574,0.10473231226205826,11,12
LOAD-H1-MLP-NNV1-S42-F01,4,0.06499166041612625,0.08661600947380066,11,12
LOAD-H1-MLP-NNV1-S42-F01,5,0.1045924723148346,0.07763157784938812,11,12
LOAD-H1-MLP-NNV1-S42-F01,6,0.0349852554500103,0.07110453397035599,11,12
LOAD-H1-MLP-NNV1-S42-F01,7,0.030559318140149117,0.06942043453454971,11,12
LOAD-H1-MLP-NNV1-S42-F01,8,0.024354465305805206,0.06469530612230301,11,12
LOAD-H1-MLP-NNV1-S42-F01,9,0.031239986419677734,0.06016216054558754,11,12
LOAD-H1-MLP-NNV1-S42-F01,10,0.06443968415260315,0.059759557247161865,11,12
LOAD-H1-MLP-NNV1-S42-F01,11,0.04537731036543846,0.057083651423454285,11,12
LOAD-H1-MLP-NNV1-S42-F01,12,0.032950107008218765,0.05800100415945053,11,12
LOAD-H1-LSTM-NNV1-S42-F01,1,0.9280253052711487,1.622748613357544,12,12
LOAD-H1-LSTM-NNV1-S42-F01,2,0.9148498773574829,1.6050193309783936,12,12
LOAD-H1-LSTM-NNV1-S42-F01,3,0.9018437266349792,1.5874227285385132,12,12
LOAD-H1-LSTM-NNV1-S42-F01,4,0.8889986276626587,1.5699459314346313,12,12
LOAD-H1-LSTM-NNV1-S42-F01,5,0.8763039708137512,1.552565574645996,12,12
LOAD-H1-LSTM-NNV1-S42-F01,6,0.8637474179267883,1.5352630615234375,12,12
LOAD-H1-LSTM-NNV1-S42-F01,7,0.8513147234916687,1.5180178880691528,12,12
LOAD-H1-LSTM-NNV1-S42-F01,8,0.838990330696106,1.5008039474487305,12,12
LOAD-H1-LSTM-NNV1-S42-F01,9,0.8267573118209839,1.4835907220840454,12,12
LOAD-H1-LSTM-NNV1-S42-F01,10,0.8145976066589355,1.4663442373275757,12,12
LOAD-H1-LSTM-NNV1-S42-F01,11,0.8024928569793701,1.4490277767181396,12,12
LOAD-H1-LSTM-NNV1-S42-F01,12,0.7904250621795654,1.4316030740737915,12,12
LOAD-H1-GRU-NNV1-S42-F01,1,0.9214065670967102,1.7210992574691772,12,12
LOAD-H1-GRU-NNV1-S42-F01,2,0.9016180634498596,1.6855682134628296,12,12
LOAD-H1-GRU-NNV1-S42-F01,3,0.8823522925376892,1.6504136323928833,12,12
LOAD-H1-GRU-NNV1-S42-F01,4,0.8636002540588379,1.6156564950942993,12,12
LOAD-H1-GRU-NNV1-S42-F01,5,0.8453459739685059,1.5813220739364624,12,12
LOAD-H1-GRU-NNV1-S42-F01,6,0.8275724649429321,1.547426462173462,12,12
LOAD-H1-GRU-NNV1-S42-F01,7,0.8102568984031677,1.513997197151184,12,12
LOAD-H1-GRU-NNV1-S42-F01,8,0.7933740019798279,1.4810725450515747,12,12
LOAD-H1-GRU-NNV1-S42-F01,9,0.7768996953964233,1.4486945867538452,12,12
LOAD-H1-GRU-NNV1-S42-F01,10,0.7608096599578857,1.4169049263000488,12,12
LOAD-H1-GRU-NNV1-S42-F01,11,0.7450775504112244,1.3857370615005493,12,12
LOAD-H1-GRU-NNV1-S42-F01,12,0.7296741008758545,1.355215311050415,12,12
LOAD-H1-MLP-NNV1-S42-F02,1,0.058711957186460495,0.4741003215312958,10,12
LOAD-H1-MLP-NNV1-S42-F02,2,0.04184678941965103,0.36909207701683044,10,12
LOAD-H1-MLP-NNV1-S42-F02,3,0.04292133450508118,0.29405856132507324,10,12
LOAD-H1-MLP-NNV1-S42-F02,4,0.0343111976981163,0.3206142485141754,10,12
LOAD-H1-MLP-NNV1-S42-F02,5,0.02286483533680439,0.24953679740428925,10,12
LOAD-H1-MLP-NNV1-S42-F02,6,0.03829031437635422,0.17638850212097168,10,12
LOAD-H1-MLP-NNV1-S42-F02,7,0.0259739700704813,0.1379796862602234,10,12
LOAD-H1-MLP-NNV1-S42-F02,8,0.025986166670918465,0.07112089544534683,10,12
LOAD-H1-MLP-NNV1-S42-F02,9,0.027574801817536354,0.06687690317630768,10,12
LOAD-H1-MLP-NNV1-S42-F02,10,0.010367264039814472,0.04850836470723152,10,12
LOAD-H1-MLP-NNV1-S42-F02,11,0.027895154431462288,0.05467773228883743,10,12
LOAD-H1-MLP-NNV1-S42-F02,12,0.01921992376446724,0.054502859711647034,10,12
LOAD-H1-LSTM-NNV1-S42-F02,1,0.7232449054718018,3.3728020191192627,12,12
LOAD-H1-LSTM-NNV1-S42-F02,2,0.7104139924049377,3.350141763687134,12,12
LOAD-H1-LSTM-NNV1-S42-F02,3,0.6978702545166016,3.32706618309021,12,12
LOAD-H1-LSTM-NNV1-S42-F02,4,0.6855833530426025,3.303701400756836,12,12
LOAD-H1-LSTM-NNV1-S42-F02,5,0.6735294461250305,3.2801778316497803,12,12
LOAD-H1-LSTM-NNV1-S42-F02,6,0.6616876721382141,3.256505012512207,12,12
LOAD-H1-LSTM-NNV1-S42-F02,7,0.6500391960144043,3.2325916290283203,12,12
LOAD-H1-LSTM-NNV1-S42-F02,8,0.638566255569458,3.208343029022217,12,12
LOAD-H1-LSTM-NNV1-S42-F02,9,0.6272521018981934,3.183692216873169,12,12
LOAD-H1-LSTM-NNV1-S42-F02,10,0.6160813570022583,3.1585826873779297,12,12
LOAD-H1-LSTM-NNV1-S42-F02,11,0.6050394773483276,3.132952928543091,12,12
LOAD-H1-LSTM-NNV1-S42-F02,12,0.5941121578216553,3.106731653213501,12,12
LOAD-H1-GRU-NNV1-S42-F02,1,0.6590064764022827,3.9482998847961426,12,12
LOAD-H1-GRU-NNV1-S42-F02,2,0.6449711322784424,3.8659892082214355,12,12
LOAD-H1-GRU-NNV1-S42-F02,3,0.6311557292938232,3.7850451469421387,12,12
LOAD-H1-GRU-NNV1-S42-F02,4,0.6175494194030762,3.705624580383301,12,12
LOAD-H1-GRU-NNV1-S42-F02,5,0.6041368842124939,3.627784013748169,12,12
LOAD-H1-GRU-NNV1-S42-F02,6,0.5909018516540527,3.551539421081543,12,12
LOAD-H1-GRU-NNV1-S42-F02,7,0.5778288841247559,3.4768247604370117,12,12
LOAD-H1-GRU-NNV1-S42-F02,8,0.5649057626724243,3.4035093784332275,12,12
LOAD-H1-GRU-NNV1-S42-F02,9,0.5521233081817627,3.3314452171325684,12,12
LOAD-H1-GRU-NNV1-S42-F02,10,0.5394750237464905,3.260490655899048,12,12
LOAD-H1-GRU-NNV1-S42-F02,11,0.5269560217857361,3.190509080886841,12,12
LOAD-H1-GRU-NNV1-S42-F02,12,0.5145626068115234,3.1213672161102295,12,12
LOAD-H1-MLP-NNV1-S42-F03,1,0.05049051716923714,0.13009557127952576,11,12
LOAD-H1-MLP-NNV1-S42-F03,2,0.03404230251908302,0.06542366743087769,11,12
LOAD-H1-MLP-NNV1-S42-F03,3,0.017190808430314064,0.05500848591327667,11,12
LOAD-H1-MLP-NNV1-S42-F03,4,0.006426951382309198,0.05111399292945862,11,12
LOAD-H1-MLP-NNV1-S42-F03,5,0.027652880176901817,0.047853197902441025,11,12
LOAD-H1-MLP-NNV1-S42-F03,6,0.01770571433007717,0.040980324149131775,11,12
LOAD-H1-MLP-NNV1-S42-F03,7,0.0384971909224987,0.0714922696352005,11,12
LOAD-H1-MLP-NNV1-S42-F03,8,0.003346417797729373,0.0618845634162426,11,12
LOAD-H1-MLP-NNV1-S42-F03,9,0.011845733039081097,0.05594462528824806,11,12
LOAD-H1-MLP-NNV1-S42-F03,10,0.01616864837706089,0.020706571638584137,11,12
LOAD-H1-MLP-NNV1-S42-F03,11,0.010152208618819714,0.018339404836297035,11,12
LOAD-H1-MLP-NNV1-S42-F03,12,0.0030165575444698334,0.019663367420434952,11,12
LOAD-H1-LSTM-NNV1-S42-F03,1,0.7734078168869019,2.7497036457061768,12,12
LOAD-H1-LSTM-NNV1-S42-F03,2,0.7589022517204285,2.7254831790924072,12,12
LOAD-H1-LSTM-NNV1-S42-F03,3,0.7446750402450562,2.701049566268921,12,12
LOAD-H1-LSTM-NNV1-S42-F03,4,0.7307066321372986,2.6762590408325195,12,12
LOAD-H1-LSTM-NNV1-S42-F03,5,0.716972291469574,2.6510801315307617,12,12
LOAD-H1-LSTM-NNV1-S42-F03,6,0.7034432291984558,2.625566005706787,12,12
LOAD-H1-LSTM-NNV1-S42-F03,7,0.6900932192802429,2.5997235774993896,12,12
LOAD-H1-LSTM-NNV1-S42-F03,8,0.6768985986709595,2.5734975337982178,12,12
LOAD-H1-LSTM-NNV1-S42-F03,9,0.6638354659080505,2.546797275543213,12,12
LOAD-H1-LSTM-NNV1-S42-F03,10,0.6508800983428955,2.5195231437683105,12,12
LOAD-H1-LSTM-NNV1-S42-F03,11,0.6380084156990051,2.4915785789489746,12,12
LOAD-H1-LSTM-NNV1-S42-F03,12,0.6251971125602722,2.462878704071045,12,12
LOAD-H1-GRU-NNV1-S42-F03,1,0.7130694389343262,3.384221076965332,12,12
LOAD-H1-GRU-NNV1-S42-F03,2,0.6971091032028198,3.3142921924591064,12,12
LOAD-H1-GRU-NNV1-S42-F03,3,0.6812942028045654,3.2445032596588135,12,12
LOAD-H1-GRU-NNV1-S42-F03,4,0.6656216979026794,3.1748428344726562,12,12
LOAD-H1-GRU-NNV1-S42-F03,5,0.6500836610794067,3.1053617000579834,12,12
LOAD-H1-GRU-NNV1-S42-F03,6,0.6346749663352966,3.0360894203186035,12,12
LOAD-H1-GRU-NNV1-S42-F03,7,0.6193929314613342,2.967008352279663,12,12
LOAD-H1-GRU-NNV1-S42-F03,8,0.6042340993881226,2.8980934619903564,12,12
LOAD-H1-GRU-NNV1-S42-F03,9,0.5891938805580139,2.8293216228485107,12,12
LOAD-H1-GRU-NNV1-S42-F03,10,0.5742673277854919,2.7606711387634277,12,12
LOAD-H1-GRU-NNV1-S42-F03,11,0.5594486594200134,2.692119836807251,12,12
LOAD-H1-GRU-NNV1-S42-F03,12,0.544732391834259,2.6236462593078613,12,12
LOAD-H1-MLP-NNV1-S42-F04,1,0.10503216087818146,0.07682834565639496,12,12
LOAD-H1-MLP-NNV1-S42-F04,2,0.02689933590590954,0.038491390645504,12,12
LOAD-H1-MLP-NNV1-S42-F04,3,0.027886226773262024,0.0262758769094944,12,12
LOAD-H1-MLP-NNV1-S42-F04,4,0.031002869829535484,0.02394471876323223,12,12
LOAD-H1-MLP-NNV1-S42-F04,5,0.021881626918911934,0.017738530412316322,12,12
LOAD-H1-MLP-NNV1-S42-F04,6,0.01858416572213173,0.022197850048542023,12,12
LOAD-H1-MLP-NNV1-S42-F04,7,0.022818638011813164,0.015307814814150333,12,12
LOAD-H1-MLP-NNV1-S42-F04,8,0.009019536897540092,0.01570785976946354,12,12
LOAD-H1-MLP-NNV1-S42-F04,9,0.01173096988350153,0.013065122067928314,12,12
LOAD-H1-MLP-NNV1-S42-F04,10,0.011901690624654293,0.011827475391328335,12,12
LOAD-H1-MLP-NNV1-S42-F04,11,0.011596369557082653,0.01255562249571085,12,12
LOAD-H1-MLP-NNV1-S42-F04,12,0.009034940972924232,0.009008062072098255,12,12
LOAD-H1-LSTM-NNV1-S42-F04,1,0.7537114024162292,2.6435275077819824,12,12
LOAD-H1-LSTM-NNV1-S42-F04,2,0.7383184432983398,2.6196367740631104,12,12
LOAD-H1-LSTM-NNV1-S42-F04,3,0.7231747508049011,2.5957343578338623,12,12
LOAD-H1-LSTM-NNV1-S42-F04,4,0.7082550525665283,2.5717053413391113,12,12
LOAD-H1-LSTM-NNV1-S42-F04,5,0.6935344338417053,2.5474705696105957,12,12
LOAD-H1-LSTM-NNV1-S42-F04,6,0.6789855360984802,2.5229384899139404,12,12
LOAD-H1-LSTM-NNV1-S42-F04,7,0.6645793914794922,2.4980061054229736,12,12
LOAD-H1-LSTM-NNV1-S42-F04,8,0.6502878069877625,2.4725701808929443,12,12
LOAD-H1-LSTM-NNV1-S42-F04,9,0.6360837817192078,2.446542501449585,12,12
LOAD-H1-LSTM-NNV1-S42-F04,10,0.6219430565834045,2.419848680496216,12,12
LOAD-H1-LSTM-NNV1-S42-F04,11,0.6078442931175232,2.3924171924591064,12,12
LOAD-H1-LSTM-NNV1-S42-F04,12,0.5937686562538147,2.364173650741577,12,12
LOAD-H1-GRU-NNV1-S42-F04,1,0.6860743165016174,3.5855424404144287,12,12
LOAD-H1-GRU-NNV1-S42-F04,2,0.6697408556938171,3.514694929122925,12,12
LOAD-H1-GRU-NNV1-S42-F04,3,0.6536329984664917,3.441091537475586,12,12
LOAD-H1-GRU-NNV1-S42-F04,4,0.6377220153808594,3.3656506538391113,12,12
LOAD-H1-GRU-NNV1-S42-F04,5,0.6219802498817444,3.289232015609741,12,12
LOAD-H1-GRU-NNV1-S42-F04,6,0.6063869595527649,3.2122442722320557,12,12
LOAD-H1-GRU-NNV1-S42-F04,7,0.590924859046936,3.13490891456604,12,12
LOAD-H1-GRU-NNV1-S42-F04,8,0.5755772590637207,3.0573484897613525,12,12
LOAD-H1-GRU-NNV1-S42-F04,9,0.5603277087211609,2.979623556137085,12,12
LOAD-H1-GRU-NNV1-S42-F04,10,0.5451597571372986,2.9017624855041504,12,12
LOAD-H1-GRU-NNV1-S42-F04,11,0.5300572514533997,2.8237791061401367,12,12
LOAD-H1-GRU-NNV1-S42-F04,12,0.5150043964385986,2.7456705570220947,12,12
LOAD-H1-MLP-NNV1-S42-F05,1,0.047753382474184036,0.07151830196380615,12,12
LOAD-H1-MLP-NNV1-S42-F05,2,0.03328785300254822,0.042615748941898346,12,12
LOAD-H1-MLP-NNV1-S42-F05,3,0.022212190553545952,0.03182607516646385,12,12
LOAD-H1-MLP-NNV1-S42-F05,4,0.02072235755622387,0.027269272133708,12,12
LOAD-H1-MLP-NNV1-S42-F05,5,0.015951411798596382,0.029772572219371796,12,12
LOAD-H1-MLP-NNV1-S42-F05,6,0.012461083009839058,0.018215622752904892,12,12
LOAD-H1-MLP-NNV1-S42-F05,7,0.010802201926708221,0.01704428717494011,12,12
LOAD-H1-MLP-NNV1-S42-F05,8,0.022728679701685905,0.014450869522988796,12,12
LOAD-H1-MLP-NNV1-S42-F05,9,0.012766461819410324,0.012540490366518497,12,12
LOAD-H1-MLP-NNV1-S42-F05,10,0.010379965417087078,0.011362789198756218,12,12
LOAD-H1-MLP-NNV1-S42-F05,11,0.009375981986522675,0.011849814094603062,12,12
LOAD-H1-MLP-NNV1-S42-F05,12,0.008117927238345146,0.01115192286670208,12,12
LOAD-H1-LSTM-NNV1-S42-F05,1,0.8761434555053711,1.4446380138397217,12,12
LOAD-H1-LSTM-NNV1-S42-F05,2,0.8593001961708069,1.4287317991256714,12,12
LOAD-H1-LSTM-NNV1-S42-F05,3,0.8426980376243591,1.412844181060791,12,12
LOAD-H1-LSTM-NNV1-S42-F05,4,0.8263080716133118,1.3969224691390991,12,12
LOAD-H1-LSTM-NNV1-S42-F05,5,0.8100937008857727,1.3808684349060059,12,12
LOAD-H1-LSTM-NNV1-S42-F05,6,0.7940109372138977,1.3646131753921509,12,12
LOAD-H1-LSTM-NNV1-S42-F05,7,0.7780158519744873,1.3481069803237915,12,12
LOAD-H1-LSTM-NNV1-S42-F05,8,0.7620684504508972,1.3313026428222656,12,12
LOAD-H1-LSTM-NNV1-S42-F05,9,0.7461336255073547,1.3141545057296753,12,12
LOAD-H1-LSTM-NNV1-S42-F05,10,0.7301810383796692,1.2966232299804688,12,12
LOAD-H1-LSTM-NNV1-S42-F05,11,0.7141827940940857,1.2786755561828613,12,12
LOAD-H1-LSTM-NNV1-S42-F05,12,0.6981138586997986,1.2602806091308594,12,12
LOAD-H1-GRU-NNV1-S42-F05,1,0.8568593859672546,2.026320457458496,12,12
LOAD-H1-GRU-NNV1-S42-F05,2,0.8363441824913025,1.9741557836532593,12,12
LOAD-H1-GRU-NNV1-S42-F05,3,0.8161154985427856,1.922753095626831,12,12
LOAD-H1-GRU-NNV1-S42-F05,4,0.796139657497406,1.8719505071640015,12,12
LOAD-H1-GRU-NNV1-S42-F05,5,0.7763922214508057,1.8217209577560425,12,12
LOAD-H1-GRU-NNV1-S42-F05,6,0.7568508982658386,1.7720446586608887,12,12
LOAD-H1-GRU-NNV1-S42-F05,7,0.7374930381774902,1.7228925228118896,12,12
LOAD-H1-GRU-NNV1-S42-F05,8,0.7182954549789429,1.6742353439331055,12,12
LOAD-H1-GRU-NNV1-S42-F05,9,0.699233889579773,1.6260427236557007,12,12
LOAD-H1-GRU-NNV1-S42-F05,10,0.6802840828895569,1.5782850980758667,12,12
LOAD-H1-GRU-NNV1-S42-F05,11,0.6614230275154114,1.5309351682662964,12,12
LOAD-H1-GRU-NNV1-S42-F05,12,0.6426287889480591,1.483965277671814,12,12
LOAD-H1-MLP-NNV1-S42-F06,1,0.028625166043639183,0.0724276602268219,12,12
LOAD-H1-MLP-NNV1-S42-F06,2,0.00984458439052105,0.042061761021614075,12,12
LOAD-H1-MLP-NNV1-S42-F06,3,0.012846034951508045,0.02798202820122242,12,12
LOAD-H1-MLP-NNV1-S42-F06,4,0.012908506207168102,0.02060007117688656,12,12
LOAD-H1-MLP-NNV1-S42-F06,5,0.010311960242688656,0.014065157622098923,12,12
LOAD-H1-MLP-NNV1-S42-F06,6,0.040293801575899124,0.013189851306378841,12,12
LOAD-H1-MLP-NNV1-S42-F06,7,0.007625214289873838,0.010102495551109314,12,12
LOAD-H1-MLP-NNV1-S42-F06,8,0.003090975107625127,0.008703593164682388,12,12
LOAD-H1-MLP-NNV1-S42-F06,9,0.014270170591771603,0.008179995231330395,12,12
LOAD-H1-MLP-NNV1-S42-F06,10,0.0045987507328391075,0.007869025692343712,12,12
LOAD-H1-MLP-NNV1-S42-F06,11,0.007791878189891577,0.007461073342710733,12,12
LOAD-H1-MLP-NNV1-S42-F06,12,0.003186780959367752,0.006943955086171627,12,12
LOAD-H1-LSTM-NNV1-S42-F06,1,0.9541822671890259,0.8638848662376404,12,12
LOAD-H1-LSTM-NNV1-S42-F06,2,0.9368945360183716,0.8533383011817932,12,12
LOAD-H1-LSTM-NNV1-S42-F06,3,0.9197745323181152,0.8428451418876648,12,12
LOAD-H1-LSTM-NNV1-S42-F06,4,0.9028035402297974,0.8324136734008789,12,12
LOAD-H1-LSTM-NNV1-S42-F06,5,0.8859620690345764,0.8220495581626892,12,12
LOAD-H1-LSTM-NNV1-S42-F06,6,0.8692260980606079,0.8117499351501465,12,12
LOAD-H1-LSTM-NNV1-S42-F06,7,0.8525665998458862,0.8015050888061523,12,12
LOAD-H1-LSTM-NNV1-S42-F06,8,0.8359502553939819,0.7913018465042114,12,12
LOAD-H1-LSTM-NNV1-S42-F06,9,0.8193404674530029,0.781125009059906,12,12
LOAD-H1-LSTM-NNV1-S42-F06,10,0.802699089050293,0.7709594368934631,12,12
LOAD-H1-LSTM-NNV1-S42-F06,11,0.7859889268875122,0.760788083076477,12,12
LOAD-H1-LSTM-NNV1-S42-F06,12,0.7691752314567566,0.7505930662155151,12,12
LOAD-H1-GRU-NNV1-S42-F06,1,0.9895652532577515,0.848872184753418,12,12
LOAD-H1-GRU-NNV1-S42-F06,2,0.9655521512031555,0.8276916742324829,12,12
LOAD-H1-GRU-NNV1-S42-F06,3,0.9418823719024658,0.8068569898605347,12,12
LOAD-H1-GRU-NNV1-S42-F06,4,0.9185276031494141,0.7863740921020508,12,12
LOAD-H1-GRU-NNV1-S42-F06,5,0.8954604268074036,0.76624596118927,12,12
LOAD-H1-GRU-NNV1-S42-F06,6,0.8726563453674316,0.7464725375175476,12,12
LOAD-H1-GRU-NNV1-S42-F06,7,0.8500899076461792,0.7270470857620239,12,12
LOAD-H1-GRU-NNV1-S42-F06,8,0.8277333974838257,0.7079557180404663,12,12
LOAD-H1-GRU-NNV1-S42-F06,9,0.8055571913719177,0.6891804933547974,12,12
LOAD-H1-GRU-NNV1-S42-F06,10,0.783531665802002,0.6707038879394531,12,12
LOAD-H1-GRU-NNV1-S42-F06,11,0.7616295218467712,0.6525125503540039,12,12
LOAD-H1-GRU-NNV1-S42-F06,12,0.7398259043693542,0.6345973610877991,12,12
LOAD-H24-MLP-NNV1-S42-F01,1,0.39304840564727783,0.42077988386154175,12,12
LOAD-H24-MLP-NNV1-S42-F01,2,0.13988137245178223,0.2847229242324829,12,12
LOAD-H24-MLP-NNV1-S42-F01,3,0.1281745880842209,0.20434081554412842,12,12
LOAD-H24-MLP-NNV1-S42-F01,4,0.17602157592773438,0.14848265051841736,12,12
LOAD-H24-MLP-NNV1-S42-F01,5,0.04814562201499939,0.14075154066085815,12,12
LOAD-H24-MLP-NNV1-S42-F01,6,0.08664388209581375,0.10151661187410355,12,12
LOAD-H24-MLP-NNV1-S42-F01,7,0.10084962099790573,0.10552611947059631,12,12
LOAD-H24-MLP-NNV1-S42-F01,8,0.03743533045053482,0.10146725177764893,12,12
LOAD-H24-MLP-NNV1-S42-F01,9,0.047181762754917145,0.09073798358440399,12,12
LOAD-H24-MLP-NNV1-S42-F01,10,0.08654575049877167,0.08206183463335037,12,12
LOAD-H24-MLP-NNV1-S42-F01,11,0.11284708976745605,0.08664260804653168,12,12
LOAD-H24-MLP-NNV1-S42-F01,12,0.09310472756624222,0.07948918640613556,12,12
LOAD-H24-MLP-NNV1-S123-F01,1,0.40124356746673584,0.3877909481525421,11,12
LOAD-H24-MLP-NNV1-S123-F01,2,0.08789268136024475,0.24595829844474792,11,12
LOAD-H24-MLP-NNV1-S123-F01,3,0.13911768794059753,0.15375667810440063,11,12
LOAD-H24-MLP-NNV1-S123-F01,4,0.2360749989748001,0.12506301701068878,11,12
LOAD-H24-MLP-NNV1-S123-F01,5,0.04026669263839722,0.12524627149105072,11,12
LOAD-H24-MLP-NNV1-S123-F01,6,0.04455190151929855,0.10958197712898254,11,12
LOAD-H24-MLP-NNV1-S123-F01,7,0.04584619030356407,0.09006808698177338,11,12
LOAD-H24-MLP-NNV1-S123-F01,8,0.031634651124477386,0.08972953259944916,11,12
LOAD-H24-MLP-NNV1-S123-F01,9,0.03938164934515953,0.08328454941511154,11,12
LOAD-H24-MLP-NNV1-S123-F01,10,0.08894769847393036,0.08062426000833511,11,12
LOAD-H24-MLP-NNV1-S123-F01,11,0.06797584891319275,0.06241116672754288,11,12
LOAD-H24-MLP-NNV1-S123-F01,12,0.06075547635555267,0.08511009812355042,11,12
LOAD-H24-MLP-NNV1-S2020-F01,1,0.15837731957435608,0.40510979294776917,12,12
LOAD-H24-MLP-NNV1-S2020-F01,2,0.125511035323143,0.22365939617156982,12,12
LOAD-H24-MLP-NNV1-S2020-F01,3,0.13327057659626007,0.20396248996257782,12,12
LOAD-H24-MLP-NNV1-S2020-F01,4,0.03238660469651222,0.1648392677307129,12,12
LOAD-H24-MLP-NNV1-S2020-F01,5,0.10446785390377045,0.1405004858970642,12,12
LOAD-H24-MLP-NNV1-S2020-F01,6,0.07824810594320297,0.12220638990402222,12,12
LOAD-H24-MLP-NNV1-S2020-F01,7,0.07983283698558807,0.09563558548688889,12,12
LOAD-H24-MLP-NNV1-S2020-F01,8,0.08405126631259918,0.09161578863859177,12,12
LOAD-H24-MLP-NNV1-S2020-F01,9,0.022165361791849136,0.08087048679590225,12,12
LOAD-H24-MLP-NNV1-S2020-F01,10,0.08484040945768356,0.08035515993833542,12,12
LOAD-H24-MLP-NNV1-S2020-F01,11,0.03638564422726631,0.08174213767051697,12,12
LOAD-H24-MLP-NNV1-S2020-F01,12,0.023596663028001785,0.07053454965353012,12,12
LOAD-H24-MLP-NNV1-S2025-F01,1,0.11803293228149414,0.3341873288154602,10,12
LOAD-H24-MLP-NNV1-S2025-F01,2,0.13134239614009857,0.23005828261375427,10,12
LOAD-H24-MLP-NNV1-S2025-F01,3,0.2375129908323288,0.1703072488307953,10,12
LOAD-H24-MLP-NNV1-S2025-F01,4,0.07522356510162354,0.13125763833522797,10,12
LOAD-H24-MLP-NNV1-S2025-F01,5,0.07879849523305893,0.1238650307059288,10,12
LOAD-H24-MLP-NNV1-S2025-F01,6,0.018490709364414215,0.10802865028381348,10,12
LOAD-H24-MLP-NNV1-S2025-F01,7,0.016649391502141953,0.08899389952421188,10,12
LOAD-H24-MLP-NNV1-S2025-F01,8,0.08968961238861084,0.07992126792669296,10,12
LOAD-H24-MLP-NNV1-S2025-F01,9,0.06823128461837769,0.07816837728023529,10,12
LOAD-H24-MLP-NNV1-S2025-F01,10,0.032497722655534744,0.07564359903335571,10,12
LOAD-H24-MLP-NNV1-S2025-F01,11,0.12018764019012451,0.0838153213262558,10,12
LOAD-H24-MLP-NNV1-S2025-F01,12,0.018597058951854706,0.07919660955667496,10,12
LOAD-H24-MLP-NNV1-S31415-F01,1,0.2600620687007904,0.4594830870628357,10,12
LOAD-H24-MLP-NNV1-S31415-F01,2,0.21332824230194092,0.21023230254650116,10,12
LOAD-H24-MLP-NNV1-S31415-F01,3,0.18132229149341583,0.18559208512306213,10,12
LOAD-H24-MLP-NNV1-S31415-F01,4,0.21896865963935852,0.1574404388666153,10,12
LOAD-H24-MLP-NNV1-S31415-F01,5,0.17901623249053955,0.1410912573337555,10,12
LOAD-H24-MLP-NNV1-S31415-F01,6,0.114326611161232,0.11291904747486115,10,12
LOAD-H24-MLP-NNV1-S31415-F01,7,0.06710690259933472,0.10354628413915634,10,12
LOAD-H24-MLP-NNV1-S31415-F01,8,0.029154933989048004,0.09135270118713379,10,12
LOAD-H24-MLP-NNV1-S31415-F01,9,0.08557718992233276,0.08884663134813309,10,12
LOAD-H24-MLP-NNV1-S31415-F01,10,0.03962086886167526,0.07749487459659576,10,12
LOAD-H24-MLP-NNV1-S31415-F01,11,0.044222068041563034,0.08827007561922073,10,12
LOAD-H24-MLP-NNV1-S31415-F01,12,0.06255371868610382,0.07883352041244507,10,12
LOAD-H24-LSTM-NNV1-S42-F01,1,0.8975496292114258,1.597232460975647,12,12
LOAD-H24-LSTM-NNV1-S42-F01,2,0.8839953541755676,1.580021858215332,12,12
LOAD-H24-LSTM-NNV1-S42-F01,3,0.870654821395874,1.5629066228866577,12,12
LOAD-H24-LSTM-NNV1-S42-F01,4,0.8575161099433899,1.5458847284317017,12,12
LOAD-H24-LSTM-NNV1-S42-F01,5,0.844565212726593,1.5289363861083984,12,12
LOAD-H24-LSTM-NNV1-S42-F01,6,0.8317856192588806,1.5120378732681274,12,12
LOAD-H24-LSTM-NNV1-S42-F01,7,0.8191590905189514,1.4951692819595337,12,12
LOAD-H24-LSTM-NNV1-S42-F01,8,0.8066666126251221,1.4783068895339966,12,12
LOAD-H24-LSTM-NNV1-S42-F01,9,0.7942885756492615,1.4614243507385254,12,12
LOAD-H24-LSTM-NNV1-S42-F01,10,0.7820051312446594,1.4444924592971802,12,12
LOAD-H24-LSTM-NNV1-S42-F01,11,0.7697960734367371,1.4274795055389404,12,12
LOAD-H24-LSTM-NNV1-S42-F01,12,0.7576413750648499,1.410351037979126,12,12
LOAD-H24-LSTM-NNV1-S123-F01,1,1.0043493509292603,1.8659231662750244,12,12
LOAD-H24-LSTM-NNV1-S123-F01,2,0.9911566972732544,1.8473931550979614,12,12
LOAD-H24-LSTM-NNV1-S123-F01,3,0.9780922532081604,1.8288415670394897,12,12
LOAD-H24-LSTM-NNV1-S123-F01,4,0.9651411771774292,1.8103100061416626,12,12
LOAD-H24-LSTM-NNV1-S123-F01,5,0.9522864818572998,1.7917916774749756,12,12
LOAD-H24-LSTM-NNV1-S123-F01,6,0.9395084381103516,1.7732597589492798,12,12
LOAD-H24-LSTM-NNV1-S123-F01,7,0.926786482334137,1.754679560661316,12,12
LOAD-H24-LSTM-NNV1-S123-F01,8,0.9140992760658264,1.736011028289795,12,12
LOAD-H24-LSTM-NNV1-S123-F01,9,0.901425302028656,1.7172150611877441,12,12
LOAD-H24-LSTM-NNV1-S123-F01,10,0.8887428045272827,1.6982595920562744,12,12
LOAD-H24-LSTM-NNV1-S123-F01,11,0.8760299682617188,1.6791144609451294,12,12
LOAD-H24-LSTM-NNV1-S123-F01,12,0.8632656335830688,1.6597474813461304,12,12
LOAD-H24-LSTM-NNV1-S2020-F01,1,0.9675114154815674,1.7845605611801147,12,12
LOAD-H24-LSTM-NNV1-S2020-F01,2,0.9542889595031738,1.7612147331237793,12,12
LOAD-H24-LSTM-NNV1-S2020-F01,3,0.9413619041442871,1.738506555557251,12,12
LOAD-H24-LSTM-NNV1-S2020-F01,4,0.9287117719650269,1.7165273427963257,12,12
LOAD-H24-LSTM-NNV1-S2020-F01,5,0.9163131713867188,1.6951979398727417,12,12
LOAD-H24-LSTM-NNV1-S2020-F01,6,0.904140055179596,1.6744054555892944,12,12
LOAD-H24-LSTM-NNV1-S2020-F01,7,0.8921677470207214,1.6540613174438477,12,12
LOAD-H24-LSTM-NNV1-S2020-F01,8,0.8803725242614746,1.6340951919555664,12,12
LOAD-H24-LSTM-NNV1-S2020-F01,9,0.868732213973999,1.614449143409729,12,12
LOAD-H24-LSTM-NNV1-S2020-F01,10,0.8572261333465576,1.595075011253357,12,12
LOAD-H24-LSTM-NNV1-S2020-F01,11,0.8458346724510193,1.5759313106536865,12,12
LOAD-H24-LSTM-NNV1-S2020-F01,12,0.8345394134521484,1.5569807291030884,12,12
LOAD-H24-LSTM-NNV1-S2025-F01,1,0.9963490962982178,1.7713580131530762,12,12
LOAD-H24-LSTM-NNV1-S2025-F01,2,0.9832720160484314,1.7487908601760864,12,12
LOAD-H24-LSTM-NNV1-S2025-F01,3,0.97035813331604,1.7264498472213745,12,12
LOAD-H24-LSTM-NNV1-S2025-F01,4,0.9575967192649841,1.7043516635894775,12,12
LOAD-H24-LSTM-NNV1-S2025-F01,5,0.9449745416641235,1.6825505495071411,12,12
LOAD-H24-LSTM-NNV1-S2025-F01,6,0.9324731826782227,1.6610673666000366,12,12
LOAD-H24-LSTM-NNV1-S2025-F01,7,0.9200718998908997,1.6398550271987915,12,12
LOAD-H24-LSTM-NNV1-S2025-F01,8,0.907749593257904,1.618835687637329,12,12
LOAD-H24-LSTM-NNV1-S2025-F01,9,0.89548659324646,1.5979386568069458,12,12
LOAD-H24-LSTM-NNV1-S2025-F01,10,0.8832631707191467,1.577107310295105,12,12
LOAD-H24-LSTM-NNV1-S2025-F01,11,0.8710595965385437,1.556296706199646,12,12
LOAD-H24-LSTM-NNV1-S2025-F01,12,0.8588556051254272,1.5354689359664917,12,12
LOAD-H24-LSTM-NNV1-S31415-F01,1,0.8990572094917297,1.7152116298675537,12,12
LOAD-H24-LSTM-NNV1-S31415-F01,2,0.8863662481307983,1.6927430629730225,12,12
LOAD-H24-LSTM-NNV1-S31415-F01,3,0.8738588094711304,1.670390248298645,12,12
LOAD-H24-LSTM-NNV1-S31415-F01,4,0.8615245819091797,1.648146629333496,12,12
LOAD-H24-LSTM-NNV1-S31415-F01,5,0.8493496775627136,1.6260008811950684,12,12
LOAD-H24-LSTM-NNV1-S31415-F01,6,0.8373183608055115,1.6039292812347412,12,12
LOAD-H24-LSTM-NNV1-S31415-F01,7,0.8254141211509705,1.5819017887115479,12,12
LOAD-H24-LSTM-NNV1-S31415-F01,8,0.8136197924613953,1.5598866939544678,12,12
LOAD-H24-LSTM-NNV1-S31415-F01,9,0.8019181489944458,1.5378557443618774,12,12
LOAD-H24-LSTM-NNV1-S31415-F01,10,0.7902935147285461,1.5157867670059204,12,12
LOAD-H24-LSTM-NNV1-S31415-F01,11,0.7787314057350159,1.493665099143982,12,12
LOAD-H24-LSTM-NNV1-S31415-F01,12,0.7672178745269775,1.4714807271957397,12,12
LOAD-H24-GRU-NNV1-S42-F01,1,0.881633996963501,1.6821843385696411,12,12
LOAD-H24-GRU-NNV1-S42-F01,2,0.8620680570602417,1.6464253664016724,12,12
LOAD-H24-GRU-NNV1-S42-F01,3,0.8430160284042358,1.6110888719558716,12,12
LOAD-H24-GRU-NNV1-S42-F01,4,0.8244718909263611,1.5761653184890747,12,12
LOAD-H24-GRU-NNV1-S42-F01,5,0.8064231276512146,1.5416646003723145,12,12
LOAD-H24-GRU-NNV1-S42-F01,6,0.7888551354408264,1.507615089416504,12,12
LOAD-H24-GRU-NNV1-S42-F01,7,0.771756112575531,1.4740537405014038,12,12
LOAD-H24-GRU-NNV1-S42-F01,8,0.7551122307777405,1.4410243034362793,12,12
LOAD-H24-GRU-NNV1-S42-F01,9,0.7389037609100342,1.4085713624954224,12,12
LOAD-H24-GRU-NNV1-S42-F01,10,0.7231048941612244,1.3767365217208862,12,12
LOAD-H24-GRU-NNV1-S42-F01,11,0.7076831459999084,1.3455530405044556,12,12
LOAD-H24-GRU-NNV1-S42-F01,12,0.6926012635231018,1.3150486946105957,12,12
LOAD-H24-GRU-NNV1-S123-F01,1,0.870975136756897,1.508384108543396,12,12
LOAD-H24-GRU-NNV1-S123-F01,2,0.848002016544342,1.4845553636550903,12,12
LOAD-H24-GRU-NNV1-S123-F01,3,0.8259919881820679,1.4611045122146606,12,12
LOAD-H24-GRU-NNV1-S123-F01,4,0.8048837184906006,1.4381015300750732,12,12
LOAD-H24-GRU-NNV1-S123-F01,5,0.7846373915672302,1.4154853820800781,12,12
LOAD-H24-GRU-NNV1-S123-F01,6,0.7652099132537842,1.3932063579559326,12,12
LOAD-H24-GRU-NNV1-S123-F01,7,0.7465552687644958,1.3712388277053833,12,12
LOAD-H24-GRU-NNV1-S123-F01,8,0.7286295294761658,1.349556565284729,12,12
LOAD-H24-GRU-NNV1-S123-F01,9,0.7113902568817139,1.3281280994415283,12,12
LOAD-H24-GRU-NNV1-S123-F01,10,0.6947950720787048,1.3069205284118652,12,12
LOAD-H24-GRU-NNV1-S123-F01,11,0.6788010001182556,1.285900592803955,12,12
LOAD-H24-GRU-NNV1-S123-F01,12,0.6633651256561279,1.2650363445281982,12,12
LOAD-H24-GRU-NNV1-S2020-F01,1,0.995387852191925,1.5728015899658203,12,12
LOAD-H24-GRU-NNV1-S2020-F01,2,0.9728713631629944,1.545125961303711,12,12
LOAD-H24-GRU-NNV1-S2020-F01,3,0.9509623646736145,1.5176570415496826,12,12
LOAD-H24-GRU-NNV1-S2020-F01,4,0.9296062588691711,1.4904645681381226,12,12
LOAD-H24-GRU-NNV1-S2020-F01,5,0.90876305103302,1.4635790586471558,12,12
LOAD-H24-GRU-NNV1-S2020-F01,6,0.8883951902389526,1.4370139837265015,12,12
LOAD-H24-GRU-NNV1-S2020-F01,7,0.8684646487236023,1.4107701778411865,12,12
LOAD-H24-GRU-NNV1-S2020-F01,8,0.8489355444908142,1.3848358392715454,12,12
LOAD-H24-GRU-NNV1-S2020-F01,9,0.8297783732414246,1.3591926097869873,12,12
LOAD-H24-GRU-NNV1-S2020-F01,10,0.8109708428382874,1.333819031715393,12,12
LOAD-H24-GRU-NNV1-S2020-F01,11,0.7924953699111938,1.3086916208267212,12,12
LOAD-H24-GRU-NNV1-S2020-F01,12,0.7743379473686218,1.2837836742401123,12,12
LOAD-H24-GRU-NNV1-S2025-F01,1,0.8263102769851685,1.328991413116455,12,12
LOAD-H24-GRU-NNV1-S2025-F01,2,0.8062728047370911,1.3019007444381714,12,12
LOAD-H24-GRU-NNV1-S2025-F01,3,0.7866042256355286,1.2751367092132568,12,12
LOAD-H24-GRU-NNV1-S2025-F01,4,0.7672948837280273,1.2487341165542603,12,12
LOAD-H24-GRU-NNV1-S2025-F01,5,0.7483418583869934,1.222697377204895,12,12
LOAD-H24-GRU-NNV1-S2025-F01,6,0.7297387719154358,1.197016954421997,12,12
LOAD-H24-GRU-NNV1-S2025-F01,7,0.7114794254302979,1.1716805696487427,12,12
LOAD-H24-GRU-NNV1-S2025-F01,8,0.6935603618621826,1.1466789245605469,12,12
LOAD-H24-GRU-NNV1-S2025-F01,9,0.6759811043739319,1.122005581855774,12,12
LOAD-H24-GRU-NNV1-S2025-F01,10,0.6587420105934143,1.0976537466049194,12,12
LOAD-H24-GRU-NNV1-S2025-F01,11,0.6418442130088806,1.0736147165298462,12,12
LOAD-H24-GRU-NNV1-S2025-F01,12,0.6252890229225159,1.049877405166626,12,12
LOAD-H24-GRU-NNV1-S31415-F01,1,1.0436768531799316,1.8742166757583618,12,12
LOAD-H24-GRU-NNV1-S31415-F01,2,1.0198304653167725,1.8373308181762695,12,12
LOAD-H24-GRU-NNV1-S31415-F01,3,0.9964228868484497,1.8011046648025513,12,12
LOAD-H24-GRU-NNV1-S31415-F01,4,0.9734397530555725,1.765539526939392,12,12
LOAD-H24-GRU-NNV1-S31415-F01,5,0.9508589506149292,1.7305715084075928,12,12
LOAD-H24-GRU-NNV1-S31415-F01,6,0.9286637902259827,1.6961466073989868,12,12
LOAD-H24-GRU-NNV1-S31415-F01,7,0.9068419933319092,1.662221908569336,12,12
LOAD-H24-GRU-NNV1-S31415-F01,8,0.885380744934082,1.6287606954574585,12,12
LOAD-H24-GRU-NNV1-S31415-F01,9,0.8642664551734924,1.5957283973693848,12,12
LOAD-H24-GRU-NNV1-S31415-F01,10,0.843485414981842,1.563090205192566,12,12
LOAD-H24-GRU-NNV1-S31415-F01,11,0.8230231404304504,1.5308120250701904,12,12
LOAD-H24-GRU-NNV1-S31415-F01,12,0.8028655052185059,1.4988592863082886,12,12
LOAD-H24-MLP-NNV1-S42-F02,1,0.15418735146522522,0.799774169921875,2,6
LOAD-H24-MLP-NNV1-S42-F02,2,0.08137649297714233,0.7270963788032532,2,6
LOAD-H24-MLP-NNV1-S42-F02,3,0.09864182770252228,0.7565206289291382,2,6
LOAD-H24-MLP-NNV1-S42-F02,4,0.03358565643429756,0.8755897879600525,2,6
LOAD-H24-MLP-NNV1-S42-F02,5,0.0372605137526989,0.831114649772644,2,6
LOAD-H24-MLP-NNV1-S42-F02,6,0.0640278086066246,0.7393922209739685,2,6
LOAD-H24-MLP-NNV1-S123-F02,1,0.15281283855438232,0.7620481848716736,11,12
LOAD-H24-MLP-NNV1-S123-F02,2,0.09033580869436264,0.7737728357315063,11,12
LOAD-H24-MLP-NNV1-S123-F02,3,0.08680558204650879,0.8232725262641907,11,12
LOAD-H24-MLP-NNV1-S123-F02,4,0.06597355753183365,0.7289756536483765,11,12
LOAD-H24-MLP-NNV1-S123-F02,5,0.07909730821847916,0.7965100407600403,11,12
LOAD-H24-MLP-NNV1-S123-F02,6,0.05331995710730553,0.6412745118141174,11,12
LOAD-H24-MLP-NNV1-S123-F02,7,0.03672972321510315,0.5830270648002625,11,12
LOAD-H24-MLP-NNV1-S123-F02,8,0.03126707673072815,0.577031672000885,11,12
LOAD-H24-MLP-NNV1-S123-F02,9,0.03595234081149101,0.6114289164543152,11,12
LOAD-H24-MLP-NNV1-S123-F02,10,0.04190613329410553,0.4938807487487793,11,12
LOAD-H24-MLP-NNV1-S123-F02,11,0.06417345255613327,0.4885616898536682,11,12
LOAD-H24-MLP-NNV1-S123-F02,12,0.025805538520216942,0.595461368560791,11,12
LOAD-H24-MLP-NNV1-S2020-F02,1,0.12486353516578674,0.739717960357666,2,6
LOAD-H24-MLP-NNV1-S2020-F02,2,0.07392445206642151,0.6290863752365112,2,6
LOAD-H24-MLP-NNV1-S2020-F02,3,0.15153877437114716,0.6839513182640076,2,6
LOAD-H24-MLP-NNV1-S2020-F02,4,0.03598828241229057,0.6859539747238159,2,6
LOAD-H24-MLP-NNV1-S2020-F02,5,0.04958106204867363,0.6759586334228516,2,6
LOAD-H24-MLP-NNV1-S2020-F02,6,0.03712162375450134,0.7520161867141724,2,6
LOAD-H24-MLP-NNV1-S2025-F02,1,0.1333267241716385,0.76773601770401,1,5
LOAD-H24-MLP-NNV1-S2025-F02,2,0.06481761485338211,0.8400073647499084,1,5
LOAD-H24-MLP-NNV1-S2025-F02,3,0.06664624065160751,0.9768202304840088,1,5
LOAD-H24-MLP-NNV1-S2025-F02,4,0.06361905485391617,0.889821469783783,1,5
LOAD-H24-MLP-NNV1-S2025-F02,5,0.03840501978993416,0.942413866519928,1,5
LOAD-H24-MLP-NNV1-S31415-F02,1,0.22281475365161896,0.7467065453529358,1,5
LOAD-H24-MLP-NNV1-S31415-F02,2,0.08157690614461899,0.8397310376167297,1,5
LOAD-H24-MLP-NNV1-S31415-F02,3,0.05672026798129082,0.8429543972015381,1,5
LOAD-H24-MLP-NNV1-S31415-F02,4,0.05541682243347168,0.9383386373519897,1,5
LOAD-H24-MLP-NNV1-S31415-F02,5,0.05751437321305275,0.8975468277931213,1,5
LOAD-H24-LSTM-NNV1-S42-F02,1,0.6974393129348755,3.290719509124756,12,12
LOAD-H24-LSTM-NNV1-S42-F02,2,0.6841698288917542,3.2684054374694824,12,12
LOAD-H24-LSTM-NNV1-S42-F02,3,0.6712389588356018,3.245616912841797,12,12
LOAD-H24-LSTM-NNV1-S42-F02,4,0.6586024761199951,3.2223622798919678,12,12
LOAD-H24-LSTM-NNV1-S42-F02,5,0.6462223529815674,3.1986262798309326,12,12
LOAD-H24-LSTM-NNV1-S42-F02,6,0.6340715885162354,3.1744699478149414,12,12
LOAD-H24-LSTM-NNV1-S42-F02,7,0.6221318244934082,3.1499783992767334,12,12
LOAD-H24-LSTM-NNV1-S42-F02,8,0.6103889346122742,3.1252119541168213,12,12
LOAD-H24-LSTM-NNV1-S42-F02,9,0.5988316535949707,3.100194215774536,12,12
LOAD-H24-LSTM-NNV1-S42-F02,10,0.5874495506286621,3.0749189853668213,12,12
LOAD-H24-LSTM-NNV1-S42-F02,11,0.5762332081794739,3.0493669509887695,12,12
LOAD-H24-LSTM-NNV1-S42-F02,12,0.5651788711547852,3.0235068798065186,12,12
LOAD-H24-LSTM-NNV1-S123-F02,1,0.7697766423225403,4.205739498138428,12,12
LOAD-H24-LSTM-NNV1-S123-F02,2,0.7577637434005737,4.173526287078857,12,12
LOAD-H24-LSTM-NNV1-S123-F02,3,0.7459315657615662,4.141074180603027,12,12
LOAD-H24-LSTM-NNV1-S123-F02,4,0.7342626452445984,4.108171463012695,12,12
LOAD-H24-LSTM-NNV1-S123-F02,5,0.7227353453636169,4.074769020080566,12,12
LOAD-H24-LSTM-NNV1-S123-F02,6,0.7113273739814758,4.040838718414307,12,12
LOAD-H24-LSTM-NNV1-S123-F02,7,0.700016438961029,4.006345748901367,12,12
LOAD-H24-LSTM-NNV1-S123-F02,8,0.6887813806533813,3.971266746520996,12,12
LOAD-H24-LSTM-NNV1-S123-F02,9,0.6776023507118225,3.9355814456939697,12,12
LOAD-H24-LSTM-NNV1-S123-F02,10,0.6664595603942871,3.899261236190796,12,12
LOAD-H24-LSTM-NNV1-S123-F02,11,0.6553334593772888,3.8622615337371826,12,12
LOAD-H24-LSTM-NNV1-S123-F02,12,0.6442040801048279,3.8245317935943604,12,12
LOAD-H24-LSTM-NNV1-S2020-F02,1,0.7083137035369873,3.950226068496704,12,12
LOAD-H24-LSTM-NNV1-S2020-F02,2,0.6972358226776123,3.9146766662597656,12,12
LOAD-H24-LSTM-NNV1-S2020-F02,3,0.6863951683044434,3.8793323040008545,12,12
LOAD-H24-LSTM-NNV1-S2020-F02,4,0.6757820248603821,3.844200372695923,12,12
LOAD-H24-LSTM-NNV1-S2020-F02,5,0.6653902530670166,3.8093132972717285,12,12
LOAD-H24-LSTM-NNV1-S2020-F02,6,0.655209481716156,3.7746987342834473,12,12
LOAD-H24-LSTM-NNV1-S2020-F02,7,0.6452274322509766,3.740325927734375,12,12
LOAD-H24-LSTM-NNV1-S2020-F02,8,0.635431706905365,3.706118106842041,12,12
LOAD-H24-LSTM-NNV1-S2020-F02,9,0.625809371471405,3.6719863414764404,12,12
LOAD-H24-LSTM-NNV1-S2020-F02,10,0.6163475513458252,3.637845277786255,12,12
LOAD-H24-LSTM-NNV1-S2020-F02,11,0.607032835483551,3.6036171913146973,12,12
LOAD-H24-LSTM-NNV1-S2020-F02,12,0.5978513360023499,3.569230556488037,12,12
LOAD-H24-LSTM-NNV1-S2025-F02,1,0.7328583002090454,4.106482982635498,12,12
LOAD-H24-LSTM-NNV1-S2025-F02,2,0.7219657301902771,4.069637775421143,12,12
LOAD-H24-LSTM-NNV1-S2025-F02,3,0.7112601399421692,4.032444000244141,12,12
LOAD-H24-LSTM-NNV1-S2025-F02,4,0.7007213830947876,3.994865655899048,12,12
LOAD-H24-LSTM-NNV1-S2025-F02,5,0.6903315186500549,3.956834554672241,12,12
LOAD-H24-LSTM-NNV1-S2025-F02,6,0.6800727844238281,3.9182827472686768,12,12
LOAD-H24-LSTM-NNV1-S2025-F02,7,0.6699269413948059,3.879143714904785,12,12
LOAD-H24-LSTM-NNV1-S2025-F02,8,0.6598793864250183,3.8393466472625732,12,12
LOAD-H24-LSTM-NNV1-S2025-F02,9,0.64991295337677,3.798818826675415,12,12
LOAD-H24-LSTM-NNV1-S2025-F02,10,0.6400089859962463,3.757498264312744,12,12
LOAD-H24-LSTM-NNV1-S2025-F02,11,0.6301474571228027,3.715332508087158,12,12
LOAD-H24-LSTM-NNV1-S2025-F02,12,0.6203077435493469,3.672276735305786,12,12
LOAD-H24-LSTM-NNV1-S31415-F02,1,0.6532223224639893,3.685300827026367,12,12
LOAD-H24-LSTM-NNV1-S31415-F02,2,0.6437475681304932,3.637788772583008,12,12
LOAD-H24-LSTM-NNV1-S31415-F02,3,0.6343725323677063,3.5907323360443115,12,12
LOAD-H24-LSTM-NNV1-S31415-F02,4,0.6250845193862915,3.5443077087402344,12,12
LOAD-H24-LSTM-NNV1-S31415-F02,5,0.6158661842346191,3.4985711574554443,12,12
LOAD-H24-LSTM-NNV1-S31415-F02,6,0.6066973209381104,3.4533884525299072,12,12
LOAD-H24-LSTM-NNV1-S31415-F02,7,0.5975615382194519,3.4085633754730225,12,12
LOAD-H24-LSTM-NNV1-S31415-F02,8,0.5884459018707275,3.3639209270477295,12,12
LOAD-H24-LSTM-NNV1-S31415-F02,9,0.579339861869812,3.319319725036621,12,12
LOAD-H24-LSTM-NNV1-S31415-F02,10,0.5702346563339233,3.274643659591675,12,12
LOAD-H24-LSTM-NNV1-S31415-F02,11,0.5611226558685303,3.2297964096069336,12,12
LOAD-H24-LSTM-NNV1-S31415-F02,12,0.5519964694976807,3.1846964359283447,12,12
LOAD-H24-GRU-NNV1-S42-F02,1,0.6285317540168762,3.8771913051605225,12,12
LOAD-H24-GRU-NNV1-S42-F02,2,0.6147945523262024,3.7966887950897217,12,12
LOAD-H24-GRU-NNV1-S42-F02,3,0.6013102531433105,3.717879295349121,12,12
LOAD-H24-GRU-NNV1-S42-F02,4,0.5880634784698486,3.6406450271606445,12,12
LOAD-H24-GRU-NNV1-S42-F02,5,0.5750404000282288,3.5649542808532715,12,12
LOAD-H24-GRU-NNV1-S42-F02,6,0.5622248649597168,3.4908132553100586,12,12
LOAD-H24-GRU-NNV1-S42-F02,7,0.549596905708313,3.418191432952881,12,12
LOAD-H24-GRU-NNV1-S42-F02,8,0.5371347665786743,3.3470020294189453,12,12
LOAD-H24-GRU-NNV1-S42-F02,9,0.5248192548751831,3.2771124839782715,12,12
LOAD-H24-GRU-NNV1-S42-F02,10,0.5126355886459351,3.2083687782287598,12,12
LOAD-H24-GRU-NNV1-S42-F02,11,0.5005735754966736,3.140611171722412,12,12
LOAD-H24-GRU-NNV1-S42-F02,12,0.4886263608932495,3.0736732482910156,12,12
LOAD-H24-GRU-NNV1-S123-F02,1,0.7104389667510986,3.972071886062622,12,12
LOAD-H24-GRU-NNV1-S123-F02,2,0.6873607039451599,3.9338552951812744,12,12
LOAD-H24-GRU-NNV1-S123-F02,3,0.6652864217758179,3.8959968090057373,12,12
LOAD-H24-GRU-NNV1-S123-F02,4,0.644188642501831,3.858424425125122,12,12
LOAD-H24-GRU-NNV1-S123-F02,5,0.6240355372428894,3.8210654258728027,12,12
LOAD-H24-GRU-NNV1-S123-F02,6,0.6047914028167725,3.7838053703308105,12,12
LOAD-H24-GRU-NNV1-S123-F02,7,0.5864181518554688,3.7465178966522217,12,12
LOAD-H24-GRU-NNV1-S123-F02,8,0.5688775181770325,3.709071636199951,12,12
LOAD-H24-GRU-NNV1-S123-F02,9,0.5521323680877686,3.671328544616699,12,12
LOAD-H24-GRU-NNV1-S123-F02,10,0.5361455082893372,3.6331546306610107,12,12
LOAD-H24-GRU-NNV1-S123-F02,11,0.5208803415298462,3.594424247741699,12,12
LOAD-H24-GRU-NNV1-S123-F02,12,0.5063004493713379,3.5550243854522705,12,12
LOAD-H24-GRU-NNV1-S2020-F02,1,0.7842981815338135,3.2171835899353027,12,12
LOAD-H24-GRU-NNV1-S2020-F02,2,0.7606624960899353,3.1820967197418213,12,12
LOAD-H24-GRU-NNV1-S2020-F02,3,0.7377214431762695,3.1469740867614746,12,12
LOAD-H24-GRU-NNV1-S2020-F02,4,0.715453028678894,3.111711025238037,12,12
LOAD-H24-GRU-NNV1-S2020-F02,5,0.6938360929489136,3.076164722442627,12,12
LOAD-H24-GRU-NNV1-S2020-F02,6,0.6728461384773254,3.04024338722229,12,12
LOAD-H24-GRU-NNV1-S2020-F02,7,0.6524596810340881,3.0039379596710205,12,12
LOAD-H24-GRU-NNV1-S2020-F02,8,0.6326576471328735,2.9672884941101074,12,12
LOAD-H24-GRU-NNV1-S2020-F02,9,0.6134284734725952,2.930338144302368,12,12
LOAD-H24-GRU-NNV1-S2020-F02,10,0.5947655439376831,2.8931174278259277,12,12
LOAD-H24-GRU-NNV1-S2020-F02,11,0.5766654014587402,2.8556368350982666,12,12
LOAD-H24-GRU-NNV1-S2020-F02,12,0.5591263771057129,2.817878484725952,12,12
LOAD-H24-GRU-NNV1-S2025-F02,1,0.623894214630127,2.960188865661621,12,12
LOAD-H24-GRU-NNV1-S2025-F02,2,0.6036517024040222,2.9236209392547607,12,12
LOAD-H24-GRU-NNV1-S2025-F02,3,0.5840446949005127,2.886303663253784,12,12
LOAD-H24-GRU-NNV1-S2025-F02,4,0.5650559067726135,2.848081111907959,12,12
LOAD-H24-GRU-NNV1-S2025-F02,5,0.5466515421867371,2.8090500831604004,12,12
LOAD-H24-GRU-NNV1-S2025-F02,6,0.5288044810295105,2.769352674484253,12,12
LOAD-H24-GRU-NNV1-S2025-F02,7,0.5114988088607788,2.7290916442871094,12,12
LOAD-H24-GRU-NNV1-S2025-F02,8,0.4947293698787689,2.6882927417755127,12,12
LOAD-H24-GRU-NNV1-S2025-F02,9,0.47849681973457336,2.646946430206299,12,12
LOAD-H24-GRU-NNV1-S2025-F02,10,0.4628044664859772,2.605027914047241,12,12
LOAD-H24-GRU-NNV1-S2025-F02,11,0.4476574957370758,2.562500238418579,12,12
LOAD-H24-GRU-NNV1-S2025-F02,12,0.4330620765686035,2.519322633743286,12,12
LOAD-H24-GRU-NNV1-S31415-F02,1,0.7990963459014893,3.9259564876556396,12,12
LOAD-H24-GRU-NNV1-S31415-F02,2,0.7772976160049438,3.8704845905303955,12,12
LOAD-H24-GRU-NNV1-S31415-F02,3,0.7561363577842712,3.8149166107177734,12,12
LOAD-H24-GRU-NNV1-S31415-F02,4,0.735602080821991,3.7590532302856445,12,12
LOAD-H24-GRU-NNV1-S31415-F02,5,0.7156778573989868,3.702730178833008,12,12
LOAD-H24-GRU-NNV1-S31415-F02,6,0.6963406205177307,3.6457998752593994,12,12
LOAD-H24-GRU-NNV1-S31415-F02,7,0.6775606870651245,3.5880634784698486,12,12
LOAD-H24-GRU-NNV1-S31415-F02,8,0.6593007445335388,3.5292773246765137,12,12
LOAD-H24-GRU-NNV1-S31415-F02,9,0.6415139436721802,3.4692087173461914,12,12
LOAD-H24-GRU-NNV1-S31415-F02,10,0.6241462230682373,3.407693386077881,12,12
LOAD-H24-GRU-NNV1-S31415-F02,11,0.6071418523788452,3.3446712493896484,12,12
LOAD-H24-GRU-NNV1-S31415-F02,12,0.590449869632721,3.2801873683929443,12,12
LOAD-H24-MLP-NNV1-S42-F03,1,0.16724510490894318,0.2102450281381607,6,10
LOAD-H24-MLP-NNV1-S42-F03,2,0.03883970156311989,0.21270011365413666,6,10
LOAD-H24-MLP-NNV1-S42-F03,3,0.043723225593566895,0.23293784260749817,6,10
LOAD-H24-MLP-NNV1-S42-F03,4,0.06982721388339996,0.2084997296333313,6,10
LOAD-H24-MLP-NNV1-S42-F03,5,0.051657915115356445,0.3535130023956299,6,10
LOAD-H24-MLP-NNV1-S42-F03,6,0.03431669622659683,0.16154490411281586,6,10
LOAD-H24-MLP-NNV1-S42-F03,7,0.04131187126040459,0.16979029774665833,6,10
LOAD-H24-MLP-NNV1-S42-F03,8,0.03741385042667389,0.1972535103559494,6,10
LOAD-H24-MLP-NNV1-S42-F03,9,0.053619157522916794,0.1719500571489334,6,10
LOAD-H24-MLP-NNV1-S42-F03,10,0.027780849486589432,0.25445443391799927,6,10
LOAD-H24-MLP-NNV1-S123-F03,1,0.09414755553007126,0.14991755783557892,3,7
LOAD-H24-MLP-NNV1-S123-F03,2,0.08166969567537308,0.13874506950378418,3,7
LOAD-H24-MLP-NNV1-S123-F03,3,0.03372517228126526,0.11961637437343597,3,7
LOAD-H24-MLP-NNV1-S123-F03,4,0.06042853742837906,0.13041217625141144,3,7
LOAD-H24-MLP-NNV1-S123-F03,5,0.07350191473960876,0.19235742092132568,3,7
LOAD-H24-MLP-NNV1-S123-F03,6,0.03099614568054676,0.16204549372196198,3,7
LOAD-H24-MLP-NNV1-S123-F03,7,0.042227182537317276,0.1538032591342926,3,7
LOAD-H24-MLP-NNV1-S2020-F03,1,0.1305462270975113,0.21254564821720123,7,11
LOAD-H24-MLP-NNV1-S2020-F03,2,0.08715235441923141,0.12210886925458908,7,11
LOAD-H24-MLP-NNV1-S2020-F03,3,0.05400003492832184,0.11123795807361603,7,11
LOAD-H24-MLP-NNV1-S2020-F03,4,0.02971256896853447,0.17372697591781616,7,11
LOAD-H24-MLP-NNV1-S2020-F03,5,0.04768452048301697,0.11060211807489395,7,11
LOAD-H24-MLP-NNV1-S2020-F03,6,0.029760070145130157,0.10830558091402054,7,11
LOAD-H24-MLP-NNV1-S2020-F03,7,0.0484437420964241,0.10249552130699158,7,11
LOAD-H24-MLP-NNV1-S2020-F03,8,0.05141244828701019,0.15616227686405182,7,11
LOAD-H24-MLP-NNV1-S2020-F03,9,0.04715977609157562,0.1309385895729065,7,11
LOAD-H24-MLP-NNV1-S2020-F03,10,0.035425830632448196,0.17022068798542023,7,11
LOAD-H24-MLP-NNV1-S2020-F03,11,0.035493988543748856,0.12086208164691925,7,11
LOAD-H24-MLP-NNV1-S2025-F03,1,0.08763999491930008,0.22930672764778137,6,10
LOAD-H24-MLP-NNV1-S2025-F03,2,0.060959912836551666,0.14828245341777802,6,10
LOAD-H24-MLP-NNV1-S2025-F03,3,0.07459685951471329,0.15244656801223755,6,10
LOAD-H24-MLP-NNV1-S2025-F03,4,0.03813255578279495,0.12005062401294708,6,10
LOAD-H24-MLP-NNV1-S2025-F03,5,0.03400278091430664,0.12103470414876938,6,10
LOAD-H24-MLP-NNV1-S2025-F03,6,0.03290947899222374,0.10782761871814728,6,10
LOAD-H24-MLP-NNV1-S2025-F03,7,0.03336868807673454,0.12373172491788864,6,10
LOAD-H24-MLP-NNV1-S2025-F03,8,0.02559613436460495,0.1308658868074417,6,10
LOAD-H24-MLP-NNV1-S2025-F03,9,0.03937116637825966,0.13293974101543427,6,10
LOAD-H24-MLP-NNV1-S2025-F03,10,0.04524798318743706,0.22073101997375488,6,10
LOAD-H24-MLP-NNV1-S31415-F03,1,0.1363975554704666,0.19745662808418274,8,12
LOAD-H24-MLP-NNV1-S31415-F03,2,0.06837029755115509,0.11682260036468506,8,12
LOAD-H24-MLP-NNV1-S31415-F03,3,0.07996207475662231,0.1309150606393814,8,12
LOAD-H24-MLP-NNV1-S31415-F03,4,0.07234344631433487,0.09669721871614456,8,12
LOAD-H24-MLP-NNV1-S31415-F03,5,0.04848852381110191,0.09779077768325806,8,12
LOAD-H24-MLP-NNV1-S31415-F03,6,0.057405367493629456,0.09685949981212616,8,12
LOAD-H24-MLP-NNV1-S31415-F03,7,0.0655832439661026,0.09732411801815033,8,12
LOAD-H24-MLP-NNV1-S31415-F03,8,0.06905253231525421,0.09287942945957184,8,12
LOAD-H24-MLP-NNV1-S31415-F03,9,0.02441238798201084,0.11397332698106766,8,12
LOAD-H24-MLP-NNV1-S31415-F03,10,0.04988551139831543,0.1103680282831192,8,12
LOAD-H24-MLP-NNV1-S31415-F03,11,0.05500054731965065,0.13114042580127716,8,12
LOAD-H24-MLP-NNV1-S31415-F03,12,0.03711303696036339,0.13848194479942322,8,12
LOAD-H24-LSTM-NNV1-S42-F03,1,0.7456154823303223,2.719130754470825,12,12
LOAD-H24-LSTM-NNV1-S42-F03,2,0.7307944893836975,2.693429946899414,12,12
LOAD-H24-LSTM-NNV1-S42-F03,3,0.7162910103797913,2.667607069015503,12,12
LOAD-H24-LSTM-NNV1-S42-F03,4,0.702080488204956,2.641587257385254,12,12
LOAD-H24-LSTM-NNV1-S42-F03,5,0.6881358027458191,2.615290641784668,12,12
LOAD-H24-LSTM-NNV1-S42-F03,6,0.6744270920753479,2.5886809825897217,12,12
LOAD-H24-LSTM-NNV1-S42-F03,7,0.6609269976615906,2.561716318130493,12,12
LOAD-H24-LSTM-NNV1-S42-F03,8,0.6476092338562012,2.534337282180786,12,12
LOAD-H24-LSTM-NNV1-S42-F03,9,0.6344492435455322,2.5064828395843506,12,12
LOAD-H24-LSTM-NNV1-S42-F03,10,0.6214250922203064,2.478090524673462,12,12
LOAD-H24-LSTM-NNV1-S42-F03,11,0.608518123626709,2.449096441268921,12,12
LOAD-H24-LSTM-NNV1-S42-F03,12,0.5957119464874268,2.4194345474243164,12,12
LOAD-H24-LSTM-NNV1-S123-F03,1,0.8483138084411621,3.4858429431915283,12,12
LOAD-H24-LSTM-NNV1-S123-F03,2,0.8347614407539368,3.4524874687194824,12,12
LOAD-H24-LSTM-NNV1-S123-F03,3,0.8213387727737427,3.4190292358398438,12,12
LOAD-H24-LSTM-NNV1-S123-F03,4,0.8080244660377502,3.3854434490203857,12,12
LOAD-H24-LSTM-NNV1-S123-F03,5,0.7948027849197388,3.35170841217041,12,12
LOAD-H24-LSTM-NNV1-S123-F03,6,0.781658411026001,3.3177688121795654,12,12
LOAD-H24-LSTM-NNV1-S123-F03,7,0.7685738801956177,3.2835495471954346,12,12
LOAD-H24-LSTM-NNV1-S123-F03,8,0.7555302381515503,3.2489571571350098,12,12
LOAD-H24-LSTM-NNV1-S123-F03,9,0.742506742477417,3.213881254196167,12,12
LOAD-H24-LSTM-NNV1-S123-F03,10,0.7294808626174927,3.1782052516937256,12,12
LOAD-H24-LSTM-NNV1-S123-F03,11,0.716428816318512,3.1418118476867676,12,12
LOAD-H24-LSTM-NNV1-S123-F03,12,0.7033271193504333,3.1045877933502197,12,12
LOAD-H24-LSTM-NNV1-S2020-F03,1,0.7656846642494202,3.4251492023468018,12,12
LOAD-H24-LSTM-NNV1-S2020-F03,2,0.7528972625732422,3.390228271484375,12,12
LOAD-H24-LSTM-NNV1-S2020-F03,3,0.7403647303581238,3.355642795562744,12,12
LOAD-H24-LSTM-NNV1-S2020-F03,4,0.728075385093689,3.3214540481567383,12,12
LOAD-H24-LSTM-NNV1-S2020-F03,5,0.7160150408744812,3.28757905960083,12,12
LOAD-H24-LSTM-NNV1-S2020-F03,6,0.704167902469635,3.2538609504699707,12,12
LOAD-H24-LSTM-NNV1-S2020-F03,7,0.6925185322761536,3.220160722732544,12,12
LOAD-H24-LSTM-NNV1-S2020-F03,8,0.6810523271560669,3.186366081237793,12,12
LOAD-H24-LSTM-NNV1-S2020-F03,9,0.6697540879249573,3.152393341064453,12,12
LOAD-H24-LSTM-NNV1-S2020-F03,10,0.6586124897003174,3.1181743144989014,12,12
LOAD-H24-LSTM-NNV1-S2020-F03,11,0.6476171016693115,3.083648681640625,12,12
LOAD-H24-LSTM-NNV1-S2020-F03,12,0.6367558240890503,3.048757553100586,12,12
LOAD-H24-LSTM-NNV1-S2025-F03,1,0.80167555809021,3.422713279724121,12,12
LOAD-H24-LSTM-NNV1-S2025-F03,2,0.7888923287391663,3.3880198001861572,12,12
LOAD-H24-LSTM-NNV1-S2025-F03,3,0.7763930559158325,3.3532683849334717,12,12
LOAD-H24-LSTM-NNV1-S2025-F03,4,0.7641483545303345,3.318483352661133,12,12
LOAD-H24-LSTM-NNV1-S2025-F03,5,0.7521287798881531,3.283578395843506,12,12
LOAD-H24-LSTM-NNV1-S2025-F03,6,0.740301251411438,3.2483885288238525,12,12
LOAD-H24-LSTM-NNV1-S2025-F03,7,0.7286333441734314,3.212766170501709,12,12
LOAD-H24-LSTM-NNV1-S2025-F03,8,0.7170946002006531,3.1766138076782227,12,12
LOAD-H24-LSTM-NNV1-S2025-F03,9,0.705656111240387,3.1398653984069824,12,12
LOAD-H24-LSTM-NNV1-S2025-F03,10,0.6942903399467468,3.1024606227874756,12,12
LOAD-H24-LSTM-NNV1-S2025-F03,11,0.6829712986946106,3.064324140548706,12,12
LOAD-H24-LSTM-NNV1-S2025-F03,12,0.6716737747192383,3.0253632068634033,12,12
LOAD-H24-LSTM-NNV1-S31415-F03,1,0.691230833530426,3.0566396713256836,12,12
LOAD-H24-LSTM-NNV1-S31415-F03,2,0.6802027225494385,3.0181610584259033,12,12
LOAD-H24-LSTM-NNV1-S31415-F03,3,0.6692590713500977,2.977874755859375,12,12
LOAD-H24-LSTM-NNV1-S31415-F03,4,0.6583712100982666,2.936779260635376,12,12
LOAD-H24-LSTM-NNV1-S31415-F03,5,0.647525429725647,2.895141839981079,12,12
LOAD-H24-LSTM-NNV1-S31415-F03,6,0.6367091536521912,2.85300350189209,12,12
LOAD-H24-LSTM-NNV1-S31415-F03,7,0.6259104609489441,2.810366153717041,12,12
LOAD-H24-LSTM-NNV1-S31415-F03,8,0.6151211261749268,2.7672297954559326,12,12
LOAD-H24-LSTM-NNV1-S31415-F03,9,0.6043329834938049,2.7235920429229736,12,12
LOAD-H24-LSTM-NNV1-S31415-F03,10,0.5935367345809937,2.679434299468994,12,12
LOAD-H24-LSTM-NNV1-S31415-F03,11,0.5827232003211975,2.6347293853759766,12,12
LOAD-H24-LSTM-NNV1-S31415-F03,12,0.571883499622345,2.5894460678100586,12,12
LOAD-H24-GRU-NNV1-S42-F03,1,0.684167206287384,3.384855031967163,12,12
LOAD-H24-GRU-NNV1-S42-F03,2,0.6685519218444824,3.3130154609680176,12,12
LOAD-H24-GRU-NNV1-S42-F03,3,0.6530872583389282,3.2413206100463867,12,12
LOAD-H24-GRU-NNV1-S42-F03,4,0.6377668380737305,3.169724702835083,12,12
LOAD-H24-GRU-NNV1-S42-F03,5,0.6225787997245789,3.0981390476226807,12,12
LOAD-H24-GRU-NNV1-S42-F03,6,0.6075094938278198,3.026496171951294,12,12
LOAD-H24-GRU-NNV1-S42-F03,7,0.5925491452217102,2.9547882080078125,12,12
LOAD-H24-GRU-NNV1-S42-F03,8,0.5776907801628113,2.8830487728118896,12,12
LOAD-H24-GRU-NNV1-S42-F03,9,0.562929630279541,2.81130313873291,12,12
LOAD-H24-GRU-NNV1-S42-F03,10,0.5482630133628845,2.73953914642334,12,12
LOAD-H24-GRU-NNV1-S42-F03,11,0.5336900353431702,2.6677303314208984,12,12
LOAD-H24-GRU-NNV1-S42-F03,12,0.5192106366157532,2.595857858657837,12,12
LOAD-H24-GRU-NNV1-S123-F03,1,0.849317729473114,3.7381653785705566,12,12
LOAD-H24-GRU-NNV1-S123-F03,2,0.8235327005386353,3.690256118774414,12,12
LOAD-H24-GRU-NNV1-S123-F03,3,0.7987082004547119,3.6434333324432373,12,12
LOAD-H24-GRU-NNV1-S123-F03,4,0.7748111486434937,3.5973479747772217,12,12
LOAD-H24-GRU-NNV1-S123-F03,5,0.7518092393875122,3.5518600940704346,12,12
LOAD-H24-GRU-NNV1-S123-F03,6,0.7296687960624695,3.5068681240081787,12,12
LOAD-H24-GRU-NNV1-S123-F03,7,0.708355724811554,3.462272882461548,12,12
LOAD-H24-GRU-NNV1-S123-F03,8,0.6878377199172974,3.4179699420928955,12,12
LOAD-H24-GRU-NNV1-S123-F03,9,0.6680823564529419,3.373845100402832,12,12
LOAD-H24-GRU-NNV1-S123-F03,10,0.6490567922592163,3.329774856567383,12,12
LOAD-H24-GRU-NNV1-S123-F03,11,0.6307262182235718,3.2856271266937256,12,12
LOAD-H24-GRU-NNV1-S123-F03,12,0.6130546927452087,3.241267204284668,12,12
LOAD-H24-GRU-NNV1-S2020-F03,1,0.8381859064102173,2.7587571144104004,12,12
LOAD-H24-GRU-NNV1-S2020-F03,2,0.8120337724685669,2.721240520477295,12,12
LOAD-H24-GRU-NNV1-S2020-F03,3,0.7865492105484009,2.682957410812378,12,12
LOAD-H24-GRU-NNV1-S2020-F03,4,0.7616727352142334,2.644127368927002,12,12
LOAD-H24-GRU-NNV1-S2020-F03,5,0.737362802028656,2.604997158050537,12,12
LOAD-H24-GRU-NNV1-S2020-F03,6,0.7135941386222839,2.5656659603118896,12,12
LOAD-H24-GRU-NNV1-S2020-F03,7,0.6903534531593323,2.5261456966400146,12,12
LOAD-H24-GRU-NNV1-S2020-F03,8,0.6676325798034668,2.486410617828369,12,12
LOAD-H24-GRU-NNV1-S2020-F03,9,0.6454259157180786,2.4464166164398193,12,12
LOAD-H24-GRU-NNV1-S2020-F03,10,0.6237282752990723,2.4061169624328613,12,12
LOAD-H24-GRU-NNV1-S2020-F03,11,0.6025366187095642,2.365468978881836,12,12
LOAD-H24-GRU-NNV1-S2020-F03,12,0.581849992275238,2.324432134628296,12,12
LOAD-H24-GRU-NNV1-S2025-F03,1,0.6831686496734619,2.5356950759887695,12,12
LOAD-H24-GRU-NNV1-S2025-F03,2,0.6601893305778503,2.4961795806884766,12,12
LOAD-H24-GRU-NNV1-S2025-F03,3,0.6378280520439148,2.4566686153411865,12,12
LOAD-H24-GRU-NNV1-S2025-F03,4,0.6160671710968018,2.4169318675994873,12,12
LOAD-H24-GRU-NNV1-S2025-F03,5,0.5948783159255981,2.376910448074341,12,12
LOAD-H24-GRU-NNV1-S2025-F03,6,0.574234127998352,2.3365278244018555,12,12
LOAD-H24-GRU-NNV1-S2025-F03,7,0.554111123085022,2.2956786155700684,12,12
LOAD-H24-GRU-NNV1-S2025-F03,8,0.5344874262809753,2.254300832748413,12,12
LOAD-H24-GRU-NNV1-S2025-F03,9,0.5153454542160034,2.212360382080078,12,12
LOAD-H24-GRU-NNV1-S2025-F03,10,0.4966743290424347,2.1698222160339355,12,12
LOAD-H24-GRU-NNV1-S2025-F03,11,0.478468656539917,2.1266417503356934,12,12
LOAD-H24-GRU-NNV1-S2025-F03,12,0.46072787046432495,2.082770586013794,12,12
LOAD-H24-GRU-NNV1-S31415-F03,1,0.8483186960220337,3.227548122406006,12,12
LOAD-H24-GRU-NNV1-S31415-F03,2,0.8236969709396362,3.1697170734405518,12,12
LOAD-H24-GRU-NNV1-S31415-F03,3,0.7997367978096008,3.1124422550201416,12,12
LOAD-H24-GRU-NNV1-S31415-F03,4,0.776427686214447,3.0556280612945557,12,12
LOAD-H24-GRU-NNV1-S31415-F03,5,0.7537469863891602,2.9989418983459473,12,12
LOAD-H24-GRU-NNV1-S31415-F03,6,0.7316699028015137,2.9420464038848877,12,12
LOAD-H24-GRU-NNV1-S31415-F03,7,0.7101705074310303,2.8847062587738037,12,12
LOAD-H24-GRU-NNV1-S31415-F03,8,0.6892207860946655,2.8267886638641357,12,12
LOAD-H24-GRU-NNV1-S31415-F03,9,0.6687915325164795,2.768218994140625,12,12
LOAD-H24-GRU-NNV1-S31415-F03,10,0.6488533616065979,2.7089412212371826,12,12
LOAD-H24-GRU-NNV1-S31415-F03,11,0.6293761730194092,2.6489005088806152,12,12
LOAD-H24-GRU-NNV1-S31415-F03,12,0.6103277206420898,2.5880558490753174,12,12
LOAD-H24-MLP-NNV1-S42-F04,1,0.06946117430925369,0.1317245215177536,8,12
LOAD-H24-MLP-NNV1-S42-F04,2,0.10738563537597656,0.1328691691160202,8,12
LOAD-H24-MLP-NNV1-S42-F04,3,0.03601949289441109,0.13512776792049408,8,12
LOAD-H24-MLP-NNV1-S42-F04,4,0.023226594552397728,0.08951836824417114,8,12
LOAD-H24-MLP-NNV1-S42-F04,5,0.04372449591755867,0.08296090364456177,8,12
LOAD-H24-MLP-NNV1-S42-F04,6,0.03508980944752693,0.13443712890148163,8,12
LOAD-H24-MLP-NNV1-S42-F04,7,0.0596267469227314,0.07785370945930481,8,12
LOAD-H24-MLP-NNV1-S42-F04,8,0.06269494444131851,0.0672503411769867,8,12
LOAD-H24-MLP-NNV1-S42-F04,9,0.016003547236323357,0.09029903262853622,8,12
LOAD-H24-MLP-NNV1-S42-F04,10,0.007944473065435886,0.0875944271683693,8,12
LOAD-H24-MLP-NNV1-S42-F04,11,0.019777432084083557,0.0706569030880928,8,12
LOAD-H24-MLP-NNV1-S42-F04,12,0.012631422840058804,0.08591513335704803,8,12
LOAD-H24-MLP-NNV1-S123-F04,1,0.06185755133628845,0.11075195670127869,4,8
LOAD-H24-MLP-NNV1-S123-F04,2,0.049022119492292404,0.14481250941753387,4,8
LOAD-H24-MLP-NNV1-S123-F04,3,0.03597840294241905,0.08524147421121597,4,8
LOAD-H24-MLP-NNV1-S123-F04,4,0.021790312603116035,0.07282967865467072,4,8
LOAD-H24-MLP-NNV1-S123-F04,5,0.02635606937110424,0.10730947554111481,4,8
LOAD-H24-MLP-NNV1-S123-F04,6,0.04741461202502251,0.07319670915603638,4,8
LOAD-H24-MLP-NNV1-S123-F04,7,0.01159190759062767,0.09984841197729111,4,8
LOAD-H24-MLP-NNV1-S123-F04,8,0.012407590635120869,0.07994161546230316,4,8
LOAD-H24-MLP-NNV1-S2020-F04,1,0.14418287575244904,0.12162076681852341,9,12
LOAD-H24-MLP-NNV1-S2020-F04,2,0.03698887303471565,0.12483906745910645,9,12
LOAD-H24-MLP-NNV1-S2020-F04,3,0.02945500612258911,0.07904130220413208,9,12
LOAD-H24-MLP-NNV1-S2020-F04,4,0.1073114201426506,0.08144912123680115,9,12
LOAD-H24-MLP-NNV1-S2020-F04,5,0.05911514535546303,0.08636295795440674,9,12
LOAD-H24-MLP-NNV1-S2020-F04,6,0.06413241475820541,0.06770720332860947,9,12
LOAD-H24-MLP-NNV1-S2020-F04,7,0.07678637653589249,0.06132308393716812,9,12
LOAD-H24-MLP-NNV1-S2020-F04,8,0.04194542393088341,0.07272347062826157,9,12
LOAD-H24-MLP-NNV1-S2020-F04,9,0.01675025373697281,0.05211445689201355,9,12
LOAD-H24-MLP-NNV1-S2020-F04,10,0.008681154809892178,0.06625274568796158,9,12
LOAD-H24-MLP-NNV1-S2020-F04,11,0.025623708963394165,0.057690393179655075,9,12
LOAD-H24-MLP-NNV1-S2020-F04,12,0.035169485956430435,0.09628349542617798,9,12
LOAD-H24-MLP-NNV1-S2025-F04,1,0.11606193333864212,0.09635326266288757,8,12
LOAD-H24-MLP-NNV1-S2025-F04,2,0.13862045109272003,0.08217518776655197,8,12
LOAD-H24-MLP-NNV1-S2025-F04,3,0.0708325132727623,0.08078370988368988,8,12
LOAD-H24-MLP-NNV1-S2025-F04,4,0.01377417054027319,0.08145565539598465,8,12
LOAD-H24-MLP-NNV1-S2025-F04,5,0.021680660545825958,0.07397999614477158,8,12
LOAD-H24-MLP-NNV1-S2025-F04,6,0.036541979759931564,0.07625764608383179,8,12
LOAD-H24-MLP-NNV1-S2025-F04,7,0.051914092153310776,0.11280450224876404,8,12
LOAD-H24-MLP-NNV1-S2025-F04,8,0.03379248455166817,0.052930232137441635,8,12
LOAD-H24-MLP-NNV1-S2025-F04,9,0.04454629123210907,0.061624158173799515,8,12
LOAD-H24-MLP-NNV1-S2025-F04,10,0.02763500064611435,0.06518402695655823,8,12
LOAD-H24-MLP-NNV1-S2025-F04,11,0.006412353366613388,0.07149723172187805,8,12
LOAD-H24-MLP-NNV1-S2025-F04,12,0.043850790709257126,0.09433199465274811,8,12
LOAD-H24-MLP-NNV1-S31415-F04,1,0.07766974717378616,0.12061936408281326,12,12
LOAD-H24-MLP-NNV1-S31415-F04,2,0.04621993377804756,0.08591470122337341,12,12
LOAD-H24-MLP-NNV1-S31415-F04,3,0.06666222959756851,0.0889093428850174,12,12
LOAD-H24-MLP-NNV1-S31415-F04,4,0.038577452301979065,0.09910524636507034,12,12
LOAD-H24-MLP-NNV1-S31415-F04,5,0.05994009971618652,0.060957565903663635,12,12
LOAD-H24-MLP-NNV1-S31415-F04,6,0.048139940947294235,0.07158390432596207,12,12
LOAD-H24-MLP-NNV1-S31415-F04,7,0.01702469401061535,0.07749607414007187,12,12
LOAD-H24-MLP-NNV1-S31415-F04,8,0.024564644321799278,0.0721578598022461,12,12
LOAD-H24-MLP-NNV1-S31415-F04,9,0.0130290687084198,0.05681833624839783,12,12
LOAD-H24-MLP-NNV1-S31415-F04,10,0.011985189281404018,0.08146761357784271,12,12
LOAD-H24-MLP-NNV1-S31415-F04,11,0.03956667706370354,0.09519533067941666,12,12
LOAD-H24-MLP-NNV1-S31415-F04,12,0.028118416666984558,0.05526250600814819,12,12
LOAD-H24-LSTM-NNV1-S42-F04,1,0.7272292375564575,2.5911872386932373,12,12
LOAD-H24-LSTM-NNV1-S42-F04,2,0.7115185856819153,2.565000295639038,12,12
LOAD-H24-LSTM-NNV1-S42-F04,3,0.69608473777771,2.5389370918273926,12,12
LOAD-H24-LSTM-NNV1-S42-F04,4,0.6808993816375732,2.5129358768463135,12,12
LOAD-H24-LSTM-NNV1-S42-F04,5,0.6659361720085144,2.4868385791778564,12,12
LOAD-H24-LSTM-NNV1-S42-F04,6,0.6511712670326233,2.460489273071289,12,12
LOAD-H24-LSTM-NNV1-S42-F04,7,0.6365815997123718,2.433779001235962,12,12
LOAD-H24-LSTM-NNV1-S42-F04,8,0.6221437454223633,2.4066405296325684,12,12
LOAD-H24-LSTM-NNV1-S42-F04,9,0.6078349351882935,2.379026412963867,12,12
LOAD-H24-LSTM-NNV1-S42-F04,10,0.5936343669891357,2.3508858680725098,12,12
LOAD-H24-LSTM-NNV1-S42-F04,11,0.5795218348503113,2.3221590518951416,12,12
LOAD-H24-LSTM-NNV1-S42-F04,12,0.565479040145874,2.2927772998809814,12,12
LOAD-H24-LSTM-NNV1-S123-F04,1,0.8231266736984253,3.591778516769409,12,12
LOAD-H24-LSTM-NNV1-S123-F04,2,0.8086518049240112,3.554166555404663,12,12
LOAD-H24-LSTM-NNV1-S123-F04,3,0.794293999671936,3.5163800716400146,12,12
LOAD-H24-LSTM-NNV1-S123-F04,4,0.7800363898277283,3.478304386138916,12,12
LOAD-H24-LSTM-NNV1-S123-F04,5,0.7658565044403076,3.439871072769165,12,12
LOAD-H24-LSTM-NNV1-S123-F04,6,0.7517328262329102,3.4010169506073,12,12
LOAD-H24-LSTM-NNV1-S123-F04,7,0.7376425862312317,3.3616838455200195,12,12
LOAD-H24-LSTM-NNV1-S123-F04,8,0.7235618829727173,3.321821689605713,12,12
LOAD-H24-LSTM-NNV1-S123-F04,9,0.7094663381576538,3.281381845474243,12,12
LOAD-H24-LSTM-NNV1-S123-F04,10,0.6953323483467102,3.2403063774108887,12,12
LOAD-H24-LSTM-NNV1-S123-F04,11,0.6811376810073853,3.1985297203063965,12,12
LOAD-H24-LSTM-NNV1-S123-F04,12,0.6668608784675598,3.1559743881225586,12,12
LOAD-H24-LSTM-NNV1-S2020-F04,1,0.749858558177948,3.6890008449554443,12,12
LOAD-H24-LSTM-NNV1-S2020-F04,2,0.7361178994178772,3.650059223175049,12,12
LOAD-H24-LSTM-NNV1-S2020-F04,3,0.72263103723526,3.61202073097229,12,12
LOAD-H24-LSTM-NNV1-S2020-F04,4,0.7093747854232788,3.5744757652282715,12,12
LOAD-H24-LSTM-NNV1-S2020-F04,5,0.6963326334953308,3.5373129844665527,12,12
LOAD-H24-LSTM-NNV1-S2020-F04,6,0.6834880113601685,3.5004446506500244,12,12
LOAD-H24-LSTM-NNV1-S2020-F04,7,0.6708223223686218,3.4637465476989746,12,12
LOAD-H24-LSTM-NNV1-S2020-F04,8,0.6583167314529419,3.4270739555358887,12,12
LOAD-H24-LSTM-NNV1-S2020-F04,9,0.6459524631500244,3.3902761936187744,12,12
LOAD-H24-LSTM-NNV1-S2020-F04,10,0.6337116360664368,3.353198289871216,12,12
LOAD-H24-LSTM-NNV1-S2020-F04,11,0.6215777397155762,3.315690279006958,12,12
LOAD-H24-LSTM-NNV1-S2020-F04,12,0.6095350384712219,3.2776176929473877,12,12
LOAD-H24-LSTM-NNV1-S2025-F04,1,0.7795760035514832,3.6921510696411133,12,12
LOAD-H24-LSTM-NNV1-S2025-F04,2,0.7658485174179077,3.652374267578125,12,12
LOAD-H24-LSTM-NNV1-S2025-F04,3,0.7524272203445435,3.612919569015503,12,12
LOAD-H24-LSTM-NNV1-S2025-F04,4,0.7392969727516174,3.5736074447631836,12,12
LOAD-H24-LSTM-NNV1-S2025-F04,5,0.7264370322227478,3.534447431564331,12,12
LOAD-H24-LSTM-NNV1-S2025-F04,6,0.7138242721557617,3.4954164028167725,12,12
LOAD-H24-LSTM-NNV1-S2025-F04,7,0.7014329433441162,3.456423044204712,12,12
LOAD-H24-LSTM-NNV1-S2025-F04,8,0.6892338991165161,3.417344570159912,12,12
LOAD-H24-LSTM-NNV1-S2025-F04,9,0.677196204662323,3.37804913520813,12,12
LOAD-H24-LSTM-NNV1-S2025-F04,10,0.6652892231941223,3.338395118713379,12,12
LOAD-H24-LSTM-NNV1-S2025-F04,11,0.6534824371337891,3.298236608505249,12,12
LOAD-H24-LSTM-NNV1-S2025-F04,12,0.6417461633682251,3.2574241161346436,12,12
LOAD-H24-LSTM-NNV1-S31415-F04,1,0.6540205478668213,2.9978129863739014,12,12
LOAD-H24-LSTM-NNV1-S31415-F04,2,0.6419579982757568,2.959419012069702,12,12
LOAD-H24-LSTM-NNV1-S31415-F04,3,0.6300305128097534,2.9208457469940186,12,12
LOAD-H24-LSTM-NNV1-S31415-F04,4,0.6182171702384949,2.881943702697754,12,12
LOAD-H24-LSTM-NNV1-S31415-F04,5,0.6064938902854919,2.8426759243011475,12,12
LOAD-H24-LSTM-NNV1-S31415-F04,6,0.5948435068130493,2.803008794784546,12,12
LOAD-H24-LSTM-NNV1-S31415-F04,7,0.5832531452178955,2.7629008293151855,12,12
LOAD-H24-LSTM-NNV1-S31415-F04,8,0.5717107057571411,2.7223103046417236,12,12
LOAD-H24-LSTM-NNV1-S31415-F04,9,0.560204267501831,2.681182861328125,12,12
LOAD-H24-LSTM-NNV1-S31415-F04,10,0.5487213730812073,2.639453649520874,12,12
LOAD-H24-LSTM-NNV1-S31415-F04,11,0.5372498035430908,2.5970449447631836,12,12
LOAD-H24-LSTM-NNV1-S31415-F04,12,0.5257765054702759,2.553870677947998,12,12
LOAD-H24-GRU-NNV1-S42-F04,1,0.6620103120803833,3.5459275245666504,12,12
LOAD-H24-GRU-NNV1-S42-F04,2,0.645672082901001,3.4736328125,12,12
LOAD-H24-GRU-NNV1-S42-F04,3,0.6296006441116333,3.3994436264038086,12,12
LOAD-H24-GRU-NNV1-S42-F04,4,0.6137682795524597,3.3236083984375,12,12
LOAD-H24-GRU-NNV1-S42-F04,5,0.5981442332267761,3.2469818592071533,12,12
LOAD-H24-GRU-NNV1-S42-F04,6,0.5827038288116455,3.1699378490448,12,12
LOAD-H24-GRU-NNV1-S42-F04,7,0.5674253106117249,3.0925848484039307,12,12
LOAD-H24-GRU-NNV1-S42-F04,8,0.5522906184196472,3.0149505138397217,12,12
LOAD-H24-GRU-NNV1-S42-F04,9,0.5372849702835083,2.937044858932495,12,12
LOAD-H24-GRU-NNV1-S42-F04,10,0.5223946571350098,2.8588733673095703,12,12
LOAD-H24-GRU-NNV1-S42-F04,11,0.5076066851615906,2.78044056892395,12,12
LOAD-H24-GRU-NNV1-S42-F04,12,0.4929085671901703,2.70175838470459,12,12
LOAD-H24-GRU-NNV1-S123-F04,1,0.8932608366012573,4.0698652267456055,12,12
LOAD-H24-GRU-NNV1-S123-F04,2,0.8655173778533936,4.010046482086182,12,12
LOAD-H24-GRU-NNV1-S123-F04,3,0.8387089967727661,3.9512953758239746,12,12
LOAD-H24-GRU-NNV1-S123-F04,4,0.8128002285957336,3.8936009407043457,12,12
LOAD-H24-GRU-NNV1-S123-F04,5,0.7877485752105713,3.8368523120880127,12,12
LOAD-H24-GRU-NNV1-S123-F04,6,0.7635120153427124,3.780949354171753,12,12
LOAD-H24-GRU-NNV1-S123-F04,7,0.7400502562522888,3.7257983684539795,12,12
LOAD-H24-GRU-NNV1-S123-F04,8,0.7173247337341309,3.671302318572998,12,12
LOAD-H24-GRU-NNV1-S123-F04,9,0.6953005790710449,3.617356538772583,12,12
LOAD-H24-GRU-NNV1-S123-F04,10,0.6739468574523926,3.5638439655303955,12,12
LOAD-H24-GRU-NNV1-S123-F04,11,0.6532357931137085,3.510645866394043,12,12
LOAD-H24-GRU-NNV1-S123-F04,12,0.633141815662384,3.4576406478881836,12,12
LOAD-H24-GRU-NNV1-S2020-F04,1,0.8394156098365784,2.775177478790283,12,12
LOAD-H24-GRU-NNV1-S2020-F04,2,0.8115328550338745,2.7321479320526123,12,12
LOAD-H24-GRU-NNV1-S2020-F04,3,0.7842798829078674,2.6886959075927734,12,12
LOAD-H24-GRU-NNV1-S2020-F04,4,0.7576149106025696,2.644707202911377,12,12
LOAD-H24-GRU-NNV1-S2020-F04,5,0.7314873337745667,2.600290060043335,12,12
LOAD-H24-GRU-NNV1-S2020-F04,6,0.7058538794517517,2.5555481910705566,12,12
LOAD-H24-GRU-NNV1-S2020-F04,7,0.6806867718696594,2.5105528831481934,12,12
LOAD-H24-GRU-NNV1-S2020-F04,8,0.6559701561927795,2.4653639793395996,12,12
LOAD-H24-GRU-NNV1-S2020-F04,9,0.6316957473754883,2.4200267791748047,12,12
LOAD-H24-GRU-NNV1-S2020-F04,10,0.6078601479530334,2.374566078186035,12,12
LOAD-H24-GRU-NNV1-S2020-F04,11,0.5844641923904419,2.3289897441864014,12,12
LOAD-H24-GRU-NNV1-S2020-F04,12,0.5615113973617554,2.283292531967163,12,12
LOAD-H24-GRU-NNV1-S2025-F04,1,0.6909419298171997,2.7698404788970947,12,12
LOAD-H24-GRU-NNV1-S2025-F04,2,0.6664405465126038,2.721774101257324,12,12
LOAD-H24-GRU-NNV1-S2025-F04,3,0.6425496935844421,2.6739728450775146,12,12
LOAD-H24-GRU-NNV1-S2025-F04,4,0.6192503571510315,2.6262879371643066,12,12
LOAD-H24-GRU-NNV1-S2025-F04,5,0.5965125560760498,2.5785481929779053,12,12
LOAD-H24-GRU-NNV1-S2025-F04,6,0.5743043422698975,2.530550956726074,12,12
LOAD-H24-GRU-NNV1-S2025-F04,7,0.5525913238525391,2.4821372032165527,12,12
LOAD-H24-GRU-NNV1-S2025-F04,8,0.5313397645950317,2.4332261085510254,12,12
LOAD-H24-GRU-NNV1-S2025-F04,9,0.5105210542678833,2.383775472640991,12,12
LOAD-H24-GRU-NNV1-S2025-F04,10,0.4901125729084015,2.3337454795837402,12,12
LOAD-H24-GRU-NNV1-S2025-F04,11,0.47009629011154175,2.283087730407715,12,12
LOAD-H24-GRU-NNV1-S2025-F04,12,0.45045796036720276,2.231748342514038,12,12
LOAD-H24-GRU-NNV1-S31415-F04,1,0.8161896467208862,3.272453546524048,12,12
LOAD-H24-GRU-NNV1-S31415-F04,2,0.7898399829864502,3.2035481929779053,12,12
LOAD-H24-GRU-NNV1-S31415-F04,3,0.76413893699646,3.135077953338623,12,12
LOAD-H24-GRU-NNV1-S31415-F04,4,0.7390585541725159,3.0671987533569336,12,12
LOAD-H24-GRU-NNV1-S31415-F04,5,0.7145819664001465,2.999887466430664,12,12
LOAD-H24-GRU-NNV1-S31415-F04,6,0.6906945705413818,2.9330620765686035,12,12
LOAD-H24-GRU-NNV1-S31415-F04,7,0.66738361120224,2.8666269779205322,12,12
LOAD-H24-GRU-NNV1-S31415-F04,8,0.6446368098258972,2.800482988357544,12,12
LOAD-H24-GRU-NNV1-S31415-F04,9,0.6224420666694641,2.734525203704834,12,12
LOAD-H24-GRU-NNV1-S31415-F04,10,0.6007863879203796,2.6686408519744873,12,12
LOAD-H24-GRU-NNV1-S31415-F04,11,0.5796555876731873,2.602714776992798,12,12
LOAD-H24-GRU-NNV1-S31415-F04,12,0.5590337514877319,2.536630868911743,12,12
LOAD-H24-MLP-NNV1-S42-F05,1,0.08188606053590775,0.11158530414104462,3,7
LOAD-H24-MLP-NNV1-S42-F05,2,0.07169467210769653,0.0941828265786171,3,7
LOAD-H24-MLP-NNV1-S42-F05,3,0.061695732176303864,0.08008403331041336,3,7
LOAD-H24-MLP-NNV1-S42-F05,4,0.04268086329102516,0.0816085934638977,3,7
LOAD-H24-MLP-NNV1-S42-F05,5,0.053600043058395386,0.08295752853155136,3,7
LOAD-H24-MLP-NNV1-S42-F05,6,0.06528027355670929,0.09217897057533264,3,7
LOAD-H24-MLP-NNV1-S42-F05,7,0.049233630299568176,0.09329210221767426,3,7
LOAD-H24-MLP-NNV1-S123-F05,1,0.07614864408969879,0.11787788569927216,11,12
LOAD-H24-MLP-NNV1-S123-F05,2,0.059510666877031326,0.10085874050855637,11,12
LOAD-H24-MLP-NNV1-S123-F05,3,0.046137936413288116,0.10139020532369614,11,12
LOAD-H24-MLP-NNV1-S123-F05,4,0.03428716957569122,0.08873448520898819,11,12
LOAD-H24-MLP-NNV1-S123-F05,5,0.07667969167232513,0.0896361917257309,11,12
LOAD-H24-MLP-NNV1-S123-F05,6,0.039130955934524536,0.09378015249967575,11,12
LOAD-H24-MLP-NNV1-S123-F05,7,0.04777808114886284,0.08573299646377563,11,12
LOAD-H24-MLP-NNV1-S123-F05,8,0.0323764830827713,0.08165903389453888,11,12
LOAD-H24-MLP-NNV1-S123-F05,9,0.022926559671759605,0.0742727592587471,11,12
LOAD-H24-MLP-NNV1-S123-F05,10,0.031466301530599594,0.07660810649394989,11,12
LOAD-H24-MLP-NNV1-S123-F05,11,0.018504487350583076,0.07417626678943634,11,12
LOAD-H24-MLP-NNV1-S123-F05,12,0.04259111359715462,0.08343473076820374,11,12
LOAD-H24-MLP-NNV1-S2020-F05,1,0.059481021016836166,0.0943199098110199,5,9
LOAD-H24-MLP-NNV1-S2020-F05,2,0.04389362037181854,0.10772701352834702,5,9
LOAD-H24-MLP-NNV1-S2020-F05,3,0.03806159272789955,0.08898839354515076,5,9
LOAD-H24-MLP-NNV1-S2020-F05,4,0.031302280724048615,0.0880257859826088,5,9
LOAD-H24-MLP-NNV1-S2020-F05,5,0.031982507556676865,0.08122757077217102,5,9
LOAD-H24-MLP-NNV1-S2020-F05,6,0.03920586034655571,0.099159836769104,5,9
LOAD-H24-MLP-NNV1-S2020-F05,7,0.0309606846421957,0.09043020755052567,5,9
LOAD-H24-MLP-NNV1-S2020-F05,8,0.03038826212286949,0.0854569599032402,5,9
LOAD-H24-MLP-NNV1-S2020-F05,9,0.027355151250958443,0.08711978793144226,5,9
LOAD-H24-MLP-NNV1-S2025-F05,1,0.09498484432697296,0.10608229041099548,4,8
LOAD-H24-MLP-NNV1-S2025-F05,2,0.06933914870023727,0.08778974413871765,4,8
LOAD-H24-MLP-NNV1-S2025-F05,3,0.04055721312761307,0.07778468728065491,4,8
LOAD-H24-MLP-NNV1-S2025-F05,4,0.027274955064058304,0.06819707900285721,4,8
LOAD-H24-MLP-NNV1-S2025-F05,5,0.026327215135097504,0.0751999244093895,4,8
LOAD-H24-MLP-NNV1-S2025-F05,6,0.019961273297667503,0.07748383283615112,4,8
LOAD-H24-MLP-NNV1-S2025-F05,7,0.023228412494063377,0.07796943932771683,4,8
LOAD-H24-MLP-NNV1-S2025-F05,8,0.01626426912844181,0.07495144009590149,4,8
LOAD-H24-MLP-NNV1-S31415-F05,1,0.08426220715045929,0.10796084254980087,10,12
LOAD-H24-MLP-NNV1-S31415-F05,2,0.057822518050670624,0.09275075048208237,10,12
LOAD-H24-MLP-NNV1-S31415-F05,3,0.04355188086628914,0.08943752199411392,10,12
LOAD-H24-MLP-NNV1-S31415-F05,4,0.05648857727646828,0.08038632571697235,10,12
LOAD-H24-MLP-NNV1-S31415-F05,5,0.04349306598305702,0.08884666115045547,10,12
LOAD-H24-MLP-NNV1-S31415-F05,6,0.02612079307436943,0.07788113504648209,10,12
LOAD-H24-MLP-NNV1-S31415-F05,7,0.05360950529575348,0.07624862343072891,10,12
LOAD-H24-MLP-NNV1-S31415-F05,8,0.06290693581104279,0.08888919651508331,10,12
LOAD-H24-MLP-NNV1-S31415-F05,9,0.0358513742685318,0.08280834555625916,10,12
LOAD-H24-MLP-NNV1-S31415-F05,10,0.050224270671606064,0.07533390074968338,10,12
LOAD-H24-MLP-NNV1-S31415-F05,11,0.042352933436632156,0.09004852920770645,10,12
LOAD-H24-MLP-NNV1-S31415-F05,12,0.028254525735974312,0.07797501236200333,10,12
LOAD-H24-LSTM-NNV1-S42-F05,1,0.8497165441513062,1.4099198579788208,12,12
LOAD-H24-LSTM-NNV1-S42-F05,2,0.8324282169342041,1.3923144340515137,12,12
LOAD-H24-LSTM-NNV1-S42-F05,3,0.8153871893882751,1.3744808435440063,12,12
LOAD-H24-LSTM-NNV1-S42-F05,4,0.7985480427742004,1.35651695728302,12,12
LOAD-H24-LSTM-NNV1-S42-F05,5,0.7818825244903564,1.3384329080581665,12,12
LOAD-H24-LSTM-NNV1-S42-F05,6,0.7653675675392151,1.3201977014541626,12,12
LOAD-H24-LSTM-NNV1-S42-F05,7,0.7489785552024841,1.3017603158950806,12,12
LOAD-H24-LSTM-NNV1-S42-F05,8,0.7326886653900146,1.2830657958984375,12,12
LOAD-H24-LSTM-NNV1-S42-F05,9,0.7164691090583801,1.2640669345855713,12,12
LOAD-H24-LSTM-NNV1-S42-F05,10,0.7002901434898376,1.244728922843933,12,12
LOAD-H24-LSTM-NNV1-S42-F05,11,0.6841226816177368,1.225028395652771,12,12
LOAD-H24-LSTM-NNV1-S42-F05,12,0.6679391860961914,1.2049463987350464,12,12
LOAD-H24-LSTM-NNV1-S123-F05,1,0.9849093556404114,1.9439985752105713,12,12
LOAD-H24-LSTM-NNV1-S123-F05,2,0.9682096838951111,1.9183365106582642,12,12
LOAD-H24-LSTM-NNV1-S123-F05,3,0.9515817165374756,1.8927050828933716,12,12
LOAD-H24-LSTM-NNV1-S123-F05,4,0.9350053071975708,1.8669387102127075,12,12
LOAD-H24-LSTM-NNV1-S123-F05,5,0.9184626340866089,1.8409157991409302,12,12
LOAD-H24-LSTM-NNV1-S123-F05,6,0.9019326567649841,1.814570665359497,12,12
LOAD-H24-LSTM-NNV1-S123-F05,7,0.8853932619094849,1.7878559827804565,12,12
LOAD-H24-LSTM-NNV1-S123-F05,8,0.8688216209411621,1.760730504989624,12,12
LOAD-H24-LSTM-NNV1-S123-F05,9,0.8521938920021057,1.7331554889678955,12,12
LOAD-H24-LSTM-NNV1-S123-F05,10,0.835483968257904,1.7050933837890625,12,12
LOAD-H24-LSTM-NNV1-S123-F05,11,0.8186641931533813,1.676505446434021,12,12
LOAD-H24-LSTM-NNV1-S123-F05,12,0.801705539226532,1.647350788116455,12,12
LOAD-H24-LSTM-NNV1-S2020-F05,1,0.9368157982826233,2.1927883625030518,12,12
LOAD-H24-LSTM-NNV1-S2020-F05,2,0.920569658279419,2.1647555828094482,12,12
LOAD-H24-LSTM-NNV1-S2020-F05,3,0.9045904278755188,2.1370301246643066,12,12
LOAD-H24-LSTM-NNV1-S2020-F05,4,0.8888584971427917,2.1095633506774902,12,12
LOAD-H24-LSTM-NNV1-S2020-F05,5,0.8733510971069336,2.0822911262512207,12,12
LOAD-H24-LSTM-NNV1-S2020-F05,6,0.8580392599105835,2.0551464557647705,12,12
LOAD-H24-LSTM-NNV1-S2020-F05,7,0.8428940773010254,2.0280635356903076,12,12
LOAD-H24-LSTM-NNV1-S2020-F05,8,0.8278878927230835,2.0009849071502686,12,12
LOAD-H24-LSTM-NNV1-S2020-F05,9,0.8129959106445312,1.9738647937774658,12,12
LOAD-H24-LSTM-NNV1-S2020-F05,10,0.7981942892074585,1.9466599225997925,12,12
LOAD-H24-LSTM-NNV1-S2020-F05,11,0.7834609150886536,1.919327735900879,12,12
LOAD-H24-LSTM-NNV1-S2020-F05,12,0.7687742710113525,1.8918191194534302,12,12
LOAD-H24-LSTM-NNV1-S2025-F05,1,0.9549037218093872,2.0859506130218506,12,12
LOAD-H24-LSTM-NNV1-S2025-F05,2,0.9388524293899536,2.058178424835205,12,12
LOAD-H24-LSTM-NNV1-S2025-F05,3,0.9230973124504089,2.030419111251831,12,12
LOAD-H24-LSTM-NNV1-S2025-F05,4,0.9076195955276489,2.0023274421691895,12,12
LOAD-H24-LSTM-NNV1-S2025-F05,5,0.8923954963684082,1.9736461639404297,12,12
LOAD-H24-LSTM-NNV1-S2025-F05,6,0.8773938417434692,1.9443938732147217,12,12
LOAD-H24-LSTM-NNV1-S2025-F05,7,0.8625794649124146,1.9146862030029297,12,12
LOAD-H24-LSTM-NNV1-S2025-F05,8,0.8479177355766296,1.8845913410186768,12,12
LOAD-H24-LSTM-NNV1-S2025-F05,9,0.8333737850189209,1.8541181087493896,12,12
LOAD-H24-LSTM-NNV1-S2025-F05,10,0.8189129829406738,1.8232399225234985,12,12
LOAD-H24-LSTM-NNV1-S2025-F05,11,0.804500162601471,1.7919121980667114,12,12
LOAD-H24-LSTM-NNV1-S2025-F05,12,0.79010009765625,1.7600797414779663,12,12
LOAD-H24-LSTM-NNV1-S31415-F05,1,0.7865076065063477,1.646435260772705,12,12
LOAD-H24-LSTM-NNV1-S31415-F05,2,0.7720721960067749,1.6203958988189697,12,12
LOAD-H24-LSTM-NNV1-S31415-F05,3,0.7577711939811707,1.5943965911865234,12,12
LOAD-H24-LSTM-NNV1-S31415-F05,4,0.7435858249664307,1.5684260129928589,12,12
LOAD-H24-LSTM-NNV1-S31415-F05,5,0.7294988036155701,1.5424420833587646,12,12
LOAD-H24-LSTM-NNV1-S31415-F05,6,0.7154916524887085,1.5163888931274414,12,12
LOAD-H24-LSTM-NNV1-S31415-F05,7,0.7015441656112671,1.4902009963989258,12,12
LOAD-H24-LSTM-NNV1-S31415-F05,8,0.6876360177993774,1.4638080596923828,12,12
LOAD-H24-LSTM-NNV1-S31415-F05,9,0.6737470030784607,1.4371410608291626,12,12
LOAD-H24-LSTM-NNV1-S31415-F05,10,0.6598572134971619,1.4101382493972778,12,12
LOAD-H24-LSTM-NNV1-S31415-F05,11,0.645946741104126,1.3827556371688843,12,12
LOAD-H24-LSTM-NNV1-S31415-F05,12,0.6319959163665771,1.354970097541809,12,12
LOAD-H24-GRU-NNV1-S42-F05,1,0.8339968919754028,2.003324270248413,12,12
LOAD-H24-GRU-NNV1-S42-F05,2,0.8132447004318237,1.9507979154586792,12,12
LOAD-H24-GRU-NNV1-S42-F05,3,0.7927876114845276,1.8991062641143799,12,12
LOAD-H24-GRU-NNV1-S42-F05,4,0.7726020812988281,1.8480716943740845,12,12
LOAD-H24-GRU-NNV1-S42-F05,5,0.7526711821556091,1.7976579666137695,12,12
LOAD-H24-GRU-NNV1-S42-F05,6,0.7329756021499634,1.7478324174880981,12,12
LOAD-H24-GRU-NNV1-S42-F05,7,0.7134941220283508,1.6985384225845337,12,12
LOAD-H24-GRU-NNV1-S42-F05,8,0.6942036151885986,1.6497175693511963,12,12
LOAD-H24-GRU-NNV1-S42-F05,9,0.6750803589820862,1.601319432258606,12,12
LOAD-H24-GRU-NNV1-S42-F05,10,0.6561000943183899,1.5532959699630737,12,12
LOAD-H24-GRU-NNV1-S42-F05,11,0.6372385621070862,1.5055993795394897,12,12
LOAD-H24-GRU-NNV1-S42-F05,12,0.6184722781181335,1.4581865072250366,12,12
LOAD-H24-GRU-NNV1-S123-F05,1,1.1170357465744019,2.2155752182006836,12,12
LOAD-H24-GRU-NNV1-S123-F05,2,1.0854524374008179,2.1755850315093994,12,12
LOAD-H24-GRU-NNV1-S123-F05,3,1.0548523664474487,2.1365418434143066,12,12
LOAD-H24-GRU-NNV1-S123-F05,4,1.0251977443695068,2.098374128341675,12,12
LOAD-H24-GRU-NNV1-S123-F05,5,0.9964478015899658,2.0610268115997314,12,12
LOAD-H24-GRU-NNV1-S123-F05,6,0.9685586094856262,2.024446964263916,12,12
LOAD-H24-GRU-NNV1-S123-F05,7,0.9414846897125244,1.9885711669921875,12,12
LOAD-H24-GRU-NNV1-S123-F05,8,0.915179431438446,1.953316569328308,12,12
LOAD-H24-GRU-NNV1-S123-F05,9,0.8895964026451111,1.9185855388641357,12,12
LOAD-H24-GRU-NNV1-S123-F05,10,0.8646919131278992,1.8842711448669434,12,12
LOAD-H24-GRU-NNV1-S123-F05,11,0.8404245376586914,1.8502655029296875,12,12
LOAD-H24-GRU-NNV1-S123-F05,12,0.8167551755905151,1.8164616823196411,12,12
LOAD-H24-GRU-NNV1-S2020-F05,1,0.9856880307197571,1.600715160369873,12,12
LOAD-H24-GRU-NNV1-S2020-F05,2,0.9550228714942932,1.569490671157837,12,12
LOAD-H24-GRU-NNV1-S2020-F05,3,0.9248231649398804,1.538337230682373,12,12
LOAD-H24-GRU-NNV1-S2020-F05,4,0.8950772881507874,1.5072529315948486,12,12
LOAD-H24-GRU-NNV1-S2020-F05,5,0.8657708168029785,1.4762362241744995,12,12
LOAD-H24-GRU-NNV1-S2020-F05,6,0.8368895053863525,1.4452835321426392,12,12
LOAD-H24-GRU-NNV1-S2020-F05,7,0.8084232807159424,1.4143955707550049,12,12
LOAD-H24-GRU-NNV1-S2020-F05,8,0.7803662419319153,1.3835734128952026,12,12
LOAD-H24-GRU-NNV1-S2020-F05,9,0.7527143359184265,1.3528177738189697,12,12
LOAD-H24-GRU-NNV1-S2020-F05,10,0.7254651188850403,1.322126030921936,12,12
LOAD-H24-GRU-NNV1-S2020-F05,11,0.6986165642738342,1.2914930582046509,12,12
LOAD-H24-GRU-NNV1-S2020-F05,12,0.6721672415733337,1.260910153388977,12,12
LOAD-H24-GRU-NNV1-S2025-F05,1,0.847946047782898,1.609281063079834,12,12
LOAD-H24-GRU-NNV1-S2025-F05,2,0.8204782605171204,1.5748357772827148,12,12
LOAD-H24-GRU-NNV1-S2025-F05,3,0.793571949005127,1.5405206680297852,12,12
LOAD-H24-GRU-NNV1-S2025-F05,4,0.767184317111969,1.5062435865402222,12,12
LOAD-H24-GRU-NNV1-S2025-F05,5,0.741269588470459,1.4718897342681885,12,12
LOAD-H24-GRU-NNV1-S2025-F05,6,0.7157773375511169,1.4373503923416138,12,12
LOAD-H24-GRU-NNV1-S2025-F05,7,0.690658688545227,1.4025732278823853,12,12
LOAD-H24-GRU-NNV1-S2025-F05,8,0.665870189666748,1.3675509691238403,12,12
LOAD-H24-GRU-NNV1-S2025-F05,9,0.6413785219192505,1.332284927368164,12,12
LOAD-H24-GRU-NNV1-S2025-F05,10,0.6171601414680481,1.2967689037322998,12,12
LOAD-H24-GRU-NNV1-S2025-F05,11,0.593199610710144,1.2609891891479492,12,12
LOAD-H24-GRU-NNV1-S2025-F05,12,0.5694873929023743,1.2249280214309692,12,12
LOAD-H24-GRU-NNV1-S31415-F05,1,0.963956892490387,1.8926453590393066,12,12
LOAD-H24-GRU-NNV1-S31415-F05,2,0.9336530566215515,1.845757007598877,12,12
LOAD-H24-GRU-NNV1-S31415-F05,3,0.9039948582649231,1.7995322942733765,12,12
LOAD-H24-GRU-NNV1-S31415-F05,4,0.8749656677246094,1.7537788152694702,12,12
LOAD-H24-GRU-NNV1-S31415-F05,5,0.8465481996536255,1.7083847522735596,12,12
LOAD-H24-GRU-NNV1-S31415-F05,6,0.8187227249145508,1.6632810831069946,12,12
LOAD-H24-GRU-NNV1-S31415-F05,7,0.7914685010910034,1.6184300184249878,12,12
LOAD-H24-GRU-NNV1-S31415-F05,8,0.764767050743103,1.5738033056259155,12,12
LOAD-H24-GRU-NNV1-S31415-F05,9,0.7386004328727722,1.529367208480835,12,12
LOAD-H24-GRU-NNV1-S31415-F05,10,0.7129507064819336,1.4850860834121704,12,12
LOAD-H24-GRU-NNV1-S31415-F05,11,0.6878001093864441,1.4409277439117432,12,12
LOAD-H24-GRU-NNV1-S31415-F05,12,0.663129985332489,1.3968652486801147,12,12
LOAD-H24-MLP-NNV1-S42-F06,1,0.11422605067491531,0.12241265922784805,6,10
LOAD-H24-MLP-NNV1-S42-F06,2,0.03138633072376251,0.09930712729692459,6,10
LOAD-H24-MLP-NNV1-S42-F06,3,0.060069527477025986,0.08428214490413666,6,10
LOAD-H24-MLP-NNV1-S42-F06,4,0.05301704257726669,0.07377243787050247,6,10
LOAD-H24-MLP-NNV1-S42-F06,5,0.03908757120370865,0.09284962713718414,6,10
LOAD-H24-MLP-NNV1-S42-F06,6,0.062000859528779984,0.07158689200878143,6,10
LOAD-H24-MLP-NNV1-S42-F06,7,0.03989498317241669,0.08884638547897339,6,10
LOAD-H24-MLP-NNV1-S42-F06,8,0.04055870696902275,0.07310757786035538,6,10
LOAD-H24-MLP-NNV1-S42-F06,9,0.03971206024289131,0.09910217672586441,6,10
LOAD-H24-MLP-NNV1-S42-F06,10,0.03779762610793114,0.07424328476190567,6,10
LOAD-H24-MLP-NNV1-S123-F06,1,0.06417841464281082,0.1470373272895813,12,12
LOAD-H24-MLP-NNV1-S123-F06,2,0.04093761742115021,0.16606488823890686,12,12
LOAD-H24-MLP-NNV1-S123-F06,3,0.06407985091209412,0.139198437333107,12,12
LOAD-H24-MLP-NNV1-S123-F06,4,0.07279683649539948,0.1377720981836319,12,12
LOAD-H24-MLP-NNV1-S123-F06,5,0.02235426940023899,0.1285850703716278,12,12
LOAD-H24-MLP-NNV1-S123-F06,6,0.035896267741918564,0.11351995915174484,12,12
LOAD-H24-MLP-NNV1-S123-F06,7,0.027545958757400513,0.13415956497192383,12,12
LOAD-H24-MLP-NNV1-S123-F06,8,0.06217538192868233,0.1197667345404625,12,12
LOAD-H24-MLP-NNV1-S123-F06,9,0.02485627867281437,0.09972495585680008,12,12
LOAD-H24-MLP-NNV1-S123-F06,10,0.027921859174966812,0.11820310354232788,12,12
LOAD-H24-MLP-NNV1-S123-F06,11,0.024892956018447876,0.11274988949298859,12,12
LOAD-H24-MLP-NNV1-S123-F06,12,0.0270091462880373,0.09831017255783081,12,12
LOAD-H24-MLP-NNV1-S2020-F06,1,0.07643447816371918,0.1634170413017273,5,9
LOAD-H24-MLP-NNV1-S2020-F06,2,0.06572077423334122,0.10795342177152634,5,9
LOAD-H24-MLP-NNV1-S2020-F06,3,0.04691208526492119,0.10900688916444778,5,9
LOAD-H24-MLP-NNV1-S2020-F06,4,0.07748517394065857,0.10550748556852341,5,9
LOAD-H24-MLP-NNV1-S2020-F06,5,0.028709543868899345,0.08111938089132309,5,9
LOAD-H24-MLP-NNV1-S2020-F06,6,0.049132250249385834,0.09655904024839401,5,9
LOAD-H24-MLP-NNV1-S2020-F06,7,0.04365234076976776,0.11491508781909943,5,9
LOAD-H24-MLP-NNV1-S2020-F06,8,0.0349440723657608,0.11160232126712799,5,9
LOAD-H24-MLP-NNV1-S2020-F06,9,0.03381991758942604,0.10810209810733795,5,9
LOAD-H24-MLP-NNV1-S2025-F06,1,0.07954319566488266,0.12669332325458527,10,12
LOAD-H24-MLP-NNV1-S2025-F06,2,0.072812020778656,0.09908735007047653,10,12
LOAD-H24-MLP-NNV1-S2025-F06,3,0.06357664614915848,0.09467821568250656,10,12
LOAD-H24-MLP-NNV1-S2025-F06,4,0.02462255023419857,0.09218475967645645,10,12
LOAD-H24-MLP-NNV1-S2025-F06,5,0.03179347515106201,0.10616361349821091,10,12
LOAD-H24-MLP-NNV1-S2025-F06,6,0.029402893036603928,0.08682312816381454,10,12
LOAD-H24-MLP-NNV1-S2025-F06,7,0.05509202182292938,0.07935068756341934,10,12
LOAD-H24-MLP-NNV1-S2025-F06,8,0.03987438976764679,0.09240484237670898,10,12
LOAD-H24-MLP-NNV1-S2025-F06,9,0.036185603588819504,0.0790107399225235,10,12
LOAD-H24-MLP-NNV1-S2025-F06,10,0.058559197932481766,0.0776844322681427,10,12
LOAD-H24-MLP-NNV1-S2025-F06,11,0.025988835841417313,0.09452849626541138,10,12
LOAD-H24-MLP-NNV1-S2025-F06,12,0.02402583137154579,0.08476457744836807,10,12
LOAD-H24-MLP-NNV1-S31415-F06,1,0.05992328003048897,0.12104161828756332,11,12
LOAD-H24-MLP-NNV1-S31415-F06,2,0.06606212258338928,0.10741965472698212,11,12
LOAD-H24-MLP-NNV1-S31415-F06,3,0.03058951534330845,0.10550203919410706,11,12
LOAD-H24-MLP-NNV1-S31415-F06,4,0.04732724279165268,0.10299503803253174,11,12
LOAD-H24-MLP-NNV1-S31415-F06,5,0.034376174211502075,0.11055521667003632,11,12
LOAD-H24-MLP-NNV1-S31415-F06,6,0.05092930793762207,0.10148651897907257,11,12
LOAD-H24-MLP-NNV1-S31415-F06,7,0.03500618413090706,0.10332389920949936,11,12
LOAD-H24-MLP-NNV1-S31415-F06,8,0.04686075448989868,0.09551583975553513,11,12
LOAD-H24-MLP-NNV1-S31415-F06,9,0.020924275740981102,0.09994450211524963,11,12
LOAD-H24-MLP-NNV1-S31415-F06,10,0.020490005612373352,0.08375178277492523,11,12
LOAD-H24-MLP-NNV1-S31415-F06,11,0.03429875150322914,0.08268602937459946,11,12
LOAD-H24-MLP-NNV1-S31415-F06,12,0.030519353225827217,0.09056669473648071,11,12
LOAD-H24-LSTM-NNV1-S42-F06,1,0.9262822866439819,0.8412786722183228,12,12
LOAD-H24-LSTM-NNV1-S42-F06,2,0.9084417223930359,0.8294287919998169,12,12
LOAD-H24-LSTM-NNV1-S42-F06,3,0.890789270401001,0.8176860809326172,12,12
LOAD-H24-LSTM-NNV1-S42-F06,4,0.8733033537864685,0.8060640096664429,12,12
LOAD-H24-LSTM-NNV1-S42-F06,5,0.8559578061103821,0.7945472002029419,12,12
LOAD-H24-LSTM-NNV1-S42-F06,6,0.8387258052825928,0.783113420009613,12,12
LOAD-H24-LSTM-NNV1-S42-F06,7,0.8215791583061218,0.7717432379722595,12,12
LOAD-H24-LSTM-NNV1-S42-F06,8,0.8044882416725159,0.7604206800460815,12,12
LOAD-H24-LSTM-NNV1-S42-F06,9,0.7874234914779663,0.7491342425346375,12,12
LOAD-H24-LSTM-NNV1-S42-F06,10,0.7703568339347839,0.7378750443458557,12,12
LOAD-H24-LSTM-NNV1-S42-F06,11,0.753261923789978,0.7266367673873901,12,12
LOAD-H24-LSTM-NNV1-S42-F06,12,0.7361132502555847,0.7154151201248169,12,12
LOAD-H24-LSTM-NNV1-S123-F06,1,1.0978927612304688,0.8862329125404358,12,12
LOAD-H24-LSTM-NNV1-S123-F06,2,1.079554557800293,0.8723351359367371,12,12
LOAD-H24-LSTM-NNV1-S123-F06,3,1.0613352060317993,0.8586692810058594,12,12
LOAD-H24-LSTM-NNV1-S123-F06,4,1.0432039499282837,0.8452314138412476,12,12
LOAD-H24-LSTM-NNV1-S123-F06,5,1.0251306295394897,0.8320090770721436,12,12
LOAD-H24-LSTM-NNV1-S123-F06,6,1.007084608078003,0.8189861178398132,12,12
LOAD-H24-LSTM-NNV1-S123-F06,7,0.9890344738960266,0.806144654750824,12,12
LOAD-H24-LSTM-NNV1-S123-F06,8,0.970948338508606,0.7934645414352417,12,12
LOAD-H24-LSTM-NNV1-S123-F06,9,0.9527944326400757,0.7809237241744995,12,12
LOAD-H24-LSTM-NNV1-S123-F06,10,0.9345400929450989,0.7684987783432007,12,12
LOAD-H24-LSTM-NNV1-S123-F06,11,0.9161521792411804,0.7561668157577515,12,12
LOAD-H24-LSTM-NNV1-S123-F06,12,0.8975970149040222,0.7439063191413879,12,12
LOAD-H24-LSTM-NNV1-S2020-F06,1,1.08213210105896,0.9634312987327576,12,12
LOAD-H24-LSTM-NNV1-S2020-F06,2,1.06392240524292,0.9473711848258972,12,12
LOAD-H24-LSTM-NNV1-S2020-F06,3,1.0460448265075684,0.9317903518676758,12,12
LOAD-H24-LSTM-NNV1-S2020-F06,4,1.0284602642059326,0.916603684425354,12,12
LOAD-H24-LSTM-NNV1-S2020-F06,5,1.011136531829834,0.9017630219459534,12,12
LOAD-H24-LSTM-NNV1-S2020-F06,6,0.9940420985221863,0.8872309923171997,12,12
LOAD-H24-LSTM-NNV1-S2020-F06,7,0.9771423935890198,0.8729737997055054,12,12
LOAD-H24-LSTM-NNV1-S2020-F06,8,0.9604016542434692,0.8589582443237305,12,12
LOAD-H24-LSTM-NNV1-S2020-F06,9,0.9437856674194336,0.8451512455940247,12,12
LOAD-H24-LSTM-NNV1-S2020-F06,10,0.9272628426551819,0.8315203785896301,12,12
LOAD-H24-LSTM-NNV1-S2020-F06,11,0.9108042120933533,0.8180357217788696,12,12
LOAD-H24-LSTM-NNV1-S2020-F06,12,0.8943832516670227,0.8046716451644897,12,12
LOAD-H24-LSTM-NNV1-S2025-F06,1,1.0862162113189697,0.8783195614814758,12,12
LOAD-H24-LSTM-NNV1-S2025-F06,2,1.0682592391967773,0.8638395667076111,12,12
LOAD-H24-LSTM-NNV1-S2025-F06,3,1.0505731105804443,0.8495314717292786,12,12
LOAD-H24-LSTM-NNV1-S2025-F06,4,1.033138632774353,0.8353804349899292,12,12
LOAD-H24-LSTM-NNV1-S2025-F06,5,1.015929102897644,0.8213732242584229,12,12
LOAD-H24-LSTM-NNV1-S2025-F06,6,0.9989151358604431,0.8074838519096375,12,12
LOAD-H24-LSTM-NNV1-S2025-F06,7,0.9820637106895447,0.7936763763427734,12,12
LOAD-H24-LSTM-NNV1-S2025-F06,8,0.9653404951095581,0.7799110412597656,12,12
LOAD-H24-LSTM-NNV1-S2025-F06,9,0.9487065672874451,0.7661486268043518,12,12
LOAD-H24-LSTM-NNV1-S2025-F06,10,0.9321194887161255,0.7523524165153503,12,12
LOAD-H24-LSTM-NNV1-S2025-F06,11,0.9155346751213074,0.7384898662567139,12,12
LOAD-H24-LSTM-NNV1-S2025-F06,12,0.898906409740448,0.7245321273803711,12,12
LOAD-H24-LSTM-NNV1-S31415-F06,1,0.8852116465568542,0.7892709970474243,12,12
LOAD-H24-LSTM-NNV1-S31415-F06,2,0.8691118955612183,0.7777692079544067,12,12
LOAD-H24-LSTM-NNV1-S31415-F06,3,0.8531583547592163,0.7664755582809448,12,12
LOAD-H24-LSTM-NNV1-S31415-F06,4,0.8373327255249023,0.7553774118423462,12,12
LOAD-H24-LSTM-NNV1-S31415-F06,5,0.8216170072555542,0.7444602251052856,12,12
LOAD-H24-LSTM-NNV1-S31415-F06,6,0.8059923648834229,0.7337095141410828,12,12
LOAD-H24-LSTM-NNV1-S31415-F06,7,0.790438175201416,0.7231119871139526,12,12
LOAD-H24-LSTM-NNV1-S31415-F06,8,0.7749323844909668,0.7126577496528625,12,12
LOAD-H24-LSTM-NNV1-S31415-F06,9,0.7594529390335083,0.702338695526123,12,12
LOAD-H24-LSTM-NNV1-S31415-F06,10,0.7439796328544617,0.6921482682228088,12,12
LOAD-H24-LSTM-NNV1-S31415-F06,11,0.7284927368164062,0.6820810437202454,12,12
LOAD-H24-LSTM-NNV1-S31415-F06,12,0.7129743099212646,0.672134280204773,12,12
LOAD-H24-GRU-NNV1-S42-F06,1,0.9650084972381592,0.8301187753677368,12,12
LOAD-H24-GRU-NNV1-S42-F06,2,0.9407808780670166,0.8079080581665039,12,12
LOAD-H24-GRU-NNV1-S42-F06,3,0.9169061183929443,0.7861818671226501,12,12
LOAD-H24-GRU-NNV1-S42-F06,4,0.8933678269386292,0.7649288773536682,12,12
LOAD-H24-GRU-NNV1-S42-F06,5,0.8701491355895996,0.7441432476043701,12,12
LOAD-H24-GRU-NNV1-S42-F06,6,0.8472281098365784,0.723820686340332,12,12
LOAD-H24-GRU-NNV1-S42-F06,7,0.8245769143104553,0.7039527893066406,12,12
LOAD-H24-GRU-NNV1-S42-F06,8,0.8021650314331055,0.6845241189002991,12,12
LOAD-H24-GRU-NNV1-S42-F06,9,0.779962420463562,0.6655105352401733,12,12
LOAD-H24-GRU-NNV1-S42-F06,10,0.7579401135444641,0.6468830704689026,12,12
LOAD-H24-GRU-NNV1-S42-F06,11,0.7360716462135315,0.6286159753799438,12,12
LOAD-H24-GRU-NNV1-S42-F06,12,0.7143335938453674,0.6106852293014526,12,12
LOAD-H24-GRU-NNV1-S123-F06,1,1.2462778091430664,0.8199213743209839,12,12
LOAD-H24-GRU-NNV1-S123-F06,2,1.212869644165039,0.7995403409004211,12,12
LOAD-H24-GRU-NNV1-S123-F06,3,1.1805105209350586,0.7797054052352905,12,12
LOAD-H24-GRU-NNV1-S123-F06,4,1.1491369009017944,0.7603656649589539,12,12
LOAD-H24-GRU-NNV1-S123-F06,5,1.1186940670013428,0.7414789795875549,12,12
LOAD-H24-GRU-NNV1-S123-F06,6,1.0891350507736206,0.7230028510093689,12,12
LOAD-H24-GRU-NNV1-S123-F06,7,1.0604100227355957,0.704893171787262,12,12
LOAD-H24-GRU-NNV1-S123-F06,8,1.0324653387069702,0.687107503414154,12,12
LOAD-H24-GRU-NNV1-S123-F06,9,1.005244493484497,0.6696123480796814,12,12
LOAD-H24-GRU-NNV1-S123-F06,10,0.9786901473999023,0.6523827314376831,12,12
LOAD-H24-GRU-NNV1-S123-F06,11,0.9527446627616882,0.6353992819786072,12,12
LOAD-H24-GRU-NNV1-S123-F06,12,0.9273508191108704,0.6186439394950867,12,12
LOAD-H24-GRU-NNV1-S2020-F06,1,1.0749378204345703,0.8215837478637695,12,12
LOAD-H24-GRU-NNV1-S2020-F06,2,1.0433768033981323,0.8035838007926941,12,12
LOAD-H24-GRU-NNV1-S2020-F06,3,1.0122712850570679,0.785689651966095,12,12
LOAD-H24-GRU-NNV1-S2020-F06,4,0.9816087484359741,0.7678794860839844,12,12
LOAD-H24-GRU-NNV1-S2020-F06,5,0.9513704180717468,0.7501625418663025,12,12
LOAD-H24-GRU-NNV1-S2020-F06,6,0.9215402007102966,0.7325693368911743,12,12
LOAD-H24-GRU-NNV1-S2020-F06,7,0.8921082615852356,0.7151265740394592,12,12
LOAD-H24-GRU-NNV1-S2020-F06,8,0.8630668520927429,0.6978492140769958,12,12
LOAD-H24-GRU-NNV1-S2020-F06,9,0.8344084024429321,0.680740237236023,12,12
LOAD-H24-GRU-NNV1-S2020-F06,10,0.8061252236366272,0.6637943387031555,12,12
LOAD-H24-GRU-NNV1-S2020-F06,11,0.7782098054885864,0.6470032930374146,12,12
LOAD-H24-GRU-NNV1-S2020-F06,12,0.7506561279296875,0.6303584575653076,12,12
LOAD-H24-GRU-NNV1-S2025-F06,1,0.9510045647621155,0.68662428855896,12,12
LOAD-H24-GRU-NNV1-S2025-F06,2,0.9217448830604553,0.6682787537574768,12,12
LOAD-H24-GRU-NNV1-S2025-F06,3,0.8929933309555054,0.6501308083534241,12,12
LOAD-H24-GRU-NNV1-S2025-F06,4,0.8647169470787048,0.632124125957489,12,12
LOAD-H24-GRU-NNV1-S2025-F06,5,0.8368648290634155,0.6142392754554749,12,12
LOAD-H24-GRU-NNV1-S2025-F06,6,0.8093827962875366,0.5964602828025818,12,12
LOAD-H24-GRU-NNV1-S2025-F06,7,0.7822239398956299,0.5787668824195862,12,12
LOAD-H24-GRU-NNV1-S2025-F06,8,0.7553481459617615,0.5611427426338196,12,12
LOAD-H24-GRU-NNV1-S2025-F06,9,0.728722333908081,0.5435795187950134,12,12
LOAD-H24-GRU-NNV1-S2025-F06,10,0.7023200988769531,0.5260756611824036,12,12
LOAD-H24-GRU-NNV1-S2025-F06,11,0.6761224865913391,0.5086328387260437,12,12
LOAD-H24-GRU-NNV1-S2025-F06,12,0.6501166820526123,0.491254985332489,12,12
LOAD-H24-GRU-NNV1-S31415-F06,1,1.077901005744934,0.9440248608589172,12,12
LOAD-H24-GRU-NNV1-S31415-F06,2,1.045018196105957,0.9196071028709412,12,12
LOAD-H24-GRU-NNV1-S31415-F06,3,1.0127596855163574,0.8958779573440552,12,12
LOAD-H24-GRU-NNV1-S31415-F06,4,0.981100857257843,0.8727656602859497,12,12
LOAD-H24-GRU-NNV1-S31415-F06,5,0.9500216245651245,0.8502305150032043,12,12
LOAD-H24-GRU-NNV1-S31415-F06,6,0.919503390789032,0.8282484412193298,12,12
LOAD-H24-GRU-NNV1-S31415-F06,7,0.8895278573036194,0.806801974773407,12,12
LOAD-H24-GRU-NNV1-S31415-F06,8,0.8600785732269287,0.7858786582946777,12,12
LOAD-H24-GRU-NNV1-S31415-F06,9,0.8311406373977661,0.7654702067375183,12,12
LOAD-H24-GRU-NNV1-S31415-F06,10,0.8027005195617676,0.7455719709396362,12,12
LOAD-H24-GRU-NNV1-S31415-F06,11,0.7747454047203064,0.726180374622345,12,12
LOAD-H24-GRU-NNV1-S31415-F06,12,0.7472628951072693,0.7072930335998535,12,12
WIND-H1-MLP-NNV1-S42-F01,1,0.28871291875839233,0.15313561260700226,12,12
WIND-H1-MLP-NNV1-S42-F01,2,0.06455156952142715,0.05009225010871887,12,12
WIND-H1-MLP-NNV1-S42-F01,3,0.059480298310518265,0.03004632703959942,12,12
WIND-H1-MLP-NNV1-S42-F01,4,0.07966025173664093,0.028869740664958954,12,12
WIND-H1-MLP-NNV1-S42-F01,5,0.056348130106925964,0.02516297996044159,12,12
WIND-H1-MLP-NNV1-S42-F01,6,0.07884149253368378,0.025744615122675896,12,12
WIND-H1-MLP-NNV1-S42-F01,7,0.023117447271943092,0.024047331884503365,12,12
WIND-H1-MLP-NNV1-S42-F01,8,0.020673533901572227,0.022126974537968636,12,12
WIND-H1-MLP-NNV1-S42-F01,9,0.06254936009645462,0.023539790883660316,12,12
WIND-H1-MLP-NNV1-S42-F01,10,0.0433586910367012,0.02747419662773609,12,12
WIND-H1-MLP-NNV1-S42-F01,11,0.04091353714466095,0.029194358736276627,12,12
WIND-H1-MLP-NNV1-S42-F01,12,0.03457372263073921,0.02151203155517578,12,12
WIND-H1-LSTM-NNV1-S42-F01,1,0.929621160030365,0.7645803093910217,12,12
WIND-H1-LSTM-NNV1-S42-F01,2,0.9152063727378845,0.7527303099632263,12,12
WIND-H1-LSTM-NNV1-S42-F01,3,0.9008316993713379,0.7408846020698547,12,12
WIND-H1-LSTM-NNV1-S42-F01,4,0.8864770531654358,0.7287201285362244,12,12
WIND-H1-LSTM-NNV1-S42-F01,5,0.8721244931221008,0.7160515189170837,12,12
WIND-H1-LSTM-NNV1-S42-F01,6,0.8577575087547302,0.7029244303703308,12,12
WIND-H1-LSTM-NNV1-S42-F01,7,0.8433585166931152,0.6894686818122864,12,12
WIND-H1-LSTM-NNV1-S42-F01,8,0.828909158706665,0.6757891774177551,12,12
WIND-H1-LSTM-NNV1-S42-F01,9,0.8143894672393799,0.6619499921798706,12,12
WIND-H1-LSTM-NNV1-S42-F01,10,0.7997777462005615,0.647986650466919,12,12
WIND-H1-LSTM-NNV1-S42-F01,11,0.7850508689880371,0.6339174509048462,12,12
WIND-H1-LSTM-NNV1-S42-F01,12,0.7701842188835144,0.6197497844696045,12,12
WIND-H1-GRU-NNV1-S42-F01,1,1.092708945274353,0.5000066161155701,12,12
WIND-H1-GRU-NNV1-S42-F01,2,1.0668712854385376,0.4971793293952942,12,12
WIND-H1-GRU-NNV1-S42-F01,3,1.0413473844528198,0.4943746030330658,12,12
WIND-H1-GRU-NNV1-S42-F01,4,1.0161471366882324,0.49158281087875366,12,12
WIND-H1-GRU-NNV1-S42-F01,5,0.9912753701210022,0.4887975752353668,12,12
WIND-H1-GRU-NNV1-S42-F01,6,0.966734766960144,0.4860127866268158,12,12
WIND-H1-GRU-NNV1-S42-F01,7,0.9425256252288818,0.4832197427749634,12,12
WIND-H1-GRU-NNV1-S42-F01,8,0.9186462163925171,0.4804048240184784,12,12
WIND-H1-GRU-NNV1-S42-F01,9,0.8950931429862976,0.4775483310222626,12,12
WIND-H1-GRU-NNV1-S42-F01,10,0.8718639016151428,0.47462213039398193,12,12
WIND-H1-GRU-NNV1-S42-F01,11,0.8489574790000916,0.47158920764923096,12,12
WIND-H1-GRU-NNV1-S42-F01,12,0.8263739347457886,0.4684019088745117,12,12
WIND-H1-MLP-NNV1-S42-F02,1,0.26371586322784424,0.22259469330310822,10,12
WIND-H1-MLP-NNV1-S42-F02,2,0.09589838236570358,0.0733405277132988,10,12
WIND-H1-MLP-NNV1-S42-F02,3,0.06571188569068909,0.062365081161260605,10,12
WIND-H1-MLP-NNV1-S42-F02,4,0.07444573938846588,0.05513410642743111,10,12
WIND-H1-MLP-NNV1-S42-F02,5,0.038056932389736176,0.05731949955224991,10,12
WIND-H1-MLP-NNV1-S42-F02,6,0.05415482074022293,0.05136355012655258,10,12
WIND-H1-MLP-NNV1-S42-F02,7,0.05533915013074875,0.0509452223777771,10,12
WIND-H1-MLP-NNV1-S42-F02,8,0.037067536264657974,0.053616058081388474,10,12
WIND-H1-MLP-NNV1-S42-F02,9,0.031409066170454025,0.05224034935235977,10,12
WIND-H1-MLP-NNV1-S42-F02,10,0.04034329205751419,0.04939725622534752,10,12
WIND-H1-MLP-NNV1-S42-F02,11,0.060967057943344116,0.04984169080853462,10,12
WIND-H1-MLP-NNV1-S42-F02,12,0.05558055266737938,0.05106126144528389,10,12
WIND-H1-LSTM-NNV1-S42-F02,1,0.9508506655693054,0.6610427498817444,12,12
WIND-H1-LSTM-NNV1-S42-F02,2,0.935724675655365,0.6484159231185913,12,12
WIND-H1-LSTM-NNV1-S42-F02,3,0.9206538796424866,0.6360087394714355,12,12
WIND-H1-LSTM-NNV1-S42-F02,4,0.9056280255317688,0.6238303184509277,12,12
WIND-H1-LSTM-NNV1-S42-F02,5,0.8906353116035461,0.6118916869163513,12,12
WIND-H1-LSTM-NNV1-S42-F02,6,0.8756635189056396,0.6001982688903809,12,12
WIND-H1-LSTM-NNV1-S42-F02,7,0.8606972098350525,0.5887475609779358,12,12
WIND-H1-LSTM-NNV1-S42-F02,8,0.8457182049751282,0.5775331854820251,12,12
WIND-H1-LSTM-NNV1-S42-F02,9,0.8307051658630371,0.566545844078064,12,12
WIND-H1-LSTM-NNV1-S42-F02,10,0.8156332969665527,0.5557734966278076,12,12
WIND-H1-LSTM-NNV1-S42-F02,11,0.8004753589630127,0.5452030301094055,12,12
WIND-H1-LSTM-NNV1-S42-F02,12,0.7852019667625427,0.5348216891288757,12,12
WIND-H1-GRU-NNV1-S42-F02,1,1.0848520994186401,0.5479922890663147,12,12
WIND-H1-GRU-NNV1-S42-F02,2,1.0600333213806152,0.5407662987709045,12,12
WIND-H1-GRU-NNV1-S42-F02,3,1.035507082939148,0.5335786938667297,12,12
WIND-H1-GRU-NNV1-S42-F02,4,1.0112792253494263,0.5264419913291931,12,12
WIND-H1-GRU-NNV1-S42-F02,5,0.9873521327972412,0.5193588137626648,12,12
WIND-H1-GRU-NNV1-S42-F02,6,0.9637259244918823,0.5123245716094971,12,12
WIND-H1-GRU-NNV1-S42-F02,7,0.9403988122940063,0.5053282976150513,12,12
WIND-H1-GRU-NNV1-S42-F02,8,0.9173650145530701,0.4983524978160858,12,12
WIND-H1-GRU-NNV1-S42-F02,9,0.8946166038513184,0.4913739264011383,12,12
WIND-H1-GRU-NNV1-S42-F02,10,0.8721445202827454,0.484363317489624,12,12
WIND-H1-GRU-NNV1-S42-F02,11,0.8499400019645691,0.477286696434021,12,12
WIND-H1-GRU-NNV1-S42-F02,12,0.8279947638511658,0.4701063334941864,12,12
WIND-H1-MLP-NNV1-S42-F03,1,0.08288401365280151,0.09883777052164078,12,12
WIND-H1-MLP-NNV1-S42-F03,2,0.057932645082473755,0.03458885848522186,12,12
WIND-H1-MLP-NNV1-S42-F03,3,0.005928840953856707,0.027294181287288666,12,12
WIND-H1-MLP-NNV1-S42-F03,4,0.05133046582341194,0.027447409927845,12,12
WIND-H1-MLP-NNV1-S42-F03,5,0.057416368275880814,0.026364944875240326,12,12
WIND-H1-MLP-NNV1-S42-F03,6,0.017892999574542046,0.022109778597950935,12,12
WIND-H1-MLP-NNV1-S42-F03,7,0.05519730970263481,0.021872859448194504,12,12
WIND-H1-MLP-NNV1-S42-F03,8,0.07851801812648773,0.022016122937202454,12,12
WIND-H1-MLP-NNV1-S42-F03,9,0.007788324262946844,0.022004222497344017,12,12
WIND-H1-MLP-NNV1-S42-F03,10,0.0417899489402771,0.022156881168484688,12,12
WIND-H1-MLP-NNV1-S42-F03,11,0.08372016996145248,0.019695518538355827,12,12
WIND-H1-MLP-NNV1-S42-F03,12,0.017233192920684814,0.019677363336086273,12,12
WIND-H1-LSTM-NNV1-S42-F03,1,0.9474904537200928,0.892299234867096,12,12
WIND-H1-LSTM-NNV1-S42-F03,2,0.9322771430015564,0.8737982511520386,12,12
WIND-H1-LSTM-NNV1-S42-F03,3,0.9171394109725952,0.8555424809455872,12,12
WIND-H1-LSTM-NNV1-S42-F03,4,0.9020693898200989,0.8375497460365295,12,12
WIND-H1-LSTM-NNV1-S42-F03,5,0.8870561718940735,0.8198341131210327,12,12
WIND-H1-LSTM-NNV1-S42-F03,6,0.8720861077308655,0.802394688129425,12,12
WIND-H1-LSTM-NNV1-S42-F03,7,0.85714191198349,0.7852217555046082,12,12
WIND-H1-LSTM-NNV1-S42-F03,8,0.8422030806541443,0.7683000564575195,12,12
WIND-H1-LSTM-NNV1-S42-F03,9,0.8272451758384705,0.7516111135482788,12,12
WIND-H1-LSTM-NNV1-S42-F03,10,0.8122421503067017,0.7351364493370056,12,12
WIND-H1-LSTM-NNV1-S42-F03,11,0.79716557264328,0.7188600301742554,12,12
WIND-H1-LSTM-NNV1-S42-F03,12,0.781987190246582,0.7027674913406372,12,12
WIND-H1-GRU-NNV1-S42-F03,1,1.0715597867965698,0.7049325704574585,12,12
WIND-H1-GRU-NNV1-S42-F03,2,1.0472859144210815,0.6883584856987,12,12
WIND-H1-GRU-NNV1-S42-F03,3,1.0232552289962769,0.671882688999176,12,12
WIND-H1-GRU-NNV1-S42-F03,4,0.9994668364524841,0.6555123925209045,12,12
WIND-H1-GRU-NNV1-S42-F03,5,0.9759188890457153,0.6392427682876587,12,12
WIND-H1-GRU-NNV1-S42-F03,6,0.9526099562644958,0.6230707764625549,12,12
WIND-H1-GRU-NNV1-S42-F03,7,0.9295379519462585,0.6069948077201843,12,12
WIND-H1-GRU-NNV1-S42-F03,8,0.9066996574401855,0.5910119414329529,12,12
WIND-H1-GRU-NNV1-S42-F03,9,0.8840900659561157,0.5751157402992249,12,12
WIND-H1-GRU-NNV1-S42-F03,10,0.861703634262085,0.5592971444129944,12,12
WIND-H1-GRU-NNV1-S42-F03,11,0.8395352959632874,0.5435452461242676,12,12
WIND-H1-GRU-NNV1-S42-F03,12,0.8175815939903259,0.5278500318527222,12,12
WIND-H1-MLP-NNV1-S42-F04,1,0.1177576407790184,0.06937862932682037,12,12
WIND-H1-MLP-NNV1-S42-F04,2,0.08302170783281326,0.033207010477781296,12,12
WIND-H1-MLP-NNV1-S42-F04,3,0.057734306901693344,0.028695406392216682,12,12
WIND-H1-MLP-NNV1-S42-F04,4,0.031798966228961945,0.02579333446919918,12,12
WIND-H1-MLP-NNV1-S42-F04,5,0.10813942551612854,0.029113365337252617,12,12
WIND-H1-MLP-NNV1-S42-F04,6,0.04031164571642876,0.02428547292947769,12,12
WIND-H1-MLP-NNV1-S42-F04,7,0.05958694592118263,0.023391662165522575,12,12
WIND-H1-MLP-NNV1-S42-F04,8,0.06137726828455925,0.021579531952738762,12,12
WIND-H1-MLP-NNV1-S42-F04,9,0.026126090437173843,0.019098171964287758,12,12
WIND-H1-MLP-NNV1-S42-F04,10,0.04521361365914345,0.020891258493065834,12,12
WIND-H1-MLP-NNV1-S42-F04,11,0.0525553822517395,0.019687648862600327,12,12
WIND-H1-MLP-NNV1-S42-F04,12,0.02629455178976059,0.017742440104484558,12,12
WIND-H1-LSTM-NNV1-S42-F04,1,0.9838781952857971,0.8076830506324768,12,12
WIND-H1-LSTM-NNV1-S42-F04,2,0.9678555727005005,0.7891144156455994,12,12
WIND-H1-LSTM-NNV1-S42-F04,3,0.9518900513648987,0.7707146406173706,12,12
WIND-H1-LSTM-NNV1-S42-F04,4,0.9359623193740845,0.7525020837783813,12,12
WIND-H1-LSTM-NNV1-S42-F04,5,0.920056164264679,0.7344874143600464,12,12
WIND-H1-LSTM-NNV1-S42-F04,6,0.9041555523872375,0.7166764736175537,12,12
WIND-H1-LSTM-NNV1-S42-F04,7,0.8882436156272888,0.699073076248169,12,12
WIND-H1-LSTM-NNV1-S42-F04,8,0.8723024129867554,0.681686282157898,12,12
WIND-H1-LSTM-NNV1-S42-F04,9,0.8563131093978882,0.6645289063453674,12,12
WIND-H1-LSTM-NNV1-S42-F04,10,0.8402571678161621,0.6476109027862549,12,12
WIND-H1-LSTM-NNV1-S42-F04,11,0.8241144418716431,0.6309367418289185,12,12
WIND-H1-LSTM-NNV1-S42-F04,12,0.8078647255897522,0.6145053505897522,12,12
WIND-H1-GRU-NNV1-S42-F04,1,1.0983270406723022,0.4482726454734802,12,12
WIND-H1-GRU-NNV1-S42-F04,2,1.0729223489761353,0.4363708198070526,12,12
WIND-H1-GRU-NNV1-S42-F04,3,1.0477601289749146,0.4246313273906708,12,12
WIND-H1-GRU-NNV1-S42-F04,4,1.0228419303894043,0.4130661189556122,12,12
WIND-H1-GRU-NNV1-S42-F04,5,0.9981691241264343,0.40169021487236023,12,12
WIND-H1-GRU-NNV1-S42-F04,6,0.9737400412559509,0.3905138075351715,12,12
WIND-H1-GRU-NNV1-S42-F04,7,0.9495490193367004,0.3795408010482788,12,12
WIND-H1-GRU-NNV1-S42-F04,8,0.9255873560905457,0.3687696158885956,12,12
WIND-H1-GRU-NNV1-S42-F04,9,0.9018450975418091,0.35819417238235474,12,12
WIND-H1-GRU-NNV1-S42-F04,10,0.8783128261566162,0.3478044867515564,12,12
WIND-H1-GRU-NNV1-S42-F04,11,0.8549839854240417,0.3375883102416992,12,12
WIND-H1-GRU-NNV1-S42-F04,12,0.8318555951118469,0.32753297686576843,12,12
WIND-H1-MLP-NNV1-S42-F05,1,0.12261120229959488,0.07655461132526398,11,12
WIND-H1-MLP-NNV1-S42-F05,2,0.04176690801978111,0.04378411918878555,11,12
WIND-H1-MLP-NNV1-S42-F05,3,0.04736911132931709,0.03709786757826805,11,12
WIND-H1-MLP-NNV1-S42-F05,4,0.026194119825959206,0.03361989185214043,11,12
WIND-H1-MLP-NNV1-S42-F05,5,0.06323067098855972,0.03224166855216026,11,12
WIND-H1-MLP-NNV1-S42-F05,6,0.07118546217679977,0.031217122450470924,11,12
WIND-H1-MLP-NNV1-S42-F05,7,0.025938326492905617,0.03035902976989746,11,12
WIND-H1-MLP-NNV1-S42-F05,8,0.061502326279878616,0.03002890758216381,11,12
WIND-H1-MLP-NNV1-S42-F05,9,0.04944312199950218,0.03025807812809944,11,12
WIND-H1-MLP-NNV1-S42-F05,10,0.03054238297045231,0.02852369099855423,11,12
WIND-H1-MLP-NNV1-S42-F05,11,0.03142833337187767,0.028255542740225792,11,12
WIND-H1-MLP-NNV1-S42-F05,12,0.035987310111522675,0.028336741030216217,11,12
WIND-H1-LSTM-NNV1-S42-F05,1,1.0095672607421875,0.7430723309516907,12,12
WIND-H1-LSTM-NNV1-S42-F05,2,0.9925829172134399,0.7249253988265991,12,12
WIND-H1-LSTM-NNV1-S42-F05,3,0.9756532907485962,0.7071498036384583,12,12
WIND-H1-LSTM-NNV1-S42-F05,4,0.9587640166282654,0.6897352933883667,12,12
WIND-H1-LSTM-NNV1-S42-F05,5,0.9419001340866089,0.6726376414299011,12,12
WIND-H1-LSTM-NNV1-S42-F05,6,0.9250468611717224,0.6558403372764587,12,12
WIND-H1-LSTM-NNV1-S42-F05,7,0.9081903696060181,0.6393421292304993,12,12
WIND-H1-LSTM-NNV1-S42-F05,8,0.8913163542747498,0.6231423616409302,12,12
WIND-H1-LSTM-NNV1-S42-F05,9,0.8744096755981445,0.60723477602005,12,12
WIND-H1-LSTM-NNV1-S42-F05,10,0.8574545979499817,0.591610312461853,12,12
WIND-H1-LSTM-NNV1-S42-F05,11,0.8404338359832764,0.5762609839439392,12,12
WIND-H1-LSTM-NNV1-S42-F05,12,0.8233296871185303,0.5611798167228699,12,12
WIND-H1-GRU-NNV1-S42-F05,1,1.0941272974014282,0.448507159948349,12,12
WIND-H1-GRU-NNV1-S42-F05,2,1.0687963962554932,0.43619099259376526,12,12
WIND-H1-GRU-NNV1-S42-F05,3,1.0436973571777344,0.4241112470626831,12,12
WIND-H1-GRU-NNV1-S42-F05,4,1.0188335180282593,0.4123300611972809,12,12
WIND-H1-GRU-NNV1-S42-F05,5,0.9942049980163574,0.4008948504924774,12,12
WIND-H1-GRU-NNV1-S42-F05,6,0.9698087573051453,0.38983154296875,12,12
WIND-H1-GRU-NNV1-S42-F05,7,0.9456384181976318,0.3791360557079315,12,12
WIND-H1-GRU-NNV1-S42-F05,8,0.9216862916946411,0.3687816560268402,12,12
WIND-H1-GRU-NNV1-S42-F05,9,0.8979437351226807,0.35873180627822876,12,12
WIND-H1-GRU-NNV1-S42-F05,10,0.8744034171104431,0.3489517569541931,12,12
WIND-H1-GRU-NNV1-S42-F05,11,0.8510598540306091,0.3394134044647217,12,12
WIND-H1-GRU-NNV1-S42-F05,12,0.8279105424880981,0.33009466528892517,12,12
WIND-H1-MLP-NNV1-S42-F06,1,0.05405639484524727,0.07798299193382263,11,12
WIND-H1-MLP-NNV1-S42-F06,2,0.011025740765035152,0.04453181475400925,11,12
WIND-H1-MLP-NNV1-S42-F06,3,0.09491755813360214,0.03526553884148598,11,12
WIND-H1-MLP-NNV1-S42-F06,4,0.032447922974824905,0.03502528369426727,11,12
WIND-H1-MLP-NNV1-S42-F06,5,0.009947081096470356,0.031993888318538666,11,12
WIND-H1-MLP-NNV1-S42-F06,6,0.027386067435145378,0.03330065682530403,11,12
WIND-H1-MLP-NNV1-S42-F06,7,0.038603525608778,0.029864070937037468,11,12
WIND-H1-MLP-NNV1-S42-F06,8,0.06262782961130142,0.030300477519631386,11,12
WIND-H1-MLP-NNV1-S42-F06,9,0.017572829499840736,0.02903936430811882,11,12
WIND-H1-MLP-NNV1-S42-F06,10,0.03076537512242794,0.030144788324832916,11,12
WIND-H1-MLP-NNV1-S42-F06,11,0.03570050001144409,0.028441864997148514,11,12
WIND-H1-MLP-NNV1-S42-F06,12,0.0674048587679863,0.03060651570558548,11,12
WIND-H1-LSTM-NNV1-S42-F06,1,0.9944219589233398,0.9885980486869812,12,12
WIND-H1-LSTM-NNV1-S42-F06,2,0.97724848985672,0.9678968787193298,12,12
WIND-H1-LSTM-NNV1-S42-F06,3,0.9601608514785767,0.9474034309387207,12,12
WIND-H1-LSTM-NNV1-S42-F06,4,0.9431478977203369,0.9270970225334167,12,12
WIND-H1-LSTM-NNV1-S42-F06,5,0.9261971712112427,0.906991720199585,12,12
WIND-H1-LSTM-NNV1-S42-F06,6,0.9092960357666016,0.8871197700500488,12,12
WIND-H1-LSTM-NNV1-S42-F06,7,0.8924315571784973,0.8674949407577515,12,12
WIND-H1-LSTM-NNV1-S42-F06,8,0.8755894899368286,0.848112940788269,12,12
WIND-H1-LSTM-NNV1-S42-F06,9,0.8587557077407837,0.828964352607727,12,12
WIND-H1-LSTM-NNV1-S42-F06,10,0.8419147729873657,0.8100399374961853,12,12
WIND-H1-LSTM-NNV1-S42-F06,11,0.8250502943992615,0.7913315296173096,12,12
WIND-H1-LSTM-NNV1-S42-F06,12,0.8081452250480652,0.7728319764137268,12,12
WIND-H1-GRU-NNV1-S42-F06,1,1.0573147535324097,0.771124541759491,12,12
WIND-H1-GRU-NNV1-S42-F06,2,1.0328114032745361,0.7535960674285889,12,12
WIND-H1-GRU-NNV1-S42-F06,3,1.00852632522583,0.7361528277397156,12,12
WIND-H1-GRU-NNV1-S42-F06,4,0.9844648838043213,0.71881103515625,12,12
WIND-H1-GRU-NNV1-S42-F06,5,0.9606319069862366,0.7015805840492249,12,12
WIND-H1-GRU-NNV1-S42-F06,6,0.9370293617248535,0.6844650506973267,12,12
WIND-H1-GRU-NNV1-S42-F06,7,0.91365647315979,0.667464554309845,12,12
WIND-H1-GRU-NNV1-S42-F06,8,0.8905089497566223,0.6505756974220276,12,12
WIND-H1-GRU-NNV1-S42-F06,9,0.8675804138183594,0.6337916254997253,12,12
WIND-H1-GRU-NNV1-S42-F06,10,0.8448649048805237,0.6171035170555115,12,12
WIND-H1-GRU-NNV1-S42-F06,11,0.8223581314086914,0.6005027890205383,12,12
WIND-H1-GRU-NNV1-S42-F06,12,0.8000583648681641,0.583982527256012,12,12
WIND-H24-MLP-NNV1-S42-F01,1,0.7941076159477234,0.414287805557251,3,7
WIND-H24-MLP-NNV1-S42-F01,2,1.0836328268051147,0.38702547550201416,3,7
WIND-H24-MLP-NNV1-S42-F01,3,1.0585153102874756,0.38040798902511597,3,7
WIND-H24-MLP-NNV1-S42-F01,4,0.5010609030723572,0.421699583530426,3,7
WIND-H24-MLP-NNV1-S42-F01,5,0.3760887384414673,0.4600512683391571,3,7
WIND-H24-MLP-NNV1-S42-F01,6,0.3541710376739502,0.48578038811683655,3,7
WIND-H24-MLP-NNV1-S42-F01,7,0.31621137261390686,0.5209917426109314,3,7
WIND-H24-MLP-NNV1-S123-F01,1,0.6680666208267212,0.6030552983283997,2,6
WIND-H24-MLP-NNV1-S123-F01,2,0.8795124292373657,0.4542713165283203,2,6
WIND-H24-MLP-NNV1-S123-F01,3,0.9453405141830444,0.46912145614624023,2,6
WIND-H24-MLP-NNV1-S123-F01,4,0.7092288732528687,0.49668440222740173,2,6
WIND-H24-MLP-NNV1-S123-F01,5,0.409030944108963,0.5419119000434875,2,6
WIND-H24-MLP-NNV1-S123-F01,6,0.40551531314849854,0.5429696440696716,2,6
WIND-H24-MLP-NNV1-S2020-F01,1,0.27574828267097473,0.4790864884853363,3,7
WIND-H24-MLP-NNV1-S2020-F01,2,0.33635497093200684,0.4351716637611389,3,7
WIND-H24-MLP-NNV1-S2020-F01,3,0.8023841977119446,0.4006602466106415,3,7
WIND-H24-MLP-NNV1-S2020-F01,4,0.7460252642631531,0.42331692576408386,3,7
WIND-H24-MLP-NNV1-S2020-F01,5,0.5052858591079712,0.4289189577102661,3,7
WIND-H24-MLP-NNV1-S2020-F01,6,0.7190738320350647,0.47105923295021057,3,7
WIND-H24-MLP-NNV1-S2020-F01,7,0.4890477955341339,0.49728941917419434,3,7
WIND-H24-MLP-NNV1-S2025-F01,1,0.8431316614151001,0.46526044607162476,4,8
WIND-H24-MLP-NNV1-S2025-F01,2,0.6746516823768616,0.4491734802722931,4,8
WIND-H24-MLP-NNV1-S2025-F01,3,0.2726621925830841,0.43162715435028076,4,8
WIND-H24-MLP-NNV1-S2025-F01,4,1.3288941383361816,0.42846542596817017,4,8
WIND-H24-MLP-NNV1-S2025-F01,5,0.402433842420578,0.456208199262619,4,8
WIND-H24-MLP-NNV1-S2025-F01,6,0.6440112590789795,0.4672640562057495,4,8
WIND-H24-MLP-NNV1-S2025-F01,7,0.5791685581207275,0.5533510446548462,4,8
WIND-H24-MLP-NNV1-S2025-F01,8,0.42471015453338623,0.5476649403572083,4,8
WIND-H24-MLP-NNV1-S31415-F01,1,0.6585296392440796,0.4452328383922577,4,8
WIND-H24-MLP-NNV1-S31415-F01,2,0.3520117998123169,0.4244336187839508,4,8
WIND-H24-MLP-NNV1-S31415-F01,3,0.5535510182380676,0.3991602957248688,4,8
WIND-H24-MLP-NNV1-S31415-F01,4,0.6342665553092957,0.39341822266578674,4,8
WIND-H24-MLP-NNV1-S31415-F01,5,0.7243460416793823,0.44822052121162415,4,8
WIND-H24-MLP-NNV1-S31415-F01,6,0.2508164644241333,0.530969500541687,4,8
WIND-H24-MLP-NNV1-S31415-F01,7,0.8055435419082642,0.5362061262130737,4,8
WIND-H24-MLP-NNV1-S31415-F01,8,0.16191953420639038,0.5713945031166077,4,8
WIND-H24-LSTM-NNV1-S42-F01,1,0.9590688943862915,0.7547780871391296,12,12
WIND-H24-LSTM-NNV1-S42-F01,2,0.9520341753959656,0.744502604007721,12,12
WIND-H24-LSTM-NNV1-S42-F01,3,0.945103108882904,0.7342053055763245,12,12
WIND-H24-LSTM-NNV1-S42-F01,4,0.938273549079895,0.7238375544548035,12,12
WIND-H24-LSTM-NNV1-S42-F01,5,0.9315415620803833,0.7133638262748718,12,12
WIND-H24-LSTM-NNV1-S42-F01,6,0.9249027967453003,0.7027677893638611,12,12
WIND-H24-LSTM-NNV1-S42-F01,7,0.9183521270751953,0.6920479536056519,12,12
WIND-H24-LSTM-NNV1-S42-F01,8,0.9118841290473938,0.6812208890914917,12,12
WIND-H24-LSTM-NNV1-S42-F01,9,0.9054927229881287,0.6703044176101685,12,12
WIND-H24-LSTM-NNV1-S42-F01,10,0.8991722464561462,0.6593195796012878,12,12
WIND-H24-LSTM-NNV1-S42-F01,11,0.8929173946380615,0.648289680480957,12,12
WIND-H24-LSTM-NNV1-S42-F01,12,0.8867229223251343,0.6372338533401489,12,12
WIND-H24-LSTM-NNV1-S123-F01,1,1.0657659769058228,0.5531680583953857,1,5
WIND-H24-LSTM-NNV1-S123-F01,2,1.0572015047073364,0.5547014474868774,1,5
WIND-H24-LSTM-NNV1-S123-F01,3,1.0488944053649902,0.5556222200393677,1,5
WIND-H24-LSTM-NNV1-S123-F01,4,1.0408111810684204,0.5560458898544312,1,5
WIND-H24-LSTM-NNV1-S123-F01,5,1.0329229831695557,0.5560455918312073,1,5
WIND-H24-LSTM-NNV1-S2020-F01,1,1.100801944732666,0.6767852902412415,1,5
WIND-H24-LSTM-NNV1-S2020-F01,2,1.0916757583618164,0.6834321022033691,1,5
WIND-H24-LSTM-NNV1-S2020-F01,3,1.0829581022262573,0.6895539164543152,1,5
WIND-H24-LSTM-NNV1-S2020-F01,4,1.0746068954467773,0.6951982975006104,1,5
WIND-H24-LSTM-NNV1-S2020-F01,5,1.0665843486785889,0.700423002243042,1,5
WIND-H24-LSTM-NNV1-S2025-F01,1,1.1658527851104736,0.6291326284408569,1,5
WIND-H24-LSTM-NNV1-S2025-F01,2,1.1549030542373657,0.6321213245391846,1,5
WIND-H24-LSTM-NNV1-S2025-F01,3,1.144310474395752,0.6350414156913757,1,5
WIND-H24-LSTM-NNV1-S2025-F01,4,1.1340584754943848,0.6378010511398315,1,5
WIND-H24-LSTM-NNV1-S2025-F01,5,1.1241228580474854,0.6403021216392517,1,5
WIND-H24-LSTM-NNV1-S31415-F01,1,1.044015884399414,0.5498436689376831,1,5
WIND-H24-LSTM-NNV1-S31415-F01,2,1.0339335203170776,0.5564509630203247,1,5
WIND-H24-LSTM-NNV1-S31415-F01,3,1.0241645574569702,0.5630507469177246,1,5
WIND-H24-LSTM-NNV1-S31415-F01,4,1.014681339263916,0.5695819854736328,1,5
WIND-H24-LSTM-NNV1-S31415-F01,5,1.005462408065796,0.5759931206703186,1,5
WIND-H24-GRU-NNV1-S42-F01,1,1.0813407897949219,0.4982506334781647,1,5
WIND-H24-GRU-NNV1-S42-F01,2,1.0650767087936401,0.49898844957351685,1,5
WIND-H24-GRU-NNV1-S42-F01,3,1.0492714643478394,0.5000991225242615,1,5
WIND-H24-GRU-NNV1-S42-F01,4,1.0339257717132568,0.5016387701034546,1,5
WIND-H24-GRU-NNV1-S42-F01,5,1.0190337896347046,0.5035850405693054,1,5
WIND-H24-GRU-NNV1-S123-F01,1,1.1471806764602661,0.9264323711395264,12,12
WIND-H24-GRU-NNV1-S123-F01,2,1.1321532726287842,0.8962526917457581,12,12
WIND-H24-GRU-NNV1-S123-F01,3,1.1177465915679932,0.8672798275947571,12,12
WIND-H24-GRU-NNV1-S123-F01,4,1.103928804397583,0.8393773436546326,12,12
WIND-H24-GRU-NNV1-S123-F01,5,1.0906779766082764,0.8125604391098022,12,12
WIND-H24-GRU-NNV1-S123-F01,6,1.0779647827148438,0.7868786454200745,12,12
WIND-H24-GRU-NNV1-S123-F01,7,1.0657576322555542,0.7623557448387146,12,12
WIND-H24-GRU-NNV1-S123-F01,8,1.0540229082107544,0.7389941811561584,12,12
WIND-H24-GRU-NNV1-S123-F01,9,1.042725920677185,0.7167742252349854,12,12
WIND-H24-GRU-NNV1-S123-F01,10,1.0318323373794556,0.6956562399864197,12,12
WIND-H24-GRU-NNV1-S123-F01,11,1.021310567855835,0.6755898594856262,12,12
WIND-H24-GRU-NNV1-S123-F01,12,1.0111310482025146,0.6565181612968445,12,12
WIND-H24-GRU-NNV1-S2020-F01,1,1.0830553770065308,1.1155152320861816,12,12
WIND-H24-GRU-NNV1-S2020-F01,2,1.071012020111084,1.0807636976242065,12,12
WIND-H24-GRU-NNV1-S2020-F01,3,1.059384822845459,1.0471532344818115,12,12
WIND-H24-GRU-NNV1-S2020-F01,4,1.0481678247451782,1.0146396160125732,12,12
WIND-H24-GRU-NNV1-S2020-F01,5,1.037349820137024,0.9833154082298279,12,12
WIND-H24-GRU-NNV1-S2020-F01,6,1.0269098281860352,0.9533267021179199,12,12
WIND-H24-GRU-NNV1-S2020-F01,7,1.0168191194534302,0.9248483180999756,12,12
WIND-H24-GRU-NNV1-S2020-F01,8,1.007042407989502,0.8980427980422974,12,12
WIND-H24-GRU-NNV1-S2020-F01,9,0.9975405931472778,0.8730189800262451,12,12
WIND-H24-GRU-NNV1-S2020-F01,10,0.988272488117218,0.8498121500015259,12,12
WIND-H24-GRU-NNV1-S2020-F01,11,0.9791993498802185,0.8283853530883789,12,12
WIND-H24-GRU-NNV1-S2020-F01,12,0.9702878594398499,0.8086437582969666,12,12
WIND-H24-GRU-NNV1-S2025-F01,1,1.0992100238800049,1.0485568046569824,12,12
WIND-H24-GRU-NNV1-S2025-F01,2,1.084654450416565,1.0204342603683472,12,12
WIND-H24-GRU-NNV1-S2025-F01,3,1.0705101490020752,0.993140697479248,12,12
WIND-H24-GRU-NNV1-S2025-F01,4,1.0567665100097656,0.9668349027633667,12,12
WIND-H24-GRU-NNV1-S2025-F01,5,1.0434129238128662,0.9415346384048462,12,12
WIND-H24-GRU-NNV1-S2025-F01,6,1.0304362773895264,0.917244553565979,12,12
WIND-H24-GRU-NNV1-S2025-F01,7,1.0178227424621582,0.8939430117607117,12,12
WIND-H24-GRU-NNV1-S2025-F01,8,1.0055588483810425,0.8715810775756836,12,12
WIND-H24-GRU-NNV1-S2025-F01,9,0.9936301708221436,0.8500894904136658,12,12
WIND-H24-GRU-NNV1-S2025-F01,10,0.9820230603218079,0.8293899893760681,12,12
WIND-H24-GRU-NNV1-S2025-F01,11,0.97072434425354,0.809398889541626,12,12
WIND-H24-GRU-NNV1-S2025-F01,12,0.9597224593162537,0.7900291085243225,12,12
WIND-H24-GRU-NNV1-S31415-F01,1,0.9976469874382019,0.5690327286720276,12,12
WIND-H24-GRU-NNV1-S31415-F01,2,0.985582172870636,0.5672845244407654,12,12
WIND-H24-GRU-NNV1-S31415-F01,3,0.9739699363708496,0.5654178261756897,12,12
WIND-H24-GRU-NNV1-S31415-F01,4,0.9628187417984009,0.5633148550987244,12,12
WIND-H24-GRU-NNV1-S31415-F01,5,0.9521318078041077,0.5608314275741577,12,12
WIND-H24-GRU-NNV1-S31415-F01,6,0.9419049620628357,0.5577939748764038,12,12
WIND-H24-GRU-NNV1-S31415-F01,7,0.9321259260177612,0.5540185570716858,12,12
WIND-H24-GRU-NNV1-S31415-F01,8,0.9227724671363831,0.549353301525116,12,12
WIND-H24-GRU-NNV1-S31415-F01,9,0.9138149619102478,0.5437094569206238,12,12
WIND-H24-GRU-NNV1-S31415-F01,10,0.9052197337150574,0.5370684266090393,12,12
WIND-H24-GRU-NNV1-S31415-F01,11,0.8969537615776062,0.5294709801673889,12,12
WIND-H24-GRU-NNV1-S31415-F01,12,0.8889876008033752,0.5209958553314209,12,12
WIND-H24-MLP-NNV1-S42-F02,1,0.6942226886749268,0.4868401885032654,1,5
WIND-H24-MLP-NNV1-S42-F02,2,0.8164041638374329,0.5086606740951538,1,5
WIND-H24-MLP-NNV1-S42-F02,3,0.5135047435760498,0.504506528377533,1,5
WIND-H24-MLP-NNV1-S42-F02,4,0.6306908130645752,0.5021873116493225,1,5
WIND-H24-MLP-NNV1-S42-F02,5,0.46695461869239807,0.4881433844566345,1,5
WIND-H24-MLP-NNV1-S123-F02,1,0.6570676565170288,0.5453979969024658,12,12
WIND-H24-MLP-NNV1-S123-F02,2,0.7763991355895996,0.5259889364242554,12,12
WIND-H24-MLP-NNV1-S123-F02,3,0.6078346967697144,0.5291937589645386,12,12
WIND-H24-MLP-NNV1-S123-F02,4,0.5713661313056946,0.5219897031784058,12,12
WIND-H24-MLP-NNV1-S123-F02,5,0.7758704423904419,0.5111470222473145,12,12
WIND-H24-MLP-NNV1-S123-F02,6,0.8716171383857727,0.5006387233734131,12,12
WIND-H24-MLP-NNV1-S123-F02,7,0.5711619853973389,0.5016100406646729,12,12
WIND-H24-MLP-NNV1-S123-F02,8,0.8462969064712524,0.4884846806526184,12,12
WIND-H24-MLP-NNV1-S123-F02,9,0.6998867392539978,0.47127366065979004,12,12
WIND-H24-MLP-NNV1-S123-F02,10,0.3307234048843384,0.4682663083076477,12,12
WIND-H24-MLP-NNV1-S123-F02,11,0.6198331117630005,0.47375139594078064,12,12
WIND-H24-MLP-NNV1-S123-F02,12,0.5118002891540527,0.4618343710899353,12,12
WIND-H24-MLP-NNV1-S2020-F02,1,0.8034786581993103,0.4948492646217346,1,5
WIND-H24-MLP-NNV1-S2020-F02,2,0.42591431736946106,0.5124845504760742,1,5
WIND-H24-MLP-NNV1-S2020-F02,3,0.6551913619041443,0.523185670375824,1,5
WIND-H24-MLP-NNV1-S2020-F02,4,0.6235982775688171,0.505298912525177,1,5
WIND-H24-MLP-NNV1-S2020-F02,5,0.5712504982948303,0.5041261911392212,1,5
WIND-H24-MLP-NNV1-S2025-F02,1,0.8817420601844788,0.5052950382232666,6,10
WIND-H24-MLP-NNV1-S2025-F02,2,0.7206698060035706,0.523415207862854,6,10
WIND-H24-MLP-NNV1-S2025-F02,3,0.5175312161445618,0.5077897906303406,6,10
WIND-H24-MLP-NNV1-S2025-F02,4,0.5938965678215027,0.4902300238609314,6,10
WIND-H24-MLP-NNV1-S2025-F02,5,0.6613233685493469,0.4790942668914795,6,10
WIND-H24-MLP-NNV1-S2025-F02,6,0.5383210182189941,0.46375155448913574,6,10
WIND-H24-MLP-NNV1-S2025-F02,7,0.5335071682929993,0.471005380153656,6,10
WIND-H24-MLP-NNV1-S2025-F02,8,0.5114409327507019,0.48367878794670105,6,10
WIND-H24-MLP-NNV1-S2025-F02,9,0.5175023078918457,0.4731382131576538,6,10
WIND-H24-MLP-NNV1-S2025-F02,10,0.5516048669815063,0.4702703356742859,6,10
WIND-H24-MLP-NNV1-S31415-F02,1,0.6634593605995178,0.47343480587005615,1,5
WIND-H24-MLP-NNV1-S31415-F02,2,0.5578341484069824,0.48412540555000305,1,5
WIND-H24-MLP-NNV1-S31415-F02,3,0.4338867664337158,0.48230865597724915,1,5
WIND-H24-MLP-NNV1-S31415-F02,4,0.676135241985321,0.4820369780063629,1,5
WIND-H24-MLP-NNV1-S31415-F02,5,0.6508941054344177,0.47528621554374695,1,5
WIND-H24-LSTM-NNV1-S42-F02,1,0.9868733286857605,0.6875880360603333,12,12
WIND-H24-LSTM-NNV1-S42-F02,2,0.9790717959403992,0.6793686151504517,12,12
WIND-H24-LSTM-NNV1-S42-F02,3,0.9714004993438721,0.6715730428695679,12,12
WIND-H24-LSTM-NNV1-S42-F02,4,0.9638513326644897,0.6641239523887634,12,12
WIND-H24-LSTM-NNV1-S42-F02,5,0.956417441368103,0.6569899320602417,12,12
WIND-H24-LSTM-NNV1-S42-F02,6,0.9490926265716553,0.6501542329788208,12,12
WIND-H24-LSTM-NNV1-S42-F02,7,0.94186931848526,0.6436083316802979,12,12
WIND-H24-LSTM-NNV1-S42-F02,8,0.9347397089004517,0.637346625328064,12,12
WIND-H24-LSTM-NNV1-S42-F02,9,0.9276957511901855,0.6313644647598267,12,12
WIND-H24-LSTM-NNV1-S42-F02,10,0.9207293391227722,0.62565678358078,12,12
WIND-H24-LSTM-NNV1-S42-F02,11,0.9138329029083252,0.6202194094657898,12,12
WIND-H24-LSTM-NNV1-S42-F02,12,0.9069985151290894,0.6150487065315247,12,12
WIND-H24-LSTM-NNV1-S123-F02,1,1.0492972135543823,0.5541900396347046,12,12
WIND-H24-LSTM-NNV1-S123-F02,2,1.0412111282348633,0.5529866814613342,12,12
WIND-H24-LSTM-NNV1-S123-F02,3,1.0333079099655151,0.5516452193260193,12,12
WIND-H24-LSTM-NNV1-S123-F02,4,1.0255687236785889,0.5501384139060974,12,12
WIND-H24-LSTM-NNV1-S123-F02,5,1.0179709196090698,0.5485103726387024,12,12
WIND-H24-LSTM-NNV1-S123-F02,6,1.0104947090148926,0.5468103885650635,12,12
WIND-H24-LSTM-NNV1-S123-F02,7,1.0031245946884155,0.5450705885887146,12,12
WIND-H24-LSTM-NNV1-S123-F02,8,0.9958468079566956,0.5433105826377869,12,12
WIND-H24-LSTM-NNV1-S123-F02,9,0.9886474609375,0.5415414571762085,12,12
WIND-H24-LSTM-NNV1-S123-F02,10,0.9815128445625305,0.5397688746452332,12,12
WIND-H24-LSTM-NNV1-S123-F02,11,0.9744287729263306,0.5379951596260071,12,12
WIND-H24-LSTM-NNV1-S123-F02,12,0.9673815965652466,0.5362215638160706,12,12
WIND-H24-LSTM-NNV1-S2020-F02,1,1.1069623231887817,0.5983935594558716,1,5
WIND-H24-LSTM-NNV1-S2020-F02,2,1.0988996028900146,0.5990580916404724,1,5
WIND-H24-LSTM-NNV1-S2020-F02,3,1.09111487865448,0.5994431972503662,1,5
WIND-H24-LSTM-NNV1-S2020-F02,4,1.0835634469985962,0.5995952486991882,1,5
WIND-H24-LSTM-NNV1-S2020-F02,5,1.0762070417404175,0.5995258092880249,1,5
WIND-H24-LSTM-NNV1-S2025-F02,1,1.149492859840393,0.6278105974197388,12,12
WIND-H24-LSTM-NNV1-S2025-F02,2,1.1393648386001587,0.6263262033462524,12,12
WIND-H24-LSTM-NNV1-S2025-F02,3,1.1295218467712402,0.624814510345459,12,12
WIND-H24-LSTM-NNV1-S2025-F02,4,1.1199445724487305,0.6232413649559021,12,12
WIND-H24-LSTM-NNV1-S2025-F02,5,1.1106053590774536,0.6216095089912415,12,12
WIND-H24-LSTM-NNV1-S2025-F02,6,1.1014790534973145,0.6199195384979248,12,12
WIND-H24-LSTM-NNV1-S2025-F02,7,1.0925440788269043,0.6181631684303284,12,12
WIND-H24-LSTM-NNV1-S2025-F02,8,1.083777904510498,0.6163303852081299,12,12
WIND-H24-LSTM-NNV1-S2025-F02,9,1.0751566886901855,0.6144106984138489,12,12
WIND-H24-LSTM-NNV1-S2025-F02,10,1.0666550397872925,0.6123932600021362,12,12
WIND-H24-LSTM-NNV1-S2025-F02,11,1.0582467317581177,0.6102688908576965,12,12
WIND-H24-LSTM-NNV1-S2025-F02,12,1.0499045848846436,0.6080306172370911,12,12
WIND-H24-LSTM-NNV1-S31415-F02,1,1.0487020015716553,0.5898451209068298,1,5
WIND-H24-LSTM-NNV1-S31415-F02,2,1.0397628545761108,0.5911101698875427,1,5
WIND-H24-LSTM-NNV1-S31415-F02,3,1.0310269594192505,0.5923396348953247,1,5
WIND-H24-LSTM-NNV1-S31415-F02,4,1.0224789381027222,0.5935569405555725,1,5
WIND-H24-LSTM-NNV1-S31415-F02,5,1.0141093730926514,0.5947573184967041,1,5
WIND-H24-GRU-NNV1-S42-F02,1,1.0798850059509277,0.5671854615211487,5,9
WIND-H24-GRU-NNV1-S42-F02,2,1.0647411346435547,0.5664941072463989,5,9
WIND-H24-GRU-NNV1-S42-F02,3,1.0500240325927734,0.5659567713737488,5,9
WIND-H24-GRU-NNV1-S42-F02,4,1.0357407331466675,0.5655970573425293,5,9
WIND-H24-GRU-NNV1-S42-F02,5,1.021892786026001,0.5654274821281433,5,9
WIND-H24-GRU-NNV1-S42-F02,6,1.0084784030914307,0.5654517412185669,5,9
WIND-H24-GRU-NNV1-S42-F02,7,0.9955015182495117,0.5656685829162598,5,9
WIND-H24-GRU-NNV1-S42-F02,8,0.9829768538475037,0.5660732984542847,5,9
WIND-H24-GRU-NNV1-S42-F02,9,0.9709139466285706,0.566657543182373,5,9
WIND-H24-GRU-NNV1-S123-F02,1,1.1552224159240723,0.7403944134712219,12,12
WIND-H24-GRU-NNV1-S123-F02,2,1.1398577690124512,0.7279800176620483,12,12
WIND-H24-GRU-NNV1-S123-F02,3,1.1251304149627686,0.7160971164703369,12,12
WIND-H24-GRU-NNV1-S123-F02,4,1.1109880208969116,0.7047826647758484,12,12
WIND-H24-GRU-NNV1-S123-F02,5,1.0973820686340332,0.6940402984619141,12,12
WIND-H24-GRU-NNV1-S123-F02,6,1.0842875242233276,0.6838688850402832,12,12
WIND-H24-GRU-NNV1-S123-F02,7,1.0716744661331177,0.6742773652076721,12,12
WIND-H24-GRU-NNV1-S123-F02,8,1.0595117807388306,0.6652780771255493,12,12
WIND-H24-GRU-NNV1-S123-F02,9,1.047768235206604,0.6568781733512878,12,12
WIND-H24-GRU-NNV1-S123-F02,10,1.036414623260498,0.6490768790245056,12,12
WIND-H24-GRU-NNV1-S123-F02,11,1.0254231691360474,0.6418671011924744,12,12
WIND-H24-GRU-NNV1-S123-F02,12,1.0147687196731567,0.635236918926239,12,12
WIND-H24-GRU-NNV1-S2020-F02,1,1.1384204626083374,0.926964282989502,12,12
WIND-H24-GRU-NNV1-S2020-F02,2,1.124393105506897,0.9041939377784729,12,12
WIND-H24-GRU-NNV1-S2020-F02,3,1.1108769178390503,0.881986677646637,12,12
WIND-H24-GRU-NNV1-S2020-F02,4,1.097867727279663,0.8603301644325256,12,12
WIND-H24-GRU-NNV1-S2020-F02,5,1.0853543281555176,0.8392951488494873,12,12
WIND-H24-GRU-NNV1-S2020-F02,6,1.0733134746551514,0.8189772367477417,12,12
WIND-H24-GRU-NNV1-S2020-F02,7,1.061721682548523,0.7994573712348938,12,12
WIND-H24-GRU-NNV1-S2020-F02,8,1.0505558252334595,0.7808029055595398,12,12
WIND-H24-GRU-NNV1-S2020-F02,9,1.0397905111312866,0.7630645036697388,12,12
WIND-H24-GRU-NNV1-S2020-F02,10,1.0293992757797241,0.7462782263755798,12,12
WIND-H24-GRU-NNV1-S2020-F02,11,1.0193525552749634,0.7304700613021851,12,12
WIND-H24-GRU-NNV1-S2020-F02,12,1.0096206665039062,0.7156598567962646,12,12
WIND-H24-GRU-NNV1-S2025-F02,1,1.1444205045700073,0.8517417311668396,12,12
WIND-H24-GRU-NNV1-S2025-F02,2,1.1280804872512817,0.8329549431800842,12,12
WIND-H24-GRU-NNV1-S2025-F02,3,1.1122517585754395,0.8151605725288391,12,12
WIND-H24-GRU-NNV1-S2025-F02,4,1.0969035625457764,0.7982338070869446,12,12
WIND-H24-GRU-NNV1-S2025-F02,5,1.0820142030715942,0.7821236252784729,12,12
WIND-H24-GRU-NNV1-S2025-F02,6,1.0675662755966187,0.7667890191078186,12,12
WIND-H24-GRU-NNV1-S2025-F02,7,1.0535433292388916,0.7521965503692627,12,12
WIND-H24-GRU-NNV1-S2025-F02,8,1.039929986000061,0.738335907459259,12,12
WIND-H24-GRU-NNV1-S2025-F02,9,1.0267246961593628,0.7251970171928406,12,12
WIND-H24-GRU-NNV1-S2025-F02,10,1.0139228105545044,0.7127672433853149,12,12
WIND-H24-GRU-NNV1-S2025-F02,11,1.0015157461166382,0.7010332942008972,12,12
WIND-H24-GRU-NNV1-S2025-F02,12,0.9894912242889404,0.6899828910827637,12,12
WIND-H24-GRU-NNV1-S31415-F02,1,0.9946516752243042,0.5588808655738831,12,12
WIND-H24-GRU-NNV1-S31415-F02,2,0.9833149909973145,0.556751549243927,12,12
WIND-H24-GRU-NNV1-S31415-F02,3,0.9723615646362305,0.5544528365135193,12,12
WIND-H24-GRU-NNV1-S31415-F02,4,0.9617805480957031,0.5519188642501831,12,12
WIND-H24-GRU-NNV1-S31415-F02,5,0.9515496492385864,0.5491973757743835,12,12
WIND-H24-GRU-NNV1-S31415-F02,6,0.9416482448577881,0.5463873744010925,12,12
WIND-H24-GRU-NNV1-S31415-F02,7,0.9320634007453918,0.5435763597488403,12,12
WIND-H24-GRU-NNV1-S31415-F02,8,0.9227858185768127,0.540830135345459,12,12
WIND-H24-GRU-NNV1-S31415-F02,9,0.913809061050415,0.5381994843482971,12,12
WIND-H24-GRU-NNV1-S31415-F02,10,0.9051275849342346,0.535725474357605,12,12
WIND-H24-GRU-NNV1-S31415-F02,11,0.8967369198799133,0.5334437489509583,12,12
WIND-H24-GRU-NNV1-S31415-F02,12,0.8886335492134094,0.5313870906829834,12,12
WIND-H24-MLP-NNV1-S42-F03,1,0.8868932127952576,0.5040435194969177,2,6
WIND-H24-MLP-NNV1-S42-F03,2,0.7787970900535583,0.484097957611084,2,6
WIND-H24-MLP-NNV1-S42-F03,3,0.6485500335693359,0.4867102801799774,2,6
WIND-H24-MLP-NNV1-S42-F03,4,0.6641584634780884,0.5103331804275513,2,6
WIND-H24-MLP-NNV1-S42-F03,5,0.5985980033874512,0.5480501651763916,2,6
WIND-H24-MLP-NNV1-S42-F03,6,0.7308505773544312,0.6021361351013184,2,6
WIND-H24-MLP-NNV1-S123-F03,1,0.7770363092422485,0.5474989414215088,2,6
WIND-H24-MLP-NNV1-S123-F03,2,0.9988939166069031,0.5308610200881958,2,6
WIND-H24-MLP-NNV1-S123-F03,3,0.4590873420238495,0.579960286617279,2,6
WIND-H24-MLP-NNV1-S123-F03,4,0.6110791563987732,0.6137903928756714,2,6
WIND-H24-MLP-NNV1-S123-F03,5,0.817930281162262,0.631454586982727,2,6
WIND-H24-MLP-NNV1-S123-F03,6,0.9053555130958557,0.6508877873420715,2,6
WIND-H24-MLP-NNV1-S2020-F03,1,0.7071431875228882,0.5276866555213928,2,6
WIND-H24-MLP-NNV1-S2020-F03,2,0.7835765480995178,0.4911789000034332,2,6
WIND-H24-MLP-NNV1-S2020-F03,3,0.6225048899650574,0.5162279605865479,2,6
WIND-H24-MLP-NNV1-S2020-F03,4,0.6582221984863281,0.5652429461479187,2,6
WIND-H24-MLP-NNV1-S2020-F03,5,0.4592205882072449,0.5714097023010254,2,6
WIND-H24-MLP-NNV1-S2020-F03,6,0.6975082755088806,0.6572028398513794,2,6
WIND-H24-MLP-NNV1-S2025-F03,1,0.8792917728424072,0.5002779960632324,2,6
WIND-H24-MLP-NNV1-S2025-F03,2,0.7419147491455078,0.48328328132629395,2,6
WIND-H24-MLP-NNV1-S2025-F03,3,0.5022689700126648,0.5364213585853577,2,6
WIND-H24-MLP-NNV1-S2025-F03,4,0.6960059404373169,0.602383553981781,2,6
WIND-H24-MLP-NNV1-S2025-F03,5,0.46028298139572144,0.6306203603744507,2,6
WIND-H24-MLP-NNV1-S2025-F03,6,0.5085002779960632,0.6616498827934265,2,6
WIND-H24-MLP-NNV1-S31415-F03,1,0.8363876938819885,0.5482028126716614,3,7
WIND-H24-MLP-NNV1-S31415-F03,2,0.6628143191337585,0.5263301134109497,3,7
WIND-H24-MLP-NNV1-S31415-F03,3,0.43101122975349426,0.524783730506897,3,7
WIND-H24-MLP-NNV1-S31415-F03,4,0.5552592873573303,0.592953085899353,3,7
WIND-H24-MLP-NNV1-S31415-F03,5,0.5678766369819641,0.576371431350708,3,7
WIND-H24-MLP-NNV1-S31415-F03,6,0.532743513584137,0.5964492559432983,3,7
WIND-H24-MLP-NNV1-S31415-F03,7,0.6667324304580688,0.625802755355835,3,7
WIND-H24-LSTM-NNV1-S42-F03,1,0.9836136102676392,0.8478678464889526,12,12
WIND-H24-LSTM-NNV1-S42-F03,2,0.9759319424629211,0.8338655233383179,12,12
WIND-H24-LSTM-NNV1-S42-F03,3,0.9683904051780701,0.82027268409729,12,12
WIND-H24-LSTM-NNV1-S42-F03,4,0.960983395576477,0.8070454001426697,12,12
WIND-H24-LSTM-NNV1-S42-F03,5,0.9537055492401123,0.794165849685669,12,12
WIND-H24-LSTM-NNV1-S42-F03,6,0.9465508460998535,0.7816126942634583,12,12
WIND-H24-LSTM-NNV1-S42-F03,7,0.9395116567611694,0.7693735361099243,12,12
WIND-H24-LSTM-NNV1-S42-F03,8,0.9325798153877258,0.7574481964111328,12,12
WIND-H24-LSTM-NNV1-S42-F03,9,0.9257464408874512,0.7458438873291016,12,12
WIND-H24-LSTM-NNV1-S42-F03,10,0.9190028309822083,0.7345691919326782,12,12
WIND-H24-LSTM-NNV1-S42-F03,11,0.9123402237892151,0.723632276058197,12,12
WIND-H24-LSTM-NNV1-S42-F03,12,0.9057507514953613,0.7130396366119385,12,12
WIND-H24-LSTM-NNV1-S123-F03,1,1.0279018878936768,0.8172847628593445,12,12
WIND-H24-LSTM-NNV1-S123-F03,2,1.0199894905090332,0.8104187846183777,12,12
WIND-H24-LSTM-NNV1-S123-F03,3,1.0123013257980347,0.8035327792167664,12,12
WIND-H24-LSTM-NNV1-S123-F03,4,1.0048205852508545,0.796602725982666,12,12
WIND-H24-LSTM-NNV1-S123-F03,5,0.9975285530090332,0.7896158695220947,12,12
WIND-H24-LSTM-NNV1-S123-F03,6,0.9904054403305054,0.7825735807418823,12,12
WIND-H24-LSTM-NNV1-S123-F03,7,0.9834325909614563,0.7754764556884766,12,12
WIND-H24-LSTM-NNV1-S123-F03,8,0.9765926599502563,0.7683200836181641,12,12
WIND-H24-LSTM-NNV1-S123-F03,9,0.9698689579963684,0.7610970735549927,12,12
WIND-H24-LSTM-NNV1-S123-F03,10,0.9632442593574524,0.753797709941864,12,12
WIND-H24-LSTM-NNV1-S123-F03,11,0.9567019939422607,0.7464109659194946,12,12
WIND-H24-LSTM-NNV1-S123-F03,12,0.9502249360084534,0.7389246225357056,12,12
WIND-H24-LSTM-NNV1-S2020-F03,1,1.084100365638733,0.7617781162261963,12,12
WIND-H24-LSTM-NNV1-S2020-F03,2,1.0764352083206177,0.758305549621582,12,12
WIND-H24-LSTM-NNV1-S2020-F03,3,1.0690501928329468,0.7545309066772461,12,12
WIND-H24-LSTM-NNV1-S2020-F03,4,1.0619049072265625,0.7504391670227051,12,12
WIND-H24-LSTM-NNV1-S2020-F03,5,1.0549622774124146,0.7460604310035706,12,12
WIND-H24-LSTM-NNV1-S2020-F03,6,1.0481905937194824,0.7414166927337646,12,12
WIND-H24-LSTM-NNV1-S2020-F03,7,1.0415613651275635,0.7365310192108154,12,12
WIND-H24-LSTM-NNV1-S2020-F03,8,1.0350477695465088,0.731421709060669,12,12
WIND-H24-LSTM-NNV1-S2020-F03,9,1.0286247730255127,0.7260987758636475,12,12
WIND-H24-LSTM-NNV1-S2020-F03,10,1.0222705602645874,0.7205684781074524,12,12
WIND-H24-LSTM-NNV1-S2020-F03,11,1.0159645080566406,0.7148357033729553,12,12
WIND-H24-LSTM-NNV1-S2020-F03,12,1.009687900543213,0.7089038491249084,12,12
WIND-H24-LSTM-NNV1-S2025-F03,1,1.1335159540176392,0.8695718050003052,12,12
WIND-H24-LSTM-NNV1-S2025-F03,2,1.1234567165374756,0.8634979724884033,12,12
WIND-H24-LSTM-NNV1-S2025-F03,3,1.1136716604232788,0.8574340343475342,12,12
WIND-H24-LSTM-NNV1-S2025-F03,4,1.1041500568389893,0.851357638835907,12,12
WIND-H24-LSTM-NNV1-S2025-F03,5,1.0948749780654907,0.8452461361885071,12,12
WIND-H24-LSTM-NNV1-S2025-F03,6,1.0858275890350342,0.839078426361084,12,12
WIND-H24-LSTM-NNV1-S2025-F03,7,1.0769855976104736,0.8328403234481812,12,12
WIND-H24-LSTM-NNV1-S2025-F03,8,1.0683265924453735,0.8265206813812256,12,12
WIND-H24-LSTM-NNV1-S2025-F03,9,1.0598281621932983,0.8201096057891846,12,12
WIND-H24-LSTM-NNV1-S2025-F03,10,1.0514676570892334,0.8135983347892761,12,12
WIND-H24-LSTM-NNV1-S2025-F03,11,1.0432226657867432,0.8069799542427063,12,12
WIND-H24-LSTM-NNV1-S2025-F03,12,1.0350717306137085,0.8002490401268005,12,12
WIND-H24-LSTM-NNV1-S31415-F03,1,1.0465840101242065,0.750481367111206,12,12
WIND-H24-LSTM-NNV1-S31415-F03,2,1.0380138158798218,0.7475154399871826,12,12
WIND-H24-LSTM-NNV1-S31415-F03,3,1.0296130180358887,0.7445271611213684,12,12
WIND-H24-LSTM-NNV1-S31415-F03,4,1.0213699340820312,0.7415425181388855,12,12
WIND-H24-LSTM-NNV1-S31415-F03,5,1.013275384902954,0.7385704517364502,12,12
WIND-H24-LSTM-NNV1-S31415-F03,6,1.00532066822052,0.7356023788452148,12,12
WIND-H24-LSTM-NNV1-S31415-F03,7,0.9974979758262634,0.7326169013977051,12,12
WIND-H24-LSTM-NNV1-S31415-F03,8,0.9897997379302979,0.7295883893966675,12,12
WIND-H24-LSTM-NNV1-S31415-F03,9,0.9822185635566711,0.7264899611473083,12,12
WIND-H24-LSTM-NNV1-S31415-F03,10,0.9747472405433655,0.7232937812805176,12,12
WIND-H24-LSTM-NNV1-S31415-F03,11,0.9673782587051392,0.7199701070785522,12,12
WIND-H24-LSTM-NNV1-S31415-F03,12,0.9601038694381714,0.7164878249168396,12,12
WIND-H24-GRU-NNV1-S42-F03,1,1.0692055225372314,0.6664651036262512,12,12
WIND-H24-GRU-NNV1-S42-F03,2,1.05466628074646,0.655271589756012,12,12
WIND-H24-GRU-NNV1-S42-F03,3,1.0405160188674927,0.6442599892616272,12,12
WIND-H24-GRU-NNV1-S42-F03,4,1.0267603397369385,0.633439302444458,12,12
WIND-H24-GRU-NNV1-S42-F03,5,1.0134012699127197,0.6228229403495789,12,12
WIND-H24-GRU-NNV1-S42-F03,6,1.000441551208496,0.612433135509491,12,12
WIND-H24-GRU-NNV1-S42-F03,7,0.9878987073898315,0.6022924780845642,12,12
WIND-H24-GRU-NNV1-S42-F03,8,0.9757835865020752,0.5924252271652222,12,12
WIND-H24-GRU-NNV1-S42-F03,9,0.9641028046607971,0.5828558206558228,12,12
WIND-H24-GRU-NNV1-S42-F03,10,0.9528604745864868,0.5736063122749329,12,12
WIND-H24-GRU-NNV1-S42-F03,11,0.9420597553253174,0.5646917819976807,12,12
WIND-H24-GRU-NNV1-S42-F03,12,0.9317028522491455,0.5561196208000183,12,12
WIND-H24-GRU-NNV1-S123-F03,1,1.121256709098816,0.7556619048118591,12,12
WIND-H24-GRU-NNV1-S123-F03,2,1.1070456504821777,0.7396286725997925,12,12
WIND-H24-GRU-NNV1-S123-F03,3,1.093418002128601,0.7244650721549988,12,12
WIND-H24-GRU-NNV1-S123-F03,4,1.0803529024124146,0.7101283669471741,12,12
WIND-H24-GRU-NNV1-S123-F03,5,1.0678147077560425,0.696556568145752,12,12
WIND-H24-GRU-NNV1-S123-F03,6,1.0557688474655151,0.6836962103843689,12,12
WIND-H24-GRU-NNV1-S123-F03,7,1.044182300567627,0.6715021133422852,12,12
WIND-H24-GRU-NNV1-S123-F03,8,1.0330244302749634,0.6599366068840027,12,12
WIND-H24-GRU-NNV1-S123-F03,9,1.0222663879394531,0.6489661931991577,12,12
WIND-H24-GRU-NNV1-S123-F03,10,1.0118815898895264,0.6385588049888611,12,12
WIND-H24-GRU-NNV1-S123-F03,11,1.001846432685852,0.6286818385124207,12,12
WIND-H24-GRU-NNV1-S123-F03,12,0.992139458656311,0.6193020343780518,12,12
WIND-H24-GRU-NNV1-S2020-F03,1,1.1416677236557007,1.0301296710968018,12,12
WIND-H24-GRU-NNV1-S2020-F03,2,1.1273486614227295,1.0025438070297241,12,12
WIND-H24-GRU-NNV1-S2020-F03,3,1.1135977506637573,0.9757702350616455,12,12
WIND-H24-GRU-NNV1-S2020-F03,4,1.1004008054733276,0.9498493671417236,12,12
WIND-H24-GRU-NNV1-S2020-F03,5,1.087736964225769,0.9248241782188416,12,12
WIND-H24-GRU-NNV1-S2020-F03,6,1.0755983591079712,0.9007161855697632,12,12
WIND-H24-GRU-NNV1-S2020-F03,7,1.063966155052185,0.8775345087051392,12,12
WIND-H24-GRU-NNV1-S2020-F03,8,1.05281662940979,0.8552811741828918,12,12
WIND-H24-GRU-NNV1-S2020-F03,9,1.0421231985092163,0.8339577317237854,12,12
WIND-H24-GRU-NNV1-S2020-F03,10,1.031859278678894,0.8135667443275452,12,12
WIND-H24-GRU-NNV1-S2020-F03,11,1.0219959020614624,0.7941105961799622,12,12
WIND-H24-GRU-NNV1-S2020-F03,12,1.0125030279159546,0.7755892276763916,12,12
WIND-H24-GRU-NNV1-S2025-F03,1,1.1342170238494873,0.9045255780220032,12,12
WIND-H24-GRU-NNV1-S2025-F03,2,1.1181172132492065,0.8760217428207397,12,12
WIND-H24-GRU-NNV1-S2025-F03,3,1.1025656461715698,0.8485217094421387,12,12
WIND-H24-GRU-NNV1-S2025-F03,4,1.0875495672225952,0.8220741748809814,12,12
WIND-H24-GRU-NNV1-S2025-F03,5,1.073049783706665,0.7967320680618286,12,12
WIND-H24-GRU-NNV1-S2025-F03,6,1.0590431690216064,0.7725419998168945,12,12
WIND-H24-GRU-NNV1-S2025-F03,7,1.045505404472351,0.7495300769805908,12,12
WIND-H24-GRU-NNV1-S2025-F03,8,1.0324106216430664,0.7277116775512695,12,12
WIND-H24-GRU-NNV1-S2025-F03,9,1.019745945930481,0.7070707678794861,12,12
WIND-H24-GRU-NNV1-S2025-F03,10,1.0074989795684814,0.687568724155426,12,12
WIND-H24-GRU-NNV1-S2025-F03,11,0.9956547021865845,0.6691586375236511,12,12
WIND-H24-GRU-NNV1-S2025-F03,12,0.9841969609260559,0.6517933011054993,12,12
WIND-H24-GRU-NNV1-S31415-F03,1,0.98567134141922,0.7802736759185791,12,12
WIND-H24-GRU-NNV1-S31415-F03,2,0.9746625423431396,0.7670530080795288,12,12
WIND-H24-GRU-NNV1-S31415-F03,3,0.9640225768089294,0.7539801597595215,12,12
WIND-H24-GRU-NNV1-S31415-F03,4,0.953755259513855,0.7410314679145813,12,12
WIND-H24-GRU-NNV1-S31415-F03,5,0.9438595175743103,0.7281916737556458,12,12
WIND-H24-GRU-NNV1-S31415-F03,6,0.9343315362930298,0.7154618501663208,12,12
WIND-H24-GRU-NNV1-S31415-F03,7,0.9251668453216553,0.7028450965881348,12,12
WIND-H24-GRU-NNV1-S31415-F03,8,0.9163604974746704,0.6903373003005981,12,12
WIND-H24-GRU-NNV1-S31415-F03,9,0.9079049825668335,0.677931010723114,12,12
WIND-H24-GRU-NNV1-S31415-F03,10,0.899790346622467,0.6656193733215332,12,12
WIND-H24-GRU-NNV1-S31415-F03,11,0.8920057415962219,0.6534000039100647,12,12
WIND-H24-GRU-NNV1-S31415-F03,12,0.8845396041870117,0.6412763595581055,12,12
WIND-H24-MLP-NNV1-S42-F04,1,0.43609535694122314,0.3095182776451111,1,5
WIND-H24-MLP-NNV1-S42-F04,2,0.5724983811378479,0.3208993375301361,1,5
WIND-H24-MLP-NNV1-S42-F04,3,1.1644635200500488,0.3339362144470215,1,5
WIND-H24-MLP-NNV1-S42-F04,4,0.26874473690986633,0.341778963804245,1,5
WIND-H24-MLP-NNV1-S42-F04,5,0.8491516709327698,0.36330127716064453,1,5
WIND-H24-MLP-NNV1-S123-F04,1,0.7217499613761902,0.30464988946914673,1,5
WIND-H24-MLP-NNV1-S123-F04,2,0.808283269405365,0.30656906962394714,1,5
WIND-H24-MLP-NNV1-S123-F04,3,0.5155547857284546,0.3218633830547333,1,5
WIND-H24-MLP-NNV1-S123-F04,4,1.020600438117981,0.33924537897109985,1,5
WIND-H24-MLP-NNV1-S123-F04,5,0.7703095078468323,0.3743901550769806,1,5
WIND-H24-MLP-NNV1-S2020-F04,1,0.6773303151130676,0.343577116727829,2,6
WIND-H24-MLP-NNV1-S2020-F04,2,1.0673197507858276,0.32991039752960205,2,6
WIND-H24-MLP-NNV1-S2020-F04,3,0.5991162061691284,0.34833356738090515,2,6
WIND-H24-MLP-NNV1-S2020-F04,4,0.3027106523513794,0.3621782064437866,2,6
WIND-H24-MLP-NNV1-S2020-F04,5,0.38880255818367004,0.37773311138153076,2,6
WIND-H24-MLP-NNV1-S2020-F04,6,0.3343128263950348,0.3851637840270996,2,6
WIND-H24-MLP-NNV1-S2025-F04,1,0.4340860843658447,0.2978028357028961,1,5
WIND-H24-MLP-NNV1-S2025-F04,2,0.5860022902488708,0.32277706265449524,1,5
WIND-H24-MLP-NNV1-S2025-F04,3,0.7740976810455322,0.34012627601623535,1,5
WIND-H24-MLP-NNV1-S2025-F04,4,0.6293034553527832,0.35740727186203003,1,5
WIND-H24-MLP-NNV1-S2025-F04,5,0.6204938888549805,0.40369898080825806,1,5
WIND-H24-MLP-NNV1-S31415-F04,1,0.5174314379692078,0.32118701934814453,1,5
WIND-H24-MLP-NNV1-S31415-F04,2,0.8136933445930481,0.32443299889564514,1,5
WIND-H24-MLP-NNV1-S31415-F04,3,0.5583189129829407,0.3434983789920807,1,5
WIND-H24-MLP-NNV1-S31415-F04,4,0.8881986141204834,0.3744622766971588,1,5
WIND-H24-MLP-NNV1-S31415-F04,5,0.8349335193634033,0.4075380861759186,1,5
WIND-H24-LSTM-NNV1-S42-F04,1,1.0160353183746338,0.8170345425605774,12,12
WIND-H24-LSTM-NNV1-S42-F04,2,1.007399082183838,0.7993596196174622,12,12
WIND-H24-LSTM-NNV1-S42-F04,3,0.9988690614700317,0.7819288969039917,12,12
WIND-H24-LSTM-NNV1-S42-F04,4,0.9904407858848572,0.7648389935493469,12,12
WIND-H24-LSTM-NNV1-S42-F04,5,0.9821083545684814,0.7481075525283813,12,12
WIND-H24-LSTM-NNV1-S42-F04,6,0.9738655090332031,0.7317168712615967,12,12
WIND-H24-LSTM-NNV1-S42-F04,7,0.9657065868377686,0.7156533598899841,12,12
WIND-H24-LSTM-NNV1-S42-F04,8,0.9576267600059509,0.6999005079269409,12,12
WIND-H24-LSTM-NNV1-S42-F04,9,0.9496216773986816,0.6844395995140076,12,12
WIND-H24-LSTM-NNV1-S42-F04,10,0.9416874051094055,0.6692484617233276,12,12
WIND-H24-LSTM-NNV1-S42-F04,11,0.933820366859436,0.6543021202087402,12,12
WIND-H24-LSTM-NNV1-S42-F04,12,0.9260173439979553,0.6395837068557739,12,12
WIND-H24-LSTM-NNV1-S123-F04,1,1.059541940689087,0.5565150380134583,12,12
WIND-H24-LSTM-NNV1-S123-F04,2,1.0503835678100586,0.5521770715713501,12,12
WIND-H24-LSTM-NNV1-S123-F04,3,1.041481852531433,0.5478073358535767,12,12
WIND-H24-LSTM-NNV1-S123-F04,4,1.0328158140182495,0.5433856844902039,12,12
WIND-H24-LSTM-NNV1-S123-F04,5,1.0243644714355469,0.5389163494110107,12,12
WIND-H24-LSTM-NNV1-S123-F04,6,1.0161106586456299,0.5344017744064331,12,12
WIND-H24-LSTM-NNV1-S123-F04,7,1.00803804397583,0.5298369526863098,12,12
WIND-H24-LSTM-NNV1-S123-F04,8,1.0001308917999268,0.5252128839492798,12,12
WIND-H24-LSTM-NNV1-S123-F04,9,0.9923717379570007,0.5205214619636536,12,12
WIND-H24-LSTM-NNV1-S123-F04,10,0.9847434163093567,0.5157564878463745,12,12
WIND-H24-LSTM-NNV1-S123-F04,11,0.9772281646728516,0.5109143257141113,12,12
WIND-H24-LSTM-NNV1-S123-F04,12,0.9698087573051453,0.5059922337532043,12,12
WIND-H24-LSTM-NNV1-S2020-F04,1,1.1045387983322144,0.4969866871833801,12,12
WIND-H24-LSTM-NNV1-S2020-F04,2,1.0960578918457031,0.49657222628593445,12,12
WIND-H24-LSTM-NNV1-S2020-F04,3,1.087889313697815,0.49580344557762146,12,12
WIND-H24-LSTM-NNV1-S2020-F04,4,1.0799813270568848,0.49469828605651855,12,12
WIND-H24-LSTM-NNV1-S2020-F04,5,1.0722911357879639,0.4932892322540283,12,12
WIND-H24-LSTM-NNV1-S2020-F04,6,1.0647822618484497,0.4915960729122162,12,12
WIND-H24-LSTM-NNV1-S2020-F04,7,1.0574244260787964,0.4896286427974701,12,12
WIND-H24-LSTM-NNV1-S2020-F04,8,1.050191879272461,0.4873923659324646,12,12
WIND-H24-LSTM-NNV1-S2020-F04,9,1.0430607795715332,0.4848906695842743,12,12
WIND-H24-LSTM-NNV1-S2020-F04,10,1.0360084772109985,0.4821268320083618,12,12
WIND-H24-LSTM-NNV1-S2020-F04,11,1.0290136337280273,0.47910386323928833,12,12
WIND-H24-LSTM-NNV1-S2020-F04,12,1.0220569372177124,0.4758242964744568,12,12
WIND-H24-LSTM-NNV1-S2025-F04,1,1.1629756689071655,0.5449408888816833,12,12
WIND-H24-LSTM-NNV1-S2025-F04,2,1.15189790725708,0.5415054559707642,12,12
WIND-H24-LSTM-NNV1-S2025-F04,3,1.1410833597183228,0.5381197333335876,12,12
WIND-H24-LSTM-NNV1-S2025-F04,4,1.1305192708969116,0.5347743034362793,12,12
WIND-H24-LSTM-NNV1-S2025-F04,5,1.1201914548873901,0.5314573049545288,12,12
WIND-H24-LSTM-NNV1-S2025-F04,6,1.1100847721099854,0.5281540751457214,12,12
WIND-H24-LSTM-NNV1-S2025-F04,7,1.1001819372177124,0.5248477458953857,12,12
WIND-H24-LSTM-NNV1-S2025-F04,8,1.0904643535614014,0.5215231776237488,12,12
WIND-H24-LSTM-NNV1-S2025-F04,9,1.0809119939804077,0.5181686878204346,12,12
WIND-H24-LSTM-NNV1-S2025-F04,10,1.0715049505233765,0.5147760510444641,12,12
WIND-H24-LSTM-NNV1-S2025-F04,11,1.0622230768203735,0.5113383531570435,12,12
WIND-H24-LSTM-NNV1-S2025-F04,12,1.0530469417572021,0.5078484416007996,12,12
WIND-H24-LSTM-NNV1-S31415-F04,1,1.0797760486602783,0.5874853730201721,12,12
WIND-H24-LSTM-NNV1-S31415-F04,2,1.0704854726791382,0.5866514444351196,12,12
WIND-H24-LSTM-NNV1-S31415-F04,3,1.0613493919372559,0.5857733488082886,12,12
WIND-H24-LSTM-NNV1-S31415-F04,4,1.052352786064148,0.5848627090454102,12,12
WIND-H24-LSTM-NNV1-S31415-F04,5,1.0434852838516235,0.5839017629623413,12,12
WIND-H24-LSTM-NNV1-S31415-F04,6,1.0347384214401245,0.5828710198402405,12,12
WIND-H24-LSTM-NNV1-S31415-F04,7,1.026104211807251,0.5817522406578064,12,12
WIND-H24-LSTM-NNV1-S31415-F04,8,1.017574667930603,0.5805263519287109,12,12
WIND-H24-LSTM-NNV1-S31415-F04,9,1.0091413259506226,0.579173743724823,12,12
WIND-H24-LSTM-NNV1-S31415-F04,10,1.0007951259613037,0.5776752233505249,12,12
WIND-H24-LSTM-NNV1-S31415-F04,11,0.9925268888473511,0.5760117769241333,12,12
WIND-H24-LSTM-NNV1-S31415-F04,12,0.9843279719352722,0.5741650462150574,12,12
WIND-H24-GRU-NNV1-S42-F04,1,1.0934337377548218,0.4513494372367859,12,12
WIND-H24-GRU-NNV1-S42-F04,2,1.077372431755066,0.4446445405483246,12,12
WIND-H24-GRU-NNV1-S42-F04,3,1.0616918802261353,0.43817463517189026,12,12
WIND-H24-GRU-NNV1-S42-F04,4,1.04639732837677,0.4319414794445038,12,12
WIND-H24-GRU-NNV1-S42-F04,5,1.0314913988113403,0.4259459674358368,12,12
WIND-H24-GRU-NNV1-S42-F04,6,1.0169734954833984,0.4201900362968445,12,12
WIND-H24-GRU-NNV1-S42-F04,7,1.0028425455093384,0.4146761894226074,12,12
WIND-H24-GRU-NNV1-S42-F04,8,0.9890972971916199,0.40940606594085693,12,12
WIND-H24-GRU-NNV1-S42-F04,9,0.9757366180419922,0.40438300371170044,12,12
WIND-H24-GRU-NNV1-S42-F04,10,0.9627707600593567,0.39960914850234985,12,12
WIND-H24-GRU-NNV1-S42-F04,11,0.950218141078949,0.3950818181037903,12,12
WIND-H24-GRU-NNV1-S42-F04,12,0.9380941987037659,0.3907938599586487,12,12
WIND-H24-GRU-NNV1-S123-F04,1,1.1118993759155273,0.537834644317627,12,12
WIND-H24-GRU-NNV1-S123-F04,2,1.0979483127593994,0.526000440120697,12,12
WIND-H24-GRU-NNV1-S123-F04,3,1.084446668624878,0.514718770980835,12,12
WIND-H24-GRU-NNV1-S123-F04,4,1.071378469467163,0.5039501190185547,12,12
WIND-H24-GRU-NNV1-S123-F04,5,1.0587414503097534,0.49365803599357605,12,12
WIND-H24-GRU-NNV1-S123-F04,6,1.046527624130249,0.48381516337394714,12,12
WIND-H24-GRU-NNV1-S123-F04,7,1.0347226858139038,0.4743971526622772,12,12
WIND-H24-GRU-NNV1-S123-F04,8,1.023310661315918,0.46538153290748596,12,12
WIND-H24-GRU-NNV1-S123-F04,9,1.0122735500335693,0.45674630999565125,12,12
WIND-H24-GRU-NNV1-S123-F04,10,1.0015935897827148,0.4484691321849823,12,12
WIND-H24-GRU-NNV1-S123-F04,11,0.9912533164024353,0.4405280649662018,12,12
WIND-H24-GRU-NNV1-S123-F04,12,0.9812352657318115,0.4329025149345398,12,12
WIND-H24-GRU-NNV1-S2020-F04,1,1.1654460430145264,0.9184238910675049,12,12
WIND-H24-GRU-NNV1-S2020-F04,2,1.150977373123169,0.8934956789016724,12,12
WIND-H24-GRU-NNV1-S2020-F04,3,1.1370152235031128,0.8691791296005249,12,12
WIND-H24-GRU-NNV1-S2020-F04,4,1.123552918434143,0.845547080039978,12,12
WIND-H24-GRU-NNV1-S2020-F04,5,1.110578179359436,0.8226270079612732,12,12
WIND-H24-GRU-NNV1-S2020-F04,6,1.0980726480484009,0.8003944754600525,12,12
WIND-H24-GRU-NNV1-S2020-F04,7,1.086013913154602,0.7788235545158386,12,12
WIND-H24-GRU-NNV1-S2020-F04,8,1.0743765830993652,0.757900059223175,12,12
WIND-H24-GRU-NNV1-S2020-F04,9,1.0631409883499146,0.7376118302345276,12,12
WIND-H24-GRU-NNV1-S2020-F04,10,1.0522856712341309,0.7179427742958069,12,12
WIND-H24-GRU-NNV1-S2020-F04,11,1.041783094406128,0.698874294757843,12,12
WIND-H24-GRU-NNV1-S2020-F04,12,1.031599998474121,0.6803901195526123,12,12
WIND-H24-GRU-NNV1-S2025-F04,1,1.1425879001617432,0.7098000049591064,12,12
WIND-H24-GRU-NNV1-S2025-F04,2,1.1258254051208496,0.6883323192596436,12,12
WIND-H24-GRU-NNV1-S2025-F04,3,1.1096972227096558,0.6677564382553101,12,12
WIND-H24-GRU-NNV1-S2025-F04,4,1.0941803455352783,0.6480472683906555,12,12
WIND-H24-GRU-NNV1-S2025-F04,5,1.0792415142059326,0.6291713118553162,12,12
WIND-H24-GRU-NNV1-S2025-F04,6,1.0648431777954102,0.6110883951187134,12,12
WIND-H24-GRU-NNV1-S2025-F04,7,1.0509511232376099,0.5937556028366089,12,12
WIND-H24-GRU-NNV1-S2025-F04,8,1.037532091140747,0.577134907245636,12,12
WIND-H24-GRU-NNV1-S2025-F04,9,1.0245537757873535,0.561191737651825,12,12
WIND-H24-GRU-NNV1-S2025-F04,10,1.0119811296463013,0.5458922982215881,12,12
WIND-H24-GRU-NNV1-S2025-F04,11,0.9997782707214355,0.5312208533287048,12,12
WIND-H24-GRU-NNV1-S2025-F04,12,0.9879207015037537,0.5171641111373901,12,12
WIND-H24-GRU-NNV1-S31415-F04,1,1.015294075012207,0.5460912585258484,12,12
WIND-H24-GRU-NNV1-S31415-F04,2,1.0026603937149048,0.5394225716590881,12,12
WIND-H24-GRU-NNV1-S31415-F04,3,0.9903948903083801,0.5327972769737244,12,12
WIND-H24-GRU-NNV1-S31415-F04,4,0.9785028100013733,0.5262054204940796,12,12
WIND-H24-GRU-NNV1-S31415-F04,5,0.9669868350028992,0.519626796245575,12,12
WIND-H24-GRU-NNV1-S31415-F04,6,0.9558467268943787,0.5130372047424316,12,12
WIND-H24-GRU-NNV1-S31415-F04,7,0.9450796842575073,0.5064165592193604,12,12
WIND-H24-GRU-NNV1-S31415-F04,8,0.9346815943717957,0.49975085258483887,12,12
WIND-H24-GRU-NNV1-S31415-F04,9,0.9246478080749512,0.49302932620048523,12,12
WIND-H24-GRU-NNV1-S31415-F04,10,0.9149737358093262,0.4862411618232727,12,12
WIND-H24-GRU-NNV1-S31415-F04,11,0.9056550860404968,0.4793754816055298,12,12
WIND-H24-GRU-NNV1-S31415-F04,12,0.8966872096061707,0.4724223017692566,12,12
WIND-H24-MLP-NNV1-S42-F05,1,0.6772525310516357,0.35301610827445984,2,6
WIND-H24-MLP-NNV1-S42-F05,2,0.7399396300315857,0.3510241210460663,2,6
WIND-H24-MLP-NNV1-S42-F05,3,0.8835062980651855,0.3606938421726227,2,6
WIND-H24-MLP-NNV1-S42-F05,4,0.8474624156951904,0.38026636838912964,2,6
WIND-H24-MLP-NNV1-S42-F05,5,0.6037418246269226,0.37338969111442566,2,6
WIND-H24-MLP-NNV1-S42-F05,6,0.8787245154380798,0.3718593418598175,2,6
WIND-H24-MLP-NNV1-S123-F05,1,0.9044524431228638,0.3578692078590393,2,6
WIND-H24-MLP-NNV1-S123-F05,2,0.6722328662872314,0.3560972511768341,2,6
WIND-H24-MLP-NNV1-S123-F05,3,0.6555798053741455,0.3615124821662903,2,6
WIND-H24-MLP-NNV1-S123-F05,4,0.6070547699928284,0.35921597480773926,2,6
WIND-H24-MLP-NNV1-S123-F05,5,0.9269894957542419,0.3834242820739746,2,6
WIND-H24-MLP-NNV1-S123-F05,6,0.5521900057792664,0.41279125213623047,2,6
WIND-H24-MLP-NNV1-S2020-F05,1,0.8207203149795532,0.3747144639492035,3,7
WIND-H24-MLP-NNV1-S2020-F05,2,0.8663952350616455,0.35793885588645935,3,7
WIND-H24-MLP-NNV1-S2020-F05,3,0.5838309526443481,0.3519999086856842,3,7
WIND-H24-MLP-NNV1-S2020-F05,4,0.8330205678939819,0.35518574714660645,3,7
WIND-H24-MLP-NNV1-S2020-F05,5,0.566340446472168,0.36950334906578064,3,7
WIND-H24-MLP-NNV1-S2020-F05,6,0.7508228421211243,0.36257004737854004,3,7
WIND-H24-MLP-NNV1-S2020-F05,7,0.8409485220909119,0.3861280083656311,3,7
WIND-H24-MLP-NNV1-S2025-F05,1,0.8331108093261719,0.3465573489665985,1,5
WIND-H24-MLP-NNV1-S2025-F05,2,0.8162761926651001,0.36448755860328674,1,5
WIND-H24-MLP-NNV1-S2025-F05,3,0.7646616697311401,0.37231045961380005,1,5
WIND-H24-MLP-NNV1-S2025-F05,4,0.5809722542762756,0.37307193875312805,1,5
WIND-H24-MLP-NNV1-S2025-F05,5,0.6947788596153259,0.38511326909065247,1,5
WIND-H24-MLP-NNV1-S31415-F05,1,0.4370882511138916,0.3660005033016205,3,7
WIND-H24-MLP-NNV1-S31415-F05,2,1.0623443126678467,0.36276212334632874,3,7
WIND-H24-MLP-NNV1-S31415-F05,3,0.42468735575675964,0.3564324378967285,3,7
WIND-H24-MLP-NNV1-S31415-F05,4,0.8649480938911438,0.3647526204586029,3,7
WIND-H24-MLP-NNV1-S31415-F05,5,0.6198866963386536,0.364641010761261,3,7
WIND-H24-MLP-NNV1-S31415-F05,6,0.5952204465866089,0.3721235990524292,3,7
WIND-H24-MLP-NNV1-S31415-F05,7,0.5069230198860168,0.37802180647850037,3,7
WIND-H24-LSTM-NNV1-S42-F05,1,1.044547200202942,0.742297887802124,12,12
WIND-H24-LSTM-NNV1-S42-F05,2,1.0346627235412598,0.7249180674552917,12,12
WIND-H24-LSTM-NNV1-S42-F05,3,1.0249181985855103,0.7079799771308899,12,12
WIND-H24-LSTM-NNV1-S42-F05,4,1.0153098106384277,0.6914985179901123,12,12
WIND-H24-LSTM-NNV1-S42-F05,5,1.0058320760726929,0.6754658222198486,12,12
WIND-H24-LSTM-NNV1-S42-F05,6,0.996477484703064,0.6598625183105469,12,12
WIND-H24-LSTM-NNV1-S42-F05,7,0.9872392416000366,0.6446723937988281,12,12
WIND-H24-LSTM-NNV1-S42-F05,8,0.9781102538108826,0.6298787593841553,12,12
WIND-H24-LSTM-NNV1-S42-F05,9,0.969083309173584,0.6154617667198181,12,12
WIND-H24-LSTM-NNV1-S42-F05,10,0.960151731967926,0.6014006733894348,12,12
WIND-H24-LSTM-NNV1-S42-F05,11,0.9513091444969177,0.5876767635345459,12,12
WIND-H24-LSTM-NNV1-S42-F05,12,0.9425504803657532,0.5742756724357605,12,12
WIND-H24-LSTM-NNV1-S123-F05,1,1.0603463649749756,0.6307701468467712,12,12
WIND-H24-LSTM-NNV1-S123-F05,2,1.051040530204773,0.6247807145118713,12,12
WIND-H24-LSTM-NNV1-S123-F05,3,1.041979193687439,0.6187987923622131,12,12
WIND-H24-LSTM-NNV1-S123-F05,4,1.033143162727356,0.6128090620040894,12,12
WIND-H24-LSTM-NNV1-S123-F05,5,1.0245124101638794,0.6067917943000793,12,12
WIND-H24-LSTM-NNV1-S123-F05,6,1.016067624092102,0.6007298827171326,12,12
WIND-H24-LSTM-NNV1-S123-F05,7,1.0077919960021973,0.5946200489997864,12,12
WIND-H24-LSTM-NNV1-S123-F05,8,0.9996689558029175,0.5884685516357422,12,12
WIND-H24-LSTM-NNV1-S123-F05,9,0.9916825294494629,0.5822814106941223,12,12
WIND-H24-LSTM-NNV1-S123-F05,10,0.9838173389434814,0.5760622620582581,12,12
WIND-H24-LSTM-NNV1-S123-F05,11,0.9760578274726868,0.5698118805885315,12,12
WIND-H24-LSTM-NNV1-S123-F05,12,0.968388557434082,0.5635288953781128,12,12
WIND-H24-LSTM-NNV1-S2020-F05,1,1.0965547561645508,0.465972900390625,12,12
WIND-H24-LSTM-NNV1-S2020-F05,2,1.0880945920944214,0.4637962877750397,12,12
WIND-H24-LSTM-NNV1-S2020-F05,3,1.0799245834350586,0.4614707827568054,12,12
WIND-H24-LSTM-NNV1-S2020-F05,4,1.072006106376648,0.4590074121952057,12,12
WIND-H24-LSTM-NNV1-S2020-F05,5,1.0643030405044556,0.4564018249511719,12,12
WIND-H24-LSTM-NNV1-S2020-F05,6,1.05678129196167,0.45365193486213684,12,12
WIND-H24-LSTM-NNV1-S2020-F05,7,1.049410104751587,0.45076099038124084,12,12
WIND-H24-LSTM-NNV1-S2020-F05,8,1.0421628952026367,0.4477356970310211,12,12
WIND-H24-LSTM-NNV1-S2020-F05,9,1.0350159406661987,0.4445822536945343,12,12
WIND-H24-LSTM-NNV1-S2020-F05,10,1.0279464721679688,0.4413036108016968,12,12
WIND-H24-LSTM-NNV1-S2020-F05,11,1.0209336280822754,0.43790021538734436,12,12
WIND-H24-LSTM-NNV1-S2020-F05,12,1.0139573812484741,0.43437135219573975,12,12
WIND-H24-LSTM-NNV1-S2025-F05,1,1.1544171571731567,0.5776880979537964,12,12
WIND-H24-LSTM-NNV1-S2025-F05,2,1.1434383392333984,0.5737844705581665,12,12
WIND-H24-LSTM-NNV1-S2025-F05,3,1.1327067613601685,0.5699348449707031,12,12
WIND-H24-LSTM-NNV1-S2025-F05,4,1.1222096681594849,0.5661334991455078,12,12
WIND-H24-LSTM-NNV1-S2025-F05,5,1.111932396888733,0.5623685121536255,12,12
WIND-H24-LSTM-NNV1-S2025-F05,6,1.101859450340271,0.5586250424385071,12,12
WIND-H24-LSTM-NNV1-S2025-F05,7,1.0919744968414307,0.5548886656761169,12,12
WIND-H24-LSTM-NNV1-S2025-F05,8,1.0822592973709106,0.5511484742164612,12,12
WIND-H24-LSTM-NNV1-S2025-F05,9,1.0726946592330933,0.547397255897522,12,12
WIND-H24-LSTM-NNV1-S2025-F05,10,1.0632617473602295,0.5436295866966248,12,12
WIND-H24-LSTM-NNV1-S2025-F05,11,1.0539418458938599,0.5398396849632263,12,12
WIND-H24-LSTM-NNV1-S2025-F05,12,1.044716477394104,0.536021888256073,12,12
WIND-H24-LSTM-NNV1-S31415-F05,1,1.0900534391403198,0.5273826718330383,12,12
WIND-H24-LSTM-NNV1-S31415-F05,2,1.0809444189071655,0.5259180665016174,12,12
WIND-H24-LSTM-NNV1-S31415-F05,3,1.0719672441482544,0.5244085788726807,12,12
WIND-H24-LSTM-NNV1-S31415-F05,4,1.063109040260315,0.5228089690208435,12,12
WIND-H24-LSTM-NNV1-S31415-F05,5,1.054352879524231,0.5210912823677063,12,12
WIND-H24-LSTM-NNV1-S31415-F05,6,1.0456840991973877,0.519248366355896,12,12
WIND-H24-LSTM-NNV1-S31415-F05,7,1.0370889902114868,0.5172798037528992,12,12
WIND-H24-LSTM-NNV1-S31415-F05,8,1.028554916381836,0.5151849389076233,12,12
WIND-H24-LSTM-NNV1-S31415-F05,9,1.0200707912445068,0.5129614472389221,12,12
WIND-H24-LSTM-NNV1-S31415-F05,10,1.0116262435913086,0.5106056928634644,12,12
WIND-H24-LSTM-NNV1-S31415-F05,11,1.0032124519348145,0.5081133246421814,12,12
WIND-H24-LSTM-NNV1-S31415-F05,12,0.9948207139968872,0.505476713180542,12,12
WIND-H24-GRU-NNV1-S42-F05,1,1.092132568359375,0.43599215149879456,12,12
WIND-H24-GRU-NNV1-S42-F05,2,1.0761959552764893,0.42987117171287537,12,12
WIND-H24-GRU-NNV1-S42-F05,3,1.0606330633163452,0.4239926040172577,12,12
WIND-H24-GRU-NNV1-S42-F05,4,1.0454500913619995,0.41836419701576233,12,12
WIND-H24-GRU-NNV1-S42-F05,5,1.0306483507156372,0.41298964619636536,12,12
WIND-H24-GRU-NNV1-S42-F05,6,1.016224980354309,0.4078664183616638,12,12
WIND-H24-GRU-NNV1-S42-F05,7,1.0021765232086182,0.40298810601234436,12,12
WIND-H24-GRU-NNV1-S42-F05,8,0.9884986877441406,0.3983476459980011,12,12
WIND-H24-GRU-NNV1-S42-F05,9,0.9751882553100586,0.39393821358680725,12,12
WIND-H24-GRU-NNV1-S42-F05,10,0.9622474908828735,0.3897549510002136,12,12
WIND-H24-GRU-NNV1-S42-F05,11,0.9496908187866211,0.38579046726226807,12,12
WIND-H24-GRU-NNV1-S42-F05,12,0.9375293850898743,0.3820349872112274,12,12
WIND-H24-GRU-NNV1-S123-F05,1,1.1038480997085571,0.5025330781936646,12,12
WIND-H24-GRU-NNV1-S123-F05,2,1.0895180702209473,0.493549644947052,12,12
WIND-H24-GRU-NNV1-S123-F05,3,1.0756884813308716,0.4849747121334076,12,12
WIND-H24-GRU-NNV1-S123-F05,4,1.0623445510864258,0.47680458426475525,12,12
WIND-H24-GRU-NNV1-S123-F05,5,1.0494762659072876,0.46902522444725037,12,12
WIND-H24-GRU-NNV1-S123-F05,6,1.03707754611969,0.46161672472953796,12,12
WIND-H24-GRU-NNV1-S123-F05,7,1.0251346826553345,0.45455771684646606,12,12
WIND-H24-GRU-NNV1-S123-F05,8,1.0136293172836304,0.4478251338005066,12,12
WIND-H24-GRU-NNV1-S123-F05,9,1.0025420188903809,0.44139760732650757,12,12
WIND-H24-GRU-NNV1-S123-F05,10,0.9918525815010071,0.4352583587169647,12,12
WIND-H24-GRU-NNV1-S123-F05,11,0.9815425276756287,0.4293971359729767,12,12
WIND-H24-GRU-NNV1-S123-F05,12,0.9715933203697205,0.4238094687461853,12,12
WIND-H24-GRU-NNV1-S2020-F05,1,1.1785579919815063,0.7036646604537964,12,12
WIND-H24-GRU-NNV1-S2020-F05,2,1.1637282371520996,0.6853074431419373,12,12
WIND-H24-GRU-NNV1-S2020-F05,3,1.1492786407470703,0.6674904823303223,12,12
WIND-H24-GRU-NNV1-S2020-F05,4,1.1352044343948364,0.6501783728599548,12,12
WIND-H24-GRU-NNV1-S2020-F05,5,1.1214981079101562,0.6333285570144653,12,12
WIND-H24-GRU-NNV1-S2020-F05,6,1.1081476211547852,0.6168971657752991,12,12
WIND-H24-GRU-NNV1-S2020-F05,7,1.0951392650604248,0.6008460521697998,12,12
WIND-H24-GRU-NNV1-S2020-F05,8,1.0824573040008545,0.585142970085144,12,12
WIND-H24-GRU-NNV1-S2020-F05,9,1.070086121559143,0.5697599053382874,12,12
WIND-H24-GRU-NNV1-S2020-F05,10,1.0580086708068848,0.5546737313270569,12,12
WIND-H24-GRU-NNV1-S2020-F05,11,1.0462068319320679,0.5398714542388916,12,12
WIND-H24-GRU-NNV1-S2020-F05,12,1.0346647500991821,0.525364100933075,12,12
WIND-H24-GRU-NNV1-S2025-F05,1,1.1370710134506226,0.5578957200050354,12,12
WIND-H24-GRU-NNV1-S2025-F05,2,1.1203347444534302,0.5411961674690247,12,12
WIND-H24-GRU-NNV1-S2025-F05,3,1.1041842699050903,0.5253459811210632,12,12
WIND-H24-GRU-NNV1-S2025-F05,4,1.0885974168777466,0.5102965831756592,12,12
WIND-H24-GRU-NNV1-S2025-F05,5,1.073547124862671,0.49600547552108765,12,12
WIND-H24-GRU-NNV1-S2025-F05,6,1.0590029954910278,0.4824337959289551,12,12
WIND-H24-GRU-NNV1-S2025-F05,7,1.0449373722076416,0.4695524573326111,12,12
WIND-H24-GRU-NNV1-S2025-F05,8,1.0313233137130737,0.4573443531990051,12,12
WIND-H24-GRU-NNV1-S2025-F05,9,1.0181334018707275,0.4457974433898926,12,12
WIND-H24-GRU-NNV1-S2025-F05,10,1.0053386688232422,0.43489861488342285,12,12
WIND-H24-GRU-NNV1-S2025-F05,11,0.9929102063179016,0.4246445894241333,12,12
WIND-H24-GRU-NNV1-S2025-F05,12,0.9808260798454285,0.41504114866256714,12,12
WIND-H24-GRU-NNV1-S31415-F05,1,1.0175738334655762,0.5420717597007751,12,12
WIND-H24-GRU-NNV1-S31415-F05,2,1.004996657371521,0.5354083180427551,12,12
WIND-H24-GRU-NNV1-S31415-F05,3,0.9927921295166016,0.5289146304130554,12,12
WIND-H24-GRU-NNV1-S31415-F05,4,0.9809423089027405,0.5225533246994019,12,12
WIND-H24-GRU-NNV1-S31415-F05,5,0.9694412350654602,0.5162416696548462,12,12
WIND-H24-GRU-NNV1-S31415-F05,6,0.9582839012145996,0.5099174976348877,12,12
WIND-H24-GRU-NNV1-S31415-F05,7,0.9474624395370483,0.5035423040390015,12,12
WIND-H24-GRU-NNV1-S31415-F05,8,0.9369688034057617,0.49709662795066833,12,12
WIND-H24-GRU-NNV1-S31415-F05,9,0.9267963171005249,0.4905692934989929,12,12
WIND-H24-GRU-NNV1-S31415-F05,10,0.9169409871101379,0.48395076394081116,12,12
WIND-H24-GRU-NNV1-S31415-F05,11,0.9073998928070068,0.4772304594516754,12,12
WIND-H24-GRU-NNV1-S31415-F05,12,0.8981714248657227,0.47039860486984253,12,12
WIND-H24-MLP-NNV1-S42-F06,1,0.7493124008178711,0.689229428768158,3,7
WIND-H24-MLP-NNV1-S42-F06,2,0.84552001953125,0.6676235198974609,3,7
WIND-H24-MLP-NNV1-S42-F06,3,0.4453919529914856,0.6582264304161072,3,7
WIND-H24-MLP-NNV1-S42-F06,4,1.1103748083114624,0.6799394488334656,3,7
WIND-H24-MLP-NNV1-S42-F06,5,0.6795608997344971,0.6623562574386597,3,7
WIND-H24-MLP-NNV1-S42-F06,6,0.5996909737586975,0.69669508934021,3,7
WIND-H24-MLP-NNV1-S42-F06,7,0.52757728099823,0.7651745080947876,3,7
WIND-H24-MLP-NNV1-S123-F06,1,0.8905710577964783,0.6805501580238342,2,6
WIND-H24-MLP-NNV1-S123-F06,2,0.5326436758041382,0.6744758486747742,2,6
WIND-H24-MLP-NNV1-S123-F06,3,0.6721662282943726,0.6811678409576416,2,6
WIND-H24-MLP-NNV1-S123-F06,4,0.6152037382125854,0.6874778866767883,2,6
WIND-H24-MLP-NNV1-S123-F06,5,0.6421658396720886,0.7173030376434326,2,6
WIND-H24-MLP-NNV1-S123-F06,6,0.5443695783615112,0.7218018174171448,2,6
WIND-H24-MLP-NNV1-S2020-F06,1,0.6399494409561157,0.6630575656890869,2,6
WIND-H24-MLP-NNV1-S2020-F06,2,0.8036008477210999,0.6499433517456055,2,6
WIND-H24-MLP-NNV1-S2020-F06,3,0.6133888363838196,0.7028948068618774,2,6
WIND-H24-MLP-NNV1-S2020-F06,4,0.5921321511268616,0.7278869152069092,2,6
WIND-H24-MLP-NNV1-S2020-F06,5,0.5163479447364807,0.7292502522468567,2,6
WIND-H24-MLP-NNV1-S2020-F06,6,0.51523357629776,0.7779989242553711,2,6
WIND-H24-MLP-NNV1-S2025-F06,1,0.6340279579162598,0.6772867441177368,2,6
WIND-H24-MLP-NNV1-S2025-F06,2,0.7940903306007385,0.6540934443473816,2,6
WIND-H24-MLP-NNV1-S2025-F06,3,0.6943351030349731,0.6866205334663391,2,6
WIND-H24-MLP-NNV1-S2025-F06,4,0.6913945078849792,0.7016042470932007,2,6
WIND-H24-MLP-NNV1-S2025-F06,5,0.6184364557266235,0.723426103591919,2,6
WIND-H24-MLP-NNV1-S2025-F06,6,0.6617980003356934,0.7516081929206848,2,6
WIND-H24-MLP-NNV1-S31415-F06,1,0.9132617115974426,0.6852433085441589,2,6
WIND-H24-MLP-NNV1-S31415-F06,2,0.7042365670204163,0.666793704032898,2,6
WIND-H24-MLP-NNV1-S31415-F06,3,0.5659836530685425,0.7113813161849976,2,6
WIND-H24-MLP-NNV1-S31415-F06,4,0.6480252146720886,0.7428723573684692,2,6
WIND-H24-MLP-NNV1-S31415-F06,5,0.5709866285324097,0.7569678425788879,2,6
WIND-H24-MLP-NNV1-S31415-F06,6,0.5259433388710022,0.7297395467758179,2,6
WIND-H24-LSTM-NNV1-S42-F06,1,1.0284262895584106,0.9572885632514954,12,12
WIND-H24-LSTM-NNV1-S42-F06,2,1.0179240703582764,0.9431779384613037,12,12
WIND-H24-LSTM-NNV1-S42-F06,3,1.0076066255569458,0.9294993877410889,12,12
WIND-H24-LSTM-NNV1-S42-F06,4,0.9974704384803772,0.9162757396697998,12,12
WIND-H24-LSTM-NNV1-S42-F06,5,0.9875101447105408,0.9035452008247375,12,12
WIND-H24-LSTM-NNV1-S42-F06,6,0.9777180552482605,0.891331136226654,12,12
WIND-H24-LSTM-NNV1-S42-F06,7,0.9680846333503723,0.8796334862709045,12,12
WIND-H24-LSTM-NNV1-S42-F06,8,0.958599865436554,0.8684341907501221,12,12
WIND-H24-LSTM-NNV1-S42-F06,9,0.9492546319961548,0.8577072024345398,12,12
WIND-H24-LSTM-NNV1-S42-F06,10,0.9400397539138794,0.8474241495132446,12,12
WIND-H24-LSTM-NNV1-S42-F06,11,0.9309475421905518,0.8375600576400757,12,12
WIND-H24-LSTM-NNV1-S42-F06,12,0.9219714403152466,0.8280929327011108,12,12
WIND-H24-LSTM-NNV1-S123-F06,1,1.0398423671722412,0.9285970330238342,12,12
WIND-H24-LSTM-NNV1-S123-F06,2,1.0306739807128906,0.9227194786071777,12,12
WIND-H24-LSTM-NNV1-S123-F06,3,1.0217238664627075,0.916873574256897,12,12
WIND-H24-LSTM-NNV1-S123-F06,4,1.0129766464233398,0.9110957980155945,12,12
WIND-H24-LSTM-NNV1-S123-F06,5,1.0044190883636475,0.9053915143013,12,12
WIND-H24-LSTM-NNV1-S123-F06,6,0.9960370063781738,0.8997470140457153,12,12
WIND-H24-LSTM-NNV1-S123-F06,7,0.987814724445343,0.8941407799720764,12,12
WIND-H24-LSTM-NNV1-S123-F06,8,0.9797365665435791,0.8885499835014343,12,12
WIND-H24-LSTM-NNV1-S123-F06,9,0.9717873930931091,0.8829544186592102,12,12
WIND-H24-LSTM-NNV1-S123-F06,10,0.9639516472816467,0.8773365020751953,12,12
WIND-H24-LSTM-NNV1-S123-F06,11,0.9562144875526428,0.8716812133789062,12,12
WIND-H24-LSTM-NNV1-S123-F06,12,0.948560357093811,0.8659751415252686,12,12
WIND-H24-LSTM-NNV1-S2020-F06,1,1.060387134552002,0.763133704662323,12,12
WIND-H24-LSTM-NNV1-S2020-F06,2,1.0522198677062988,0.7610363960266113,12,12
WIND-H24-LSTM-NNV1-S2020-F06,3,1.044313907623291,0.758915364742279,12,12
WIND-H24-LSTM-NNV1-S2020-F06,4,1.0366357564926147,0.756761908531189,12,12
WIND-H24-LSTM-NNV1-S2020-F06,5,1.029152274131775,0.7545684576034546,12,12
WIND-H24-LSTM-NNV1-S2020-F06,6,1.0218356847763062,0.7523248791694641,12,12
WIND-H24-LSTM-NNV1-S2020-F06,7,1.0146620273590088,0.7500207424163818,12,12
WIND-H24-LSTM-NNV1-S2020-F06,8,1.0076096057891846,0.7476475238800049,12,12
WIND-H24-LSTM-NNV1-S2020-F06,9,1.0006574392318726,0.7451997995376587,12,12
WIND-H24-LSTM-NNV1-S2020-F06,10,0.9937860369682312,0.7426748275756836,12,12
WIND-H24-LSTM-NNV1-S2020-F06,11,0.9869769811630249,0.7400719523429871,12,12
WIND-H24-LSTM-NNV1-S2020-F06,12,0.9802126884460449,0.7373921275138855,12,12
WIND-H24-LSTM-NNV1-S2025-F06,1,1.122183084487915,0.9344839453697205,12,12
WIND-H24-LSTM-NNV1-S2025-F06,2,1.1117055416107178,0.929476797580719,12,12
WIND-H24-LSTM-NNV1-S2025-F06,3,1.1014636754989624,0.924527645111084,12,12
WIND-H24-LSTM-NNV1-S2025-F06,4,1.0914441347122192,0.9196179509162903,12,12
WIND-H24-LSTM-NNV1-S2025-F06,5,1.0816301107406616,0.9147515296936035,12,12
WIND-H24-LSTM-NNV1-S2025-F06,6,1.0720043182373047,0.9099330306053162,12,12
WIND-H24-LSTM-NNV1-S2025-F06,7,1.0625494718551636,0.9051606059074402,12,12
WIND-H24-LSTM-NNV1-S2025-F06,8,1.0532487630844116,0.9004278182983398,12,12
WIND-H24-LSTM-NNV1-S2025-F06,9,1.0440841913223267,0.8957268595695496,12,12
WIND-H24-LSTM-NNV1-S2025-F06,10,1.0350385904312134,0.8910492062568665,12,12
WIND-H24-LSTM-NNV1-S2025-F06,11,1.0260940790176392,0.8863876461982727,12,12
WIND-H24-LSTM-NNV1-S2025-F06,12,1.0172333717346191,0.8817358613014221,12,12
WIND-H24-LSTM-NNV1-S31415-F06,1,1.0530096292495728,0.8354486227035522,12,12
WIND-H24-LSTM-NNV1-S31415-F06,2,1.04445481300354,0.8328863382339478,12,12
WIND-H24-LSTM-NNV1-S31415-F06,3,1.0360013246536255,0.8302924633026123,12,12
WIND-H24-LSTM-NNV1-S31415-F06,4,1.0276423692703247,0.8276473879814148,12,12
WIND-H24-LSTM-NNV1-S31415-F06,5,1.0193679332733154,0.8249300718307495,12,12
WIND-H24-LSTM-NNV1-S31415-F06,6,1.0111644268035889,0.8221232891082764,12,12
WIND-H24-LSTM-NNV1-S31415-F06,7,1.0030180215835571,0.8192139863967896,12,12
WIND-H24-LSTM-NNV1-S31415-F06,8,0.9949161410331726,0.8161904811859131,12,12
WIND-H24-LSTM-NNV1-S31415-F06,9,0.9868470430374146,0.8130452632904053,12,12
WIND-H24-LSTM-NNV1-S31415-F06,10,0.9788007140159607,0.8097755312919617,12,12
WIND-H24-LSTM-NNV1-S31415-F06,11,0.9707669019699097,0.8063812851905823,12,12
WIND-H24-LSTM-NNV1-S31415-F06,12,0.962736964225769,0.8028642535209656,12,12
WIND-H24-GRU-NNV1-S42-F06,1,1.0542826652526855,0.740561306476593,12,12
WIND-H24-GRU-NNV1-S42-F06,2,1.039228916168213,0.7337872385978699,12,12
WIND-H24-GRU-NNV1-S42-F06,3,1.0245198011398315,0.7273436188697815,12,12
WIND-H24-GRU-NNV1-S42-F06,4,1.0101573467254639,0.7212281227111816,12,12
WIND-H24-GRU-NNV1-S42-F06,5,0.996141254901886,0.7154521942138672,12,12
WIND-H24-GRU-NNV1-S42-F06,6,0.982467770576477,0.7100107073783875,12,12
WIND-H24-GRU-NNV1-S42-F06,7,0.9691331386566162,0.7048832178115845,12,12
WIND-H24-GRU-NNV1-S42-F06,8,0.956140398979187,0.7000500559806824,12,12
WIND-H24-GRU-NNV1-S42-F06,9,0.9435034394264221,0.695497453212738,12,12
WIND-H24-GRU-NNV1-S42-F06,10,0.9312335252761841,0.6912170052528381,12,12
WIND-H24-GRU-NNV1-S42-F06,11,0.9193414449691772,0.6872043013572693,12,12
WIND-H24-GRU-NNV1-S42-F06,12,0.9078370928764343,0.6834571957588196,12,12
WIND-H24-GRU-NNV1-S123-F06,1,1.068721055984497,0.8028833866119385,12,12
WIND-H24-GRU-NNV1-S123-F06,2,1.0548478364944458,0.7953851819038391,12,12
WIND-H24-GRU-NNV1-S123-F06,3,1.0414851903915405,0.788498044013977,12,12
WIND-H24-GRU-NNV1-S123-F06,4,1.0286242961883545,0.7821744084358215,12,12
WIND-H24-GRU-NNV1-S123-F06,5,1.0162583589553833,0.7763140797615051,12,12
WIND-H24-GRU-NNV1-S123-F06,6,1.0043745040893555,0.770822286605835,12,12
WIND-H24-GRU-NNV1-S123-F06,7,0.992954671382904,0.765624463558197,12,12
WIND-H24-GRU-NNV1-S123-F06,8,0.981978714466095,0.7606586813926697,12,12
WIND-H24-GRU-NNV1-S123-F06,9,0.9714241623878479,0.7558743953704834,12,12
WIND-H24-GRU-NNV1-S123-F06,10,0.9612701535224915,0.7512324452400208,12,12
WIND-H24-GRU-NNV1-S123-F06,11,0.951497495174408,0.7467062473297119,12,12
WIND-H24-GRU-NNV1-S123-F06,12,0.9420875906944275,0.7422820329666138,12,12
WIND-H24-GRU-NNV1-S2020-F06,1,1.1432853937149048,0.8572272658348083,12,12
WIND-H24-GRU-NNV1-S2020-F06,2,1.1284430027008057,0.8455938100814819,12,12
WIND-H24-GRU-NNV1-S2020-F06,3,1.113991618156433,0.8341588377952576,12,12
WIND-H24-GRU-NNV1-S2020-F06,4,1.0999239683151245,0.8229132294654846,12,12
WIND-H24-GRU-NNV1-S2020-F06,5,1.086229681968689,0.8118939995765686,12,12
WIND-H24-GRU-NNV1-S2020-F06,6,1.072895884513855,0.8011366724967957,12,12
WIND-H24-GRU-NNV1-S2020-F06,7,1.0599086284637451,0.7906673550605774,12,12
WIND-H24-GRU-NNV1-S2020-F06,8,1.0472533702850342,0.7805148363113403,12,12
WIND-H24-GRU-NNV1-S2020-F06,9,1.034914493560791,0.7707154750823975,12,12
WIND-H24-GRU-NNV1-S2020-F06,10,1.0228773355484009,0.761298656463623,12,12
WIND-H24-GRU-NNV1-S2020-F06,11,1.0111303329467773,0.7522812485694885,12,12
WIND-H24-GRU-NNV1-S2020-F06,12,0.9996736645698547,0.7436619997024536,12,12
WIND-H24-GRU-NNV1-S2025-F06,1,1.0978364944458008,0.779557466506958,12,12
WIND-H24-GRU-NNV1-S2025-F06,2,1.0813473463058472,0.7711248993873596,12,12
WIND-H24-GRU-NNV1-S2025-F06,3,1.065505027770996,0.7632030248641968,12,12
WIND-H24-GRU-NNV1-S2025-F06,4,1.050279140472412,0.7557598948478699,12,12
WIND-H24-GRU-NNV1-S2025-F06,5,1.0356338024139404,0.7487544417381287,12,12
WIND-H24-GRU-NNV1-S2025-F06,6,1.021529197692871,0.7421382069587708,12,12
WIND-H24-GRU-NNV1-S2025-F06,7,1.0079302787780762,0.7358624935150146,12,12
WIND-H24-GRU-NNV1-S2025-F06,8,0.9948062300682068,0.7298876047134399,12,12
WIND-H24-GRU-NNV1-S2025-F06,9,0.9821285605430603,0.7241867184638977,12,12
WIND-H24-GRU-NNV1-S2025-F06,10,0.9698737263679504,0.718752920627594,12,12
WIND-H24-GRU-NNV1-S2025-F06,11,0.9580317139625549,0.7135823369026184,12,12
WIND-H24-GRU-NNV1-S2025-F06,12,0.9465898275375366,0.7086746096611023,12,12
WIND-H24-GRU-NNV1-S31415-F06,1,0.9887633323669434,0.8700910806655884,12,12
WIND-H24-GRU-NNV1-S31415-F06,2,0.9766821265220642,0.8642928600311279,12,12
WIND-H24-GRU-NNV1-S31415-F06,3,0.9649710059165955,0.8584233522415161,12,12
WIND-H24-GRU-NNV1-S31415-F06,4,0.9536030888557434,0.852496862411499,12,12
WIND-H24-GRU-NNV1-S31415-F06,5,0.9425612688064575,0.8464986681938171,12,12
WIND-H24-GRU-NNV1-S31415-F06,6,0.9318336844444275,0.8404166102409363,12,12
WIND-H24-GRU-NNV1-S31415-F06,7,0.9214097857475281,0.8342466950416565,12,12
WIND-H24-GRU-NNV1-S31415-F06,8,0.9112809896469116,0.8279839754104614,12,12
WIND-H24-GRU-NNV1-S31415-F06,9,0.9014407396316528,0.821619987487793,12,12
WIND-H24-GRU-NNV1-S31415-F06,10,0.891883909702301,0.8151460289955139,12,12
WIND-H24-GRU-NNV1-S31415-F06,11,0.8826070427894592,0.8085564374923706,12,12
WIND-H24-GRU-NNV1-S31415-F06,12,0.8736082315444946,0.8018524646759033,12,12
PV-H1-MLP-NNV1-S42-F01,1,0.2556754946708679,0.18104471266269684,12,12
PV-H1-MLP-NNV1-S42-F01,2,0.11513859778642654,0.07705621421337128,12,12
PV-H1-MLP-NNV1-S42-F01,3,0.1030275747179985,0.06063038855791092,12,12
PV-H1-MLP-NNV1-S42-F01,4,0.05833390727639198,0.050797875970602036,12,12
PV-H1-MLP-NNV1-S42-F01,5,0.057751722633838654,0.04377690330147743,12,12
PV-H1-MLP-NNV1-S42-F01,6,0.08360419422388077,0.0392354317009449,12,12
PV-H1-MLP-NNV1-S42-F01,7,0.03990761563181877,0.035188913345336914,12,12
PV-H1-MLP-NNV1-S42-F01,8,0.023228080943226814,0.03149231895804405,12,12
PV-H1-MLP-NNV1-S42-F01,9,0.03594677150249481,0.0277374517172575,12,12
PV-H1-MLP-NNV1-S42-F01,10,0.05454285442829132,0.026317497715353966,12,12
PV-H1-MLP-NNV1-S42-F01,11,0.03626019507646561,0.023800469934940338,12,12
PV-H1-MLP-NNV1-S42-F01,12,0.03557025268673897,0.02265945076942444,12,12
PV-H1-LSTM-NNV1-S42-F01,1,1.1252037286758423,1.299277901649475,12,12
PV-H1-LSTM-NNV1-S42-F01,2,1.1075942516326904,1.2813892364501953,12,12
PV-H1-LSTM-NNV1-S42-F01,3,1.0901644229888916,1.2636070251464844,12,12
PV-H1-LSTM-NNV1-S42-F01,4,1.0728973150253296,1.2458841800689697,12,12
PV-H1-LSTM-NNV1-S42-F01,5,1.0557702779769897,1.2281769514083862,12,12
PV-H1-LSTM-NNV1-S42-F01,6,1.0387535095214844,1.210452914237976,12,12
PV-H1-LSTM-NNV1-S42-F01,7,1.0218164920806885,1.1926822662353516,12,12
PV-H1-LSTM-NNV1-S42-F01,8,1.0049293041229248,1.1748356819152832,12,12
PV-H1-LSTM-NNV1-S42-F01,9,0.9880623817443848,1.1568834781646729,12,12
PV-H1-LSTM-NNV1-S42-F01,10,0.9711863398551941,1.1387975215911865,12,12
PV-H1-LSTM-NNV1-S42-F01,11,0.9542744159698486,1.1205512285232544,12,12
PV-H1-LSTM-NNV1-S42-F01,12,0.9373016953468323,1.1021193265914917,12,12
PV-H1-GRU-NNV1-S42-F01,1,1.0750508308410645,1.310513973236084,12,12
PV-H1-GRU-NNV1-S42-F01,2,1.0517432689666748,1.28251051902771,12,12
PV-H1-GRU-NNV1-S42-F01,3,1.0287503004074097,1.2547370195388794,12,12
PV-H1-GRU-NNV1-S42-F01,4,1.0060735940933228,1.2271915674209595,12,12
PV-H1-GRU-NNV1-S42-F01,5,0.9837150573730469,1.1998767852783203,12,12
PV-H1-GRU-NNV1-S42-F01,6,0.9616725444793701,1.1727917194366455,12,12
PV-H1-GRU-NNV1-S42-F01,7,0.9399400353431702,1.1459318399429321,12,12
PV-H1-GRU-NNV1-S42-F01,8,0.9185068011283875,1.1192922592163086,12,12
PV-H1-GRU-NNV1-S42-F01,9,0.897359311580658,1.0928702354431152,12,12
PV-H1-GRU-NNV1-S42-F01,10,0.8764816522598267,1.0666615962982178,12,12
PV-H1-GRU-NNV1-S42-F01,11,0.8558562994003296,1.0406608581542969,12,12
PV-H1-GRU-NNV1-S42-F01,12,0.8354631662368774,1.0148637294769287,12,12
PV-H1-MLP-NNV1-S42-F02,1,0.1762474775314331,0.08847225457429886,11,12
PV-H1-MLP-NNV1-S42-F02,2,0.07677061855792999,0.05854010209441185,11,12
PV-H1-MLP-NNV1-S42-F02,3,0.06692048162221909,0.05146633833646774,11,12
PV-H1-MLP-NNV1-S42-F02,4,0.0473366342484951,0.04873639717698097,11,12
PV-H1-MLP-NNV1-S42-F02,5,0.053802721202373505,0.047637950628995895,11,12
PV-H1-MLP-NNV1-S42-F02,6,0.04900706931948662,0.039518676698207855,11,12
PV-H1-MLP-NNV1-S42-F02,7,0.03222718834877014,0.03423447534441948,11,12
PV-H1-MLP-NNV1-S42-F02,8,0.026048582047224045,0.0305747389793396,11,12
PV-H1-MLP-NNV1-S42-F02,9,0.023020535707473755,0.02887781523168087,11,12
PV-H1-MLP-NNV1-S42-F02,10,0.028501562774181366,0.02640213444828987,11,12
PV-H1-MLP-NNV1-S42-F02,11,0.026777489110827446,0.02534499391913414,11,12
PV-H1-MLP-NNV1-S42-F02,12,0.018470032140612602,0.026686109602451324,11,12
PV-H1-LSTM-NNV1-S42-F02,1,1.1488497257232666,1.1017699241638184,12,12
PV-H1-LSTM-NNV1-S42-F02,2,1.1309645175933838,1.0848913192749023,12,12
PV-H1-LSTM-NNV1-S42-F02,3,1.1132581233978271,1.0680736303329468,12,12
PV-H1-LSTM-NNV1-S42-F02,4,1.0957010984420776,1.0513145923614502,12,12
PV-H1-LSTM-NNV1-S42-F02,5,1.078274130821228,1.0345972776412964,12,12
PV-H1-LSTM-NNV1-S42-F02,6,1.060954213142395,1.017902135848999,12,12
PV-H1-LSTM-NNV1-S42-F02,7,1.0437132120132446,1.0012067556381226,12,12
PV-H1-LSTM-NNV1-S42-F02,8,1.0265220403671265,0.984488308429718,12,12
PV-H1-LSTM-NNV1-S42-F02,9,1.0093505382537842,0.9677243232727051,12,12
PV-H1-LSTM-NNV1-S42-F02,10,0.9921690821647644,0.9508945345878601,12,12
PV-H1-LSTM-NNV1-S42-F02,11,0.9749484658241272,0.9339803457260132,12,12
PV-H1-LSTM-NNV1-S42-F02,12,0.9576622247695923,0.9169650077819824,12,12
PV-H1-GRU-NNV1-S42-F02,1,1.0988292694091797,1.0952802896499634,12,12
PV-H1-GRU-NNV1-S42-F02,2,1.075231671333313,1.0689972639083862,12,12
PV-H1-GRU-NNV1-S42-F02,3,1.0518896579742432,1.0429465770721436,12,12
PV-H1-GRU-NNV1-S42-F02,4,1.0288029909133911,1.0171325206756592,12,12
PV-H1-GRU-NNV1-S42-F02,5,1.0059648752212524,0.9915642738342285,12,12
PV-H1-GRU-NNV1-S42-F02,6,0.9833674430847168,0.9662651419639587,12,12
PV-H1-GRU-NNV1-S42-F02,7,0.9610050320625305,0.9412522912025452,12,12
PV-H1-GRU-NNV1-S42-F02,8,0.9388715028762817,0.9165357947349548,12,12
PV-H1-GRU-NNV1-S42-F02,9,0.9169611930847168,0.8921214938163757,12,12
PV-H1-GRU-NNV1-S42-F02,10,0.895267903804779,0.8680121302604675,12,12
PV-H1-GRU-NNV1-S42-F02,11,0.8737841844558716,0.8442088961601257,12,12
PV-H1-GRU-NNV1-S42-F02,12,0.8525011539459229,0.8207105398178101,12,12
PV-H1-MLP-NNV1-S42-F03,1,0.028212985023856163,0.08002550899982452,10,12
PV-H1-MLP-NNV1-S42-F03,2,0.02764449454843998,0.03448396176099777,10,12
PV-H1-MLP-NNV1-S42-F03,3,0.0836731493473053,0.032281603664159775,10,12
PV-H1-MLP-NNV1-S42-F03,4,0.014380323700606823,0.02246415801346302,10,12
PV-H1-MLP-NNV1-S42-F03,5,0.017746904864907265,0.020523445680737495,10,12
PV-H1-MLP-NNV1-S42-F03,6,0.04665142297744751,0.017297297716140747,10,12
PV-H1-MLP-NNV1-S42-F03,7,0.0032218380365520716,0.016823694109916687,10,12
PV-H1-MLP-NNV1-S42-F03,8,0.04808422550559044,0.01592150703072548,10,12
PV-H1-MLP-NNV1-S42-F03,9,0.0013502853689715266,0.013890613801777363,10,12
PV-H1-MLP-NNV1-S42-F03,10,0.0077973282895982265,0.012455376796424389,10,12
PV-H1-MLP-NNV1-S42-F03,11,0.04402250051498413,0.013129208236932755,10,12
PV-H1-MLP-NNV1-S42-F03,12,0.012642008252441883,0.012805663049221039,10,12
PV-H1-LSTM-NNV1-S42-F03,1,1.1585026979446411,1.0583748817443848,12,12
PV-H1-LSTM-NNV1-S42-F03,2,1.1405088901519775,1.0424094200134277,12,12
PV-H1-LSTM-NNV1-S42-F03,3,1.122687816619873,1.0265204906463623,12,12
PV-H1-LSTM-NNV1-S42-F03,4,1.1050184965133667,1.010697603225708,12,12
PV-H1-LSTM-NNV1-S42-F03,5,1.0874793529510498,0.9949276447296143,12,12
PV-H1-LSTM-NNV1-S42-F03,6,1.0700480937957764,0.9791927337646484,12,12
PV-H1-LSTM-NNV1-S42-F03,7,1.052699089050293,0.9634727239608765,12,12
PV-H1-LSTM-NNV1-S42-F03,8,1.0354042053222656,0.9477463364601135,12,12
PV-H1-LSTM-NNV1-S42-F03,9,1.0181342363357544,0.9319927096366882,12,12
PV-H1-LSTM-NNV1-S42-F03,10,1.0008606910705566,0.9161921739578247,12,12
PV-H1-LSTM-NNV1-S42-F03,11,0.9835564494132996,0.9003265500068665,12,12
PV-H1-LSTM-NNV1-S42-F03,12,0.9661955237388611,0.8843781352043152,12,12
PV-H1-GRU-NNV1-S42-F03,1,1.106683611869812,1.0076582431793213,12,12
PV-H1-GRU-NNV1-S42-F03,2,1.0828073024749756,0.9842287302017212,12,12
PV-H1-GRU-NNV1-S42-F03,3,1.0591702461242676,0.9610135555267334,12,12
PV-H1-GRU-NNV1-S42-F03,4,1.0357719659805298,0.9380096793174744,12,12
PV-H1-GRU-NNV1-S42-F03,5,1.0126148462295532,0.9152176380157471,12,12
PV-H1-GRU-NNV1-S42-F03,6,0.9896991848945618,0.8926385045051575,12,12
PV-H1-GRU-NNV1-S42-F03,7,0.9670225977897644,0.8702717423439026,12,12
PV-H1-GRU-NNV1-S42-F03,8,0.9445807933807373,0.8481164574623108,12,12
PV-H1-GRU-NNV1-S42-F03,9,0.922369122505188,0.8261715173721313,12,12
PV-H1-GRU-NNV1-S42-F03,10,0.9003819227218628,0.8044349551200867,12,12
PV-H1-GRU-NNV1-S42-F03,11,0.8786126375198364,0.782903790473938,12,12
PV-H1-GRU-NNV1-S42-F03,12,0.8570525646209717,0.7615735530853271,12,12
PV-H1-MLP-NNV1-S42-F04,1,0.07160861790180206,0.033917974680662155,11,12
PV-H1-MLP-NNV1-S42-F04,2,0.03514854609966278,0.026049692183732986,11,12
PV-H1-MLP-NNV1-S42-F04,3,0.034035567194223404,0.022023413330316544,11,12
PV-H1-MLP-NNV1-S42-F04,4,0.04145108163356781,0.019053848460316658,11,12
PV-H1-MLP-NNV1-S42-F04,5,0.05908283591270447,0.01552259549498558,11,12
PV-H1-MLP-NNV1-S42-F04,6,0.026809271425008774,0.014439215883612633,11,12
PV-H1-MLP-NNV1-S42-F04,7,0.04813813418149948,0.01310652680695057,11,12
PV-H1-MLP-NNV1-S42-F04,8,0.024076785892248154,0.012042289599776268,11,12
PV-H1-MLP-NNV1-S42-F04,9,0.030390094965696335,0.011372391134500504,11,12
PV-H1-MLP-NNV1-S42-F04,10,0.0170701015740633,0.010893497616052628,11,12
PV-H1-MLP-NNV1-S42-F04,11,0.028142202645540237,0.010393915697932243,11,12
PV-H1-MLP-NNV1-S42-F04,12,0.014105080626904964,0.010649828240275383,11,12
PV-H1-LSTM-NNV1-S42-F04,1,1.1712591648101807,1.0392407178878784,12,12
PV-H1-LSTM-NNV1-S42-F04,2,1.1531884670257568,1.0234522819519043,12,12
PV-H1-LSTM-NNV1-S42-F04,3,1.1352893114089966,1.0078010559082031,12,12
PV-H1-LSTM-NNV1-S42-F04,4,1.1175310611724854,0.9922741651535034,12,12
PV-H1-LSTM-NNV1-S42-F04,5,1.0998965501785278,0.9768563508987427,12,12
PV-H1-LSTM-NNV1-S42-F04,6,1.0823653936386108,0.9615288972854614,12,12
PV-H1-LSTM-NNV1-S42-F04,7,1.0649124383926392,0.9462721943855286,12,12
PV-H1-LSTM-NNV1-S42-F04,8,1.0475109815597534,0.9310672879219055,12,12
PV-H1-LSTM-NNV1-S42-F04,9,1.030133843421936,0.9158958792686462,12,12
PV-H1-LSTM-NNV1-S42-F04,10,1.012755036354065,0.9007394313812256,12,12
PV-H1-LSTM-NNV1-S42-F04,11,0.995349645614624,0.8855797052383423,12,12
PV-H1-LSTM-NNV1-S42-F04,12,0.9778925776481628,0.870396614074707,12,12
PV-H1-GRU-NNV1-S42-F04,1,1.1173746585845947,0.906600832939148,12,12
PV-H1-GRU-NNV1-S42-F04,2,1.093197226524353,0.8863943219184875,12,12
PV-H1-GRU-NNV1-S42-F04,3,1.0692600011825562,0.8663334250450134,12,12
PV-H1-GRU-NNV1-S42-F04,4,1.0455585718154907,0.846415638923645,12,12
PV-H1-GRU-NNV1-S42-F04,5,1.0220947265625,0.8266431093215942,12,12
PV-H1-GRU-NNV1-S42-F04,6,0.9988698363304138,0.807015597820282,12,12
PV-H1-GRU-NNV1-S42-F04,7,0.9758822321891785,0.7875311970710754,12,12
PV-H1-GRU-NNV1-S42-F04,8,0.9531283974647522,0.7681864500045776,12,12
PV-H1-GRU-NNV1-S42-F04,9,0.9306040406227112,0.7489765286445618,12,12
PV-H1-GRU-NNV1-S42-F04,10,0.9083035588264465,0.7298957109451294,12,12
PV-H1-GRU-NNV1-S42-F04,11,0.8862204551696777,0.7109368443489075,12,12
PV-H1-GRU-NNV1-S42-F04,12,0.8643456697463989,0.6920924782752991,12,12
PV-H1-MLP-NNV1-S42-F05,1,0.05360763147473335,0.03234950080513954,12,12
PV-H1-MLP-NNV1-S42-F05,2,0.05578498914837837,0.024349212646484375,12,12
PV-H1-MLP-NNV1-S42-F05,3,0.05183064565062523,0.02017473615705967,12,12
PV-H1-MLP-NNV1-S42-F05,4,0.02214682660996914,0.020154865458607674,12,12
PV-H1-MLP-NNV1-S42-F05,5,0.03011937625706196,0.01823263056576252,12,12
PV-H1-MLP-NNV1-S42-F05,6,0.02393883280456066,0.017702538520097733,12,12
PV-H1-MLP-NNV1-S42-F05,7,0.013352327980101109,0.015573065727949142,12,12
PV-H1-MLP-NNV1-S42-F05,8,0.02877168543636799,0.015186293050646782,12,12
PV-H1-MLP-NNV1-S42-F05,9,0.021803198382258415,0.013374876230955124,12,12
PV-H1-MLP-NNV1-S42-F05,10,0.03676225244998932,0.012228359468281269,12,12
PV-H1-MLP-NNV1-S42-F05,11,0.01409214548766613,0.011441878974437714,12,12
PV-H1-MLP-NNV1-S42-F05,12,0.02784276008605957,0.008760242722928524,12,12
PV-H1-LSTM-NNV1-S42-F05,1,1.161389708518982,1.2149062156677246,12,12
PV-H1-LSTM-NNV1-S42-F05,2,1.1433722972869873,1.196803092956543,12,12
PV-H1-LSTM-NNV1-S42-F05,3,1.125535488128662,1.1788569688796997,12,12
PV-H1-LSTM-NNV1-S42-F05,4,1.1078588962554932,1.161060094833374,12,12
PV-H1-LSTM-NNV1-S42-F05,5,1.0903222560882568,1.143389105796814,12,12
PV-H1-LSTM-NNV1-S42-F05,6,1.0729020833969116,1.1258231401443481,12,12
PV-H1-LSTM-NNV1-S42-F05,7,1.0555733442306519,1.1083481311798096,12,12
PV-H1-LSTM-NNV1-S42-F05,8,1.0383107662200928,1.0909538269042969,12,12
PV-H1-LSTM-NNV1-S42-F05,9,1.0210882425308228,1.0736287832260132,12,12
PV-H1-LSTM-NNV1-S42-F05,10,1.0038795471191406,1.0563594102859497,12,12
PV-H1-LSTM-NNV1-S42-F05,11,0.9866584539413452,1.039130449295044,12,12
PV-H1-LSTM-NNV1-S42-F05,12,0.9693998694419861,1.0219229459762573,12,12
PV-H1-GRU-NNV1-S42-F05,1,1.0943049192428589,1.0958738327026367,12,12
PV-H1-GRU-NNV1-S42-F05,2,1.0706923007965088,1.0738029479980469,12,12
PV-H1-GRU-NNV1-S42-F05,3,1.0473041534423828,1.0518162250518799,12,12
PV-H1-GRU-NNV1-S42-F05,4,1.0241377353668213,1.0299248695373535,12,12
PV-H1-GRU-NNV1-S42-F05,5,1.0011951923370361,1.0081291198730469,12,12
PV-H1-GRU-NNV1-S42-F05,6,0.9784761071205139,0.9864258766174316,12,12
PV-H1-GRU-NNV1-S42-F05,7,0.9559780359268188,0.9648110270500183,12,12
PV-H1-GRU-NNV1-S42-F05,8,0.9336969256401062,0.9432781934738159,12,12
PV-H1-GRU-NNV1-S42-F05,9,0.9116284847259521,0.9218204021453857,12,12
PV-H1-GRU-NNV1-S42-F05,10,0.8897667527198792,0.9004299640655518,12,12
PV-H1-GRU-NNV1-S42-F05,11,0.8681042790412903,0.8790983557701111,12,12
PV-H1-GRU-NNV1-S42-F05,12,0.8466318249702454,0.8578177094459534,12,12
PV-H1-MLP-NNV1-S42-F06,1,0.11846139281988144,0.03900060057640076,12,12
PV-H1-MLP-NNV1-S42-F06,2,0.049234453588724136,0.029895372688770294,12,12
PV-H1-MLP-NNV1-S42-F06,3,0.14727948606014252,0.02929038740694523,12,12
PV-H1-MLP-NNV1-S42-F06,4,0.024663308635354042,0.02564973197877407,12,12
PV-H1-MLP-NNV1-S42-F06,5,0.047228291630744934,0.02429233305156231,12,12
PV-H1-MLP-NNV1-S42-F06,6,0.018712814897298813,0.020960191264748573,12,12
PV-H1-MLP-NNV1-S42-F06,7,0.014840849675238132,0.019853731617331505,12,12
PV-H1-MLP-NNV1-S42-F06,8,0.06169871613383293,0.018119025975465775,12,12
PV-H1-MLP-NNV1-S42-F06,9,0.008454396389424801,0.015851767733693123,12,12
PV-H1-MLP-NNV1-S42-F06,10,0.017982197925448418,0.014752298593521118,12,12
PV-H1-MLP-NNV1-S42-F06,11,0.02732609026134014,0.013022955507040024,12,12
PV-H1-MLP-NNV1-S42-F06,12,0.014534187503159046,0.011648442596197128,12,12
PV-H1-LSTM-NNV1-S42-F06,1,1.1623008251190186,1.3161418437957764,12,12
PV-H1-LSTM-NNV1-S42-F06,2,1.144256353378296,1.2977651357650757,12,12
PV-H1-LSTM-NNV1-S42-F06,3,1.126395344734192,1.279535174369812,12,12
PV-H1-LSTM-NNV1-S42-F06,4,1.1087024211883545,1.2614266872406006,12,12
PV-H1-LSTM-NNV1-S42-F06,5,1.091156005859375,1.2434145212173462,12,12
PV-H1-LSTM-NNV1-S42-F06,6,1.0737305879592896,1.2254818677902222,12,12
PV-H1-LSTM-NNV1-S42-F06,7,1.0564011335372925,1.207611083984375,12,12
PV-H1-LSTM-NNV1-S42-F06,8,1.0391446352005005,1.1897833347320557,12,12
PV-H1-LSTM-NNV1-S42-F06,9,1.021937370300293,1.171980381011963,12,12
PV-H1-LSTM-NNV1-S42-F06,10,1.0047552585601807,1.1541850566864014,12,12
PV-H1-LSTM-NNV1-S42-F06,11,0.9875732660293579,1.1363807916641235,12,12
PV-H1-LSTM-NNV1-S42-F06,12,0.9703671932220459,1.1185499429702759,12,12
PV-H1-GRU-NNV1-S42-F06,1,1.086364507675171,1.1628179550170898,12,12
PV-H1-GRU-NNV1-S42-F06,2,1.0631077289581299,1.1407915353775024,12,12
PV-H1-GRU-NNV1-S42-F06,3,1.040061116218567,1.1189062595367432,12,12
PV-H1-GRU-NNV1-S42-F06,4,1.0172197818756104,1.0971362590789795,12,12
PV-H1-GRU-NNV1-S42-F06,5,0.9945852756500244,1.0754714012145996,12,12
PV-H1-GRU-NNV1-S42-F06,6,0.9721569418907166,1.0539007186889648,12,12
PV-H1-GRU-NNV1-S42-F06,7,0.9499315023422241,1.0324121713638306,12,12
PV-H1-GRU-NNV1-S42-F06,8,0.9279047846794128,1.0109939575195312,12,12
PV-H1-GRU-NNV1-S42-F06,9,0.9060710668563843,0.9896324276924133,12,12
PV-H1-GRU-NNV1-S42-F06,10,0.8844239115715027,0.9683130979537964,12,12
PV-H1-GRU-NNV1-S42-F06,11,0.8629550933837891,0.9470211863517761,12,12
PV-H1-GRU-NNV1-S42-F06,12,0.8416545391082764,0.9257415533065796,12,12
PV-H24-MLP-NNV1-S42-F01,1,0.1103840321302414,0.14313499629497528,10,12
PV-H24-MLP-NNV1-S42-F01,2,0.015479025430977345,0.09472047537565231,10,12
PV-H24-MLP-NNV1-S42-F01,3,0.01829449087381363,0.08476871252059937,10,12
PV-H24-MLP-NNV1-S42-F01,4,0.023296261206269264,0.07493437081575394,10,12
PV-H24-MLP-NNV1-S42-F01,5,0.02999613806605339,0.07707925140857697,10,12
PV-H24-MLP-NNV1-S42-F01,6,0.07468238472938538,0.08072470128536224,10,12
PV-H24-MLP-NNV1-S42-F01,7,0.047619737684726715,0.0711674764752388,10,12
PV-H24-MLP-NNV1-S42-F01,8,0.037630125880241394,0.07144539803266525,10,12
PV-H24-MLP-NNV1-S42-F01,9,0.14644236862659454,0.06188744679093361,10,12
PV-H24-MLP-NNV1-S42-F01,10,0.06621111929416656,0.06125394627451897,10,12
PV-H24-MLP-NNV1-S42-F01,11,0.028175991028547287,0.07258801907300949,10,12
PV-H24-MLP-NNV1-S42-F01,12,0.040923796594142914,0.06734156608581543,10,12
PV-H24-MLP-NNV1-S123-F01,1,0.15183553099632263,0.09492277354001999,11,12
PV-H24-MLP-NNV1-S123-F01,2,0.10511462390422821,0.11921115219593048,11,12
PV-H24-MLP-NNV1-S123-F01,3,0.049930524080991745,0.08632684499025345,11,12
PV-H24-MLP-NNV1-S123-F01,4,0.02039314992725849,0.07704934477806091,11,12
PV-H24-MLP-NNV1-S123-F01,5,0.03341187536716461,0.07285018265247345,11,12
PV-H24-MLP-NNV1-S123-F01,6,0.1322469562292099,0.0761677473783493,11,12
PV-H24-MLP-NNV1-S123-F01,7,0.019515184685587883,0.06772103905677795,11,12
PV-H24-MLP-NNV1-S123-F01,8,0.024234211072325706,0.06579291075468063,11,12
PV-H24-MLP-NNV1-S123-F01,9,0.09551801532506943,0.06783489882946014,11,12
PV-H24-MLP-NNV1-S123-F01,10,0.13387802243232727,0.0545535683631897,11,12
PV-H24-MLP-NNV1-S123-F01,11,0.03516586497426033,0.05266297608613968,11,12
PV-H24-MLP-NNV1-S123-F01,12,0.16687561571598053,0.0670412927865982,11,12
PV-H24-MLP-NNV1-S2020-F01,1,0.049050137400627136,0.14057283103466034,6,10
PV-H24-MLP-NNV1-S2020-F01,2,0.0362338051199913,0.06918412446975708,6,10
PV-H24-MLP-NNV1-S2020-F01,3,0.2600489854812622,0.05877608060836792,6,10
PV-H24-MLP-NNV1-S2020-F01,4,0.046215564012527466,0.0666811615228653,6,10
PV-H24-MLP-NNV1-S2020-F01,5,0.10429705679416656,0.05904082581400871,6,10
PV-H24-MLP-NNV1-S2020-F01,6,0.01830148510634899,0.05778893828392029,6,10
PV-H24-MLP-NNV1-S2020-F01,7,0.03440316021442413,0.05842199921607971,6,10
PV-H24-MLP-NNV1-S2020-F01,8,0.14111490547657013,0.05975602567195892,6,10
PV-H24-MLP-NNV1-S2020-F01,9,0.08385209739208221,0.059789735823869705,6,10
PV-H24-MLP-NNV1-S2020-F01,10,0.054836176335811615,0.06234663352370262,6,10
PV-H24-MLP-NNV1-S2025-F01,1,0.09678942710161209,0.09711308777332306,8,12
PV-H24-MLP-NNV1-S2025-F01,2,0.14364776015281677,0.08393684774637222,8,12
PV-H24-MLP-NNV1-S2025-F01,3,0.0873105376958847,0.07190172374248505,8,12
PV-H24-MLP-NNV1-S2025-F01,4,0.09031040966510773,0.07403715699911118,8,12
PV-H24-MLP-NNV1-S2025-F01,5,0.0530405268073082,0.07369118183851242,8,12
PV-H24-MLP-NNV1-S2025-F01,6,0.02272891066968441,0.06885978579521179,8,12
PV-H24-MLP-NNV1-S2025-F01,7,0.22187305986881256,0.0681808590888977,8,12
PV-H24-MLP-NNV1-S2025-F01,8,0.2508311867713928,0.06232152879238129,8,12
PV-H24-MLP-NNV1-S2025-F01,9,0.05037563294172287,0.06467896699905396,8,12
PV-H24-MLP-NNV1-S2025-F01,10,0.05581432953476906,0.0859721302986145,8,12
PV-H24-MLP-NNV1-S2025-F01,11,0.15665215253829956,0.07337067276239395,8,12
PV-H24-MLP-NNV1-S2025-F01,12,0.1602843701839447,0.06749075651168823,8,12
PV-H24-MLP-NNV1-S31415-F01,1,0.20246605575084686,0.17799314856529236,6,10
PV-H24-MLP-NNV1-S31415-F01,2,0.02348731830716133,0.09608619660139084,6,10
PV-H24-MLP-NNV1-S31415-F01,3,0.04539438337087631,0.07498113811016083,6,10
PV-H24-MLP-NNV1-S31415-F01,4,0.017835620790719986,0.06939884275197983,6,10
PV-H24-MLP-NNV1-S31415-F01,5,0.10760585963726044,0.06445727497339249,6,10
PV-H24-MLP-NNV1-S31415-F01,6,0.017506400123238564,0.059633199125528336,6,10
PV-H24-MLP-NNV1-S31415-F01,7,0.01399143971502781,0.06144118309020996,6,10
PV-H24-MLP-NNV1-S31415-F01,8,0.03392644599080086,0.06300373375415802,6,10
PV-H24-MLP-NNV1-S31415-F01,9,0.14179304242134094,0.07177265733480453,6,10
PV-H24-MLP-NNV1-S31415-F01,10,0.003511779010295868,0.06520138680934906,6,10
PV-H24-LSTM-NNV1-S42-F01,1,1.1086723804473877,1.2918998003005981,12,12
PV-H24-LSTM-NNV1-S42-F01,2,1.0909068584442139,1.2722828388214111,12,12
PV-H24-LSTM-NNV1-S42-F01,3,1.0732736587524414,1.252663493156433,12,12
PV-H24-LSTM-NNV1-S42-F01,4,1.0557520389556885,1.233012318611145,12,12
PV-H24-LSTM-NNV1-S42-F01,5,1.038313388824463,1.2133071422576904,12,12
PV-H24-LSTM-NNV1-S42-F01,6,1.0209295749664307,1.1935197114944458,12,12
PV-H24-LSTM-NNV1-S42-F01,7,1.0035748481750488,1.173618197441101,12,12
PV-H24-LSTM-NNV1-S42-F01,8,0.9862229824066162,1.1535723209381104,12,12
PV-H24-LSTM-NNV1-S42-F01,9,0.9688485264778137,1.1333531141281128,12,12
PV-H24-LSTM-NNV1-S42-F01,10,0.9514265656471252,1.1129318475723267,12,12
PV-H24-LSTM-NNV1-S42-F01,11,0.9339314103126526,1.0922807455062866,12,12
PV-H24-LSTM-NNV1-S42-F01,12,0.9163373708724976,1.0713717937469482,12,12
PV-H24-LSTM-NNV1-S123-F01,1,0.9700186848640442,1.1784933805465698,12,12
PV-H24-LSTM-NNV1-S123-F01,2,0.9563478827476501,1.1630948781967163,12,12
PV-H24-LSTM-NNV1-S123-F01,3,0.9427273869514465,1.147321105003357,12,12
PV-H24-LSTM-NNV1-S123-F01,4,0.9291303753852844,1.1313551664352417,12,12
PV-H24-LSTM-NNV1-S123-F01,5,0.9155297875404358,1.115270733833313,12,12
PV-H24-LSTM-NNV1-S123-F01,6,0.9019045233726501,1.0990817546844482,12,12
PV-H24-LSTM-NNV1-S123-F01,7,0.8882359266281128,1.0827875137329102,12,12
PV-H24-LSTM-NNV1-S123-F01,8,0.8745038509368896,1.0663806200027466,12,12
PV-H24-LSTM-NNV1-S123-F01,9,0.8606860041618347,1.0498477220535278,12,12
PV-H24-LSTM-NNV1-S123-F01,10,0.8467578887939453,1.03317129611969,12,12
PV-H24-LSTM-NNV1-S123-F01,11,0.8326941728591919,1.0163296461105347,12,12
PV-H24-LSTM-NNV1-S123-F01,12,0.8184686303138733,0.9992989897727966,12,12
PV-H24-LSTM-NNV1-S2020-F01,1,1.21725332736969,1.464704990386963,12,12
PV-H24-LSTM-NNV1-S2020-F01,2,1.2003027200698853,1.4439319372177124,12,12
PV-H24-LSTM-NNV1-S2020-F01,3,1.1837366819381714,1.4235892295837402,12,12
PV-H24-LSTM-NNV1-S2020-F01,4,1.1675255298614502,1.4036458730697632,12,12
PV-H24-LSTM-NNV1-S2020-F01,5,1.1516371965408325,1.3840725421905518,12,12
PV-H24-LSTM-NNV1-S2020-F01,6,1.1360399723052979,1.3648393154144287,12,12
PV-H24-LSTM-NNV1-S2020-F01,7,1.1207022666931152,1.3459172248840332,12,12
PV-H24-LSTM-NNV1-S2020-F01,8,1.1055911779403687,1.3272720575332642,12,12
PV-H24-LSTM-NNV1-S2020-F01,9,1.0906715393066406,1.3088634014129639,12,12
PV-H24-LSTM-NNV1-S2020-F01,10,1.0759060382843018,1.2906501293182373,12,12
PV-H24-LSTM-NNV1-S2020-F01,11,1.0612573623657227,1.2725920677185059,12,12
PV-H24-LSTM-NNV1-S2020-F01,12,1.0466880798339844,1.254649043083191,12,12
PV-H24-LSTM-NNV1-S2025-F01,1,0.863923966884613,1.0175597667694092,12,12
PV-H24-LSTM-NNV1-S2025-F01,2,0.8507065176963806,1.0020647048950195,12,12
PV-H24-LSTM-NNV1-S2025-F01,3,0.8376204967498779,0.9866684675216675,12,12
PV-H24-LSTM-NNV1-S2025-F01,4,0.8246532678604126,0.9713491201400757,12,12
PV-H24-LSTM-NNV1-S2025-F01,5,0.8117870688438416,0.9560821652412415,12,12
PV-H24-LSTM-NNV1-S2025-F01,6,0.7989987134933472,0.940843939781189,12,12
PV-H24-LSTM-NNV1-S2025-F01,7,0.7862633466720581,0.9256110191345215,12,12
PV-H24-LSTM-NNV1-S2025-F01,8,0.7735579609870911,0.9103590846061707,12,12
PV-H24-LSTM-NNV1-S2025-F01,9,0.7608615159988403,0.8950643539428711,12,12
PV-H24-LSTM-NNV1-S2025-F01,10,0.748153567314148,0.8797030448913574,12,12
PV-H24-LSTM-NNV1-S2025-F01,11,0.7354141473770142,0.8642529249191284,12,12
PV-H24-LSTM-NNV1-S2025-F01,12,0.7226231694221497,0.8486925363540649,12,12
PV-H24-LSTM-NNV1-S31415-F01,1,1.145339846611023,1.3722851276397705,12,12
PV-H24-LSTM-NNV1-S31415-F01,2,1.1292636394500732,1.3535155057907104,12,12
PV-H24-LSTM-NNV1-S31415-F01,3,1.1133805513381958,1.3349028825759888,12,12
PV-H24-LSTM-NNV1-S31415-F01,4,1.0976616144180298,1.3163982629776,12,12
PV-H24-LSTM-NNV1-S31415-F01,5,1.082081913948059,1.2979557514190674,12,12
PV-H24-LSTM-NNV1-S31415-F01,6,1.0666126012802124,1.2795343399047852,12,12
PV-H24-LSTM-NNV1-S31415-F01,7,1.0512211322784424,1.2610983848571777,12,12
PV-H24-LSTM-NNV1-S31415-F01,8,1.035873532295227,1.2426185607910156,12,12
PV-H24-LSTM-NNV1-S31415-F01,9,1.020538091659546,1.2240673303604126,12,12
PV-H24-LSTM-NNV1-S31415-F01,10,1.005184531211853,1.205417513847351,12,12
PV-H24-LSTM-NNV1-S31415-F01,11,0.9897837042808533,1.1866415739059448,12,12
PV-H24-LSTM-NNV1-S31415-F01,12,0.9743072390556335,1.1677112579345703,12,12
PV-H24-GRU-NNV1-S42-F01,1,1.0501346588134766,1.282858967781067,12,12
PV-H24-GRU-NNV1-S42-F01,2,1.0263783931732178,1.2525510787963867,12,12
PV-H24-GRU-NNV1-S42-F01,3,1.0029220581054688,1.2224531173706055,12,12
PV-H24-GRU-NNV1-S42-F01,4,0.9797698259353638,1.1925657987594604,12,12
PV-H24-GRU-NNV1-S42-F01,5,0.9569247364997864,1.1628888845443726,12,12
PV-H24-GRU-NNV1-S42-F01,6,0.9343889951705933,1.1334253549575806,12,12
PV-H24-GRU-NNV1-S42-F01,7,0.9121631979942322,1.1041781902313232,12,12
PV-H24-GRU-NNV1-S42-F01,8,0.8902454376220703,1.075149655342102,12,12
PV-H24-GRU-NNV1-S42-F01,9,0.8686301112174988,1.0463411808013916,12,12
PV-H24-GRU-NNV1-S42-F01,10,0.8473067879676819,1.0177536010742188,12,12
PV-H24-GRU-NNV1-S42-F01,11,0.8262599110603333,0.989387035369873,12,12
PV-H24-GRU-NNV1-S42-F01,12,0.8054679036140442,0.9612407684326172,12,12
PV-H24-GRU-NNV1-S123-F01,1,1.0372090339660645,1.2130603790283203,12,12
PV-H24-GRU-NNV1-S123-F01,2,1.0104750394821167,1.1905388832092285,12,12
PV-H24-GRU-NNV1-S123-F01,3,0.9847841858863831,1.1686937808990479,12,12
PV-H24-GRU-NNV1-S123-F01,4,0.960087776184082,1.1474419832229614,12,12
PV-H24-GRU-NNV1-S123-F01,5,0.9363290071487427,1.126678228378296,12,12
PV-H24-GRU-NNV1-S123-F01,6,0.9134406447410583,1.1063063144683838,12,12
PV-H24-GRU-NNV1-S123-F01,7,0.891350507736206,1.086261510848999,12,12
PV-H24-GRU-NNV1-S123-F01,8,0.8699889779090881,1.0665009021759033,12,12
PV-H24-GRU-NNV1-S123-F01,9,0.8492943644523621,1.0469862222671509,12,12
PV-H24-GRU-NNV1-S123-F01,10,0.8292105197906494,1.027673602104187,12,12
PV-H24-GRU-NNV1-S123-F01,11,0.8096840977668762,1.0085117816925049,12,12
PV-H24-GRU-NNV1-S123-F01,12,0.7906622886657715,0.9894433617591858,12,12
PV-H24-GRU-NNV1-S2020-F01,1,0.8929294943809509,1.029942512512207,12,12
PV-H24-GRU-NNV1-S2020-F01,2,0.8700592517852783,1.0062787532806396,12,12
PV-H24-GRU-NNV1-S2020-F01,3,0.8478679656982422,0.9830578565597534,12,12
PV-H24-GRU-NNV1-S2020-F01,4,0.8263431787490845,0.9602645635604858,12,12
PV-H24-GRU-NNV1-S2020-F01,5,0.8054672479629517,0.937879204750061,12,12
PV-H24-GRU-NNV1-S2020-F01,6,0.785219132900238,0.9158754944801331,12,12
PV-H24-GRU-NNV1-S2020-F01,7,0.765573263168335,0.8942217826843262,12,12
PV-H24-GRU-NNV1-S2020-F01,8,0.7464982867240906,0.8728851079940796,12,12
PV-H24-GRU-NNV1-S2020-F01,9,0.7279578447341919,0.8518319725990295,12,12
PV-H24-GRU-NNV1-S2020-F01,10,0.7099104523658752,0.8310287594795227,12,12
PV-H24-GRU-NNV1-S2020-F01,11,0.6923102140426636,0.810441792011261,12,12
PV-H24-GRU-NNV1-S2020-F01,12,0.6751076579093933,0.7900367975234985,12,12
PV-H24-GRU-NNV1-S2025-F01,1,0.865803599357605,0.9999695420265198,12,12
PV-H24-GRU-NNV1-S2025-F01,2,0.8426573872566223,0.9743003845214844,12,12
PV-H24-GRU-NNV1-S2025-F01,3,0.8200646042823792,0.9490169882774353,12,12
PV-H24-GRU-NNV1-S2025-F01,4,0.798012375831604,0.9241034984588623,12,12
PV-H24-GRU-NNV1-S2025-F01,5,0.7764859795570374,0.8995401263237,12,12
PV-H24-GRU-NNV1-S2025-F01,6,0.755465567111969,0.8753098249435425,12,12
PV-H24-GRU-NNV1-S2025-F01,7,0.7349289655685425,0.8513938784599304,12,12
PV-H24-GRU-NNV1-S2025-F01,8,0.714851438999176,0.8277710676193237,12,12
PV-H24-GRU-NNV1-S2025-F01,9,0.6952046751976013,0.8044164180755615,12,12
PV-H24-GRU-NNV1-S2025-F01,10,0.675955593585968,0.7813025712966919,12,12
PV-H24-GRU-NNV1-S2025-F01,11,0.6570665240287781,0.7584015727043152,12,12
PV-H24-GRU-NNV1-S2025-F01,12,0.6384953260421753,0.7356852293014526,12,12
PV-H24-GRU-NNV1-S31415-F01,1,1.0843069553375244,1.2399940490722656,12,12
PV-H24-GRU-NNV1-S31415-F01,2,1.0594007968902588,1.209479808807373,12,12
PV-H24-GRU-NNV1-S31415-F01,3,1.0348643064498901,1.1795086860656738,12,12
PV-H24-GRU-NNV1-S31415-F01,4,1.010682225227356,1.1500866413116455,12,12
PV-H24-GRU-NNV1-S31415-F01,5,0.9868353605270386,1.1211867332458496,12,12
PV-H24-GRU-NNV1-S31415-F01,6,0.9632945656776428,1.0927766561508179,12,12
PV-H24-GRU-NNV1-S31415-F01,7,0.9400277733802795,1.0648199319839478,12,12
PV-H24-GRU-NNV1-S31415-F01,8,0.9170053005218506,1.03727388381958,12,12
PV-H24-GRU-NNV1-S31415-F01,9,0.8942016959190369,1.0100966691970825,12,12
PV-H24-GRU-NNV1-S31415-F01,10,0.871595561504364,0.9832475185394287,12,12
PV-H24-GRU-NNV1-S31415-F01,11,0.8491680026054382,0.9566881060600281,12,12
PV-H24-GRU-NNV1-S31415-F01,12,0.8269023895263672,0.9303810000419617,12,12
PV-H24-MLP-NNV1-S42-F02,1,0.10175978392362595,0.0978211835026741,6,10
PV-H24-MLP-NNV1-S42-F02,2,0.1373504400253296,0.0769081711769104,6,10
PV-H24-MLP-NNV1-S42-F02,3,0.10022064298391342,0.07611176371574402,6,10
PV-H24-MLP-NNV1-S42-F02,4,0.08534140884876251,0.08732028305530548,6,10
PV-H24-MLP-NNV1-S42-F02,5,0.05541331693530083,0.08594480156898499,6,10
PV-H24-MLP-NNV1-S42-F02,6,0.036231402307748795,0.0734490230679512,6,10
PV-H24-MLP-NNV1-S42-F02,7,0.05657660961151123,0.08446601033210754,6,10
PV-H24-MLP-NNV1-S42-F02,8,0.052522528916597366,0.09551867097616196,6,10
PV-H24-MLP-NNV1-S42-F02,9,0.06478923559188843,0.09337861835956573,6,10
PV-H24-MLP-NNV1-S42-F02,10,0.0793682262301445,0.10650864988565445,6,10
PV-H24-MLP-NNV1-S123-F02,1,0.07521102577447891,0.10285806655883789,7,11
PV-H24-MLP-NNV1-S123-F02,2,0.04559097811579704,0.09453237801790237,7,11
PV-H24-MLP-NNV1-S123-F02,3,0.06732579320669174,0.09239470958709717,7,11
PV-H24-MLP-NNV1-S123-F02,4,0.03183232247829437,0.09299321472644806,7,11
PV-H24-MLP-NNV1-S123-F02,5,0.10991687327623367,0.09744558483362198,7,11
PV-H24-MLP-NNV1-S123-F02,6,0.07656193524599075,0.08208049833774567,7,11
PV-H24-MLP-NNV1-S123-F02,7,0.044603537768125534,0.07778254896402359,7,11
PV-H24-MLP-NNV1-S123-F02,8,0.04301966354250908,0.08051898330450058,7,11
PV-H24-MLP-NNV1-S123-F02,9,0.035711560398340225,0.10269399732351303,7,11
PV-H24-MLP-NNV1-S123-F02,10,0.06597644090652466,0.09019086509943008,7,11
PV-H24-MLP-NNV1-S123-F02,11,0.05334978923201561,0.08015234768390656,7,11
PV-H24-MLP-NNV1-S2020-F02,1,0.06932540237903595,0.09707804769277573,3,7
PV-H24-MLP-NNV1-S2020-F02,2,0.0751216858625412,0.07504317909479141,3,7
PV-H24-MLP-NNV1-S2020-F02,3,0.055390652269124985,0.0687752366065979,3,7
PV-H24-MLP-NNV1-S2020-F02,4,0.032945841550827026,0.08561405539512634,3,7
PV-H24-MLP-NNV1-S2020-F02,5,0.06252863258123398,0.08009267598390579,3,7
PV-H24-MLP-NNV1-S2020-F02,6,0.04351070523262024,0.08131895214319229,3,7
PV-H24-MLP-NNV1-S2020-F02,7,0.034518688917160034,0.07564350962638855,3,7
PV-H24-MLP-NNV1-S2025-F02,1,0.07641807943582535,0.09235955029726028,3,7
PV-H24-MLP-NNV1-S2025-F02,2,0.05349688231945038,0.07268032431602478,3,7
PV-H24-MLP-NNV1-S2025-F02,3,0.09427575021982193,0.07024706900119781,3,7
PV-H24-MLP-NNV1-S2025-F02,4,0.07432583719491959,0.07495279610157013,3,7
PV-H24-MLP-NNV1-S2025-F02,5,0.06085851788520813,0.07207256555557251,3,7
PV-H24-MLP-NNV1-S2025-F02,6,0.06512206792831421,0.07913601398468018,3,7
PV-H24-MLP-NNV1-S2025-F02,7,0.07735375314950943,0.08524512499570847,3,7
PV-H24-MLP-NNV1-S31415-F02,1,0.09827534109354019,0.08794504404067993,2,6
PV-H24-MLP-NNV1-S31415-F02,2,0.12314684689044952,0.07449474930763245,2,6
PV-H24-MLP-NNV1-S31415-F02,3,0.07512374222278595,0.07492261379957199,2,6
PV-H24-MLP-NNV1-S31415-F02,4,0.10359837114810944,0.07685698568820953,2,6
PV-H24-MLP-NNV1-S31415-F02,5,0.06469555199146271,0.07546085119247437,2,6
PV-H24-MLP-NNV1-S31415-F02,6,0.046146560460329056,0.07911130785942078,2,6
PV-H24-LSTM-NNV1-S42-F02,1,1.1324824094772339,1.086164951324463,12,12
PV-H24-LSTM-NNV1-S42-F02,2,1.1142299175262451,1.0690668821334839,12,12
PV-H24-LSTM-NNV1-S42-F02,3,1.0960983037948608,1.0520150661468506,12,12
PV-H24-LSTM-NNV1-S42-F02,4,1.0780653953552246,1.034969687461853,12,12
PV-H24-LSTM-NNV1-S42-F02,5,1.0601001977920532,1.017916202545166,12,12
PV-H24-LSTM-NNV1-S42-F02,6,1.0421749353408813,1.000846266746521,12,12
PV-H24-LSTM-NNV1-S42-F02,7,1.0242680311203003,0.9837456345558167,12,12
PV-H24-LSTM-NNV1-S42-F02,8,1.0063587427139282,0.9665948748588562,12,12
PV-H24-LSTM-NNV1-S42-F02,9,0.9884242415428162,0.9493723511695862,12,12
PV-H24-LSTM-NNV1-S42-F02,10,0.9704404473304749,0.9320558905601501,12,12
PV-H24-LSTM-NNV1-S42-F02,11,0.9523817896842957,0.9146238565444946,12,12
PV-H24-LSTM-NNV1-S42-F02,12,0.9342221617698669,0.8970550298690796,12,12
PV-H24-LSTM-NNV1-S123-F02,1,0.9977636933326721,1.0098607540130615,12,12
PV-H24-LSTM-NNV1-S123-F02,2,0.9836077094078064,0.9948079586029053,12,12
PV-H24-LSTM-NNV1-S123-F02,3,0.9694902300834656,0.9797966480255127,12,12
PV-H24-LSTM-NNV1-S123-F02,4,0.9553974866867065,0.9648187756538391,12,12
PV-H24-LSTM-NNV1-S123-F02,5,0.9413126111030579,0.9498597383499146,12,12
PV-H24-LSTM-NNV1-S123-F02,6,0.9272153377532959,0.934898853302002,12,12
PV-H24-LSTM-NNV1-S123-F02,7,0.9130825400352478,0.9199115037918091,12,12
PV-H24-LSTM-NNV1-S123-F02,8,0.8988907337188721,0.9048739075660706,12,12
PV-H24-LSTM-NNV1-S123-F02,9,0.8846149444580078,0.8897647857666016,12,12
PV-H24-LSTM-NNV1-S123-F02,10,0.8702288866043091,0.8745635747909546,12,12
PV-H24-LSTM-NNV1-S123-F02,11,0.8557047247886658,0.8592507839202881,12,12
PV-H24-LSTM-NNV1-S123-F02,12,0.8410148024559021,0.8438053131103516,12,12
PV-H24-LSTM-NNV1-S2020-F02,1,1.243901014328003,1.2468417882919312,12,12
PV-H24-LSTM-NNV1-S2020-F02,2,1.2267208099365234,1.2292060852050781,12,12
PV-H24-LSTM-NNV1-S2020-F02,3,1.2098995447158813,1.2119293212890625,12,12
PV-H24-LSTM-NNV1-S2020-F02,4,1.193411111831665,1.194982886314392,12,12
PV-H24-LSTM-NNV1-S2020-F02,5,1.1772277355194092,1.1783456802368164,12,12
PV-H24-LSTM-NNV1-S2020-F02,6,1.1613198518753052,1.1619970798492432,12,12
PV-H24-LSTM-NNV1-S2020-F02,7,1.145656943321228,1.1459126472473145,12,12
PV-H24-LSTM-NNV1-S2020-F02,8,1.1302063465118408,1.1300628185272217,12,12
PV-H24-LSTM-NNV1-S2020-F02,9,1.1149338483810425,1.114415168762207,12,12
PV-H24-LSTM-NNV1-S2020-F02,10,1.099805474281311,1.0989352464675903,12,12
PV-H24-LSTM-NNV1-S2020-F02,11,1.084786295890808,1.0835881233215332,12,12
PV-H24-LSTM-NNV1-S2020-F02,12,1.0698410272598267,1.0683377981185913,12,12
PV-H24-LSTM-NNV1-S2025-F02,1,0.8784026503562927,0.8773851990699768,12,12
PV-H24-LSTM-NNV1-S2025-F02,2,0.8649798631668091,0.8626989126205444,12,12
PV-H24-LSTM-NNV1-S2025-F02,3,0.851690948009491,0.8481502532958984,12,12
PV-H24-LSTM-NNV1-S2025-F02,4,0.8385146856307983,0.8337054252624512,12,12
PV-H24-LSTM-NNV1-S2025-F02,5,0.8254261612892151,0.8193405866622925,12,12
PV-H24-LSTM-NNV1-S2025-F02,6,0.8123981952667236,0.8050286769866943,12,12
PV-H24-LSTM-NNV1-S2025-F02,7,0.7994056344032288,0.7907437682151794,12,12
PV-H24-LSTM-NNV1-S2025-F02,8,0.7864254713058472,0.7764638662338257,12,12
PV-H24-LSTM-NNV1-S2025-F02,9,0.7734357714653015,0.7621709108352661,12,12
PV-H24-LSTM-NNV1-S2025-F02,10,0.7604164481163025,0.7478473782539368,12,12
PV-H24-LSTM-NNV1-S2025-F02,11,0.7473481297492981,0.7334761619567871,12,12
PV-H24-LSTM-NNV1-S2025-F02,12,0.7342116832733154,0.7190399169921875,12,12
PV-H24-LSTM-NNV1-S31415-F02,1,1.1682767868041992,1.1683263778686523,12,12
PV-H24-LSTM-NNV1-S31415-F02,2,1.1520432233810425,1.1517596244812012,12,12
PV-H24-LSTM-NNV1-S31415-F02,3,1.1359927654266357,1.1353788375854492,12,12
PV-H24-LSTM-NNV1-S31415-F02,4,1.120102882385254,1.1191587448120117,12,12
PV-H24-LSTM-NNV1-S31415-F02,5,1.1043410301208496,1.1030676364898682,12,12
PV-H24-LSTM-NNV1-S31415-F02,6,1.088671088218689,1.0870726108551025,12,12
PV-H24-LSTM-NNV1-S31415-F02,7,1.0730581283569336,1.071143627166748,12,12
PV-H24-LSTM-NNV1-S31415-F02,8,1.0574713945388794,1.0552533864974976,12,12
PV-H24-LSTM-NNV1-S31415-F02,9,1.041881799697876,1.0393749475479126,12,12
PV-H24-LSTM-NNV1-S31415-F02,10,1.0262600183486938,1.0234822034835815,12,12
PV-H24-LSTM-NNV1-S31415-F02,11,1.0105781555175781,1.007550597190857,12,12
PV-H24-LSTM-NNV1-S31415-F02,12,0.9948080778121948,0.9915561079978943,12,12
PV-H24-GRU-NNV1-S42-F02,1,1.0737372636795044,1.0723329782485962,12,12
PV-H24-GRU-NNV1-S42-F02,2,1.0494946241378784,1.0456773042678833,12,12
PV-H24-GRU-NNV1-S42-F02,3,1.0254857540130615,1.019288182258606,12,12
PV-H24-GRU-NNV1-S42-F02,4,1.001711130142212,0.9931630492210388,12,12
PV-H24-GRU-NNV1-S42-F02,5,0.9781728386878967,0.967303454875946,12,12
PV-H24-GRU-NNV1-S42-F02,6,0.9548719525337219,0.9417121410369873,12,12
PV-H24-GRU-NNV1-S42-F02,7,0.9318074584007263,0.9163909554481506,12,12
PV-H24-GRU-NNV1-S42-F02,8,0.9089768528938293,0.8913424611091614,12,12
PV-H24-GRU-NNV1-S42-F02,9,0.886376142501831,0.8665714263916016,12,12
PV-H24-GRU-NNV1-S42-F02,10,0.8639999032020569,0.8420815467834473,12,12
PV-H24-GRU-NNV1-S42-F02,11,0.841840922832489,0.8178749680519104,12,12
PV-H24-GRU-NNV1-S42-F02,12,0.8198893666267395,0.7939513325691223,12,12
PV-H24-GRU-NNV1-S123-F02,1,1.0673120021820068,1.0103145837783813,12,12
PV-H24-GRU-NNV1-S123-F02,2,1.0406115055084229,0.9905272126197815,12,12
PV-H24-GRU-NNV1-S123-F02,3,1.0148838758468628,0.9711100459098816,12,12
PV-H24-GRU-NNV1-S123-F02,4,0.9900630712509155,0.9519800543785095,12,12
PV-H24-GRU-NNV1-S123-F02,5,0.9660664200782776,0.9331461787223816,12,12
PV-H24-GRU-NNV1-S123-F02,6,0.9428307414054871,0.9146003127098083,12,12
PV-H24-GRU-NNV1-S123-F02,7,0.9203040599822998,0.8963137269020081,12,12
PV-H24-GRU-NNV1-S123-F02,8,0.8984366655349731,0.878246545791626,12,12
PV-H24-GRU-NNV1-S123-F02,9,0.8771777153015137,0.860352098941803,12,12
PV-H24-GRU-NNV1-S123-F02,10,0.8564751744270325,0.8425801396369934,12,12
PV-H24-GRU-NNV1-S123-F02,11,0.8362752795219421,0.8248791098594666,12,12
PV-H24-GRU-NNV1-S123-F02,12,0.8165229558944702,0.8071997761726379,12,12
PV-H24-GRU-NNV1-S2020-F02,1,0.9141533970832825,0.8443334698677063,12,12
PV-H24-GRU-NNV1-S2020-F02,2,0.8904228210449219,0.8238009810447693,12,12
PV-H24-GRU-NNV1-S2020-F02,3,0.8673151731491089,0.8035840392112732,12,12
PV-H24-GRU-NNV1-S2020-F02,4,0.84482342004776,0.7836750149726868,12,12
PV-H24-GRU-NNV1-S2020-F02,5,0.822934627532959,0.7640628814697266,12,12
PV-H24-GRU-NNV1-S2020-F02,6,0.8016318678855896,0.7447351813316345,12,12
PV-H24-GRU-NNV1-S2020-F02,7,0.7808941006660461,0.7256767153739929,12,12
PV-H24-GRU-NNV1-S2020-F02,8,0.7606972455978394,0.7068712711334229,12,12
PV-H24-GRU-NNV1-S2020-F02,9,0.7410140633583069,0.6883023381233215,12,12
PV-H24-GRU-NNV1-S2020-F02,10,0.721813976764679,0.6699538230895996,12,12
PV-H24-GRU-NNV1-S2020-F02,11,0.7030633687973022,0.6518113613128662,12,12
PV-H24-GRU-NNV1-S2020-F02,12,0.6847267746925354,0.6338626146316528,12,12
PV-H24-GRU-NNV1-S2025-F02,1,0.8858709335327148,0.8350775241851807,12,12
PV-H24-GRU-NNV1-S2025-F02,2,0.8617304563522339,0.8129257559776306,12,12
PV-H24-GRU-NNV1-S2025-F02,3,0.8381190299987793,0.7911076545715332,12,12
PV-H24-GRU-NNV1-S2025-F02,4,0.8150181174278259,0.7696011066436768,12,12
PV-H24-GRU-NNV1-S2025-F02,5,0.792413055896759,0.7483882308006287,12,12
PV-H24-GRU-NNV1-S2025-F02,6,0.7702860832214355,0.7274508476257324,12,12
PV-H24-GRU-NNV1-S2025-F02,7,0.7486159801483154,0.7067705988883972,12,12
PV-H24-GRU-NNV1-S2025-F02,8,0.7273808717727661,0.6863288283348083,12,12
PV-H24-GRU-NNV1-S2025-F02,9,0.7065592408180237,0.6661074757575989,12,12
PV-H24-GRU-NNV1-S2025-F02,10,0.6861289143562317,0.6460883617401123,12,12
PV-H24-GRU-NNV1-S2025-F02,11,0.6660657525062561,0.6262544989585876,12,12
PV-H24-GRU-NNV1-S2025-F02,12,0.6463432908058167,0.6065914034843445,12,12
PV-H24-GRU-NNV1-S31415-F02,1,1.1036046743392944,1.0768083333969116,12,12
PV-H24-GRU-NNV1-S31415-F02,2,1.077734351158142,1.0486962795257568,12,12
PV-H24-GRU-NNV1-S31415-F02,3,1.0522737503051758,1.02118980884552,12,12
PV-H24-GRU-NNV1-S31415-F02,4,1.0271899700164795,0.9942830204963684,12,12
PV-H24-GRU-NNV1-S31415-F02,5,1.0024611949920654,0.9679491519927979,12,12
PV-H24-GRU-NNV1-S31415-F02,6,0.9780623316764832,0.9421526789665222,12,12
PV-H24-GRU-NNV1-S31415-F02,7,0.9539624452590942,0.9168500900268555,12,12
PV-H24-GRU-NNV1-S31415-F02,8,0.9301320910453796,0.8919961452484131,12,12
PV-H24-GRU-NNV1-S31415-F02,9,0.9065453410148621,0.8675464987754822,12,12
PV-H24-GRU-NNV1-S31415-F02,10,0.8831782937049866,0.8434585332870483,12,12
PV-H24-GRU-NNV1-S31415-F02,11,0.8600091338157654,0.8196923136711121,12,12
PV-H24-GRU-NNV1-S31415-F02,12,0.8370176553726196,0.7962108254432678,12,12
PV-H24-MLP-NNV1-S42-F03,1,0.07715629786252975,0.08433401584625244,2,6
PV-H24-MLP-NNV1-S42-F03,2,0.06815893948078156,0.04914873465895653,2,6
PV-H24-MLP-NNV1-S42-F03,3,0.08986475318670273,0.05110440030694008,2,6
PV-H24-MLP-NNV1-S42-F03,4,0.07733054459095001,0.05206606909632683,2,6
PV-H24-MLP-NNV1-S42-F03,5,0.09084687381982803,0.05301273241639137,2,6
PV-H24-MLP-NNV1-S42-F03,6,0.049542929977178574,0.05866823345422745,2,6
PV-H24-MLP-NNV1-S123-F03,1,0.10483357310295105,0.08713322877883911,11,12
PV-H24-MLP-NNV1-S123-F03,2,0.05803367868065834,0.06872819364070892,11,12
PV-H24-MLP-NNV1-S123-F03,3,0.15615485608577728,0.055974628776311874,11,12
PV-H24-MLP-NNV1-S123-F03,4,0.07210090011358261,0.055692099034786224,11,12
PV-H24-MLP-NNV1-S123-F03,5,0.03712276369333267,0.05797217786312103,11,12
PV-H24-MLP-NNV1-S123-F03,6,0.02226240001618862,0.04838697612285614,11,12
PV-H24-MLP-NNV1-S123-F03,7,0.05600709468126297,0.051443785429000854,11,12
PV-H24-MLP-NNV1-S123-F03,8,0.037814151495695114,0.047827739268541336,11,12
PV-H24-MLP-NNV1-S123-F03,9,0.04204651340842247,0.052025072276592255,11,12
PV-H24-MLP-NNV1-S123-F03,10,0.040840525180101395,0.049611423164606094,11,12
PV-H24-MLP-NNV1-S123-F03,11,0.029478615149855614,0.0458887554705143,11,12
PV-H24-MLP-NNV1-S123-F03,12,0.03380518779158592,0.0495460107922554,11,12
PV-H24-MLP-NNV1-S2020-F03,1,0.17593395709991455,0.07725588232278824,8,12
PV-H24-MLP-NNV1-S2020-F03,2,0.09886834025382996,0.041283559054136276,8,12
PV-H24-MLP-NNV1-S2020-F03,3,0.10021153837442398,0.0424356684088707,8,12
PV-H24-MLP-NNV1-S2020-F03,4,0.12049251049757004,0.03988941013813019,8,12
PV-H24-MLP-NNV1-S2020-F03,5,0.05484526604413986,0.041466183960437775,8,12
PV-H24-MLP-NNV1-S2020-F03,6,0.03356766328215599,0.04012085124850273,8,12
PV-H24-MLP-NNV1-S2020-F03,7,0.05164168030023575,0.038154032081365585,8,12
PV-H24-MLP-NNV1-S2020-F03,8,0.03256889060139656,0.03740205615758896,8,12
PV-H24-MLP-NNV1-S2020-F03,9,0.042774371802806854,0.04331902042031288,8,12
PV-H24-MLP-NNV1-S2020-F03,10,0.032296545803546906,0.04141521081328392,8,12
PV-H24-MLP-NNV1-S2020-F03,11,0.06197674944996834,0.03846345096826553,8,12
PV-H24-MLP-NNV1-S2020-F03,12,0.054171349853277206,0.04002727195620537,8,12
PV-H24-MLP-NNV1-S2025-F03,1,0.05777591094374657,0.046483077108860016,3,7
PV-H24-MLP-NNV1-S2025-F03,2,0.06607715785503387,0.04107077047228813,3,7
PV-H24-MLP-NNV1-S2025-F03,3,0.050125621259212494,0.040868669748306274,3,7
PV-H24-MLP-NNV1-S2025-F03,4,0.06541518121957779,0.055748872458934784,3,7
PV-H24-MLP-NNV1-S2025-F03,5,0.038886625319719315,0.049926601350307465,3,7
PV-H24-MLP-NNV1-S2025-F03,6,0.06919270753860474,0.04342905431985855,3,7
PV-H24-MLP-NNV1-S2025-F03,7,0.03335080295801163,0.04426680877804756,3,7
PV-H24-MLP-NNV1-S31415-F03,1,0.04151018708944321,0.030081940814852715,2,6
PV-H24-MLP-NNV1-S31415-F03,2,0.06592761725187302,0.029957285150885582,2,6
PV-H24-MLP-NNV1-S31415-F03,3,0.057245030999183655,0.037147603929042816,2,6
PV-H24-MLP-NNV1-S31415-F03,4,0.05040869861841202,0.03642221540212631,2,6
PV-H24-MLP-NNV1-S31415-F03,5,0.04607539251446724,0.037997931241989136,2,6
PV-H24-MLP-NNV1-S31415-F03,6,0.08938708156347275,0.042315952479839325,2,6
PV-H24-LSTM-NNV1-S42-F03,1,1.1414982080459595,1.042589783668518,12,12
PV-H24-LSTM-NNV1-S42-F03,2,1.1231637001037598,1.02565598487854,12,12
PV-H24-LSTM-NNV1-S42-F03,3,1.1049513816833496,1.0087590217590332,12,12
PV-H24-LSTM-NNV1-S42-F03,4,1.0868362188339233,0.9918766021728516,12,12
PV-H24-LSTM-NNV1-S42-F03,5,1.0687912702560425,0.9749924540519714,12,12
PV-H24-LSTM-NNV1-S42-F03,6,1.0507919788360596,0.9580941200256348,12,12
PV-H24-LSTM-NNV1-S42-F03,7,1.0328179597854614,0.9411686658859253,12,12
PV-H24-LSTM-NNV1-S42-F03,8,1.0148497819900513,0.9241999387741089,12,12
PV-H24-LSTM-NNV1-S42-F03,9,0.9968666434288025,0.9071694016456604,12,12
PV-H24-LSTM-NNV1-S42-F03,10,0.9788457155227661,0.8900567889213562,12,12
PV-H24-LSTM-NNV1-S42-F03,11,0.9607629179954529,0.872840940952301,12,12
PV-H24-LSTM-NNV1-S42-F03,12,0.9425929188728333,0.8555005788803101,12,12
PV-H24-LSTM-NNV1-S123-F03,1,1.0097169876098633,0.9247216582298279,12,12
PV-H24-LSTM-NNV1-S123-F03,2,0.9953333735466003,0.9104804396629333,12,12
PV-H24-LSTM-NNV1-S123-F03,3,0.9810071587562561,0.8963241577148438,12,12
PV-H24-LSTM-NNV1-S123-F03,4,0.96672523021698,0.8822439312934875,12,12
PV-H24-LSTM-NNV1-S123-F03,5,0.9524669051170349,0.8682133555412292,12,12
PV-H24-LSTM-NNV1-S123-F03,6,0.9382084012031555,0.8542079925537109,12,12
PV-H24-LSTM-NNV1-S123-F03,7,0.9239242672920227,0.8402025699615479,12,12
PV-H24-LSTM-NNV1-S123-F03,8,0.9095880389213562,0.8261701464653015,12,12
PV-H24-LSTM-NNV1-S123-F03,9,0.8951728343963623,0.8120838403701782,12,12
PV-H24-LSTM-NNV1-S123-F03,10,0.8806516528129578,0.7979182004928589,12,12
PV-H24-LSTM-NNV1-S123-F03,11,0.8659971952438354,0.7836488485336304,12,12
PV-H24-LSTM-NNV1-S123-F03,12,0.8511822819709778,0.7692521214485168,12,12
PV-H24-LSTM-NNV1-S2020-F03,1,1.2549582719802856,1.1708521842956543,12,12
PV-H24-LSTM-NNV1-S2020-F03,2,1.2377467155456543,1.1535948514938354,12,12
PV-H24-LSTM-NNV1-S2020-F03,3,1.2208994626998901,1.136773943901062,12,12
PV-H24-LSTM-NNV1-S2020-F03,4,1.2043931484222412,1.1203685998916626,12,12
PV-H24-LSTM-NNV1-S2020-F03,5,1.1881994009017944,1.1043386459350586,12,12
PV-H24-LSTM-NNV1-S2020-F03,6,1.1722863912582397,1.0886417627334595,12,12
PV-H24-LSTM-NNV1-S2020-F03,7,1.1566208600997925,1.0732362270355225,12,12
PV-H24-LSTM-NNV1-S2020-F03,8,1.1411665678024292,1.0580787658691406,12,12
PV-H24-LSTM-NNV1-S2020-F03,9,1.1258866786956787,1.0431263446807861,12,12
PV-H24-LSTM-NNV1-S2020-F03,10,1.110744595527649,1.02833890914917,12,12
PV-H24-LSTM-NNV1-S2020-F03,11,1.0957038402557373,1.013677716255188,12,12
PV-H24-LSTM-NNV1-S2020-F03,12,1.08072829246521,0.999104917049408,12,12
PV-H24-LSTM-NNV1-S2025-F03,1,0.885539710521698,0.7943253517150879,12,12
PV-H24-LSTM-NNV1-S2025-F03,2,0.8719167709350586,0.7806646227836609,12,12
PV-H24-LSTM-NNV1-S2025-F03,3,0.8584391474723816,0.7671685218811035,12,12
PV-H24-LSTM-NNV1-S2025-F03,4,0.8450842499732971,0.7538195848464966,12,12
PV-H24-LSTM-NNV1-S2025-F03,5,0.8318287134170532,0.7406028509140015,12,12
PV-H24-LSTM-NNV1-S2025-F03,6,0.8186468482017517,0.7274936437606812,12,12
PV-H24-LSTM-NNV1-S2025-F03,7,0.8055124878883362,0.7144594788551331,12,12
PV-H24-LSTM-NNV1-S2025-F03,8,0.7924013733863831,0.7014695405960083,12,12
PV-H24-LSTM-NNV1-S2025-F03,9,0.7792906761169434,0.6884959936141968,12,12
PV-H24-LSTM-NNV1-S2025-F03,10,0.7661588788032532,0.675513744354248,12,12
PV-H24-LSTM-NNV1-S2025-F03,11,0.7529851794242859,0.6624998450279236,12,12
PV-H24-LSTM-NNV1-S2025-F03,12,0.7397494316101074,0.6494321227073669,12,12
PV-H24-LSTM-NNV1-S31415-F03,1,1.1759353876113892,1.0784423351287842,12,12
PV-H24-LSTM-NNV1-S31415-F03,2,1.1597354412078857,1.0632476806640625,12,12
PV-H24-LSTM-NNV1-S31415-F03,3,1.1437079906463623,1.0482146739959717,12,12
PV-H24-LSTM-NNV1-S31415-F03,4,1.127833366394043,1.0333211421966553,12,12
PV-H24-LSTM-NNV1-S31415-F03,5,1.112086296081543,1.01853609085083,12,12
PV-H24-LSTM-NNV1-S31415-F03,6,1.096435785293579,1.0038243532180786,12,12
PV-H24-LSTM-NNV1-S31415-F03,7,1.0808485746383667,0.9891512393951416,12,12
PV-H24-LSTM-NNV1-S31415-F03,8,1.0652912855148315,0.9744848608970642,12,12
PV-H24-LSTM-NNV1-S31415-F03,9,1.049731969833374,0.959795355796814,12,12
PV-H24-LSTM-NNV1-S31415-F03,10,1.0341404676437378,0.9450557231903076,12,12
PV-H24-LSTM-NNV1-S31415-F03,11,1.0184879302978516,0.9302409887313843,12,12
PV-H24-LSTM-NNV1-S31415-F03,12,1.002747893333435,0.915327787399292,12,12
PV-H24-GRU-NNV1-S42-F03,1,1.0811998844146729,0.9912484288215637,12,12
PV-H24-GRU-NNV1-S42-F03,2,1.056747555732727,0.9662657380104065,12,12
PV-H24-GRU-NNV1-S42-F03,3,1.0325287580490112,0.941504955291748,12,12
PV-H24-GRU-NNV1-S42-F03,4,1.0085457563400269,0.9169704914093018,12,12
PV-H24-GRU-NNV1-S42-F03,5,0.9848002195358276,0.8926644325256348,12,12
PV-H24-GRU-NNV1-S42-F03,6,0.9612929224967957,0.868584930896759,12,12
PV-H24-GRU-NNV1-S42-F03,7,0.938022792339325,0.8447304368019104,12,12
PV-H24-GRU-NNV1-S42-F03,8,0.9149875044822693,0.8210994601249695,12,12
PV-H24-GRU-NNV1-S42-F03,9,0.892183244228363,0.7976896166801453,12,12
PV-H24-GRU-NNV1-S42-F03,10,0.8696050643920898,0.7744971513748169,12,12
PV-H24-GRU-NNV1-S42-F03,11,0.8472458124160767,0.7515164613723755,12,12
PV-H24-GRU-NNV1-S42-F03,12,0.8250947594642639,0.7287397980690002,12,12
PV-H24-GRU-NNV1-S123-F03,1,1.0762476921081543,0.9690127968788147,12,12
PV-H24-GRU-NNV1-S123-F03,2,1.0499341487884521,0.9486250877380371,12,12
PV-H24-GRU-NNV1-S123-F03,3,1.0244617462158203,0.9285314679145813,12,12
PV-H24-GRU-NNV1-S123-F03,4,0.9997744560241699,0.9087423086166382,12,12
PV-H24-GRU-NNV1-S123-F03,5,0.9758303761482239,0.8892472386360168,12,12
PV-H24-GRU-NNV1-S123-F03,6,0.952587366104126,0.8700119853019714,12,12
PV-H24-GRU-NNV1-S123-F03,7,0.9300013780593872,0.8509900569915771,12,12
PV-H24-GRU-NNV1-S123-F03,8,0.9080244302749634,0.832130491733551,12,12
PV-H24-GRU-NNV1-S123-F03,9,0.8866053223609924,0.8133848309516907,12,12
PV-H24-GRU-NNV1-S123-F03,10,0.8656909465789795,0.794710636138916,12,12
PV-H24-GRU-NNV1-S123-F03,11,0.8452272415161133,0.7760717272758484,12,12
PV-H24-GRU-NNV1-S123-F03,12,0.8251615762710571,0.7574385404586792,12,12
PV-H24-GRU-NNV1-S2020-F03,1,0.9226259589195251,0.8034040927886963,12,12
PV-H24-GRU-NNV1-S2020-F03,2,0.8987545371055603,0.7842890620231628,12,12
PV-H24-GRU-NNV1-S2020-F03,3,0.875458300113678,0.7654020190238953,12,12
PV-H24-GRU-NNV1-S2020-F03,4,0.8527309894561768,0.7467262744903564,12,12
PV-H24-GRU-NNV1-S2020-F03,5,0.8305607438087463,0.7282384037971497,12,12
PV-H24-GRU-NNV1-S2020-F03,6,0.8089314699172974,0.7099109292030334,12,12
PV-H24-GRU-NNV1-S2020-F03,7,0.7878233790397644,0.6917111277580261,12,12
PV-H24-GRU-NNV1-S2020-F03,8,0.7672140598297119,0.6736032962799072,12,12
PV-H24-GRU-NNV1-S2020-F03,9,0.7470777630805969,0.6555565595626831,12,12
PV-H24-GRU-NNV1-S2020-F03,10,0.7273865938186646,0.6375489830970764,12,12
PV-H24-GRU-NNV1-S2020-F03,11,0.7081112265586853,0.6195690035820007,12,12
PV-H24-GRU-NNV1-S2020-F03,12,0.6892208456993103,0.6016137003898621,12,12
PV-H24-GRU-NNV1-S2025-F03,1,0.8945392370223999,0.7739236354827881,12,12
PV-H24-GRU-NNV1-S2025-F03,2,0.8701910972595215,0.7532448172569275,12,12
PV-H24-GRU-NNV1-S2025-F03,3,0.8463454246520996,0.7327699661254883,12,12
PV-H24-GRU-NNV1-S2025-F03,4,0.8229842185974121,0.7124868035316467,12,12
PV-H24-GRU-NNV1-S2025-F03,5,0.8000869750976562,0.6923781633377075,12,12
PV-H24-GRU-NNV1-S2025-F03,6,0.7776283025741577,0.6724202036857605,12,12
PV-H24-GRU-NNV1-S2025-F03,7,0.7555822134017944,0.652594268321991,12,12
PV-H24-GRU-NNV1-S2025-F03,8,0.7339253425598145,0.6328888535499573,12,12
PV-H24-GRU-NNV1-S2025-F03,9,0.7126369476318359,0.6132956147193909,12,12
PV-H24-GRU-NNV1-S2025-F03,10,0.6916974782943726,0.5938085913658142,12,12
PV-H24-GRU-NNV1-S2025-F03,11,0.6710874438285828,0.5744235515594482,12,12
PV-H24-GRU-NNV1-S2025-F03,12,0.6507871747016907,0.5551389455795288,12,12
PV-H24-GRU-NNV1-S31415-F03,1,1.1121299266815186,0.9982602596282959,12,12
PV-H24-GRU-NNV1-S31415-F03,2,1.085883617401123,0.9724198579788208,12,12
PV-H24-GRU-NNV1-S31415-F03,3,1.0600663423538208,0.9471248388290405,12,12
PV-H24-GRU-NNV1-S31415-F03,4,1.0346546173095703,0.9223597049713135,12,12
PV-H24-GRU-NNV1-S31415-F03,5,1.009621500968933,0.8980913758277893,12,12
PV-H24-GRU-NNV1-S31415-F03,6,0.9849322438240051,0.8742763996124268,12,12
PV-H24-GRU-NNV1-S31415-F03,7,0.9605522155761719,0.8508718013763428,12,12
PV-H24-GRU-NNV1-S31415-F03,8,0.9364513754844666,0.8278362154960632,12,12
PV-H24-GRU-NNV1-S31415-F03,9,0.9126033186912537,0.8051301836967468,12,12
PV-H24-GRU-NNV1-S31415-F03,10,0.8889843821525574,0.7827168107032776,12,12
PV-H24-GRU-NNV1-S31415-F03,11,0.8655728697776794,0.7605606913566589,12,12
PV-H24-GRU-NNV1-S31415-F03,12,0.8423491716384888,0.7386298775672913,12,12
PV-H24-MLP-NNV1-S42-F04,1,0.06059296429157257,0.04235394671559334,12,12
PV-H24-MLP-NNV1-S42-F04,2,0.06547855585813522,0.031399548053741455,12,12
PV-H24-MLP-NNV1-S42-F04,3,0.021211808547377586,0.029152367264032364,12,12
PV-H24-MLP-NNV1-S42-F04,4,0.11664903908967972,0.02841719053685665,12,12
PV-H24-MLP-NNV1-S42-F04,5,0.03524257242679596,0.027613941580057144,12,12
PV-H24-MLP-NNV1-S42-F04,6,0.12182141095399857,0.027711601927876472,12,12
PV-H24-MLP-NNV1-S42-F04,7,0.04752756655216217,0.025768307968974113,12,12
PV-H24-MLP-NNV1-S42-F04,8,0.05283936485648155,0.025635739788413048,12,12
PV-H24-MLP-NNV1-S42-F04,9,0.0695214718580246,0.02584175579249859,12,12
PV-H24-MLP-NNV1-S42-F04,10,0.022328779101371765,0.02481483481824398,12,12
PV-H24-MLP-NNV1-S42-F04,11,0.03168461099267006,0.024618156254291534,12,12
PV-H24-MLP-NNV1-S42-F04,12,0.05396157503128052,0.02441232092678547,12,12
PV-H24-MLP-NNV1-S123-F04,1,0.2521646320819855,0.03967791050672531,12,12
PV-H24-MLP-NNV1-S123-F04,2,0.08475887030363083,0.03352952376008034,12,12
PV-H24-MLP-NNV1-S123-F04,3,0.02004867233335972,0.02880900725722313,12,12
PV-H24-MLP-NNV1-S123-F04,4,0.037054598331451416,0.027650536969304085,12,12
PV-H24-MLP-NNV1-S123-F04,5,0.06493374705314636,0.02549549750983715,12,12
PV-H24-MLP-NNV1-S123-F04,6,0.05811506509780884,0.026502825319767,12,12
PV-H24-MLP-NNV1-S123-F04,7,0.1110394224524498,0.02551802434027195,12,12
PV-H24-MLP-NNV1-S123-F04,8,0.03080880083143711,0.023995161056518555,12,12
PV-H24-MLP-NNV1-S123-F04,9,0.021519361063838005,0.02423023246228695,12,12
PV-H24-MLP-NNV1-S123-F04,10,0.08092062920331955,0.024055376648902893,12,12
PV-H24-MLP-NNV1-S123-F04,11,0.009510884992778301,0.023955103009939194,12,12
PV-H24-MLP-NNV1-S123-F04,12,0.003543349914252758,0.022386394441127777,12,12
PV-H24-MLP-NNV1-S2020-F04,1,0.0213850736618042,0.03437486290931702,10,12
PV-H24-MLP-NNV1-S2020-F04,2,0.05471360683441162,0.027038203552365303,10,12
PV-H24-MLP-NNV1-S2020-F04,3,0.008326121605932713,0.025229135528206825,10,12
PV-H24-MLP-NNV1-S2020-F04,4,0.04359782859683037,0.024900810793042183,10,12
PV-H24-MLP-NNV1-S2020-F04,5,0.022822873666882515,0.02480802871286869,10,12
PV-H24-MLP-NNV1-S2020-F04,6,0.18438410758972168,0.023839619010686874,10,12
PV-H24-MLP-NNV1-S2020-F04,7,0.07550901174545288,0.024868564680218697,10,12
PV-H24-MLP-NNV1-S2020-F04,8,0.12909050285816193,0.024547535926103592,10,12
PV-H24-MLP-NNV1-S2020-F04,9,0.023117931559681892,0.023181147873401642,10,12
PV-H24-MLP-NNV1-S2020-F04,10,0.023568784818053246,0.0231406781822443,10,12
PV-H24-MLP-NNV1-S2020-F04,11,0.1292281299829483,0.026504913344979286,10,12
PV-H24-MLP-NNV1-S2020-F04,12,0.06916644424200058,0.024804605171084404,10,12
PV-H24-MLP-NNV1-S2025-F04,1,0.18187366425991058,0.03327759727835655,9,12
PV-H24-MLP-NNV1-S2025-F04,2,0.05541562661528587,0.03046436235308647,9,12
PV-H24-MLP-NNV1-S2025-F04,3,0.15165598690509796,0.027353603392839432,9,12
PV-H24-MLP-NNV1-S2025-F04,4,0.03196379914879799,0.02753625623881817,9,12
PV-H24-MLP-NNV1-S2025-F04,5,0.023353254422545433,0.025811726227402687,9,12
PV-H24-MLP-NNV1-S2025-F04,6,0.11366202682256699,0.027019105851650238,9,12
PV-H24-MLP-NNV1-S2025-F04,7,0.06829646229743958,0.025885730981826782,9,12
PV-H24-MLP-NNV1-S2025-F04,8,0.12994703650474548,0.027527453377842903,9,12
PV-H24-MLP-NNV1-S2025-F04,9,0.03994138911366463,0.023269087076187134,9,12
PV-H24-MLP-NNV1-S2025-F04,10,0.04344572126865387,0.03093210980296135,9,12
PV-H24-MLP-NNV1-S2025-F04,11,0.05724911391735077,0.040908798575401306,9,12
PV-H24-MLP-NNV1-S2025-F04,12,0.024693891406059265,0.033775608986616135,9,12
PV-H24-MLP-NNV1-S31415-F04,1,0.174374520778656,0.03681543096899986,6,10
PV-H24-MLP-NNV1-S31415-F04,2,0.016476726159453392,0.028042200952768326,6,10
PV-H24-MLP-NNV1-S31415-F04,3,0.05772816017270088,0.02666814625263214,6,10
PV-H24-MLP-NNV1-S31415-F04,4,0.07355896383523941,0.026744239032268524,6,10
PV-H24-MLP-NNV1-S31415-F04,5,0.04522455111145973,0.026064597070217133,6,10
PV-H24-MLP-NNV1-S31415-F04,6,0.06933639943599701,0.02494853362441063,6,10
PV-H24-MLP-NNV1-S31415-F04,7,0.02716088481247425,0.026404771953821182,6,10
PV-H24-MLP-NNV1-S31415-F04,8,0.044893696904182434,0.025879284366965294,6,10
PV-H24-MLP-NNV1-S31415-F04,9,0.023171471431851387,0.02556184120476246,6,10
PV-H24-MLP-NNV1-S31415-F04,10,0.02485090307891369,0.02567756548523903,6,10
PV-H24-LSTM-NNV1-S42-F04,1,1.154686689376831,1.0229871273040771,12,12
PV-H24-LSTM-NNV1-S42-F04,2,1.1361746788024902,1.0065480470657349,12,12
PV-H24-LSTM-NNV1-S42-F04,3,1.1177908182144165,0.9902657270431519,12,12
PV-H24-LSTM-NNV1-S42-F04,4,1.0995079278945923,0.9740895628929138,12,12
PV-H24-LSTM-NNV1-S42-F04,5,1.0812928676605225,0.9579757452011108,12,12
PV-H24-LSTM-NNV1-S42-F04,6,1.0631179809570312,0.9418958425521851,12,12
PV-H24-LSTM-NNV1-S42-F04,7,1.0449620485305786,0.9258301258087158,12,12
PV-H24-LSTM-NNV1-S42-F04,8,1.0268062353134155,0.9097604751586914,12,12
PV-H24-LSTM-NNV1-S42-F04,9,1.008630633354187,0.8936700224876404,12,12
PV-H24-LSTM-NNV1-S42-F04,10,0.990413248538971,0.8775413036346436,12,12
PV-H24-LSTM-NNV1-S42-F04,11,0.9721314311027527,0.8613576889038086,12,12
PV-H24-LSTM-NNV1-S42-F04,12,0.9537615180015564,0.8451026082038879,12,12
PV-H24-LSTM-NNV1-S123-F04,1,1.0202609300613403,0.8263795971870422,12,12
PV-H24-LSTM-NNV1-S123-F04,2,1.0056676864624023,0.8141549825668335,12,12
PV-H24-LSTM-NNV1-S123-F04,3,0.991138219833374,0.8019968867301941,12,12
PV-H24-LSTM-NNV1-S123-F04,4,0.9766592979431152,0.7898899912834167,12,12
PV-H24-LSTM-NNV1-S123-F04,5,0.9622141122817993,0.7778142094612122,12,12
PV-H24-LSTM-NNV1-S123-F04,6,0.9477800130844116,0.7657471895217896,12,12
PV-H24-LSTM-NNV1-S123-F04,7,0.9333318471908569,0.7536671757698059,12,12
PV-H24-LSTM-NNV1-S123-F04,8,0.9188422560691833,0.741551399230957,12,12
PV-H24-LSTM-NNV1-S123-F04,9,0.90428227186203,0.7293768525123596,12,12
PV-H24-LSTM-NNV1-S123-F04,10,0.8896229267120361,0.7171215415000916,12,12
PV-H24-LSTM-NNV1-S123-F04,11,0.8748360872268677,0.7047645449638367,12,12
PV-H24-LSTM-NNV1-S123-F04,12,0.8598945140838623,0.6922854781150818,12,12
PV-H24-LSTM-NNV1-S2020-F04,1,1.2694780826568604,1.065230131149292,12,12
PV-H24-LSTM-NNV1-S2020-F04,2,1.2520006895065308,1.0504896640777588,12,12
PV-H24-LSTM-NNV1-S2020-F04,3,1.2348997592926025,1.0360527038574219,12,12
PV-H24-LSTM-NNV1-S2020-F04,4,1.2181516885757446,1.0218970775604248,12,12
PV-H24-LSTM-NNV1-S2020-F04,5,1.2017297744750977,1.0080000162124634,12,12
PV-H24-LSTM-NNV1-S2020-F04,6,1.1856043338775635,0.9943361282348633,12,12
PV-H24-LSTM-NNV1-S2020-F04,7,1.1697415113449097,0.9808770418167114,12,12
PV-H24-LSTM-NNV1-S2020-F04,8,1.154105305671692,0.9675904512405396,12,12
PV-H24-LSTM-NNV1-S2020-F04,9,1.1386570930480957,0.9544428586959839,12,12
PV-H24-LSTM-NNV1-S2020-F04,10,1.1233574151992798,0.9414005875587463,12,12
PV-H24-LSTM-NNV1-S2020-F04,11,1.1081682443618774,0.9284303784370422,12,12
PV-H24-LSTM-NNV1-S2020-F04,12,1.093051791191101,0.9154995083808899,12,12
PV-H24-LSTM-NNV1-S2025-F04,1,0.8942119479179382,0.7157574892044067,12,12
PV-H24-LSTM-NNV1-S2025-F04,2,0.8803070187568665,0.7038037776947021,12,12
PV-H24-LSTM-NNV1-S2025-F04,3,0.8665543794631958,0.69199138879776,12,12
PV-H24-LSTM-NNV1-S2025-F04,4,0.8529332876205444,0.6802992224693298,12,12
PV-H24-LSTM-NNV1-S2025-F04,5,0.8394235372543335,0.6687073111534119,12,12
PV-H24-LSTM-NNV1-S2025-F04,6,0.8260035514831543,0.6571976542472839,12,12
PV-H24-LSTM-NNV1-S2025-F04,7,0.8126506805419922,0.6457517743110657,12,12
PV-H24-LSTM-NNV1-S2025-F04,8,0.7993412017822266,0.6343496441841125,12,12
PV-H24-LSTM-NNV1-S2025-F04,9,0.786050021648407,0.6229708194732666,12,12
PV-H24-LSTM-NNV1-S2025-F04,10,0.7727525234222412,0.6115942001342773,12,12
PV-H24-LSTM-NNV1-S2025-F04,11,0.7594247460365295,0.6001993417739868,12,12
PV-H24-LSTM-NNV1-S2025-F04,12,0.7460438013076782,0.5887665152549744,12,12
PV-H24-LSTM-NNV1-S31415-F04,1,1.1860387325286865,0.9952276945114136,12,12
PV-H24-LSTM-NNV1-S31415-F04,2,1.1698107719421387,0.983008623123169,12,12
PV-H24-LSTM-NNV1-S31415-F04,3,1.1537481546401978,0.9708443284034729,12,12
PV-H24-LSTM-NNV1-S31415-F04,4,1.1378308534622192,0.958724319934845,12,12
PV-H24-LSTM-NNV1-S31415-F04,5,1.1220333576202393,0.9466271996498108,12,12
PV-H24-LSTM-NNV1-S31415-F04,6,1.1063244342803955,0.9345310926437378,12,12
PV-H24-LSTM-NNV1-S31415-F04,7,1.0906709432601929,0.9224132895469666,12,12
PV-H24-LSTM-NNV1-S31415-F04,8,1.0750399827957153,0.9102492332458496,12,12
PV-H24-LSTM-NNV1-S31415-F04,9,1.0593985319137573,0.8980131149291992,12,12
PV-H24-LSTM-NNV1-S31415-F04,10,1.043715476989746,0.885680615901947,12,12
PV-H24-LSTM-NNV1-S31415-F04,11,1.0279620885849,0.8732295036315918,12,12
PV-H24-LSTM-NNV1-S31415-F04,12,1.0121116638183594,0.8606400489807129,12,12
PV-H24-GRU-NNV1-S42-F04,1,1.0921903848648071,0.8833320140838623,12,12
PV-H24-GRU-NNV1-S42-F04,2,1.0673305988311768,0.8625388741493225,12,12
PV-H24-GRU-NNV1-S42-F04,3,1.0427042245864868,0.8418871164321899,12,12
PV-H24-GRU-NNV1-S42-F04,4,1.0183151960372925,0.8213781118392944,12,12
PV-H24-GRU-NNV1-S42-F04,5,0.9941651821136475,0.8010106682777405,12,12
PV-H24-GRU-NNV1-S42-F04,6,0.9702552556991577,0.7807835340499878,12,12
PV-H24-GRU-NNV1-S42-F04,7,0.9465842247009277,0.7606936693191528,12,12
PV-H24-GRU-NNV1-S42-F04,8,0.9231498837471008,0.740735650062561,12,12
PV-H24-GRU-NNV1-S42-F04,9,0.8999477028846741,0.7209013104438782,12,12
PV-H24-GRU-NNV1-S42-F04,10,0.8769717216491699,0.7011802196502686,12,12
PV-H24-GRU-NNV1-S42-F04,11,0.8542131781578064,0.6815601587295532,12,12
PV-H24-GRU-NNV1-S42-F04,12,0.8316609263420105,0.6620283126831055,12,12
PV-H24-GRU-NNV1-S123-F04,1,1.0865215063095093,0.8578678965568542,12,12
PV-H24-GRU-NNV1-S123-F04,2,1.0604511499404907,0.837856113910675,12,12
PV-H24-GRU-NNV1-S123-F04,3,1.035133957862854,0.8182305693626404,12,12
PV-H24-GRU-NNV1-S123-F04,4,1.0105327367782593,0.7989558577537537,12,12
PV-H24-GRU-NNV1-S123-F04,5,0.986602783203125,0.7799782752990723,12,12
PV-H24-GRU-NNV1-S123-F04,6,0.9632965922355652,0.7612513899803162,12,12
PV-H24-GRU-NNV1-S123-F04,7,0.9405657649040222,0.7427430748939514,12,12
PV-H24-GRU-NNV1-S123-F04,8,0.9183619618415833,0.7244316339492798,12,12
PV-H24-GRU-NNV1-S123-F04,9,0.896638035774231,0.7063028812408447,12,12
PV-H24-GRU-NNV1-S123-F04,10,0.8753484487533569,0.6883459687232971,12,12
PV-H24-GRU-NNV1-S123-F04,11,0.8544493317604065,0.6705512404441833,12,12
PV-H24-GRU-NNV1-S123-F04,12,0.8338993191719055,0.6529091000556946,12,12
PV-H24-GRU-NNV1-S2020-F04,1,0.9314650297164917,0.7666990160942078,12,12
PV-H24-GRU-NNV1-S2020-F04,2,0.9076175093650818,0.7460652589797974,12,12
PV-H24-GRU-NNV1-S2020-F04,3,0.8842865824699402,0.7257704734802246,12,12
PV-H24-GRU-NNV1-S2020-F04,4,0.8614659309387207,0.7058085203170776,12,12
PV-H24-GRU-NNV1-S2020-F04,5,0.8391463756561279,0.6861727833747864,12,12
PV-H24-GRU-NNV1-S2020-F04,6,0.8173145055770874,0.666858434677124,12,12
PV-H24-GRU-NNV1-S2020-F04,7,0.7959536910057068,0.6478608846664429,12,12
PV-H24-GRU-NNV1-S2020-F04,8,0.7750445008277893,0.6291738152503967,12,12
PV-H24-GRU-NNV1-S2020-F04,9,0.7545650601387024,0.6107880473136902,12,12
PV-H24-GRU-NNV1-S2020-F04,10,0.7344925999641418,0.5926923751831055,12,12
PV-H24-GRU-NNV1-S2020-F04,11,0.7148030996322632,0.5748746991157532,12,12
PV-H24-GRU-NNV1-S2020-F04,12,0.6954723596572876,0.5573228001594543,12,12
PV-H24-GRU-NNV1-S2025-F04,1,0.901286780834198,0.7055948376655579,12,12
PV-H24-GRU-NNV1-S2025-F04,2,0.8768889904022217,0.6854782104492188,12,12
PV-H24-GRU-NNV1-S2025-F04,3,0.8529488444328308,0.6657120585441589,12,12
PV-H24-GRU-NNV1-S2025-F04,4,0.8294522762298584,0.6462700963020325,12,12
PV-H24-GRU-NNV1-S2025-F04,5,0.8063816428184509,0.6271305084228516,12,12
PV-H24-GRU-NNV1-S2025-F04,6,0.7837167382240295,0.6082760095596313,12,12
PV-H24-GRU-NNV1-S2025-F04,7,0.7614346146583557,0.5896913409233093,12,12
PV-H24-GRU-NNV1-S2025-F04,8,0.7395139932632446,0.5713642835617065,12,12
PV-H24-GRU-NNV1-S2025-F04,9,0.7179365754127502,0.5532822608947754,12,12
PV-H24-GRU-NNV1-S2025-F04,10,0.6966855525970459,0.5354309678077698,12,12
PV-H24-GRU-NNV1-S2025-F04,11,0.675743818283081,0.5177935361862183,12,12
PV-H24-GRU-NNV1-S2025-F04,12,0.655093252658844,0.5003511309623718,12,12
PV-H24-GRU-NNV1-S31415-F04,1,1.121161937713623,0.9302631616592407,12,12
PV-H24-GRU-NNV1-S31415-F04,2,1.0945125818252563,0.9079234600067139,12,12
PV-H24-GRU-NNV1-S31415-F04,3,1.0683300495147705,0.8860557675361633,12,12
PV-H24-GRU-NNV1-S31415-F04,4,1.0425841808319092,0.864605724811554,12,12
PV-H24-GRU-NNV1-S31415-F04,5,1.0172449350357056,0.8435250520706177,12,12
PV-H24-GRU-NNV1-S31415-F04,6,0.9922740459442139,0.8227719664573669,12,12
PV-H24-GRU-NNV1-S31415-F04,7,0.9676323533058167,0.8023086786270142,12,12
PV-H24-GRU-NNV1-S31415-F04,8,0.9432870149612427,0.7820989489555359,12,12
PV-H24-GRU-NNV1-S31415-F04,9,0.9192084074020386,0.7621084451675415,12,12
PV-H24-GRU-NNV1-S31415-F04,10,0.8953699469566345,0.7423053979873657,12,12
PV-H24-GRU-NNV1-S31415-F04,11,0.8717473149299622,0.7226612567901611,12,12
PV-H24-GRU-NNV1-S31415-F04,12,0.8483183979988098,0.7031495571136475,12,12
PV-H24-MLP-NNV1-S42-F05,1,0.09325867146253586,0.01746893860399723,3,7
PV-H24-MLP-NNV1-S42-F05,2,0.043449725955724716,0.009424924850463867,3,7
PV-H24-MLP-NNV1-S42-F05,3,0.047280993312597275,0.00790273305028677,3,7
PV-H24-MLP-NNV1-S42-F05,4,0.03362049534916878,0.010984966531395912,3,7
PV-H24-MLP-NNV1-S42-F05,5,0.039662063121795654,0.015474390238523483,3,7
PV-H24-MLP-NNV1-S42-F05,6,0.052464619278907776,0.00954687874764204,3,7
PV-H24-MLP-NNV1-S42-F05,7,0.032677311450242996,0.009508808143436909,3,7
PV-H24-MLP-NNV1-S123-F05,1,0.0624857172369957,0.021714461967349052,5,9
PV-H24-MLP-NNV1-S123-F05,2,0.10081274062395096,0.02279839664697647,5,9
PV-H24-MLP-NNV1-S123-F05,3,0.05952330306172371,0.01988471858203411,5,9
PV-H24-MLP-NNV1-S123-F05,4,0.043319571763277054,0.012933595106005669,5,9
PV-H24-MLP-NNV1-S123-F05,5,0.04073096066713333,0.012354545295238495,5,9
PV-H24-MLP-NNV1-S123-F05,6,0.03386896848678589,0.01464325562119484,5,9
PV-H24-MLP-NNV1-S123-F05,7,0.055853843688964844,0.01748615689575672,5,9
PV-H24-MLP-NNV1-S123-F05,8,0.039492566138505936,0.017084693536162376,5,9
PV-H24-MLP-NNV1-S123-F05,9,0.030370453372597694,0.02119007147848606,5,9
PV-H24-MLP-NNV1-S2020-F05,1,0.0864686518907547,0.014959816820919514,2,6
PV-H24-MLP-NNV1-S2020-F05,2,0.11015958338975906,0.01040733978152275,2,6
PV-H24-MLP-NNV1-S2020-F05,3,0.03289308026432991,0.015466992743313313,2,6
PV-H24-MLP-NNV1-S2020-F05,4,0.04067453369498253,0.015946215018630028,2,6
PV-H24-MLP-NNV1-S2020-F05,5,0.01775301620364189,0.011672037653625011,2,6
PV-H24-MLP-NNV1-S2020-F05,6,0.07828640192747116,0.011333415284752846,2,6
PV-H24-MLP-NNV1-S2025-F05,1,0.061408571898937225,0.00930414441972971,2,6
PV-H24-MLP-NNV1-S2025-F05,2,0.043895408511161804,0.008728365413844585,2,6
PV-H24-MLP-NNV1-S2025-F05,3,0.07311077415943146,0.0091196084395051,2,6
PV-H24-MLP-NNV1-S2025-F05,4,0.08691488951444626,0.018417520448565483,2,6
PV-H24-MLP-NNV1-S2025-F05,5,0.04005872458219528,0.011081772856414318,2,6
PV-H24-MLP-NNV1-S2025-F05,6,0.045054662972688675,0.023994475603103638,2,6
PV-H24-MLP-NNV1-S31415-F05,1,0.05264206603169441,0.028384994715452194,4,8
PV-H24-MLP-NNV1-S31415-F05,2,0.03416324406862259,0.014676559716463089,4,8
PV-H24-MLP-NNV1-S31415-F05,3,0.06971333175897598,0.008545664139091969,4,8
PV-H24-MLP-NNV1-S31415-F05,4,0.03676965832710266,0.007273808587342501,4,8
PV-H24-MLP-NNV1-S31415-F05,5,0.12286973744630814,0.01506867166608572,4,8
PV-H24-MLP-NNV1-S31415-F05,6,0.02755701169371605,0.011216683313250542,4,8
PV-H24-MLP-NNV1-S31415-F05,7,0.08930086344480515,0.011114525608718395,4,8
PV-H24-MLP-NNV1-S31415-F05,8,0.026905588805675507,0.01116774883121252,4,8
PV-H24-LSTM-NNV1-S42-F05,1,1.1451232433319092,1.1956839561462402,12,12
PV-H24-LSTM-NNV1-S42-F05,2,1.1266396045684814,1.1768165826797485,12,12
PV-H24-LSTM-NNV1-S42-F05,3,1.1083074808120728,1.1580712795257568,12,12
PV-H24-LSTM-NNV1-S42-F05,4,1.0901005268096924,1.1394176483154297,12,12
PV-H24-LSTM-NNV1-S42-F05,5,1.0719883441925049,1.1208397150039673,12,12
PV-H24-LSTM-NNV1-S42-F05,6,1.053939700126648,1.102323055267334,12,12
PV-H24-LSTM-NNV1-S42-F05,7,1.0359281301498413,1.083853840827942,12,12
PV-H24-LSTM-NNV1-S42-F05,8,1.017930507659912,1.0654208660125732,12,12
PV-H24-LSTM-NNV1-S42-F05,9,0.9999251961708069,1.047013521194458,12,12
PV-H24-LSTM-NNV1-S42-F05,10,0.9818894863128662,1.0286192893981934,12,12
PV-H24-LSTM-NNV1-S42-F05,11,0.9637999534606934,1.0102226734161377,12,12
PV-H24-LSTM-NNV1-S42-F05,12,0.945632815361023,0.9918058514595032,12,12
PV-H24-LSTM-NNV1-S123-F05,1,0.9991188049316406,0.988133430480957,12,12
PV-H24-LSTM-NNV1-S123-F05,2,0.9848286509513855,0.9751390218734741,12,12
PV-H24-LSTM-NNV1-S123-F05,3,0.9706014394760132,0.9621995091438293,12,12
PV-H24-LSTM-NNV1-S123-F05,4,0.956424355506897,0.9492979645729065,12,12
PV-H24-LSTM-NNV1-S123-F05,5,0.9422807693481445,0.936411440372467,12,12
PV-H24-LSTM-NNV1-S123-F05,6,0.9281488060951233,0.9235172271728516,12,12
PV-H24-LSTM-NNV1-S123-F05,7,0.9140039682388306,0.9105932116508484,12,12
PV-H24-LSTM-NNV1-S123-F05,8,0.8998196125030518,0.8976163268089294,12,12
PV-H24-LSTM-NNV1-S123-F05,9,0.8855673670768738,0.8845627307891846,12,12
PV-H24-LSTM-NNV1-S123-F05,10,0.8712189197540283,0.8714097738265991,12,12
PV-H24-LSTM-NNV1-S123-F05,11,0.8567465543746948,0.8581356406211853,12,12
PV-H24-LSTM-NNV1-S123-F05,12,0.8421242833137512,0.8447187542915344,12,12
PV-H24-LSTM-NNV1-S2020-F05,1,1.248521089553833,1.2828047275543213,12,12
PV-H24-LSTM-NNV1-S2020-F05,2,1.231383204460144,1.2659069299697876,12,12
PV-H24-LSTM-NNV1-S2020-F05,3,1.214614748954773,1.249332070350647,12,12
PV-H24-LSTM-NNV1-S2020-F05,4,1.1981892585754395,1.2330679893493652,12,12
PV-H24-LSTM-NNV1-S2020-F05,5,1.1820781230926514,1.217092752456665,12,12
PV-H24-LSTM-NNV1-S2020-F05,6,1.1662509441375732,1.2013792991638184,12,12
PV-H24-LSTM-NNV1-S2020-F05,7,1.1506764888763428,1.1858994960784912,12,12
PV-H24-LSTM-NNV1-S2020-F05,8,1.135320782661438,1.1706241369247437,12,12
PV-H24-LSTM-NNV1-S2020-F05,9,1.1201468706130981,1.1555185317993164,12,12
PV-H24-LSTM-NNV1-S2020-F05,10,1.105116367340088,1.1405469179153442,12,12
PV-H24-LSTM-NNV1-S2020-F05,11,1.0901908874511719,1.1256722211837769,12,12
PV-H24-LSTM-NNV1-S2020-F05,12,1.075331687927246,1.1108601093292236,12,12
PV-H24-LSTM-NNV1-S2025-F05,1,0.8744456171989441,0.8774234652519226,12,12
PV-H24-LSTM-NNV1-S2025-F05,2,0.8607862591743469,0.8642293214797974,12,12
PV-H24-LSTM-NNV1-S2025-F05,3,0.8472784161567688,0.8511466979980469,12,12
PV-H24-LSTM-NNV1-S2025-F05,4,0.8338996767997742,0.8381560444831848,12,12
PV-H24-LSTM-NNV1-S2025-F05,5,0.8206309080123901,0.8252373933792114,12,12
PV-H24-LSTM-NNV1-S2025-F05,6,0.8074522018432617,0.8123719096183777,12,12
PV-H24-LSTM-NNV1-S2025-F05,7,0.7943437695503235,0.7995427846908569,12,12
PV-H24-LSTM-NNV1-S2025-F05,8,0.7812846302986145,0.7867330312728882,12,12
PV-H24-LSTM-NNV1-S2025-F05,9,0.7682530283927917,0.773923933506012,12,12
PV-H24-LSTM-NNV1-S2025-F05,10,0.7552260756492615,0.761094868183136,12,12
PV-H24-LSTM-NNV1-S2025-F05,11,0.7421800494194031,0.7482229471206665,12,12
PV-H24-LSTM-NNV1-S2025-F05,12,0.7290913462638855,0.7352842688560486,12,12
PV-H24-LSTM-NNV1-S31415-F05,1,1.1645153760910034,1.1608635187149048,12,12
PV-H24-LSTM-NNV1-S31415-F05,2,1.1488040685653687,1.1468452215194702,12,12
PV-H24-LSTM-NNV1-S31415-F05,3,1.1332435607910156,1.1328812837600708,12,12
PV-H24-LSTM-NNV1-S31415-F05,4,1.1178064346313477,1.118941307067871,12,12
PV-H24-LSTM-NNV1-S31415-F05,5,1.1024638414382935,1.104999303817749,12,12
PV-H24-LSTM-NNV1-S31415-F05,6,1.087188482284546,1.091029167175293,12,12
PV-H24-LSTM-NNV1-S31415-F05,7,1.071950078010559,1.0770046710968018,12,12
PV-H24-LSTM-NNV1-S31415-F05,8,1.0567166805267334,1.062903642654419,12,12
PV-H24-LSTM-NNV1-S31415-F05,9,1.0414561033248901,1.0487056970596313,12,12
PV-H24-LSTM-NNV1-S31415-F05,10,1.0261379480361938,1.0343917608261108,12,12
PV-H24-LSTM-NNV1-S31415-F05,11,1.0107349157333374,1.0199443101882935,12,12
PV-H24-LSTM-NNV1-S31415-F05,12,0.9952220320701599,1.005345344543457,12,12
PV-H24-GRU-NNV1-S42-F05,1,1.0693962574005127,1.076398253440857,12,12
PV-H24-GRU-NNV1-S42-F05,2,1.0450750589370728,1.0525658130645752,12,12
PV-H24-GRU-NNV1-S42-F05,3,1.0209728479385376,1.0288420915603638,12,12
PV-H24-GRU-NNV1-S42-F05,4,0.9970936179161072,1.0052298307418823,12,12
PV-H24-GRU-NNV1-S42-F05,5,0.9734403491020203,0.981728732585907,12,12
PV-H24-GRU-NNV1-S42-F05,6,0.9500141739845276,0.9583374261856079,12,12
PV-H24-GRU-NNV1-S42-F05,7,0.9268146753311157,0.9350529313087463,12,12
PV-H24-GRU-NNV1-S42-F05,8,0.9038392901420593,0.9118698835372925,12,12
PV-H24-GRU-NNV1-S42-F05,9,0.8810834288597107,0.8887799978256226,12,12
PV-H24-GRU-NNV1-S42-F05,10,0.858539879322052,0.86577308177948,12,12
PV-H24-GRU-NNV1-S42-F05,11,0.8361986875534058,0.8428373336791992,12,12
PV-H24-GRU-NNV1-S42-F05,12,0.8140465617179871,0.8199599981307983,12,12
PV-H24-GRU-NNV1-S123-F05,1,1.065798282623291,1.0760643482208252,12,12
PV-H24-GRU-NNV1-S123-F05,2,1.0401579141616821,1.0513496398925781,12,12
PV-H24-GRU-NNV1-S123-F05,3,1.0152183771133423,1.0269461870193481,12,12
PV-H24-GRU-NNV1-S123-F05,4,0.9909346699714661,1.0028748512268066,12,12
PV-H24-GRU-NNV1-S123-F05,5,0.9672703742980957,0.979138970375061,12,12
PV-H24-GRU-NNV1-S123-F05,6,0.9441874027252197,0.9557307362556458,12,12
PV-H24-GRU-NNV1-S123-F05,7,0.9216442108154297,0.9326342940330505,12,12
PV-H24-GRU-NNV1-S123-F05,8,0.8995986580848694,0.9098292589187622,12,12
PV-H24-GRU-NNV1-S123-F05,9,0.8780092597007751,0.8872954249382019,12,12
PV-H24-GRU-NNV1-S123-F05,10,0.8568376302719116,0.8650142550468445,12,12
PV-H24-GRU-NNV1-S123-F05,11,0.8360476493835449,0.8429698944091797,12,12
PV-H24-GRU-NNV1-S123-F05,12,0.815605103969574,0.8211483955383301,12,12
PV-H24-GRU-NNV1-S2020-F05,1,0.91888028383255,0.8901969194412231,12,12
PV-H24-GRU-NNV1-S2020-F05,2,0.8951647281646729,0.8690699934959412,12,12
PV-H24-GRU-NNV1-S2020-F05,3,0.8719422817230225,0.8482221961021423,12,12
PV-H24-GRU-NNV1-S2020-F05,4,0.8492053151130676,0.8276395797729492,12,12
PV-H24-GRU-NNV1-S2020-F05,5,0.8269436359405518,0.8073059916496277,12,12
PV-H24-GRU-NNV1-S2020-F05,6,0.8051437139511108,0.7872055768966675,12,12
PV-H24-GRU-NNV1-S2020-F05,7,0.7837899327278137,0.7673201560974121,12,12
PV-H24-GRU-NNV1-S2020-F05,8,0.762864351272583,0.7476301193237305,12,12
PV-H24-GRU-NNV1-S2020-F05,9,0.7423468232154846,0.7281153202056885,12,12
PV-H24-GRU-NNV1-S2020-F05,10,0.7222163677215576,0.7087563276290894,12,12
PV-H24-GRU-NNV1-S2020-F05,11,0.7024517059326172,0.68953537940979,12,12
PV-H24-GRU-NNV1-S2020-F05,12,0.6830312609672546,0.6704376935958862,12,12
PV-H24-GRU-NNV1-S2025-F05,1,0.8837636113166809,0.8552974462509155,12,12
PV-H24-GRU-NNV1-S2025-F05,2,0.8596706986427307,0.833236038684845,12,12
PV-H24-GRU-NNV1-S2025-F05,3,0.8360190987586975,0.8114743232727051,12,12
PV-H24-GRU-NNV1-S2025-F05,4,0.8127979040145874,0.7899954319000244,12,12
PV-H24-GRU-NNV1-S2025-F05,5,0.7899907231330872,0.7687791585922241,12,12
PV-H24-GRU-NNV1-S2025-F05,6,0.7675766348838806,0.7478083372116089,12,12
PV-H24-GRU-NNV1-S2025-F05,7,0.7455335855484009,0.7270635962486267,12,12
PV-H24-GRU-NNV1-S2025-F05,8,0.7238406538963318,0.7065227627754211,12,12
PV-H24-GRU-NNV1-S2025-F05,9,0.7024799585342407,0.6861628890037537,12,12
PV-H24-GRU-NNV1-S2025-F05,10,0.6814347505569458,0.6659614443778992,12,12
PV-H24-GRU-NNV1-S2025-F05,11,0.660688042640686,0.6458970308303833,12,12
PV-H24-GRU-NNV1-S2025-F05,12,0.6402226686477661,0.6259499192237854,12,12
PV-H24-GRU-NNV1-S31415-F05,1,1.1022701263427734,1.0974667072296143,12,12
PV-H24-GRU-NNV1-S31415-F05,2,1.0760936737060547,1.0717430114746094,12,12
PV-H24-GRU-NNV1-S31415-F05,3,1.0503648519515991,1.0464272499084473,12,12
PV-H24-GRU-NNV1-S31415-F05,4,1.0250486135482788,1.0214852094650269,12,12
PV-H24-GRU-NNV1-S31415-F05,5,1.0001083612442017,0.9968799948692322,12,12
PV-H24-GRU-NNV1-S31415-F05,6,0.9755128026008606,0.9725755453109741,12,12
PV-H24-GRU-NNV1-S31415-F05,7,0.9512302875518799,0.948535144329071,12,12
PV-H24-GRU-NNV1-S31415-F05,8,0.927230179309845,0.9247221946716309,12,12
PV-H24-GRU-NNV1-S31415-F05,9,0.9034847617149353,0.9011013507843018,12,12
PV-H24-GRU-NNV1-S31415-F05,10,0.8799678683280945,0.8776393532752991,12,12
PV-H24-GRU-NNV1-S31415-F05,11,0.8566551804542542,0.85430508852005,12,12
PV-H24-GRU-NNV1-S31415-F05,12,0.8335245251655579,0.8310706615447998,12,12
PV-H24-MLP-NNV1-S42-F06,1,0.0460105836391449,0.01862344704568386,8,12
PV-H24-MLP-NNV1-S42-F06,2,0.05578390508890152,0.015246051363646984,8,12
PV-H24-MLP-NNV1-S42-F06,3,0.02580261044204235,0.01572626270353794,8,12
PV-H24-MLP-NNV1-S42-F06,4,0.06726150214672089,0.012847717851400375,8,12
PV-H24-MLP-NNV1-S42-F06,5,0.08606453239917755,0.012432851828634739,8,12
PV-H24-MLP-NNV1-S42-F06,6,0.0722007304430008,0.012583140283823013,8,12
PV-H24-MLP-NNV1-S42-F06,7,0.06859606504440308,0.014462168328464031,8,12
PV-H24-MLP-NNV1-S42-F06,8,0.029626240953803062,0.012349814176559448,8,12
PV-H24-MLP-NNV1-S42-F06,9,0.04410988837480545,0.012394478544592857,8,12
PV-H24-MLP-NNV1-S42-F06,10,0.04713410884141922,0.014151077717542648,8,12
PV-H24-MLP-NNV1-S42-F06,11,0.03622700646519661,0.013398366048932076,8,12
PV-H24-MLP-NNV1-S42-F06,12,0.04854333773255348,0.013352662324905396,8,12
PV-H24-MLP-NNV1-S123-F06,1,0.046024009585380554,0.020286772400140762,11,12
PV-H24-MLP-NNV1-S123-F06,2,0.039468348026275635,0.020508460700511932,11,12
PV-H24-MLP-NNV1-S123-F06,3,0.07908538728952408,0.02011849544942379,11,12
PV-H24-MLP-NNV1-S123-F06,4,0.02429829351603985,0.017594648525118828,11,12
PV-H24-MLP-NNV1-S123-F06,5,0.06505518406629562,0.018566250801086426,11,12
PV-H24-MLP-NNV1-S123-F06,6,0.06836416572332382,0.016592510044574738,11,12
PV-H24-MLP-NNV1-S123-F06,7,0.026653196662664413,0.016735997051000595,11,12
PV-H24-MLP-NNV1-S123-F06,8,0.03195096179842949,0.01836061105132103,11,12
PV-H24-MLP-NNV1-S123-F06,9,0.053726326674222946,0.012380160391330719,11,12
PV-H24-MLP-NNV1-S123-F06,10,0.020581062883138657,0.012298552319407463,11,12
PV-H24-MLP-NNV1-S123-F06,11,0.027310993522405624,0.01154381688684225,11,12
PV-H24-MLP-NNV1-S123-F06,12,0.05113339424133301,0.01286279782652855,11,12
PV-H24-MLP-NNV1-S2020-F06,1,0.11194127798080444,0.014107713475823402,12,12
PV-H24-MLP-NNV1-S2020-F06,2,0.07563720643520355,0.016546888276934624,12,12
PV-H24-MLP-NNV1-S2020-F06,3,0.06817540526390076,0.015691762790083885,12,12
PV-H24-MLP-NNV1-S2020-F06,4,0.03613683953881264,0.012296407483518124,12,12
PV-H24-MLP-NNV1-S2020-F06,5,0.027653397992253304,0.012714584358036518,12,12
PV-H24-MLP-NNV1-S2020-F06,6,0.05110983923077583,0.01398136094212532,12,12
PV-H24-MLP-NNV1-S2020-F06,7,0.04100227355957031,0.011603506281971931,12,12
PV-H24-MLP-NNV1-S2020-F06,8,0.04194873198866844,0.01141216978430748,12,12
PV-H24-MLP-NNV1-S2020-F06,9,0.024786747992038727,0.01228001806885004,12,12
PV-H24-MLP-NNV1-S2020-F06,10,0.08040844649076462,0.013284283690154552,12,12
PV-H24-MLP-NNV1-S2020-F06,11,0.025972571223974228,0.012612370774149895,12,12
PV-H24-MLP-NNV1-S2020-F06,12,0.04803800582885742,0.011406182311475277,12,12
PV-H24-MLP-NNV1-S2025-F06,1,0.05421455577015877,0.017319010570645332,7,11
PV-H24-MLP-NNV1-S2025-F06,2,0.0406377911567688,0.015143443830311298,7,11
PV-H24-MLP-NNV1-S2025-F06,3,0.05677110701799393,0.01790498197078705,7,11
PV-H24-MLP-NNV1-S2025-F06,4,0.02736170031130314,0.01681671291589737,7,11
PV-H24-MLP-NNV1-S2025-F06,5,0.07267096638679504,0.013488251715898514,7,11
PV-H24-MLP-NNV1-S2025-F06,6,0.030210033059120178,0.013240121304988861,7,11
PV-H24-MLP-NNV1-S2025-F06,7,0.053743988275527954,0.012568230740725994,7,11
PV-H24-MLP-NNV1-S2025-F06,8,0.06928541511297226,0.013680750504136086,7,11
PV-H24-MLP-NNV1-S2025-F06,9,0.06288523972034454,0.013098964467644691,7,11
PV-H24-MLP-NNV1-S2025-F06,10,0.029962724074721336,0.015033132396638393,7,11
PV-H24-MLP-NNV1-S2025-F06,11,0.015920210629701614,0.018906686455011368,7,11
PV-H24-MLP-NNV1-S31415-F06,1,0.05038045719265938,0.029078347608447075,5,9
PV-H24-MLP-NNV1-S31415-F06,2,0.0477265790104866,0.019961850717663765,5,9
PV-H24-MLP-NNV1-S31415-F06,3,0.04846218600869179,0.01741674356162548,5,9
PV-H24-MLP-NNV1-S31415-F06,4,0.04961381107568741,0.017475523054599762,5,9
PV-H24-MLP-NNV1-S31415-F06,5,0.017474519088864326,0.01258539967238903,5,9
PV-H24-MLP-NNV1-S31415-F06,6,0.03600328043103218,0.014083721674978733,5,9
PV-H24-MLP-NNV1-S31415-F06,7,0.052601318806409836,0.01336726639419794,5,9
PV-H24-MLP-NNV1-S31415-F06,8,0.06380736082792282,0.013818242587149143,5,9
PV-H24-MLP-NNV1-S31415-F06,9,0.059399981051683426,0.014616334810853004,5,9
PV-H24-LSTM-NNV1-S42-F06,1,1.146442174911499,1.2964330911636353,12,12
PV-H24-LSTM-NNV1-S42-F06,2,1.1279282569885254,1.2773756980895996,12,12
PV-H24-LSTM-NNV1-S42-F06,3,1.109580159187317,1.2584086656570435,12,12
PV-H24-LSTM-NNV1-S42-F06,4,1.0913596153259277,1.2395167350769043,12,12
PV-H24-LSTM-NNV1-S42-F06,5,1.073238492012024,1.2206923961639404,12,12
PV-H24-LSTM-NNV1-S42-F06,6,1.055192470550537,1.2019221782684326,12,12
PV-H24-LSTM-NNV1-S42-F06,7,1.0371962785720825,1.1831889152526855,12,12
PV-H24-LSTM-NNV1-S42-F06,8,1.0192254781723022,1.1644744873046875,12,12
PV-H24-LSTM-NNV1-S42-F06,9,1.0012574195861816,1.1457619667053223,12,12
PV-H24-LSTM-NNV1-S42-F06,10,0.9832700490951538,1.1270345449447632,12,12
PV-H24-LSTM-NNV1-S42-F06,11,0.9652411937713623,1.108275294303894,12,12
PV-H24-LSTM-NNV1-S42-F06,12,0.9471487402915955,1.0894662141799927,12,12
PV-H24-LSTM-NNV1-S123-F06,1,0.9897329807281494,1.0528197288513184,12,12
PV-H24-LSTM-NNV1-S123-F06,2,0.9756700396537781,1.0395294427871704,12,12
PV-H24-LSTM-NNV1-S123-F06,3,0.9616771936416626,1.0262871980667114,12,12
PV-H24-LSTM-NNV1-S123-F06,4,0.9477406144142151,1.0130655765533447,12,12
PV-H24-LSTM-NNV1-S123-F06,5,0.9338402152061462,0.9998373985290527,12,12
PV-H24-LSTM-NNV1-S123-F06,6,0.9199519157409668,0.9865854382514954,12,12
PV-H24-LSTM-NNV1-S123-F06,7,0.9060503840446472,0.9732958674430847,12,12
PV-H24-LSTM-NNV1-S123-F06,8,0.8921096324920654,0.9599507451057434,12,12
PV-H24-LSTM-NNV1-S123-F06,9,0.8781019449234009,0.9465284943580627,12,12
PV-H24-LSTM-NNV1-S123-F06,10,0.8639993071556091,0.9330072402954102,12,12
PV-H24-LSTM-NNV1-S123-F06,11,0.8497750759124756,0.9193646311759949,12,12
PV-H24-LSTM-NNV1-S123-F06,12,0.835403561592102,0.9055795669555664,12,12
PV-H24-LSTM-NNV1-S2020-F06,1,1.2431408166885376,1.3657333850860596,12,12
PV-H24-LSTM-NNV1-S2020-F06,2,1.2261326313018799,1.3481582403182983,12,12
PV-H24-LSTM-NNV1-S2020-F06,3,1.2094789743423462,1.3309001922607422,12,12
PV-H24-LSTM-NNV1-S2020-F06,4,1.1931532621383667,1.313939094543457,12,12
PV-H24-LSTM-NNV1-S2020-F06,5,1.177126407623291,1.2972546815872192,12,12
PV-H24-LSTM-NNV1-S2020-F06,6,1.1613702774047852,1.2808221578598022,12,12
PV-H24-LSTM-NNV1-S2020-F06,7,1.1458561420440674,1.2646160125732422,12,12
PV-H24-LSTM-NNV1-S2020-F06,8,1.130553960800171,1.2486114501953125,12,12
PV-H24-LSTM-NNV1-S2020-F06,9,1.1154316663742065,1.232783317565918,12,12
PV-H24-LSTM-NNV1-S2020-F06,10,1.100455641746521,1.2171062231063843,12,12
PV-H24-LSTM-NNV1-S2020-F06,11,1.0855894088745117,1.2015533447265625,12,12
PV-H24-LSTM-NNV1-S2020-F06,12,1.0707966089248657,1.1860970258712769,12,12
PV-H24-LSTM-NNV1-S2025-F06,1,0.8670275211334229,0.9297599196434021,12,12
PV-H24-LSTM-NNV1-S2025-F06,2,0.8535082936286926,0.91683030128479,12,12
PV-H24-LSTM-NNV1-S2025-F06,3,0.8401322960853577,0.9039929509162903,12,12
PV-H24-LSTM-NNV1-S2025-F06,4,0.8268810510635376,0.8912299275398254,12,12
PV-H24-LSTM-NNV1-S2025-F06,5,0.813737154006958,0.8785239458084106,12,12
PV-H24-LSTM-NNV1-S2025-F06,6,0.800682544708252,0.8658592700958252,12,12
PV-H24-LSTM-NNV1-S2025-F06,7,0.7876982092857361,0.8532174229621887,12,12
PV-H24-LSTM-NNV1-S2025-F06,8,0.7747647166252136,0.840577244758606,12,12
PV-H24-LSTM-NNV1-S2025-F06,9,0.7618610858917236,0.827915608882904,12,12
PV-H24-LSTM-NNV1-S2025-F06,10,0.7489655017852783,0.8152085542678833,12,12
PV-H24-LSTM-NNV1-S2025-F06,11,0.7360550761222839,0.8024312853813171,12,12
PV-H24-LSTM-NNV1-S2025-F06,12,0.7231058478355408,0.7895591855049133,12,12
PV-H24-LSTM-NNV1-S31415-F06,1,1.155944585800171,1.2261520624160767,12,12
PV-H24-LSTM-NNV1-S31415-F06,2,1.1405361890792847,1.2118672132492065,12,12
PV-H24-LSTM-NNV1-S31415-F06,3,1.125254511833191,1.1976275444030762,12,12
PV-H24-LSTM-NNV1-S31415-F06,4,1.1100746393203735,1.1834189891815186,12,12
PV-H24-LSTM-NNV1-S31415-F06,5,1.0949749946594238,1.1692126989364624,12,12
PV-H24-LSTM-NNV1-S31415-F06,6,1.0799294710159302,1.1549807786941528,12,12
PV-H24-LSTM-NNV1-S31415-F06,7,1.0649096965789795,1.1406992673873901,12,12
PV-H24-LSTM-NNV1-S31415-F06,8,1.0498861074447632,1.1263480186462402,12,12
PV-H24-LSTM-NNV1-S31415-F06,9,1.0348296165466309,1.1119078397750854,12,12
PV-H24-LSTM-NNV1-S31415-F06,10,1.019712209701538,1.0973596572875977,12,12
PV-H24-LSTM-NNV1-S31415-F06,11,1.0045078992843628,1.0826849937438965,12,12
PV-H24-LSTM-NNV1-S31415-F06,12,0.9891921877861023,1.0678651332855225,12,12
PV-H24-GRU-NNV1-S42-F06,1,1.061837077140808,1.1400797367095947,12,12
PV-H24-GRU-NNV1-S42-F06,2,1.0377955436706543,1.1162000894546509,12,12
PV-H24-GRU-NNV1-S42-F06,3,1.013956904411316,1.0924360752105713,12,12
PV-H24-GRU-NNV1-S42-F06,4,0.9903246760368347,1.0687826871871948,12,12
PV-H24-GRU-NNV1-S42-F06,5,0.9669018387794495,1.0452371835708618,12,12
PV-H24-GRU-NNV1-S42-F06,6,0.9436898827552795,1.0217947959899902,12,12
PV-H24-GRU-NNV1-S42-F06,7,0.9206886291503906,0.998445987701416,12,12
PV-H24-GRU-NNV1-S42-F06,8,0.8978955745697021,0.9751767516136169,12,12
PV-H24-GRU-NNV1-S42-F06,9,0.8753049969673157,0.9519708156585693,12,12
PV-H24-GRU-NNV1-S42-F06,10,0.8529083132743835,0.9288131594657898,12,12
PV-H24-GRU-NNV1-S42-F06,11,0.830694317817688,0.9056884050369263,12,12
PV-H24-GRU-NNV1-S42-F06,12,0.8086490035057068,0.8825803995132446,12,12
PV-H24-GRU-NNV1-S123-F06,1,1.0590084791183472,1.1321731805801392,12,12
PV-H24-GRU-NNV1-S123-F06,2,1.0335097312927246,1.1066162586212158,12,12
PV-H24-GRU-NNV1-S123-F06,3,1.0086719989776611,1.0814841985702515,12,12
PV-H24-GRU-NNV1-S123-F06,4,0.9844468832015991,1.0567530393600464,12,12
PV-H24-GRU-NNV1-S123-F06,5,0.9607964754104614,1.0324145555496216,12,12
PV-H24-GRU-NNV1-S123-F06,6,0.9376876354217529,1.0084669589996338,12,12
PV-H24-GRU-NNV1-S123-F06,7,0.9150891304016113,0.9849033355712891,12,12
PV-H24-GRU-NNV1-S123-F06,8,0.8929697275161743,0.9617112278938293,12,12
PV-H24-GRU-NNV1-S123-F06,9,0.8712977766990662,0.9388759136199951,12,12
PV-H24-GRU-NNV1-S123-F06,10,0.8500410318374634,0.9163800477981567,12,12
PV-H24-GRU-NNV1-S123-F06,11,0.8291667699813843,0.8942055702209473,12,12
PV-H24-GRU-NNV1-S123-F06,12,0.8086429834365845,0.8723340034484863,12,12
PV-H24-GRU-NNV1-S2020-F06,1,0.9114407300949097,0.9362683296203613,12,12
PV-H24-GRU-NNV1-S2020-F06,2,0.8880048394203186,0.9150100946426392,12,12
PV-H24-GRU-NNV1-S2020-F06,3,0.8650399446487427,0.894029438495636,12,12
PV-H24-GRU-NNV1-S2020-F06,4,0.842537522315979,0.8733113408088684,12,12
PV-H24-GRU-NNV1-S2020-F06,5,0.820485532283783,0.8528369665145874,12,12
PV-H24-GRU-NNV1-S2020-F06,6,0.7988700270652771,0.8325884342193604,12,12
PV-H24-GRU-NNV1-S2020-F06,7,0.7776756286621094,0.812547504901886,12,12
PV-H24-GRU-NNV1-S2020-F06,8,0.7568846344947815,0.7926947474479675,12,12
PV-H24-GRU-NNV1-S2020-F06,9,0.7364770174026489,0.7730101346969604,12,12
PV-H24-GRU-NNV1-S2020-F06,10,0.7164314389228821,0.7534741759300232,12,12
PV-H24-GRU-NNV1-S2020-F06,11,0.6967263221740723,0.7340688705444336,12,12
PV-H24-GRU-NNV1-S2020-F06,12,0.6773406863212585,0.7147790193557739,12,12
PV-H24-GRU-NNV1-S2025-F06,1,0.8753997683525085,0.9345956444740295,12,12
PV-H24-GRU-NNV1-S2025-F06,2,0.8515883088111877,0.9116031527519226,12,12
PV-H24-GRU-NNV1-S2025-F06,3,0.8281978964805603,0.8888961672782898,12,12
PV-H24-GRU-NNV1-S2025-F06,4,0.8052197694778442,0.8664652109146118,12,12
PV-H24-GRU-NNV1-S2025-F06,5,0.7826375365257263,0.8442950248718262,12,12
PV-H24-GRU-NNV1-S2025-F06,6,0.7604320049285889,0.8223711848258972,12,12
PV-H24-GRU-NNV1-S2025-F06,7,0.7385831475257874,0.8006783127784729,12,12
PV-H24-GRU-NNV1-S2025-F06,8,0.7170725464820862,0.7791993618011475,12,12
PV-H24-GRU-NNV1-S2025-F06,9,0.6958824396133423,0.7579148411750793,12,12
PV-H24-GRU-NNV1-S2025-F06,10,0.6749957203865051,0.7368040680885315,12,12
PV-H24-GRU-NNV1-S2025-F06,11,0.6543952226638794,0.7158467769622803,12,12
PV-H24-GRU-NNV1-S2025-F06,12,0.6340634822845459,0.6950241923332214,12,12
PV-H24-GRU-NNV1-S31415-F06,1,1.0952627658843994,1.1525497436523438,12,12
PV-H24-GRU-NNV1-S31415-F06,2,1.0692732334136963,1.1263318061828613,12,12
PV-H24-GRU-NNV1-S31415-F06,3,1.043710470199585,1.1004477739334106,12,12
PV-H24-GRU-NNV1-S31415-F06,4,1.0185493230819702,1.0748811960220337,12,12
PV-H24-GRU-NNV1-S31415-F06,5,0.9937576651573181,1.049595594406128,12,12
PV-H24-GRU-NNV1-S31415-F06,6,0.9693030118942261,1.0245490074157715,12,12
PV-H24-GRU-NNV1-S31415-F06,7,0.9451515078544617,0.9997051358222961,12,12
PV-H24-GRU-NNV1-S31415-F06,8,0.9212709069252014,0.9750348329544067,12,12
PV-H24-GRU-NNV1-S31415-F06,9,0.8976320028305054,0.950514018535614,12,12
PV-H24-GRU-NNV1-S31415-F06,10,0.8742080926895142,0.9261240363121033,12,12
PV-H24-GRU-NNV1-S31415-F06,11,0.8509762287139893,0.9018481373786926,12,12
PV-H24-GRU-NNV1-S31415-F06,12,0.8279147744178772,0.8776715993881226,12,12
