timestamp,load,wind,pv
2024-01-01 00:00:00,69.57,24.14,0.0
2024-01-01 01:00:00,64.84,29.56,0.0
2024-01-01 02:00:00,59.62,19.6,0.0
2024-01-01 03:00:00,55.82,26.77,0.0
2024-01-01 04:00:00,49.35,29.68,0.0
2024-01-01 05:00:00,46.55,35.89,0.0
2024-01-01 06:00:00,44.65,27.31,0.11
2024-01-01 07:00:00,37.64,38.44,10.6
2024-01-01 08:00:00,40.12,35.37,19.89
2024-01-01 09:00:00,36.32,35.94,27.97
2024-01-01 10:00:00,45.3,36.08,34.4
2024-01-01 11:00:00,46.6,29.26,39.42
2024-01-01 12:00:00,51.7,22.29,38.49
2024-01-01 13:00:00,53.0,40.26,37.72
2024-01-01 14:00:00,61.99,40.51,33.42
2024-01-01 15:00:00,62.17,35.12,28.2
2024-01-01 16:00:00,70.34,40.01,20.82
2024-01-01 17:00:00,75.19,39.35,11.0
2024-01-01 18:00:00,75.44,34.65,-0.72
2024-01-01 19:00:00,80.82,35.7,0.0
2024-01-01 20:00:00,87.01,32.72,0.0
2024-01-01 21:00:00,76.02,40.43,0.0
2024-01-01 22:00:00,81.59,38.8,0.0
2024-01-01 23:00:00,76.65,43.01,0.0
2024-01-02 00:00:00,69.72,28.28,0.0
2024-01-02 01:00:00,63.58,39.59,0.0
2024-01-02 02:00:00,55.67,34.36,0.0
2024-01-02 03:00:00,55.58,31.91,0.0
2024-01-02 04:00:00,52.17,35.62,0.0
2024-01-02 05:00:00,52.82,34.98,0.0
2024-01-02 06:00:00,40.85,26.84,-0.56
2024-01-02 07:00:00,43.54,29.72,9.79
2024-01-02 08:00:00,42.25,27.64,19.28
2024-01-02 09:00:00,35.16,25.27,27.2
2024-01-02 10:00:00,43.93,26.99,35.83
2024-01-02 11:00:00,46.64,31.47,38.81
2024-01-02 12:00:00,52.68,19.95,40.27
2024-01-02 13:00:00,57.53,30.09,39.02
2024-01-02 14:00:00,59.91,21.12,36.59
2024-01-02 15:00:00,69.96,19.31,28.4
2024-01-02 16:00:00,66.61,28.01,19.85
2024-01-02 17:00:00,76.59,8.05,11.04
2024-01-02 18:00:00,79.45,16.25,0.56
2024-01-02 19:00:00,77.44,18.11,0.0
2024-01-02 20:00:00,85.17,12.01,0.0
2024-01-02 21:00:00,78.04,23.32,0.0
2024-01-02 22:00:00,75.98,13.99,0.0
2024-01-02 23:00:00,74.44,8.96,0.0
2024-01-03 00:00:00,70.66,8.56,0.0
2024-01-03 01:00:00,67.83,14.14,0.0
2024-01-03 02:00:00,66.85,15.13,0.0
2024-01-03 03:00:00,58.92,6.89,0.0
2024-01-03 04:00:00,49.63,14.8,0.0
2024-01-03 05:00:00,51.1,4.64,0.0
2024-01-03 06:00:00,45.65,20.67,0.59
2024-01-03 07:00:00,42.82,10.44,10.4
2024-01-03 08:00:00,36.26,12.22,20.2
2024-01-03 09:00:00,46.74,15.01,27.67
2024-01-03 10:00:00,37.97,15.03,34.25
2024-01-03 11:00:00,48.33,13.9,40.09
2024-01-03 12:00:00,46.65,17.19,40.46
2024-01-03 13:00:00,56.3,20.84,37.94
2024-01-03 14:00:00,60.26,22.18,35.34
2024-01-03 15:00:00,67.0,27.28,28.57
2024-01-03 16:00:00,70.73,17.85,19.7
2024-01-03 17:00:00,78.59,20.71,10.47
2024-01-03 18:00:00,80.91,10.37,-0.51
2024-01-03 19:00:00,80.22,21.08,0.0
2024-01-03 20:00:00,78.18,25.25,0.0
2024-01-03 21:00:00,81.14,16.92,0.0
2024-01-03 22:00:00,78.88,21.94,0.0
2024-01-03 23:00:00,69.69,26.22,0.0
2024-01-04 00:00:00,69.86,21.27,0.0
2024-01-04 01:00:00,66.75,28.49,0.0
2024-01-04 02:00:00,58.27,29.09,0.0
2024-01-04 03:00:00,57.87,24.54,0.0
2024-01-04 04:00:00,51.14,29.12,0.0
2024-01-04 05:00:00,52.66,20.76,0.0
2024-01-04 06:00:00,44.77,30.5,-0.31
2024-01-04 07:00:00,46.39,43.09,10.34
2024-01-04 08:00:00,38.67,30.26,20.35
2024-01-04 09:00:00,38.61,32.07,28.35
2024-01-04 10:00:00,43.29,44.2,32.54
2024-01-04 11:00:00,45.36,29.79,40.38
2024-01-04 12:00:00,50.88,31.04,43.16
2024-01-04 13:00:00,50.34,38.24,38.09
2024-01-04 14:00:00,62.08,34.99,35.93
2024-01-04 15:00:00,60.37,42.79,27.85
2024-01-04 16:00:00,71.4,36.64,18.04
2024-01-04 17:00:00,78.34,39.76,12.48
2024-01-04 18:00:00,78.25,32.78,-1.24
2024-01-04 19:00:00,79.46,39.47,0.0
2024-01-04 20:00:00,81.74,34.43,0.0
2024-01-04 21:00:00,75.86,32.7,0.0
2024-01-04 22:00:00,73.85,39.49,0.0
2024-01-04 23:00:00,67.21,34.21,0.0
2024-01-05 00:00:00,71.35,43.0,0.0
2024-01-05 01:00:00,65.39,39.84,0.0
2024-01-05 02:00:00,58.8,30.47,0.0
2024-01-05 03:00:00,52.8,41.12,0.0
2024-01-05 04:00:00,52.98,35.15,0.0
2024-01-05 05:00:00,55.85,31.72,0.0
2024-01-05 06:00:00,44.54,29.89,0.31
2024-01-05 07:00:00,47.63,23.07,11.86
2024-01-05 08:00:00,38.8,33.02,20.43
2024-01-05 09:00:00,36.64,18.57,26.03
2024-01-05 10:00:00,42.47,28.81,34.54
2024-01-05 11:00:00,43.55,15.93,37.41
2024-01-05 12:00:00,50.99,29.96,40.37
2024-01-05 13:00:00,57.2,30.7,38.45
2024-01-05 14:00:00,59.59,20.31,33.98
2024-01-05 15:00:00,63.42,22.68,26.12
2024-01-05 16:00:00,70.75,17.33,19.64
2024-01-05 17:00:00,75.26,20.12,12.07
2024-01-05 18:00:00,75.8,18.65,-0.59
2024-01-05 19:00:00,75.52,17.49,0.0
2024-01-05 20:00:00,80.18,26.51,0.0
2024-01-05 21:00:00,82.15,21.68,0.0
2024-01-05 22:00:00,75.18,19.16,0.0
2024-01-05 23:00:00,70.72,16.73,0.0
2024-01-06 00:00:00,71.26,10.78,0.0
2024-01-06 01:00:00,71.17,16.96,0.0
2024-01-06 02:00:00,54.29,16.49,0.0
2024-01-06 03:00:00,53.6,13.42,0.0
2024-01-06 04:00:00,51.4,15.13,0.0
2024-01-06 05:00:00,39.74,7.25,0.0
2024-01-06 06:00:00,45.0,22.52,1.3
2024-01-06 07:00:00,46.09,16.89,8.3
2024-01-06 08:00:00,34.25,14.45,21.61
2024-01-06 09:00:00,37.26,16.63,30.29
2024-01-06 10:00:00,37.01,10.07,34.93
2024-01-06 11:00:00,46.19,20.99,38.17
2024-01-06 12:00:00,45.73,23.68,40.32
2024-01-06 13:00:00,52.34,16.18,38.85
2024-01-06 14:00:00,57.93,16.29,35.29
2024-01-06 15:00:00,62.35,20.47,30.05
2024-01-06 16:00:00,69.5,13.36,19.36
2024-01-06 17:00:00,77.83,20.41,10.21
2024-01-06 18:00:00,76.77,18.42,0.62
2024-01-06 19:00:00,81.61,19.01,0.0
2024-01-06 20:00:00,82.49,24.26,0.0
2024-01-06 21:00:00,78.97,17.6,0.0
2024-01-06 22:00:00,74.5,19.21,0.0
2024-01-06 23:00:00,71.19,28.28,0.0
2024-01-07 00:00:00,69.86,32.85,0.0
2024-01-07 01:00:00,72.01,26.17,0.0
2024-01-07 02:00:00,55.36,25.18,0.0
2024-01-07 03:00:00,54.6,20.66,0.0
2024-01-07 04:00:00,49.25,30.54,0.0
2024-01-07 05:00:00,44.48,26.23,0.0
2024-01-07 06:00:00,40.4,30.2,1.79
2024-01-07 07:00:00,38.19,36.65,9.98
2024-01-07 08:00:00,37.95,36.35,20.48
2024-01-07 09:00:00,42.93,30.73,29.68
2024-01-07 10:00:00,46.08,32.21,33.85
2024-01-07 11:00:00,49.45,34.84,39.46
2024-01-07 12:00:00,46.43,32.24,40.56
2024-01-07 13:00:00,52.05,37.11,37.99
2024-01-07 14:00:00,53.64,37.15,35.0
2024-01-07 15:00:00,63.42,39.65,29.32
2024-01-07 16:00:00,68.18,40.29,19.33
2024-01-07 17:00:00,69.59,33.8,10.02
2024-01-07 18:00:00,77.53,37.18,0.21
2024-01-07 19:00:00,82.72,38.09,0.0
2024-01-07 20:00:00,79.06,30.76,0.0
2024-01-07 21:00:00,81.48,39.23,0.0
2024-01-07 22:00:00,81.67,32.54,0.0
2024-01-07 23:00:00,74.22,35.58,0.0
2024-01-08 00:00:00,69.74,35.44,0.0
2024-01-08 01:00:00,60.03,38.95,0.0
2024-01-08 02:00:00,61.96,39.84,0.0
2024-01-08 03:00:00,61.57,31.89,0.0
2024-01-08 04:00:00,49.89,32.76,0.0
2024-01-08 05:00:00,51.68,23.23,0.0
2024-01-08 06:00:00,44.14,18.09,-1.47
2024-01-08 07:00:00,34.62,35.42,8.97
2024-01-08 08:00:00,37.39,23.29,19.77
2024-01-08 09:00:00,42.51,34.69,27.18
2024-01-08 10:00:00,39.7,27.7,33.88
2024-01-08 11:00:00,45.93,26.65,40.06
2024-01-08 12:00:00,46.38,22.14,39.44
2024-01-08 13:00:00,57.0,23.36,39.02
2024-01-08 14:00:00,62.61,22.24,34.11
2024-01-08 15:00:00,65.72,21.4,29.81
2024-01-08 16:00:00,68.95,24.33,18.95
2024-01-08 17:00:00,72.38,10.42,10.7
2024-01-08 18:00:00,80.45,15.11,-1.33
2024-01-08 19:00:00,82.49,11.44,0.0
2024-01-08 20:00:00,79.76,17.66,0.0
2024-01-08 21:00:00,76.32,23.23,0.0
2024-01-08 22:00:00,81.82,5.95,0.0
2024-01-08 23:00:00,69.8,19.21,0.0
2024-01-09 00:00:00,66.09,12.66,0.0
2024-01-09 01:00:00,65.57,17.58,0.0
2024-01-09 02:00:00,59.33,14.2,0.0
2024-01-09 03:00:00,52.49,19.87,0.0
2024-01-09 04:00:00,48.51,14.88,0.0
2024-01-09 05:00:00,44.32,13.58,0.0
2024-01-09 06:00:00,42.18,7.93,-0.16
2024-01-09 07:00:00,43.07,14.26,11.77
2024-01-09 08:00:00,42.2,17.82,20.84
2024-01-09 09:00:00,41.59,17.73,28.5
2024-01-09 10:00:00,42.89,13.84,33.67
2024-01-09 11:00:00,40.19,16.19,38.63
2024-01-09 12:00:00,53.71,19.25,40.15
2024-01-09 13:00:00,54.82,8.11,37.61
2024-01-09 14:00:00,57.09,18.98,33.27
2024-01-09 15:00:00,64.55,16.88,28.85
2024-01-09 16:00:00,73.13,14.06,21.06
2024-01-09 17:00:00,73.32,10.01,9.82
2024-01-09 18:00:00,79.35,18.97,1.19
2024-01-09 19:00:00,77.84,25.38,0.0
2024-01-09 20:00:00,72.97,21.78,0.0
2024-01-09 21:00:00,79.75,19.04,0.0
2024-01-09 22:00:00,81.5,27.77,0.0
2024-01-09 23:00:00,73.36,23.52,0.0
2024-01-10 00:00:00,68.84,22.44,0.0
2024-01-10 01:00:00,61.25,32.95,0.0
2024-01-10 02:00:00,63.08,31.07,0.0
2024-01-10 03:00:00,51.54,38.51,0.0
2024-01-10 04:00:00,55.94,30.04,0.0
2024-01-10 05:00:00,43.15,25.74,0.0
2024-01-10 06:00:00,43.94,30.83,-0.91
2024-01-10 07:00:00,43.95,41.91,8.85
2024-01-10 08:00:00,44.7,25.65,18.76
2024-01-10 09:00:00,39.83,32.17,27.25
2024-01-10 10:00:00,34.94,43.21,34.41
2024-01-10 11:00:00,42.51,27.38,38.36
2024-01-10 12:00:00,51.91,45.1,39.77
2024-01-10 13:00:00,55.44,38.63,38.26
2024-01-10 14:00:00,58.48,37.79,33.3
2024-01-10 15:00:00,64.65,38.47,28.45
2024-01-10 16:00:00,68.47,45.51,20.42
2024-01-10 17:00:00,70.82,35.74,12.09
2024-01-10 18:00:00,75.02,37.78,2.43
2024-01-10 19:00:00,83.43,41.04,0.0
2024-01-10 20:00:00,74.96,37.42,0.0
2024-01-10 21:00:00,77.74,29.88,0.0
2024-01-10 22:00:00,72.01,36.79,0.0
2024-01-10 23:00:00,75.91,37.83,0.0
2024-01-11 00:00:00,69.08,31.4,0.0
2024-01-11 01:00:00,62.22,32.05,0.0
2024-01-11 02:00:00,56.9,33.18,0.0
2024-01-11 03:00:00,54.75,29.01,0.0
2024-01-11 04:00:00,49.3,28.91,0.0
2024-01-11 05:00:00,45.84,34.42,0.0
2024-01-11 06:00:00,43.21,22.74,0.47
2024-01-11 07:00:00,39.55,33.28,10.63
2024-01-11 08:00:00,35.21,35.14,20.16
2024-01-11 09:00:00,40.15,30.36,28.19
2024-01-11 10:00:00,43.42,27.45,35.32
2024-01-11 11:00:00,46.32,25.19,37.85
2024-01-11 12:00:00,53.76,24.16,39.8
2024-01-11 13:00:00,53.35,19.68,39.42
2024-01-11 14:00:00,62.73,17.63,33.7
2024-01-11 15:00:00,65.79,23.38,28.41
2024-01-11 16:00:00,73.19,23.11,19.59
2024-01-11 17:00:00,71.41,23.09,11.61
2024-01-11 18:00:00,78.93,15.07,0.19
2024-01-11 19:00:00,78.34,20.63,0.0
2024-01-11 20:00:00,79.94,17.91,0.0
2024-01-11 21:00:00,75.24,17.42,0.0
2024-01-11 22:00:00,75.24,10.39,0.0
2024-01-11 23:00:00,73.68,5.89,0.0
2024-01-12 00:00:00,72.1,18.87,0.0
2024-01-12 01:00:00,65.02,9.16,0.0
2024-01-12 02:00:00,57.16,12.97,0.0
2024-01-12 03:00:00,47.55,14.31,0.0
2024-01-12 04:00:00,51.99,11.62,0.0
2024-01-12 05:00:00,44.37,13.96,0.0
2024-01-12 06:00:00,43.73,13.09,1.09
2024-01-12 07:00:00,38.61,13.96,9.89
2024-01-12 08:00:00,44.67,7.92,19.68
2024-01-12 09:00:00,38.07,15.06,26.19
2024-01-12 10:00:00,38.6,3.84,33.41
2024-01-12 11:00:00,42.5,7.57,39.21
2024-01-12 12:00:00,44.75,12.9,40.18
2024-01-12 13:00:00,56.12,15.13,39.38
2024-01-12 14:00:00,56.11,18.31,34.52
2024-01-12 15:00:00,63.43,22.03,26.85
2024-01-12 16:00:00,68.75,17.37,19.59
2024-01-12 17:00:00,77.23,16.45,10.62
2024-01-12 18:00:00,79.37,25.94,2.15
2024-01-12 19:00:00,81.34,14.32,0.0
2024-01-12 20:00:00,91.26,14.9,0.0
2024-01-12 21:00:00,78.2,18.39,0.0
2024-01-12 22:00:00,82.2,25.02,0.0
2024-01-12 23:00:00,69.86,25.29,0.0
2024-01-13 00:00:00,71.64,23.41,0.0
2024-01-13 01:00:00,61.52,22.42,0.0
2024-01-13 02:00:00,58.69,27.2,0.0
2024-01-13 03:00:00,53.26,31.78,0.0
2024-01-13 04:00:00,47.15,20.45,0.0
2024-01-13 05:00:00,43.64,36.82,0.0
2024-01-13 06:00:00,40.96,33.46,2.34
2024-01-13 07:00:00,37.19,33.1,9.52
2024-01-13 08:00:00,36.47,27.76,22.37
2024-01-13 09:00:00,42.72,32.94,29.74
2024-01-13 10:00:00,39.69,36.0,34.37
2024-01-13 11:00:00,48.49,27.83,38.69
2024-01-13 12:00:00,50.13,24.48,39.33
2024-01-13 13:00:00,52.73,38.81,37.2
2024-01-13 14:00:00,65.83,33.41,36.5
2024-01-13 15:00:00,63.77,41.9,28.97
2024-01-13 16:00:00,68.74,47.85,19.86
2024-01-13 17:00:00,73.82,37.55,9.87
2024-01-13 18:00:00,79.06,35.76,-1.02
2024-01-13 19:00:00,75.82,35.56,0.0
2024-01-13 20:00:00,85.63,40.53,0.0
2024-01-13 21:00:00,79.04,31.93,0.0
2024-01-13 22:00:00,76.39,41.53,0.0
2024-01-13 23:00:00,72.46,43.13,0.0
2024-01-14 00:00:00,65.88,33.94,0.0
2024-01-14 01:00:00,70.4,24.79,0.0
2024-01-14 02:00:00,63.57,24.94,0.0
2024-01-14 03:00:00,54.55,32.62,0.0
2024-01-14 04:00:00,52.47,16.94,0.0
2024-01-14 05:00:00,40.1,29.05,0.0
2024-01-14 06:00:00,42.79,29.9,-0.89
2024-01-14 07:00:00,37.12,25.84,9.95
2024-01-14 08:00:00,40.73,36.27,20.58
2024-01-14 09:00:00,38.71,28.34,27.97
2024-01-14 10:00:00,41.79,19.27,34.59
2024-01-14 11:00:00,46.97,21.26,37.72
2024-01-14 12:00:00,45.24,24.3,41.16
2024-01-14 13:00:00,58.27,15.44,38.91
2024-01-14 14:00:00,56.75,19.09,35.4
2024-01-14 15:00:00,61.91,21.01,28.1
2024-01-14 16:00:00,66.96,18.5,19.67
2024-01-14 17:00:00,66.37,15.87,10.86
2024-01-14 18:00:00,81.23,11.1,-1.15
2024-01-14 19:00:00,82.88,10.19,0.0
2024-01-14 20:00:00,78.09,20.27,0.0
2024-01-14 21:00:00,78.33,8.24,0.0
2024-01-14 22:00:00,77.88,14.84,0.0
2024-01-14 23:00:00,77.99,18.11,0.0
2024-01-15 00:00:00,79.11,6.38,0.0
2024-01-15 01:00:00,65.11,8.79,0.0
2024-01-15 02:00:00,63.46,17.83,0.0
2024-01-15 03:00:00,57.09,9.52,0.0
2024-01-15 04:00:00,47.76,3.03,0.0
2024-01-15 05:00:00,50.99,15.59,0.0
2024-01-15 06:00:00,41.9,16.75,0.93
2024-01-15 07:00:00,43.61,9.48,8.73
2024-01-15 08:00:00,40.59,17.97,20.36
2024-01-15 09:00:00,37.66,24.44,28.41
2024-01-15 10:00:00,44.76,13.63,35.51
2024-01-15 11:00:00,48.16,14.66,40.44
2024-01-15 12:00:00,53.67,17.56,39.12
2024-01-15 13:00:00,57.54,20.66,37.89
2024-01-15 14:00:00,57.97,15.8,33.84
2024-01-15 15:00:00,70.97,21.19,28.59
2024-01-15 16:00:00,67.8,11.4,20.08
2024-01-15 17:00:00,72.43,17.93,11.19
2024-01-15 18:00:00,81.67,18.01,-0.2
2024-01-15 19:00:00,83.15,16.69,0.0
2024-01-15 20:00:00,75.44,27.4,0.0
2024-01-15 21:00:00,80.56,11.07,0.0
2024-01-15 22:00:00,77.45,20.9,0.0
2024-01-15 23:00:00,79.38,20.31,0.0
2024-01-16 00:00:00,68.26,20.45,0.0
2024-01-16 01:00:00,62.01,22.54,0.0
2024-01-16 02:00:00,55.69,21.93,0.0
2024-01-16 03:00:00,50.0,20.62,0.0
2024-01-16 04:00:00,45.32,26.5,0.0
2024-01-16 05:00:00,43.81,23.94,0.0
2024-01-16 06:00:00,44.11,28.84,-0.05
2024-01-16 07:00:00,39.29,33.08,11.95
2024-01-16 08:00:00,41.43,29.44,17.41
2024-01-16 09:00:00,34.17,35.35,27.86
2024-01-16 10:00:00,40.66,29.08,35.16
2024-01-16 11:00:00,47.59,33.52,37.08
2024-01-16 12:00:00,51.26,34.76,40.54
2024-01-16 13:00:00,60.64,33.62,38.22
2024-01-16 14:00:00,51.72,34.43,36.41
2024-01-16 15:00:00,61.65,42.77,29.61
2024-01-16 16:00:00,70.32,38.91,18.57
2024-01-16 17:00:00,72.28,42.17,9.18
2024-01-16 18:00:00,70.92,39.3,0.57
2024-01-16 19:00:00,85.47,38.58,0.0
2024-01-16 20:00:00,73.82,32.64,0.0
2024-01-16 21:00:00,79.51,38.37,0.0
2024-01-16 22:00:00,80.26,26.48,0.0
2024-01-16 23:00:00,73.15,40.72,0.0
2024-01-17 00:00:00,74.63,44.7,0.0
2024-01-17 01:00:00,64.01,40.32,0.0
2024-01-17 02:00:00,65.14,40.18,0.0
2024-01-17 03:00:00,56.99,37.62,0.0
2024-01-17 04:00:00,47.63,25.48,0.0
2024-01-17 05:00:00,48.81,30.15,0.0
2024-01-17 06:00:00,42.6,29.04,-0.58
2024-01-17 07:00:00,41.38,30.41,9.33
2024-01-17 08:00:00,40.74,25.39,19.92
2024-01-17 09:00:00,43.04,25.1,30.16
2024-01-17 10:00:00,46.38,13.82,35.53
2024-01-17 11:00:00,43.57,29.95,38.0
2024-01-17 12:00:00,50.57,28.18,40.47
2024-01-17 13:00:00,52.13,17.84,37.89
2024-01-17 14:00:00,59.49,23.77,34.52
2024-01-17 15:00:00,62.99,26.48,29.19
2024-01-17 16:00:00,74.64,21.82,20.71
2024-01-17 17:00:00,76.16,16.67,10.96
2024-01-17 18:00:00,81.19,28.88,1.72
2024-01-17 19:00:00,79.42,19.74,0.0
2024-01-17 20:00:00,81.25,17.27,0.0
2024-01-17 21:00:00,81.18,15.91,0.0
2024-01-17 22:00:00,76.74,24.6,0.0
2024-01-17 23:00:00,74.64,15.51,0.0
2024-01-18 00:00:00,72.65,15.36,0.0
2024-01-18 01:00:00,66.05,13.81,0.0
2024-01-18 02:00:00,56.34,13.57,0.0
2024-01-18 03:00:00,51.41,14.46,0.0
2024-01-18 04:00:00,46.46,17.77,0.0
2024-01-18 05:00:00,48.11,14.45,0.0
2024-01-18 06:00:00,42.38,3.18,0.42
2024-01-18 07:00:00,37.39,14.77,10.2
2024-01-18 08:00:00,39.76,13.85,19.0
2024-01-18 09:00:00,39.32,15.06,27.22
2024-01-18 10:00:00,42.05,17.05,35.84
2024-01-18 11:00:00,48.06,9.9,38.96
2024-01-18 12:00:00,47.19,29.0,38.53
2024-01-18 13:00:00,51.59,13.37,38.43
2024-01-18 14:00:00,59.16,6.47,34.06
2024-01-18 15:00:00,62.18,15.88,26.89
2024-01-18 16:00:00,67.95,18.37,19.31
2024-01-18 17:00:00,72.39,16.19,11.28
2024-01-18 18:00:00,78.0,22.28,-1.33
2024-01-18 19:00:00,78.1,21.97,0.0
2024-01-18 20:00:00,80.99,20.03,0.0
2024-01-18 21:00:00,79.97,19.97,0.0
2024-01-18 22:00:00,81.36,27.59,0.0
2024-01-18 23:00:00,75.59,18.05,0.0
2024-01-19 00:00:00,66.7,21.68,0.0
2024-01-19 01:00:00,64.44,28.29,0.0
2024-01-19 02:00:00,57.31,32.97,0.0
2024-01-19 03:00:00,54.83,18.04,0.0
2024-01-19 04:00:00,48.57,16.18,0.0
2024-01-19 05:00:00,43.6,27.33,0.0
2024-01-19 06:00:00,40.85,29.03,-0.33
2024-01-19 07:00:00,38.9,37.96,11.86
2024-01-19 08:00:00,36.57,24.61,21.25
2024-01-19 09:00:00,38.24,22.29,29.81
2024-01-19 10:00:00,44.4,33.47,33.39
2024-01-19 11:00:00,45.32,30.78,40.33
2024-01-19 12:00:00,49.79,34.13,40.63
2024-01-19 13:00:00,52.36,36.34,38.58
2024-01-19 14:00:00,62.65,34.03,33.7
2024-01-19 15:00:00,66.15,35.66,28.12
2024-01-19 16:00:00,69.95,32.82,19.3
2024-01-19 17:00:00,75.46,42.78,9.26
2024-01-19 18:00:00,77.97,38.42,-1.28
2024-01-19 19:00:00,79.82,40.77,0.0
2024-01-19 20:00:00,83.48,34.99,0.0
2024-01-19 21:00:00,77.2,33.56,0.0
2024-01-19 22:00:00,74.38,32.54,0.0
2024-01-19 23:00:00,75.0,35.95,0.0
2024-01-20 00:00:00,68.53,31.7,0.0
2024-01-20 01:00:00,66.22,32.32,0.0
2024-01-20 02:00:00,56.88,33.43,0.0
2024-01-20 03:00:00,54.03,28.14,0.0
2024-01-20 04:00:00,52.48,36.94,0.0
2024-01-20 05:00:00,45.98,32.54,0.0
2024-01-20 06:00:00,44.26,35.46,-0.03
2024-01-20 07:00:00,45.65,32.27,10.43
2024-01-20 08:00:00,42.62,23.46,19.66
2024-01-20 09:00:00,43.4,37.05,26.72
2024-01-20 10:00:00,45.29,27.34,34.83
2024-01-20 11:00:00,51.11,20.24,37.69
2024-01-20 12:00:00,48.21,19.97,39.74
2024-01-20 13:00:00,55.29,19.88,38.77
2024-01-20 14:00:00,64.81,16.53,33.25
2024-01-20 15:00:00,66.3,23.98,28.08
2024-01-20 16:00:00,68.14,17.67,18.97
2024-01-20 17:00:00,72.09,17.53,10.88
2024-01-20 18:00:00,79.6,24.2,0.59
2024-01-20 19:00:00,82.02,22.04,0.0
2024-01-20 20:00:00,82.31,14.7,0.0
2024-01-20 21:00:00,78.53,7.36,0.0
2024-01-20 22:00:00,78.2,12.44,0.0
2024-01-20 23:00:00,75.35,17.81,0.0
2024-01-21 00:00:00,65.94,9.54,0.0
2024-01-21 01:00:00,64.13,11.54,0.0
2024-01-21 02:00:00,60.5,7.95,0.0
2024-01-21 03:00:00,54.97,4.97,0.0
2024-01-21 04:00:00,43.53,16.77,0.0
2024-01-21 05:00:00,41.94,10.25,0.0
2024-01-21 06:00:00,38.43,11.01,-1.41
2024-01-21 07:00:00,39.45,15.29,11.34
2024-01-21 08:00:00,39.22,18.77,20.76
2024-01-21 09:00:00,41.92,18.5,27.88
2024-01-21 10:00:00,47.99,22.58,35.3
2024-01-21 11:00:00,48.64,8.67,39.49
2024-01-21 12:00:00,46.66,6.26,39.95
2024-01-21 13:00:00,53.04,11.84,39.5
2024-01-21 14:00:00,61.6,13.34,33.29
2024-01-21 15:00:00,68.25,17.97,28.49
2024-01-21 16:00:00,75.11,12.9,21.3
2024-01-21 17:00:00,78.1,18.03,9.74
2024-01-21 18:00:00,77.37,13.35,1.07
2024-01-21 19:00:00,80.67,22.55,0.0
2024-01-21 20:00:00,82.43,19.84,0.0
2024-01-21 21:00:00,82.33,18.34,0.0
2024-01-21 22:00:00,80.76,24.68,0.0
2024-01-21 23:00:00,69.94,25.99,0.0
2024-01-22 00:00:00,70.54,23.22,0.0
2024-01-22 01:00:00,62.97,24.84,0.0
2024-01-22 02:00:00,55.67,35.54,0.0
2024-01-22 03:00:00,51.44,24.8,0.0
2024-01-22 04:00:00,53.43,32.03,0.0
2024-01-22 05:00:00,48.02,37.65,0.0
2024-01-22 06:00:00,41.74,35.22,-1.05
2024-01-22 07:00:00,43.07,25.56,10.03
2024-01-22 08:00:00,43.72,25.85,20.58
2024-01-22 09:00:00,43.02,31.07,26.84
2024-01-22 10:00:00,39.31,30.03,34.0
2024-01-22 11:00:00,44.02,36.3,39.36
2024-01-22 12:00:00,51.89,33.53,41.09
2024-01-22 13:00:00,55.06,44.41,39.18
2024-01-22 14:00:00,62.7,41.37,36.02
2024-01-22 15:00:00,68.35,41.0,26.5
2024-01-22 16:00:00,70.64,34.18,20.05
2024-01-22 17:00:00,72.87,41.15,10.77
2024-01-22 18:00:00,72.83,34.2,0.22
2024-01-22 19:00:00,76.47,38.92,0.0
2024-01-22 20:00:00,79.01,33.52,0.0
2024-01-22 21:00:00,77.01,38.0,0.0
2024-01-22 22:00:00,77.29,30.82,0.0
2024-01-22 23:00:00,71.62,34.96,0.0
2024-01-23 00:00:00,71.22,30.14,0.0
2024-01-23 01:00:00,66.64,30.71,0.0
2024-01-23 02:00:00,68.18,29.49,0.0
2024-01-23 03:00:00,52.45,34.46,0.0
2024-01-23 04:00:00,47.29,36.85,0.0
2024-01-23 05:00:00,51.26,29.94,0.0
2024-01-23 06:00:00,43.2,31.0,-0.52
2024-01-23 07:00:00,44.98,25.55,11.25
2024-01-23 08:00:00,44.64,31.54,21.16
2024-01-23 09:00:00,38.7,24.13,28.35
2024-01-23 10:00:00,44.08,15.91,34.32
2024-01-23 11:00:00,48.64,31.44,38.83
2024-01-23 12:00:00,49.59,30.58,40.19
2024-01-23 13:00:00,55.99,40.03,38.93
2024-01-23 14:00:00,59.49,31.59,34.81
2024-01-23 15:00:00,62.76,14.73,27.24
2024-01-23 16:00:00,71.6,24.6,20.63
2024-01-23 17:00:00,70.08,25.91,11.36
2024-01-23 18:00:00,77.03,22.38,0.03
2024-01-23 19:00:00,80.42,21.33,0.0
2024-01-23 20:00:00,76.74,16.41,0.0
2024-01-23 21:00:00,75.68,19.67,0.0
2024-01-23 22:00:00,78.91,15.31,0.0
2024-01-23 23:00:00,75.03,7.39,0.0
2024-01-24 00:00:00,72.57,12.27,0.0
2024-01-24 01:00:00,65.56,19.7,0.0
2024-01-24 02:00:00,57.73,19.71,0.0
2024-01-24 03:00:00,55.2,13.55,0.0
2024-01-24 04:00:00,51.67,6.95,0.0
2024-01-24 05:00:00,47.64,13.35,0.0
2024-01-24 06:00:00,45.79,11.18,-0.22
2024-01-24 07:00:00,41.79,7.18,10.29
2024-01-24 08:00:00,39.42,12.72,21.27
2024-01-24 09:00:00,38.07,4.14,29.0
2024-01-24 10:00:00,36.32,14.63,34.64
2024-01-24 11:00:00,46.52,13.37,37.74
2024-01-24 12:00:00,45.8,6.53,40.22
2024-01-24 13:00:00,54.38,6.39,38.9
2024-01-24 14:00:00,58.43,23.55,35.43
2024-01-24 15:00:00,60.66,10.33,28.62
2024-01-24 16:00:00,65.96,20.63,21.6
2024-01-24 17:00:00,71.73,21.33,10.57
2024-01-24 18:00:00,77.86,22.03,2.25
2024-01-24 19:00:00,70.34,18.48,0.0
2024-01-24 20:00:00,77.79,19.88,0.0
2024-01-24 21:00:00,79.36,18.64,0.0
2024-01-24 22:00:00,74.07,29.73,0.0
2024-01-24 23:00:00,75.93,20.6,0.0
2024-01-25 00:00:00,72.04,28.38,0.0
2024-01-25 01:00:00,68.98,20.77,0.0
2024-01-25 02:00:00,62.34,24.04,0.0
2024-01-25 03:00:00,58.29,27.14,0.0
2024-01-25 04:00:00,43.18,29.28,0.0
2024-01-25 05:00:00,40.51,28.99,0.0
2024-01-25 06:00:00,42.5,23.57,-0.4
2024-01-25 07:00:00,37.33,30.64,9.51
2024-01-25 08:00:00,43.87,30.35,20.71
2024-01-25 09:00:00,44.5,36.91,26.92
2024-01-25 10:00:00,42.15,37.38,34.88
2024-01-25 11:00:00,43.82,34.78,39.44
2024-01-25 12:00:00,57.24,41.74,39.7
2024-01-25 13:00:00,56.76,42.68,37.46
2024-01-25 14:00:00,56.82,40.54,32.41
2024-01-25 15:00:00,68.38,35.29,28.34
2024-01-25 16:00:00,74.75,33.54,20.71
2024-01-25 17:00:00,76.34,34.16,9.11
2024-01-25 18:00:00,74.17,31.11,-2.2
2024-01-25 19:00:00,82.99,31.47,0.0
2024-01-25 20:00:00,78.35,31.01,0.0
2024-01-25 21:00:00,81.92,36.6,0.0
2024-01-25 22:00:00,78.79,35.75,0.0
2024-01-25 23:00:00,70.63,31.01,0.0
2024-01-26 00:00:00,72.51,35.11,0.0
2024-01-26 01:00:00,67.5,19.02,0.0
2024-01-26 02:00:00,63.33,31.72,0.0
2024-01-26 03:00:00,61.34,30.93,0.0
2024-01-26 04:00:00,50.08,36.02,0.0
2024-01-26 05:00:00,43.23,36.25,0.0
2024-01-26 06:00:00,40.74,34.97,1.29
2024-01-26 07:00:00,42.17,29.02,9.63
2024-01-26 08:00:00,40.9,26.35,17.97
2024-01-26 09:00:00,43.5,34.5,27.02
2024-01-26 10:00:00,40.79,21.35,34.96
2024-01-26 11:00:00,47.31,31.73,39.1
2024-01-26 12:00:00,54.06,26.04,41.25
2024-01-26 13:00:00,51.15,17.43,39.96
2024-01-26 14:00:00,58.68,25.13,35.38
2024-01-26 15:00:00,69.96,13.44,28.28
2024-01-26 16:00:00,69.17,19.14,20.17
2024-01-26 17:00:00,78.38,12.75,10.11
2024-01-26 18:00:00,78.72,27.5,-1.15
2024-01-26 19:00:00,80.13,11.1,0.0
2024-01-26 20:00:00,83.24,29.13,0.0
2024-01-26 21:00:00,73.31,21.03,0.0
2024-01-26 22:00:00,78.77,16.69,0.0
2024-01-26 23:00:00,75.17,17.63,0.0
2024-01-27 00:00:00,67.92,21.66,0.0
2024-01-27 01:00:00,61.13,23.92,0.0
2024-01-27 02:00:00,64.58,7.79,0.0
2024-01-27 03:00:00,54.81,20.51,0.0
2024-01-27 04:00:00,48.53,12.37,0.0
2024-01-27 05:00:00,44.65,18.88,0.0
2024-01-27 06:00:00,40.86,15.7,-0.01
2024-01-27 07:00:00,40.06,6.34,9.49
2024-01-27 08:00:00,35.45,4.58,18.82
2024-01-27 09:00:00,38.5,13.68,28.58
2024-01-27 10:00:00,40.2,8.76,33.62
2024-01-27 11:00:00,41.69,17.7,37.4
2024-01-27 12:00:00,45.79,11.52,40.02
2024-01-27 13:00:00,62.11,16.14,36.84
2024-01-27 14:00:00,59.0,17.38,33.87
2024-01-27 15:00:00,65.64,18.65,27.22
2024-01-27 16:00:00,71.17,14.24,21.31
2024-01-27 17:00:00,78.55,8.24,10.16
2024-01-27 18:00:00,78.89,14.59,-0.08
2024-01-27 19:00:00,82.12,17.57,0.0
2024-01-27 20:00:00,83.05,20.48,0.0
2024-01-27 21:00:00,81.57,25.29,0.0
2024-01-27 22:00:00,78.74,17.76,0.0
2024-01-27 23:00:00,76.9,24.06,0.0
2024-01-28 00:00:00,76.01,27.39,0.0
2024-01-28 01:00:00,67.43,22.22,0.0
2024-01-28 02:00:00,58.78,27.57,0.0
2024-01-28 03:00:00,51.31,22.25,0.0
2024-01-28 04:00:00,49.67,28.71,0.0
2024-01-28 05:00:00,46.46,35.66,0.0
2024-01-28 06:00:00,41.48,30.28,0.68
2024-01-28 07:00:00,40.1,21.54,10.61
2024-01-28 08:00:00,40.2,28.06,19.36
2024-01-28 09:00:00,35.02,24.1,27.84
2024-01-28 10:00:00,45.29,25.78,34.4
2024-01-28 11:00:00,43.84,31.86,39.39
2024-01-28 12:00:00,49.16,34.75,39.63
2024-01-28 13:00:00,49.72,33.09,38.59
2024-01-28 14:00:00,68.86,34.0,34.43
2024-01-28 15:00:00,68.14,37.86,28.13
2024-01-28 16:00:00,67.38,33.68,21.56
2024-01-28 17:00:00,75.27,35.43,11.49
2024-01-28 18:00:00,77.32,40.41,0.59
2024-01-28 19:00:00,76.05,37.86,0.0
2024-01-28 20:00:00,77.16,33.09,0.0
2024-01-28 21:00:00,77.37,42.67,0.0
2024-01-28 22:00:00,82.11,49.3,0.0
2024-01-28 23:00:00,73.97,31.67,0.0
2024-01-29 00:00:00,67.09,43.43,0.0
2024-01-29 01:00:00,60.56,33.24,0.0
2024-01-29 02:00:00,58.3,42.94,0.0
2024-01-29 03:00:00,51.78,38.99,0.0
2024-01-29 04:00:00,53.94,31.88,0.0
2024-01-29 05:00:00,47.25,24.19,0.0
2024-01-29 06:00:00,42.41,18.1,-0.22
2024-01-29 07:00:00,41.93,21.6,10.71
2024-01-29 08:00:00,35.76,26.46,19.25
2024-01-29 09:00:00,39.76,23.07,27.33
2024-01-29 10:00:00,43.6,26.55,34.17
2024-01-29 11:00:00,45.17,25.27,39.09
2024-01-29 12:00:00,52.58,29.45,40.1
2024-01-29 13:00:00,58.56,28.56,37.18
2024-01-29 14:00:00,65.35,22.76,33.67
2024-01-29 15:00:00,64.1,24.49,28.73
2024-01-29 16:00:00,67.99,16.61,21.31
2024-01-29 17:00:00,73.73,29.7,11.38
2024-01-29 18:00:00,75.78,20.1,0.78
2024-01-29 19:00:00,74.57,13.34,0.0
2024-01-29 20:00:00,76.39,14.77,0.0
2024-01-29 21:00:00,78.07,16.65,0.0
2024-01-29 22:00:00,81.15,17.92,0.0
2024-01-29 23:00:00,82.1,13.95,0.0
2024-01-30 00:00:00,72.37,16.68,0.0
2024-01-30 01:00:00,69.7,12.23,0.0
2024-01-30 02:00:00,62.54,21.87,0.0
2024-01-30 03:00:00,52.66,13.03,0.0
2024-01-30 04:00:00,51.51,11.01,0.0
2024-01-30 05:00:00,43.23,22.21,0.0
2024-01-30 06:00:00,41.99,10.46,1.73
2024-01-30 07:00:00,40.06,12.02,11.15
2024-01-30 08:00:00,37.3,14.55,19.28
2024-01-30 09:00:00,38.68,2.12,28.37
2024-01-30 10:00:00,41.01,11.16,34.46
2024-01-30 11:00:00,42.88,14.48,37.75
2024-01-30 12:00:00,54.46,13.23,38.6
2024-01-30 13:00:00,57.75,14.7,38.97
2024-01-30 14:00:00,58.65,15.3,34.65
2024-01-30 15:00:00,58.62,6.77,27.57
2024-01-30 16:00:00,73.87,13.35,20.82
2024-01-30 17:00:00,76.56,15.0,12.8
2024-01-30 18:00:00,81.22,17.82,0.36
2024-01-30 19:00:00,76.0,17.15,0.0
2024-01-30 20:00:00,78.82,9.32,0.0
2024-01-30 21:00:00,80.91,20.29,0.0
2024-01-30 22:00:00,78.7,20.82,0.0
2024-01-30 23:00:00,83.14,15.67,0.0
2024-01-31 00:00:00,67.2,28.53,0.0
2024-01-31 01:00:00,72.25,21.08,0.0
2024-01-31 02:00:00,65.49,22.5,0.0
2024-01-31 03:00:00,58.7,28.48,0.0
2024-01-31 04:00:00,56.69,38.01,0.0
2024-01-31 05:00:00,43.91,44.75,0.0
2024-01-31 06:00:00,39.31,40.04,-0.31
2024-01-31 07:00:00,38.48,32.54,9.71
2024-01-31 08:00:00,41.36,28.98,20.39
2024-01-31 09:00:00,41.27,41.01,28.92
2024-01-31 10:00:00,43.66,34.33,33.39
2024-01-31 11:00:00,44.0,26.45,39.96
2024-01-31 12:00:00,51.68,41.75,38.93
2024-01-31 13:00:00,57.14,38.4,38.86
2024-01-31 14:00:00,58.99,36.03,35.32
2024-01-31 15:00:00,67.37,24.19,28.34
2024-01-31 16:00:00,68.46,44.08,21.52
2024-01-31 17:00:00,74.46,35.28,10.23
2024-01-31 18:00:00,79.21,32.1,0.58
2024-01-31 19:00:00,81.3,43.12,0.0
2024-01-31 20:00:00,77.14,35.88,0.0
2024-01-31 21:00:00,80.71,40.2,0.0
2024-01-31 22:00:00,76.06,33.63,0.0
2024-01-31 23:00:00,72.75,37.8,0.0
2024-02-01 00:00:00,71.29,35.3,0.0
2024-02-01 01:00:00,61.08,29.38,0.0
2024-02-01 02:00:00,61.91,28.09,0.0
2024-02-01 03:00:00,55.5,31.68,0.0
2024-02-01 04:00:00,48.19,32.85,0.0
2024-02-01 05:00:00,50.89,33.33,0.0
2024-02-01 06:00:00,41.79,33.56,-1.47
2024-02-01 07:00:00,44.09,35.9,10.96
2024-02-01 08:00:00,41.43,28.88,18.7
2024-02-01 09:00:00,42.26,25.64,29.01
2024-02-01 10:00:00,42.49,33.44,35.01
2024-02-01 11:00:00,48.87,28.03,39.28
2024-02-01 12:00:00,46.92,24.54,38.9
2024-02-01 13:00:00,57.95,26.76,39.03
2024-02-01 14:00:00,55.5,28.52,33.18
2024-02-01 15:00:00,65.07,26.31,26.97
2024-02-01 16:00:00,70.77,27.15,22.95
2024-02-01 17:00:00,75.18,21.09,10.2
2024-02-01 18:00:00,77.01,23.64,-1.44
2024-02-01 19:00:00,80.14,4.34,0.0
2024-02-01 20:00:00,78.09,13.14,0.0
2024-02-01 21:00:00,82.26,16.29,0.0
2024-02-01 22:00:00,81.78,7.85,0.0
2024-02-01 23:00:00,70.91,20.51,0.0
2024-02-02 00:00:00,68.03,9.31,0.0
2024-02-02 01:00:00,63.6,10.33,0.0
2024-02-02 02:00:00,61.62,19.31,0.0
2024-02-02 03:00:00,50.06,11.96,0.0
2024-02-02 04:00:00,50.04,13.59,0.0
2024-02-02 05:00:00,48.36,13.64,0.0
2024-02-02 06:00:00,40.94,3.88,-1.11
2024-02-02 07:00:00,39.57,17.65,10.37
2024-02-02 08:00:00,38.87,12.8,22.32
2024-02-02 09:00:00,39.23,8.56,28.66
2024-02-02 10:00:00,43.31,17.1,32.58
2024-02-02 11:00:00,46.06,14.9,38.85
2024-02-02 12:00:00,46.18,22.44,39.1
2024-02-02 13:00:00,56.31,17.28,38.04
2024-02-02 14:00:00,61.22,21.36,36.6
2024-02-02 15:00:00,66.41,25.43,27.84
2024-02-02 16:00:00,69.7,11.19,19.13
2024-02-02 17:00:00,71.55,21.94,9.99
2024-02-02 18:00:00,80.06,19.76,1.15
2024-02-02 19:00:00,81.81,31.23,0.0
2024-02-02 20:00:00,82.73,28.91,0.0
2024-02-02 21:00:00,74.79,18.19,0.0
2024-02-02 22:00:00,75.07,9.53,0.0
2024-02-02 23:00:00,74.36,30.92,0.0
2024-02-03 00:00:00,68.39,25.98,0.0
2024-02-03 01:00:00,62.61,23.59,0.0
2024-02-03 02:00:00,60.86,21.1,0.0
2024-02-03 03:00:00,58.35,18.51,0.0
2024-02-03 04:00:00,50.97,26.65,0.0
2024-02-03 05:00:00,50.33,33.88,0.0
2024-02-03 06:00:00,36.43,25.99,-2.42
2024-02-03 07:00:00,39.17,32.03,10.16
2024-02-03 08:00:00,42.02,23.71,18.63
2024-02-03 09:00:00,41.44,32.97,27.92
2024-02-03 10:00:00,40.75,41.63,34.47
2024-02-03 11:00:00,40.99,38.04,37.41
2024-02-03 12:00:00,54.7,29.08,39.79
2024-02-03 13:00:00,48.82,29.63,38.9
2024-02-03 14:00:00,66.53,37.41,36.98
2024-02-03 15:00:00,66.63,42.3,28.17
2024-02-03 16:00:00,69.99,43.62,20.06
2024-02-03 17:00:00,76.02,28.77,12.48
2024-02-03 18:00:00,75.65,41.21,-0.9
2024-02-03 19:00:00,77.84,39.97,0.0
2024-02-03 20:00:00,76.49,36.35,0.0
2024-02-03 21:00:00,86.21,44.78,0.0
2024-02-03 22:00:00,71.68,38.1,0.0
2024-02-03 23:00:00,76.62,33.41,0.0
2024-02-04 00:00:00,66.69,38.7,0.0
2024-02-04 01:00:00,65.48,37.59,0.0
2024-02-04 02:00:00,59.53,45.85,0.0
2024-02-04 03:00:00,52.08,31.01,0.0
2024-02-04 04:00:00,51.54,36.37,0.0
2024-02-04 05:00:00,41.72,38.37,0.0
2024-02-04 06:00:00,38.31,29.46,0.01
2024-02-04 07:00:00,38.56,18.34,11.49
2024-02-04 08:00:00,37.81,33.48,19.1
2024-02-04 09:00:00,45.33,35.08,29.06
2024-02-04 10:00:00,36.01,20.17,34.8
2024-02-04 11:00:00,44.73,26.52,38.88
2024-02-04 12:00:00,54.13,20.82,38.02
2024-02-04 13:00:00,50.38,28.98,37.0
2024-02-04 14:00:00,60.55,28.84,36.2
2024-02-04 15:00:00,65.38,26.85,27.31
2024-02-04 16:00:00,67.93,15.14,18.8
2024-02-04 17:00:00,74.51,20.19,11.62
2024-02-04 18:00:00,80.99,16.87,0.09
2024-02-04 19:00:00,87.48,27.22,0.0
2024-02-04 20:00:00,80.59,13.13,0.0
2024-02-04 21:00:00,74.49,18.52,0.0
2024-02-04 22:00:00,76.55,18.14,0.0
2024-02-04 23:00:00,75.11,17.35,0.0
2024-02-05 00:00:00,73.43,16.18,0.0
2024-02-05 01:00:00,63.01,10.27,0.0
2024-02-05 02:00:00,61.75,8.36,0.0
2024-02-05 03:00:00,56.98,16.98,0.0
2024-02-05 04:00:00,49.87,9.28,0.0
2024-02-05 05:00:00,40.53,7.43,0.0
2024-02-05 06:00:00,37.8,10.79,0.03
2024-02-05 07:00:00,37.92,13.69,11.23
2024-02-05 08:00:00,40.14,18.36,20.56
2024-02-05 09:00:00,35.87,4.36,28.99
2024-02-05 10:00:00,40.3,17.18,35.65
2024-02-05 11:00:00,47.85,21.19,38.82
2024-02-05 12:00:00,45.38,14.84,39.69
2024-02-05 13:00:00,60.93,20.36,39.66
2024-02-05 14:00:00,57.72,18.17,36.89
2024-02-05 15:00:00,62.16,9.38,30.63
2024-02-05 16:00:00,67.39,12.38,19.77
2024-02-05 17:00:00,75.72,18.68,10.63
2024-02-05 18:00:00,83.0,25.83,-1.63
2024-02-05 19:00:00,76.84,27.24,0.0
2024-02-05 20:00:00,85.72,32.4,0.0
2024-02-05 21:00:00,78.75,16.08,0.0
2024-02-05 22:00:00,78.3,22.65,0.0
2024-02-05 23:00:00,68.85,27.63,0.0
2024-02-06 00:00:00,67.23,32.21,0.0
2024-02-06 01:00:00,68.07,24.64,0.0
2024-02-06 02:00:00,60.11,25.87,0.0
2024-02-06 03:00:00,53.45,43.6,0.0
2024-02-06 04:00:00,47.19,29.38,0.0
2024-02-06 05:00:00,48.83,28.15,0.0
2024-02-06 06:00:00,40.79,36.96,-1.33
2024-02-06 07:00:00,42.82,24.34,10.82
2024-02-06 08:00:00,41.51,31.02,20.29
2024-02-06 09:00:00,36.55,29.13,28.23
2024-02-06 10:00:00,42.92,32.5,34.7
2024-02-06 11:00:00,48.5,37.48,38.57
2024-02-06 12:00:00,51.26,30.57,41.01
2024-02-06 13:00:00,53.79,36.64,39.56
2024-02-06 14:00:00,63.38,34.05,35.39
2024-02-06 15:00:00,67.82,41.37,28.03
2024-02-06 16:00:00,75.56,48.27,21.09
2024-02-06 17:00:00,69.49,35.62,9.8
2024-02-06 18:00:00,76.12,35.16,0.37
2024-02-06 19:00:00,82.64,41.88,0.0
2024-02-06 20:00:00,81.24,31.76,0.0
2024-02-06 21:00:00,80.96,39.96,0.0
2024-02-06 22:00:00,78.38,36.43,0.0
2024-02-06 23:00:00,78.34,33.13,0.0
2024-02-07 00:00:00,68.9,38.73,0.0
2024-02-07 01:00:00,66.77,39.09,0.0
2024-02-07 02:00:00,59.15,27.62,0.0
2024-02-07 03:00:00,51.11,31.32,0.0
2024-02-07 04:00:00,52.38,36.67,0.0
2024-02-07 05:00:00,40.41,34.55,0.0
2024-02-07 06:00:00,42.42,41.95,-1.04
2024-02-07 07:00:00,41.47,42.91,11.18
2024-02-07 08:00:00,38.26,36.55,19.6
2024-02-07 09:00:00,36.76,28.34,28.36
2024-02-07 10:00:00,45.59,22.52,35.05
2024-02-07 11:00:00,48.77,20.79,39.48
2024-02-07 12:00:00,47.94,19.25,39.47
2024-02-07 13:00:00,58.02,22.56,38.31
2024-02-07 14:00:00,56.89,30.34,34.25
2024-02-07 15:00:00,67.42,16.95,26.67
2024-02-07 16:00:00,71.91,18.13,19.5
2024-02-07 17:00:00,71.56,20.41,9.02
2024-02-07 18:00:00,76.18,18.67,1.14
2024-02-07 19:00:00,76.42,21.59,0.0
2024-02-07 20:00:00,84.04,13.61,0.0
2024-02-07 21:00:00,74.21,14.12,0.0
2024-02-07 22:00:00,73.27,24.02,0.0
2024-02-07 23:00:00,69.98,13.53,0.0
2024-02-08 00:00:00,74.42,18.96,0.0
2024-02-08 01:00:00,63.64,10.21,0.0
2024-02-08 02:00:00,59.46,12.52,0.0
2024-02-08 03:00:00,59.31,12.64,0.0
2024-02-08 04:00:00,45.95,18.11,0.0
2024-02-08 05:00:00,48.97,11.91,0.0
2024-02-08 06:00:00,45.0,6.97,0.05
2024-02-08 07:00:00,40.44,9.87,9.21
2024-02-08 08:00:00,37.18,14.11,20.33
2024-02-08 09:00:00,36.72,13.4,27.36
2024-02-08 10:00:00,44.07,2.69,34.71
2024-02-08 11:00:00,49.72,22.04,40.41
2024-02-08 12:00:00,51.63,11.34,40.67
2024-02-08 13:00:00,55.39,15.78,37.51
2024-02-08 14:00:00,55.71,14.03,35.23
2024-02-08 15:00:00,67.48,14.22,28.47
2024-02-08 16:00:00,72.53,15.96,18.83
2024-02-08 17:00:00,72.53,17.74,11.1
2024-02-08 18:00:00,78.13,7.27,0.53
2024-02-08 19:00:00,76.54,20.51,0.0
2024-02-08 20:00:00,83.04,23.76,0.0
2024-02-08 21:00:00,83.25,20.79,0.0
2024-02-08 22:00:00,77.62,20.42,0.0
2024-02-08 23:00:00,72.84,19.8,0.0
2024-02-09 00:00:00,68.37,24.05,0.0
2024-02-09 01:00:00,63.22,26.18,0.0
2024-02-09 02:00:00,54.54,29.22,0.0
2024-02-09 03:00:00,55.36,30.34,0.0
2024-02-09 04:00:00,48.61,26.56,0.0
2024-02-09 05:00:00,48.8,29.3,0.0
2024-02-09 06:00:00,48.64,29.76,-1.41
2024-02-09 07:00:00,37.3,27.93,9.57
2024-02-09 08:00:00,38.56,26.99,20.78
2024-02-09 09:00:00,42.51,31.46,26.84
2024-02-09 10:00:00,46.64,35.55,35.1
2024-02-09 11:00:00,47.75,37.97,39.21
2024-02-09 12:00:00,54.21,35.04,38.96
2024-02-09 13:00:00,56.74,38.67,39.39
2024-02-09 14:00:00,63.92,29.53,34.14
2024-02-09 15:00:00,68.99,33.85,28.28
2024-02-09 16:00:00,70.11,41.85,19.57
2024-02-09 17:00:00,76.81,39.66,10.66
2024-02-09 18:00:00,77.42,25.18,1.03
2024-02-09 19:00:00,75.81,36.75,0.0
2024-02-09 20:00:00,78.76,32.07,0.0
2024-02-09 21:00:00,81.18,31.7,0.0
2024-02-09 22:00:00,77.97,36.9,0.0
2024-02-09 23:00:00,74.32,31.73,0.0
2024-02-10 00:00:00,69.42,41.53,0.0
2024-02-10 01:00:00,66.81,39.64,0.0
2024-02-10 02:00:00,59.76,25.68,0.0
2024-02-10 03:00:00,53.42,32.73,0.0
2024-02-10 04:00:00,53.9,38.39,0.0
2024-02-10 05:00:00,47.13,27.6,0.0
2024-02-10 06:00:00,43.06,29.78,-0.26
2024-02-10 07:00:00,36.98,29.92,10.82
2024-02-10 08:00:00,42.41,23.47,18.54
2024-02-10 09:00:00,51.62,29.54,27.4
2024-02-10 10:00:00,43.99,35.72,33.66
2024-02-10 11:00:00,45.66,35.14,38.79
2024-02-10 12:00:00,47.63,23.27,39.51
2024-02-10 13:00:00,50.71,26.32,38.91
2024-02-10 14:00:00,60.55,27.24,35.3
2024-02-10 15:00:00,66.19,28.0,28.04
2024-02-10 16:00:00,67.91,19.93,21.4
2024-02-10 17:00:00,76.44,8.6,12.18
2024-02-10 18:00:00,76.74,27.54,-0.4
2024-02-10 19:00:00,78.1,31.76,0.0
2024-02-10 20:00:00,75.42,19.03,0.0
2024-02-10 21:00:00,78.16,19.04,0.0
2024-02-10 22:00:00,75.63,13.55,0.0
2024-02-10 23:00:00,68.67,15.71,0.0
2024-02-11 00:00:00,65.51,8.06,0.0
2024-02-11 01:00:00,65.44,13.52,0.0
2024-02-11 02:00:00,63.08,6.96,0.0
2024-02-11 03:00:00,56.09,15.02,0.0
2024-02-11 04:00:00,49.09,9.16,0.0
2024-02-11 05:00:00,45.62,17.47,0.0
2024-02-11 06:00:00,41.56,11.63,0.85
2024-02-11 07:00:00,45.86,12.17,10.38
2024-02-11 08:00:00,35.17,15.09,18.57
2024-02-11 09:00:00,40.0,9.99,28.57
2024-02-11 10:00:00,42.23,15.2,34.02
2024-02-11 11:00:00,45.2,10.68,40.5
2024-02-11 12:00:00,53.36,12.28,38.95
2024-02-11 13:00:00,52.3,17.36,39.9
2024-02-11 14:00:00,60.41,10.39,34.88
2024-02-11 15:00:00,69.39,16.34,29.67
2024-02-11 16:00:00,70.04,16.41,20.65
2024-02-11 17:00:00,73.54,16.39,9.86
2024-02-11 18:00:00,75.89,17.36,0.73
2024-02-11 19:00:00,78.03,16.79,0.0
2024-02-11 20:00:00,75.5,28.7,0.0
2024-02-11 21:00:00,80.84,26.23,0.0
2024-02-11 22:00:00,75.73,30.2,0.0
2024-02-11 23:00:00,74.58,31.22,0.0
2024-02-12 00:00:00,69.96,24.78,0.0
2024-02-12 01:00:00,63.59,26.43,0.0
2024-02-12 02:00:00,60.67,34.55,0.0
2024-02-12 03:00:00,59.44,28.56,0.0
2024-02-12 04:00:00,53.66,15.52,0.0
2024-02-12 05:00:00,44.45,31.32,0.0
2024-02-12 06:00:00,45.34,30.72,0.42
2024-02-12 07:00:00,39.3,41.39,9.55
2024-02-12 08:00:00,43.37,32.77,21.31
2024-02-12 09:00:00,39.08,33.36,28.84
2024-02-12 10:00:00,42.3,31.03,34.62
2024-02-12 11:00:00,43.24,27.9,38.39
2024-02-12 12:00:00,51.79,31.54,40.84
2024-02-12 13:00:00,49.34,37.07,39.03
2024-02-12 14:00:00,60.06,26.69,33.31
2024-02-12 15:00:00,70.31,39.11,28.07
2024-02-12 16:00:00,69.79,30.43,20.41
2024-02-12 17:00:00,72.81,31.52,9.0
2024-02-12 18:00:00,75.19,34.69,-1.81
2024-02-12 19:00:00,77.19,31.02,0.0
2024-02-12 20:00:00,79.6,36.76,0.0
2024-02-12 21:00:00,76.81,46.65,0.0
2024-02-12 22:00:00,79.48,41.88,0.0
2024-02-12 23:00:00,73.16,40.34,0.0
2024-02-13 00:00:00,72.3,30.3,0.0
2024-02-13 01:00:00,63.13,49.41,0.0
2024-02-13 02:00:00,58.77,36.63,0.0
2024-02-13 03:00:00,54.18,37.64,0.0
2024-02-13 04:00:00,47.02,27.69,0.0
2024-02-13 05:00:00,49.26,32.88,0.0
2024-02-13 06:00:00,35.25,30.09,0.02
2024-02-13 07:00:00,42.81,31.78,10.67
2024-02-13 08:00:00,40.26,23.34,20.29
2024-02-13 09:00:00,38.24,21.4,27.43
2024-02-13 10:00:00,45.04,30.15,35.72
2024-02-13 11:00:00,44.05,23.85,38.1
2024-02-13 12:00:00,53.34,33.69,40.53
2024-02-13 13:00:00,51.91,17.65,38.41
2024-02-13 14:00:00,55.75,21.24,34.49
2024-02-13 15:00:00,63.64,22.88,26.75
2024-02-13 16:00:00,69.15,23.65,20.91
2024-02-13 17:00:00,70.21,16.93,10.75
2024-02-13 18:00:00,81.92,16.48,-0.03
2024-02-13 19:00:00,78.1,10.61,0.0
2024-02-13 20:00:00,83.82,27.88,0.0
2024-02-13 21:00:00,74.13,15.26,0.0
2024-02-13 22:00:00,76.99,12.84,0.0
2024-02-13 23:00:00,77.79,21.41,0.0
2024-02-14 00:00:00,69.26,24.96,0.0
2024-02-14 01:00:00,65.27,12.91,0.0
2024-02-14 02:00:00,60.84,9.99,0.0
2024-02-14 03:00:00,59.18,16.49,0.0
2024-02-14 04:00:00,48.94,12.25,0.0
2024-02-14 05:00:00,43.13,14.36,0.0
2024-02-14 06:00:00,38.8,10.41,0.0
2024-02-14 07:00:00,42.38,16.98,11.4
2024-02-14 08:00:00,39.63,11.68,19.29
2024-02-14 09:00:00,40.63,10.57,28.77
2024-02-14 10:00:00,39.78,20.52,34.81
2024-02-14 11:00:00,51.47,9.17,39.43
2024-02-14 12:00:00,54.23,10.75,39.15
2024-02-14 13:00:00,56.11,19.18,37.26
2024-02-14 14:00:00,59.84,11.69,35.04
2024-02-14 15:00:00,67.72,14.7,28.8
2024-02-14 16:00:00,72.84,19.1,17.34
2024-02-14 17:00:00,73.82,19.0,9.56
2024-02-14 18:00:00,78.82,18.4,-0.74
2024-02-14 19:00:00,79.19,21.89,0.0
2024-02-14 20:00:00,83.68,18.58,0.0
2024-02-14 21:00:00,83.27,15.37,0.0
2024-02-14 22:00:00,78.22,14.32,0.0
2024-02-14 23:00:00,74.36,27.57,0.0
2024-02-15 00:00:00,76.07,25.25,0.0
2024-02-15 01:00:00,62.93,31.18,0.0
2024-02-15 02:00:00,60.12,27.58,0.0
2024-02-15 03:00:00,57.57,33.57,0.0
2024-02-15 04:00:00,44.8,29.36,0.0
2024-02-15 05:00:00,45.81,24.72,0.0
2024-02-15 06:00:00,37.81,28.68,-0.07
2024-02-15 07:00:00,38.51,30.13,10.22
2024-02-15 08:00:00,40.05,32.56,21.58
2024-02-15 09:00:00,46.32,38.32,29.53
2024-02-15 10:00:00,40.49,29.59,34.35
2024-02-15 11:00:00,47.11,37.04,38.57
2024-02-15 12:00:00,50.91,33.61,40.17
2024-02-15 13:00:00,51.9,39.46,38.2
2024-02-15 14:00:00,59.51,40.62,34.58
2024-02-15 15:00:00,66.64,36.19,26.81
2024-02-15 16:00:00,67.39,38.77,19.95
2024-02-15 17:00:00,75.67,34.45,12.02
2024-02-15 18:00:00,76.44,41.81,0.57
2024-02-15 19:00:00,76.22,40.39,0.0
2024-02-15 20:00:00,82.0,36.07,0.0
2024-02-15 21:00:00,78.48,40.25,0.0
2024-02-15 22:00:00,78.6,38.28,0.0
2024-02-15 23:00:00,71.95,27.26,0.0
2024-02-16 00:00:00,69.72,34.04,0.0
2024-02-16 01:00:00,66.55,31.01,0.0
2024-02-16 02:00:00,61.9,36.24,0.0
2024-02-16 03:00:00,52.6,38.21,0.0
2024-02-16 04:00:00,48.97,29.23,0.0
2024-02-16 05:00:00,46.61,31.81,0.0
2024-02-16 06:00:00,39.96,30.95,0.62
2024-02-16 07:00:00,38.41,32.2,8.6
2024-02-16 08:00:00,40.3,35.99,20.12
2024-02-16 09:00:00,33.21,34.92,29.55
2024-02-16 10:00:00,39.74,23.02,35.66
2024-02-16 11:00:00,42.73,35.18,38.54
2024-02-16 12:00:00,51.09,29.43,40.05
2024-02-16 13:00:00,52.96,31.81,40.13
2024-02-16 14:00:00,61.29,28.28,33.85
2024-02-16 15:00:00,66.06,27.58,28.93
2024-02-16 16:00:00,71.31,28.35,19.1
2024-02-16 17:00:00,74.98,23.0,10.68
2024-02-16 18:00:00,78.26,19.99,0.75
2024-02-16 19:00:00,78.79,15.37,0.0
2024-02-16 20:00:00,78.47,15.85,0.0
2024-02-16 21:00:00,82.29,14.83,0.0
2024-02-16 22:00:00,76.99,15.3,0.0
2024-02-16 23:00:00,75.74,18.42,0.0
2024-02-17 00:00:00,75.92,7.64,0.0
2024-02-17 01:00:00,64.49,16.99,0.0
2024-02-17 02:00:00,54.94,22.43,0.0
2024-02-17 03:00:00,54.48,9.44,0.0
2024-02-17 04:00:00,52.91,2.19,0.0
2024-02-17 05:00:00,46.49,8.09,0.0
2024-02-17 06:00:00,42.63,16.96,0.37
2024-02-17 07:00:00,41.92,13.36,12.44
2024-02-17 08:00:00,38.97,12.86,21.23
2024-02-17 09:00:00,41.94,15.68,24.35
2024-02-17 10:00:00,42.46,10.44,34.21
2024-02-17 11:00:00,48.57,29.87,36.6
2024-02-17 12:00:00,53.46,24.11,40.37
2024-02-17 13:00:00,55.65,20.31,37.74
2024-02-17 14:00:00,55.09,21.8,35.24
2024-02-17 15:00:00,66.78,17.54,26.83
2024-02-17 16:00:00,69.63,5.73,19.26
2024-02-17 17:00:00,70.59,23.74,9.85
2024-02-17 18:00:00,85.58,15.06,0.86
2024-02-17 19:00:00,78.06,25.34,0.0
2024-02-17 20:00:00,81.84,22.85,0.0
2024-02-17 21:00:00,80.03,27.89,0.0
2024-02-17 22:00:00,84.03,22.96,0.0
2024-02-17 23:00:00,74.62,26.48,0.0
2024-02-18 00:00:00,68.61,14.04,0.0
2024-02-18 01:00:00,66.66,22.38,0.0
2024-02-18 02:00:00,63.95,28.0,0.0
2024-02-18 03:00:00,59.32,23.82,0.0
2024-02-18 04:00:00,53.39,20.95,0.0
2024-02-18 05:00:00,48.67,28.89,0.0
2024-02-18 06:00:00,45.49,34.41,-0.36
2024-02-18 07:00:00,42.19,34.1,10.74
2024-02-18 08:00:00,45.04,39.73,19.44
2024-02-18 09:00:00,39.62,45.18,29.49
2024-02-18 10:00:00,40.28,35.01,32.48
2024-02-18 11:00:00,43.78,33.18,38.11
2024-02-18 12:00:00,48.4,41.02,41.43
2024-02-18 13:00:00,58.3,32.02,40.95
2024-02-18 14:00:00,52.51,37.53,36.66
2024-02-18 15:00:00,65.01,29.83,26.48
2024-02-18 16:00:00,72.08,26.05,19.86
2024-02-18 17:00:00,71.32,43.35,11.4
2024-02-18 18:00:00,77.96,42.13,2.83
2024-02-18 19:00:00,84.75,43.62,0.0
2024-02-18 20:00:00,82.49,30.12,0.0
2024-02-18 21:00:00,74.52,32.88,0.0
2024-02-18 22:00:00,78.1,36.28,0.0
2024-02-18 23:00:00,75.27,35.78,0.0
2024-02-19 00:00:00,71.43,40.33,0.0
2024-02-19 01:00:00,65.2,33.39,0.0
2024-02-19 02:00:00,52.14,38.55,0.0
2024-02-19 03:00:00,52.5,28.94,0.0
2024-02-19 04:00:00,52.6,37.31,0.0
2024-02-19 05:00:00,47.9,36.65,0.0
2024-02-19 06:00:00,39.4,28.25,-0.23
2024-02-19 07:00:00,45.87,28.85,11.22
2024-02-19 08:00:00,42.52,28.52,20.37
2024-02-19 09:00:00,42.08,27.4,29.13
2024-02-19 10:00:00,38.93,25.76,35.0
2024-02-19 11:00:00,42.42,24.8,37.87
2024-02-19 12:00:00,50.08,23.94,40.56
2024-02-19 13:00:00,56.17,26.68,38.26
2024-02-19 14:00:00,61.21,30.1,35.21
2024-02-19 15:00:00,64.33,21.5,26.69
2024-02-19 16:00:00,72.43,22.49,20.02
2024-02-19 17:00:00,68.97,22.62,9.52
2024-02-19 18:00:00,79.65,20.84,-0.75
2024-02-19 19:00:00,77.19,12.35,0.0
2024-02-19 20:00:00,80.21,18.37,0.0
2024-02-19 21:00:00,80.51,20.16,0.0
2024-02-19 22:00:00,82.35,20.55,0.0
2024-02-19 23:00:00,73.06,19.87,0.0
2024-02-20 00:00:00,65.6,15.11,0.0
2024-02-20 01:00:00,68.34,17.52,0.0
2024-02-20 02:00:00,62.48,23.27,0.0
2024-02-20 03:00:00,52.6,17.38,0.0
2024-02-20 04:00:00,49.72,18.76,0.0
2024-02-20 05:00:00,46.21,16.96,0.0
2024-02-20 06:00:00,47.32,11.95,0.63
2024-02-20 07:00:00,39.58,18.24,9.66
2024-02-20 08:00:00,43.94,4.14,19.76
2024-02-20 09:00:00,38.78,8.67,28.72
2024-02-20 10:00:00,36.8,3.52,34.2
2024-02-20 11:00:00,46.83,14.43,38.24
2024-02-20 12:00:00,53.89,3.87,39.09
2024-02-20 13:00:00,54.74,8.02,39.11
2024-02-20 14:00:00,58.89,15.95,34.29
2024-02-20 15:00:00,63.33,15.2,30.95
2024-02-20 16:00:00,70.56,4.07,19.52
2024-02-20 17:00:00,78.28,24.9,7.2
2024-02-20 18:00:00,73.36,18.46,-1.36
2024-02-20 19:00:00,85.91,21.53,0.0
2024-02-20 20:00:00,79.43,17.06,0.0
2024-02-20 21:00:00,81.27,20.04,0.0
2024-02-20 22:00:00,79.46,13.1,0.0
2024-02-20 23:00:00,75.73,25.54,0.0
2024-02-21 00:00:00,65.92,19.84,0.0
2024-02-21 01:00:00,64.73,23.61,0.0
2024-02-21 02:00:00,60.87,19.91,0.0
2024-02-21 03:00:00,52.17,38.68,0.0
2024-02-21 04:00:00,47.47,26.97,0.0
2024-02-21 05:00:00,45.33,28.68,0.0
2024-02-21 06:00:00,46.3,35.27,-0.57
2024-02-21 07:00:00,38.12,30.81,11.13
2024-02-21 08:00:00,39.48,35.46,19.91
2024-02-21 09:00:00,37.1,43.67,27.31
2024-02-21 10:00:00,44.2,37.4,34.28
2024-02-21 11:00:00,45.68,35.64,36.39
2024-02-21 12:00:00,49.63,31.52,40.35
2024-02-21 13:00:00,54.16,35.12,39.78
2024-02-21 14:00:00,58.71,34.31,35.01
2024-02-21 15:00:00,68.38,38.41,28.11
2024-02-21 16:00:00,67.89,40.41,18.75
2024-02-21 17:00:00,74.93,40.64,10.99
2024-02-21 18:00:00,72.91,26.97,0.12
2024-02-21 19:00:00,80.88,31.53,0.0
2024-02-21 20:00:00,81.4,40.45,0.0
2024-02-21 21:00:00,77.7,36.48,0.0
2024-02-21 22:00:00,80.99,28.01,0.0
2024-02-21 23:00:00,76.07,36.47,0.0
2024-02-22 00:00:00,72.84,27.13,0.0
2024-02-22 01:00:00,65.19,40.35,0.0
2024-02-22 02:00:00,64.08,30.35,0.0
2024-02-22 03:00:00,53.99,42.69,0.0
2024-02-22 04:00:00,45.74,32.48,0.0
2024-02-22 05:00:00,46.39,32.76,0.0
2024-02-22 06:00:00,39.88,35.44,0.96
2024-02-22 07:00:00,46.13,27.66,9.56
2024-02-22 08:00:00,43.29,29.05,21.82
2024-02-22 09:00:00,36.1,32.93,28.07
2024-02-22 10:00:00,44.71,36.71,35.75
2024-02-22 11:00:00,44.56,20.03,37.73
2024-02-22 12:00:00,49.63,33.64,41.02
2024-02-22 13:00:00,55.48,23.29,38.65
2024-02-22 14:00:00,63.68,22.39,33.88
2024-02-22 15:00:00,64.94,30.94,28.26
2024-02-22 16:00:00,67.32,17.62,22.46
2024-02-22 17:00:00,71.68,23.17,9.69
2024-02-22 18:00:00,77.28,14.88,1.12
2024-02-22 19:00:00,74.3,16.26,0.0
2024-02-22 20:00:00,80.84,9.94,0.0
2024-02-22 21:00:00,79.0,19.19,0.0
2024-02-22 22:00:00,74.9,11.69,0.0
2024-02-22 23:00:00,70.86,14.45,0.0
2024-02-23 00:00:00,71.37,28.35,0.0
2024-02-23 01:00:00,68.67,7.82,0.0
2024-02-23 02:00:00,55.39,13.17,0.0
2024-02-23 03:00:00,59.54,16.69,0.0
2024-02-23 04:00:00,48.42,18.19,0.0
2024-02-23 05:00:00,49.99,20.35,0.0
2024-02-23 06:00:00,39.48,6.59,0.44
2024-02-23 07:00:00,38.27,11.74,9.07
2024-02-23 08:00:00,35.69,13.12,20.77
2024-02-23 09:00:00,38.09,21.06,28.77
2024-02-23 10:00:00,43.72,12.3,34.06
2024-02-23 11:00:00,45.55,5.57,37.94
2024-02-23 12:00:00,48.86,10.47,41.24
2024-02-23 13:00:00,49.03,20.68,38.55
2024-02-23 14:00:00,54.83,17.86,34.83
2024-02-23 15:00:00,66.79,19.56,28.84
2024-02-23 16:00:00,65.25,24.17,20.62
2024-02-23 17:00:00,73.48,13.05,10.72
2024-02-23 18:00:00,81.23,27.25,-0.62
2024-02-23 19:00:00,78.18,23.32,0.0
2024-02-23 20:00:00,78.4,30.28,0.0
2024-02-23 21:00:00,73.4,23.74,0.0
2024-02-23 22:00:00,71.08,16.89,0.0
2024-02-23 23:00:00,79.82,28.49,0.0
2024-02-24 00:00:00,63.97,24.97,0.0
2024-02-24 01:00:00,63.32,28.89,0.0
2024-02-24 02:00:00,65.55,30.35,0.0
2024-02-24 03:00:00,56.13,30.65,0.0
2024-02-24 04:00:00,46.72,32.61,0.0
2024-02-24 05:00:00,48.62,27.01,0.0
2024-02-24 06:00:00,40.75,32.05,1.45
2024-02-24 07:00:00,37.27,29.6,9.93
2024-02-24 08:00:00,39.81,31.47,19.93
2024-02-24 09:00:00,45.7,40.9,29.12
2024-02-24 10:00:00,37.6,40.07,34.75
2024-02-24 11:00:00,48.03,31.05,37.96
2024-02-24 12:00:00,52.88,38.63,39.79
2024-02-24 13:00:00,55.29,36.48,38.52
2024-02-24 14:00:00,57.51,39.02,36.34
2024-02-24 15:00:00,69.37,33.89,27.76
2024-02-24 16:00:00,69.04,40.21,19.14
2024-02-24 17:00:00,76.28,35.36,9.84
2024-02-24 18:00:00,78.45,34.95,-0.75
2024-02-24 19:00:00,84.0,33.22,0.0
2024-02-24 20:00:00,78.45,49.34,0.0
2024-02-24 21:00:00,72.94,30.67,0.0
2024-02-24 22:00:00,82.71,34.23,0.0
2024-02-24 23:00:00,75.64,46.47,0.0
2024-02-25 00:00:00,67.85,32.43,0.0
2024-02-25 01:00:00,66.41,34.45,0.0
2024-02-25 02:00:00,58.43,33.53,0.0
2024-02-25 03:00:00,50.84,35.81,0.0
2024-02-25 04:00:00,52.5,31.91,0.0
2024-02-25 05:00:00,45.19,34.63,0.0
2024-02-25 06:00:00,41.06,30.66,-0.31
2024-02-25 07:00:00,45.1,29.5,10.3
2024-02-25 08:00:00,39.51,24.28,19.62
2024-02-25 09:00:00,37.92,25.26,29.14
2024-02-25 10:00:00,42.96,20.44,34.16
2024-02-25 11:00:00,44.46,23.97,40.03
2024-02-25 12:00:00,47.97,23.33,39.57
2024-02-25 13:00:00,55.51,23.47,38.23
2024-02-25 14:00:00,58.53,24.47,35.0
2024-02-25 15:00:00,65.81,21.4,28.92
2024-02-25 16:00:00,73.64,28.33,20.47
2024-02-25 17:00:00,73.9,16.52,10.62
2024-02-25 18:00:00,77.37,17.17,0.82
2024-02-25 19:00:00,83.8,18.25,0.0
2024-02-25 20:00:00,84.75,12.04,0.0
2024-02-25 21:00:00,78.49,14.03,0.0
2024-02-25 22:00:00,80.35,19.02,0.0
2024-02-25 23:00:00,73.91,12.89,0.0
2024-02-26 00:00:00,69.92,18.23,0.0
2024-02-26 01:00:00,67.68,13.83,0.0
2024-02-26 02:00:00,58.66,14.23,0.0
2024-02-26 03:00:00,55.21,14.67,0.0
2024-02-26 04:00:00,48.64,21.88,0.0
2024-02-26 05:00:00,43.97,20.61,0.0
2024-02-26 06:00:00,46.86,22.37,0.95
2024-02-26 07:00:00,42.35,10.43,10.04
2024-02-26 08:00:00,37.99,5.78,20.84
2024-02-26 09:00:00,36.41,18.47,29.82
2024-02-26 10:00:00,43.92,17.6,35.56
2024-02-26 11:00:00,45.3,20.54,37.17
2024-02-26 12:00:00,51.34,15.32,38.62
2024-02-26 13:00:00,53.42,13.53,38.52
2024-02-26 14:00:00,61.65,10.03,34.43
2024-02-26 15:00:00,67.2,9.39,28.77
2024-02-26 16:00:00,71.23,16.52,20.89
2024-02-26 17:00:00,74.71,9.37,9.59
2024-02-26 18:00:00,78.89,21.15,-0.09
2024-02-26 19:00:00,78.61,18.63,0.0
2024-02-26 20:00:00,80.49,20.58,0.0
2024-02-26 21:00:00,81.92,19.77,0.0
2024-02-26 22:00:00,72.99,23.64,0.0
2024-02-26 23:00:00,70.23,11.28,0.0
2024-02-27 00:00:00,66.71,22.81,0.0
2024-02-27 01:00:00,62.79,18.36,0.0
2024-02-27 02:00:00,59.33,33.17,0.0
2024-02-27 03:00:00,57.31,28.15,0.0
2024-02-27 04:00:00,52.76,26.9,0.0
2024-02-27 05:00:00,43.21,33.46,0.0
2024-02-27 06:00:00,39.43,30.87,0.33
2024-02-27 07:00:00,39.59,37.57,9.89
2024-02-27 08:00:00,35.23,31.27,20.27
2024-02-27 09:00:00,38.46,35.06,28.32
2024-02-27 10:00:00,42.5,41.27,34.89
2024-02-27 11:00:00,44.06,26.14,39.05
2024-02-27 12:00:00,51.37,38.55,38.13
2024-02-27 13:00:00,53.4,28.6,38.8
2024-02-27 14:00:00,60.07,39.38,35.47
2024-02-27 15:00:00,65.12,42.32,28.28
2024-02-27 16:00:00,72.21,33.92,19.38
2024-02-27 17:00:00,72.1,31.15,10.32
2024-02-27 18:00:00,70.85,38.26,-0.22
2024-02-27 19:00:00,79.88,42.38,0.0
2024-02-27 20:00:00,76.12,34.25,0.0
2024-02-27 21:00:00,74.99,37.82,0.0
2024-02-27 22:00:00,77.01,33.87,0.0
2024-02-27 23:00:00,74.27,32.34,0.0
2024-02-28 00:00:00,66.93,43.29,0.0
2024-02-28 01:00:00,67.61,33.91,0.0
2024-02-28 02:00:00,55.38,33.12,0.0
2024-02-28 03:00:00,56.55,34.33,0.0
2024-02-28 04:00:00,53.03,38.85,0.0
2024-02-28 05:00:00,45.6,29.54,0.0
2024-02-28 06:00:00,41.2,35.52,-0.41
2024-02-28 07:00:00,39.41,32.4,8.67
2024-02-28 08:00:00,39.7,19.29,19.53
2024-02-28 09:00:00,44.19,22.42,28.98
2024-02-28 10:00:00,43.13,20.28,33.56
2024-02-28 11:00:00,39.56,30.45,39.42
2024-02-28 12:00:00,49.07,33.77,39.94
2024-02-28 13:00:00,52.56,24.59,37.45
2024-02-28 14:00:00,61.65,15.79,34.34
2024-02-28 15:00:00,62.87,25.47,28.97
2024-02-28 16:00:00,64.99,15.97,18.78
2024-02-28 17:00:00,74.07,18.5,12.56
2024-02-28 18:00:00,77.51,31.93,-0.8
2024-02-28 19:00:00,77.51,15.56,0.0
2024-02-28 20:00:00,80.47,10.66,0.0
2024-02-28 21:00:00,81.74,16.47,0.0
2024-02-28 22:00:00,74.79,12.83,0.0
2024-02-28 23:00:00,68.46,12.39,0.0
2024-02-29 00:00:00,63.18,12.36,0.0
2024-02-29 01:00:00,63.69,11.18,0.0
2024-02-29 02:00:00,58.25,9.51,0.0
2024-02-29 03:00:00,58.53,20.61,0.0
2024-02-29 04:00:00,49.49,18.9,0.0
2024-02-29 05:00:00,44.94,11.53,0.0
2024-02-29 06:00:00,40.19,16.09,0.7
2024-02-29 07:00:00,36.81,10.46,10.51
2024-02-29 08:00:00,37.29,3.59,19.97
2024-02-29 09:00:00,39.38,15.59,30.17
2024-02-29 10:00:00,39.27,14.17,35.19
2024-02-29 11:00:00,44.9,14.13,38.05
2024-02-29 12:00:00,48.22,18.31,39.83
2024-02-29 13:00:00,57.27,12.83,37.34
2024-02-29 14:00:00,64.82,17.66,36.44
2024-02-29 15:00:00,70.01,15.85,29.49
2024-02-29 16:00:00,64.01,10.88,19.94
2024-02-29 17:00:00,74.55,19.36,12.1
2024-02-29 18:00:00,74.97,9.19,-1.17
2024-02-29 19:00:00,73.6,28.06,0.0
2024-02-29 20:00:00,82.57,20.24,0.0
2024-02-29 21:00:00,78.86,21.63,0.0
2024-02-29 22:00:00,77.29,29.88,0.0
2024-02-29 23:00:00,75.31,14.04,0.0
2024-03-01 00:00:00,73.18,15.35,0.0
2024-03-01 01:00:00,63.96,19.12,0.0
2024-03-01 02:00:00,60.12,20.8,0.0
2024-03-01 03:00:00,50.69,22.87,0.0
2024-03-01 04:00:00,52.44,28.18,0.0
2024-03-01 05:00:00,47.86,36.87,0.0
2024-03-01 06:00:00,43.39,26.15,0.57
2024-03-01 07:00:00,40.43,34.65,9.2
2024-03-01 08:00:00,42.72,32.57,20.97
2024-03-01 09:00:00,43.37,30.68,28.14
2024-03-01 10:00:00,44.19,45.21,35.37
2024-03-01 11:00:00,48.05,29.94,37.54
2024-03-01 12:00:00,46.09,29.89,40.08
2024-03-01 13:00:00,58.91,39.08,38.35
2024-03-01 14:00:00,60.46,31.09,34.98
2024-03-01 15:00:00,65.08,36.08,27.86
2024-03-01 16:00:00,70.37,34.49,20.68
2024-03-01 17:00:00,76.61,45.15,10.68
2024-03-01 18:00:00,67.38,43.29,-0.64
2024-03-01 19:00:00,71.75,44.38,0.0
2024-03-01 20:00:00,80.25,26.61,0.0
2024-03-01 21:00:00,81.5,31.33,0.0
2024-03-01 22:00:00,74.58,43.6,0.0
2024-03-01 23:00:00,72.98,31.08,0.0
2024-03-02 00:00:00,76.02,40.04,0.0
2024-03-02 01:00:00,64.17,30.88,0.0
2024-03-02 02:00:00,59.39,42.08,0.0
2024-03-02 03:00:00,51.88,27.12,0.0
2024-03-02 04:00:00,53.82,31.3,0.0
2024-03-02 05:00:00,46.16,34.51,0.0
2024-03-02 06:00:00,41.51,29.94,-2.42
2024-03-02 07:00:00,44.4,29.48,12.53
2024-03-02 08:00:00,39.91,32.08,21.37
2024-03-02 09:00:00,41.57,26.02,26.31
2024-03-02 10:00:00,43.32,25.25,33.13
2024-03-02 11:00:00,50.98,18.87,38.38
2024-03-02 12:00:00,44.34,22.11,39.99
2024-03-02 13:00:00,52.22,25.38,38.86
2024-03-02 14:00:00,60.52,16.77,34.99
2024-03-02 15:00:00,63.25,21.63,27.96
2024-03-02 16:00:00,72.97,17.01,19.27
2024-03-02 17:00:00,78.6,12.94,10.51
2024-03-02 18:00:00,76.39,13.32,-1.24
2024-03-02 19:00:00,75.32,14.14,0.0
2024-03-02 20:00:00,86.18,22.34,0.0
2024-03-02 21:00:00,83.46,21.95,0.0
2024-03-02 22:00:00,76.92,17.82,0.0
2024-03-02 23:00:00,74.45,9.83,0.0
2024-03-03 00:00:00,66.51,19.11,0.0
2024-03-03 01:00:00,61.52,15.13,0.0
2024-03-03 02:00:00,61.96,17.49,0.0
2024-03-03 03:00:00,55.93,7.41,0.0
2024-03-03 04:00:00,51.62,12.49,0.0
2024-03-03 05:00:00,42.93,3.1,0.0
2024-03-03 06:00:00,44.03,4.46,-1.55
2024-03-03 07:00:00,45.93,10.95,9.15
2024-03-03 08:00:00,40.22,8.09,20.07
2024-03-03 09:00:00,38.56,12.01,29.09
2024-03-03 10:00:00,42.61,10.86,32.48
2024-03-03 11:00:00,48.43,9.37,37.91
2024-03-03 12:00:00,51.12,16.28,40.6
2024-03-03 13:00:00,53.12,23.32,39.39
2024-03-03 14:00:00,63.51,30.45,33.08
2024-03-03 15:00:00,61.2,18.04,27.06
2024-03-03 16:00:00,69.72,23.84,20.36
2024-03-03 17:00:00,76.93,18.48,9.46
2024-03-03 18:00:00,80.35,24.62,1.05
2024-03-03 19:00:00,81.77,23.47,0.0
2024-03-03 20:00:00,78.46,14.3,0.0
2024-03-03 21:00:00,80.59,19.62,0.0
2024-03-03 22:00:00,81.05,18.55,0.0
2024-03-03 23:00:00,73.0,21.81,0.0
2024-03-04 00:00:00,72.9,28.76,0.0
2024-03-04 01:00:00,65.24,27.51,0.0
2024-03-04 02:00:00,64.84,18.27,0.0
2024-03-04 03:00:00,57.07,33.51,0.0
2024-03-04 04:00:00,53.64,33.12,0.0
2024-03-04 05:00:00,43.54,27.38,0.0
2024-03-04 06:00:00,44.67,30.01,-0.59
2024-03-04 07:00:00,36.17,33.62,9.16
2024-03-04 08:00:00,38.72,31.77,19.24
2024-03-04 09:00:00,41.59,34.35,28.02
2024-03-04 10:00:00,42.94,34.14,34.39
2024-03-04 11:00:00,43.2,25.64,38.14
2024-03-04 12:00:00,46.5,33.4,38.81
2024-03-04 13:00:00,58.21,36.63,38.63
2024-03-04 14:00:00,57.17,44.76,34.93
2024-03-04 15:00:00,64.91,30.76,27.46
2024-03-04 16:00:00,70.79,40.38,19.06
2024-03-04 17:00:00,71.11,39.35,8.7
2024-03-04 18:00:00,73.44,42.19,0.61
2024-03-04 19:00:00,77.54,38.0,0.0
2024-03-04 20:00:00,84.18,34.49,0.0
2024-03-04 21:00:00,84.11,34.95,0.0
2024-03-04 22:00:00,74.51,36.76,0.0
2024-03-04 23:00:00,74.82,41.55,0.0
2024-03-05 00:00:00,72.66,37.24,0.0
2024-03-05 01:00:00,67.14,35.73,0.0
2024-03-05 02:00:00,62.38,31.6,0.0
2024-03-05 03:00:00,51.58,34.53,0.0
2024-03-05 04:00:00,58.07,36.75,0.0
2024-03-05 05:00:00,43.76,38.85,0.0
2024-03-05 06:00:00,37.09,32.99,-0.25
2024-03-05 07:00:00,38.66,29.22,9.76
2024-03-05 08:00:00,38.37,23.68,19.22
2024-03-05 09:00:00,36.0,27.6,27.32
2024-03-05 10:00:00,45.7,21.03,33.98
2024-03-05 11:00:00,50.67,26.52,37.49
2024-03-05 12:00:00,47.19,26.93,39.28
2024-03-05 13:00:00,56.21,27.3,39.91
2024-03-05 14:00:00,60.46,17.77,35.27
2024-03-05 15:00:00,68.81,24.34,28.82
2024-03-05 16:00:00,71.8,15.23,18.52
2024-03-05 17:00:00,74.54,22.8,10.5
2024-03-05 18:00:00,77.64,25.29,-0.18
2024-03-05 19:00:00,80.37,21.85,0.0
2024-03-05 20:00:00,83.59,23.61,0.0
2024-03-05 21:00:00,80.27,20.14,0.0
2024-03-05 22:00:00,78.12,21.17,0.0
2024-03-05 23:00:00,80.98,9.95,0.0
2024-03-06 00:00:00,67.74,22.53,0.0
2024-03-06 01:00:00,65.73,11.97,0.0
2024-03-06 02:00:00,57.92,18.41,0.0
2024-03-06 03:00:00,56.5,23.45,0.0
2024-03-06 04:00:00,49.73,17.69,0.0
2024-03-06 05:00:00,50.82,5.88,0.0
2024-03-06 06:00:00,39.52,10.14,0.27
2024-03-06 07:00:00,39.42,12.31,9.69
2024-03-06 08:00:00,37.29,15.11,18.72
2024-03-06 09:00:00,41.06,16.02,29.26
2024-03-06 10:00:00,43.95,9.15,35.39
2024-03-06 11:00:00,44.36,18.8,38.91
2024-03-06 12:00:00,51.94,13.68,39.79
2024-03-06 13:00:00,55.57,19.41,37.48
2024-03-06 14:00:00,62.32,20.77,35.57
2024-03-06 15:00:00,68.17,17.64,26.4
2024-03-06 16:00:00,65.71,16.62,19.05
2024-03-06 17:00:00,77.69,19.27,10.68
2024-03-06 18:00:00,82.68,14.25,0.24
2024-03-06 19:00:00,75.14,15.56,0.0
2024-03-06 20:00:00,80.34,13.19,0.0
2024-03-06 21:00:00,80.63,23.44,0.0
2024-03-06 22:00:00,75.16,23.44,0.0
2024-03-06 23:00:00,75.69,20.79,0.0
2024-03-07 00:00:00,72.2,21.42,0.0
2024-03-07 01:00:00,66.94,33.33,0.0
2024-03-07 02:00:00,60.97,20.72,0.0
2024-03-07 03:00:00,55.09,28.51,0.0
2024-03-07 04:00:00,47.42,22.81,0.0
2024-03-07 05:00:00,44.71,34.41,0.0
2024-03-07 06:00:00,45.13,30.78,1.2
2024-03-07 07:00:00,46.58,34.09,9.51
2024-03-07 08:00:00,39.28,32.87,21.49
2024-03-07 09:00:00,37.59,27.88,28.53
2024-03-07 10:00:00,40.06,34.09,35.57
2024-03-07 11:00:00,48.42,41.31,37.76
2024-03-07 12:00:00,49.47,30.91,38.04
2024-03-07 13:00:00,50.63,38.43,37.17
2024-03-07 14:00:00,61.1,32.59,35.23
2024-03-07 15:00:00,66.77,34.18,26.82
2024-03-07 16:00:00,69.52,37.32,19.43
2024-03-07 17:00:00,74.07,38.47,10.82
2024-03-07 18:00:00,80.19,40.26,-0.48
2024-03-07 19:00:00,80.15,38.17,0.0
2024-03-07 20:00:00,80.4,26.04,0.0
2024-03-07 21:00:00,85.07,32.01,0.0
2024-03-07 22:00:00,74.93,34.66,0.0
2024-03-07 23:00:00,70.21,44.61,0.0
2024-03-08 00:00:00,68.14,31.97,0.0
2024-03-08 01:00:00,62.69,37.02,0.0
2024-03-08 02:00:00,64.19,35.56,0.0
2024-03-08 03:00:00,52.5,40.1,0.0
2024-03-08 04:00:00,50.85,29.1,0.0
2024-03-08 05:00:00,45.64,32.54,0.0
2024-03-08 06:00:00,43.39,31.12,0.0
2024-03-08 07:00:00,46.27,30.94,13.19
2024-03-08 08:00:00,37.25,33.17,18.95
2024-03-08 09:00:00,35.81,30.08,28.1
2024-03-08 10:00:00,43.22,36.27,34.24
2024-03-08 11:00:00,48.25,29.96,38.17
2024-03-08 12:00:00,49.45,22.96,39.48
2024-03-08 13:00:00,58.37,23.6,38.08
2024-03-08 14:00:00,63.06,24.12,34.95
2024-03-08 15:00:00,63.18,25.99,30.62
2024-03-08 16:00:00,62.89,14.47,21.3
2024-03-08 17:00:00,70.03,26.22,9.65
2024-03-08 18:00:00,76.5,10.65,0.21
2024-03-08 19:00:00,82.55,16.78,0.0
2024-03-08 20:00:00,76.13,18.91,0.0
2024-03-08 21:00:00,80.79,16.94,0.0
2024-03-08 22:00:00,81.19,18.73,0.0
2024-03-08 23:00:00,78.65,14.9,0.0
2024-03-09 00:00:00,70.33,18.93,0.0
2024-03-09 01:00:00,68.65,12.46,0.0
2024-03-09 02:00:00,65.66,14.3,0.0
2024-03-09 03:00:00,54.84,15.62,0.0
2024-03-09 04:00:00,47.43,4.95,0.0
2024-03-09 05:00:00,52.03,18.37,0.0
2024-03-09 06:00:00,39.91,16.12,0.14
2024-03-09 07:00:00,39.22,10.57,11.79
2024-03-09 08:00:00,42.98,15.72,19.37
2024-03-09 09:00:00,45.33,10.97,28.76
2024-03-09 10:00:00,43.34,11.58,35.37
2024-03-09 11:00:00,44.67,21.11,40.4
2024-03-09 12:00:00,48.01,8.19,38.68
2024-03-09 13:00:00,51.48,14.79,38.35
2024-03-09 14:00:00,55.85,1.29,34.8
2024-03-09 15:00:00,65.6,10.44,29.89
2024-03-09 16:00:00,61.36,20.79,20.17
2024-03-09 17:00:00,72.92,24.57,10.58
2024-03-09 18:00:00,82.39,12.82,0.6
2024-03-09 19:00:00,79.83,14.93,0.0
2024-03-09 20:00:00,79.95,19.69,0.0
2024-03-09 21:00:00,77.61,29.55,0.0
2024-03-09 22:00:00,76.64,15.51,0.0
2024-03-09 23:00:00,75.28,27.38,0.0
2024-03-10 00:00:00,70.15,21.13,0.0
2024-03-10 01:00:00,63.88,23.1,0.0
2024-03-10 02:00:00,58.49,23.57,0.0
2024-03-10 03:00:00,54.16,21.33,0.0
2024-03-10 04:00:00,50.74,25.19,0.0
2024-03-10 05:00:00,48.49,31.98,0.0
2024-03-10 06:00:00,47.2,38.06,-1.36
2024-03-10 07:00:00,40.33,36.33,10.97
2024-03-10 08:00:00,42.88,34.99,20.06
2024-03-10 09:00:00,40.41,29.03,29.01
2024-03-10 10:00:00,43.89,44.22,36.18
2024-03-10 11:00:00,49.06,37.45,40.1
2024-03-10 12:00:00,53.16,35.12,41.95
2024-03-10 13:00:00,50.06,36.81,38.47
2024-03-10 14:00:00,57.53,33.81,33.44
2024-03-10 15:00:00,61.49,45.11,29.2
2024-03-10 16:00:00,72.03,37.85,18.61
2024-03-10 17:00:00,71.57,32.84,10.63
2024-03-10 18:00:00,80.27,35.4,0.7
2024-03-10 19:00:00,80.83,37.27,0.0
2024-03-10 20:00:00,85.18,27.31,0.0
2024-03-10 21:00:00,80.56,42.81,0.0
2024-03-10 22:00:00,76.22,33.78,0.0
2024-03-10 23:00:00,74.67,31.28,0.0
2024-03-11 00:00:00,68.39,30.27,0.0
2024-03-11 01:00:00,64.64,24.37,0.0
2024-03-11 02:00:00,58.19,36.98,0.0
2024-03-11 03:00:00,53.69,31.43,0.0
2024-03-11 04:00:00,52.7,40.6,0.0
2024-03-11 05:00:00,43.65,37.91,0.0
2024-03-11 06:00:00,37.43,33.68,-0.85
2024-03-11 07:00:00,41.45,34.4,10.47
2024-03-11 08:00:00,39.39,26.66,20.76
2024-03-11 09:00:00,38.8,31.49,26.41
2024-03-11 10:00:00,40.08,32.13,35.65
2024-03-11 11:00:00,45.19,27.03,38.72
2024-03-11 12:00:00,49.38,32.23,38.54
2024-03-11 13:00:00,53.12,25.41,39.17
2024-03-11 14:00:00,60.87,27.48,34.86
2024-03-11 15:00:00,62.56,22.72,29.28
2024-03-11 16:00:00,70.12,20.67,19.58
2024-03-11 17:00:00,75.88,11.33,9.18
2024-03-11 18:00:00,76.5,17.5,0.7
2024-03-11 19:00:00,83.43,24.6,0.0
2024-03-11 20:00:00,84.21,24.55,0.0
2024-03-11 21:00:00,80.11,19.35,0.0
2024-03-11 22:00:00,75.27,2.38,0.0
2024-03-11 23:00:00,75.36,11.31,0.0
2024-03-12 00:00:00,69.4,2.18,0.0
2024-03-12 01:00:00,67.87,13.12,0.0
2024-03-12 02:00:00,58.23,7.95,0.0
2024-03-12 03:00:00,52.39,9.17,0.0
2024-03-12 04:00:00,47.09,6.12,0.0
2024-03-12 05:00:00,45.23,11.35,0.0
2024-03-12 06:00:00,45.26,10.77,-1.75
2024-03-12 07:00:00,38.01,12.78,10.69
2024-03-12 08:00:00,42.55,13.19,21.84
2024-03-12 09:00:00,42.27,12.77,27.53
2024-03-12 10:00:00,42.75,8.03,36.78
2024-03-12 11:00:00,45.46,10.35,38.66
2024-03-12 12:00:00,51.06,15.21,40.01
2024-03-12 13:00:00,52.66,10.52,39.37
2024-03-12 14:00:00,58.88,22.8,35.49
2024-03-12 15:00:00,62.93,16.09,28.91
2024-03-12 16:00:00,73.13,25.77,20.11
2024-03-12 17:00:00,78.74,16.48,9.38
2024-03-12 18:00:00,75.07,9.91,-0.08
2024-03-12 19:00:00,74.3,25.03,0.0
2024-03-12 20:00:00,81.02,24.66,0.0
2024-03-12 21:00:00,76.6,16.64,0.0
2024-03-12 22:00:00,76.74,29.83,0.0
2024-03-12 23:00:00,74.37,24.87,0.0
2024-03-13 00:00:00,73.53,26.9,0.0
2024-03-13 01:00:00,65.72,28.18,0.0
2024-03-13 02:00:00,59.43,34.95,0.0
2024-03-13 03:00:00,54.51,24.5,0.0
2024-03-13 04:00:00,52.04,33.84,0.0
2024-03-13 05:00:00,44.44,33.69,0.0
2024-03-13 06:00:00,45.91,22.38,-3.35
2024-03-13 07:00:00,41.88,40.32,9.42
2024-03-13 08:00:00,40.97,33.02,19.9
2024-03-13 09:00:00,39.54,34.09,27.64
2024-03-13 10:00:00,45.69,35.4,33.09
2024-03-13 11:00:00,44.51,31.07,38.72
2024-03-13 12:00:00,50.43,35.29,38.93
2024-03-13 13:00:00,54.04,37.97,36.97
2024-03-13 14:00:00,51.56,28.82,34.27
2024-03-13 15:00:00,65.95,40.68,27.95
2024-03-13 16:00:00,69.39,42.42,19.79
2024-03-13 17:00:00,72.75,44.09,10.32
2024-03-13 18:00:00,79.31,39.3,1.98
2024-03-13 19:00:00,77.73,42.32,0.0
2024-03-13 20:00:00,82.77,35.45,0.0
2024-03-13 21:00:00,80.94,36.18,0.0
2024-03-13 22:00:00,78.81,36.44,0.0
2024-03-13 23:00:00,73.75,44.32,0.0
2024-03-14 00:00:00,71.37,28.74,0.0
2024-03-14 01:00:00,65.8,33.33,0.0
2024-03-14 02:00:00,60.94,35.39,0.0
2024-03-14 03:00:00,55.92,24.99,0.0
2024-03-14 04:00:00,45.3,39.72,0.0
2024-03-14 05:00:00,45.78,38.57,0.0
2024-03-14 06:00:00,44.26,22.56,-0.53
2024-03-14 07:00:00,42.22,38.83,10.87
2024-03-14 08:00:00,39.39,20.06,20.08
2024-03-14 09:00:00,38.86,26.35,28.53
2024-03-14 10:00:00,40.06,35.1,36.06
2024-03-14 11:00:00,42.65,23.9,38.74
2024-03-14 12:00:00,54.45,27.99,40.24
2024-03-14 13:00:00,52.02,22.46,39.96
2024-03-14 14:00:00,65.59,19.66,35.73
2024-03-14 15:00:00,66.76,20.79,28.53
2024-03-14 16:00:00,72.25,21.04,19.97
2024-03-14 17:00:00,72.25,20.31,9.61
2024-03-14 18:00:00,77.86,12.23,1.08
2024-03-14 19:00:00,79.66,26.09,0.0
2024-03-14 20:00:00,77.97,12.07,0.0
2024-03-14 21:00:00,76.54,20.47,0.0
2024-03-14 22:00:00,73.52,15.9,0.0
2024-03-14 23:00:00,72.13,12.29,0.0
2024-03-15 00:00:00,69.08,12.73,0.0
2024-03-15 01:00:00,64.07,13.85,0.0
2024-03-15 02:00:00,60.81,11.46,0.0
2024-03-15 03:00:00,56.24,11.01,0.0
2024-03-15 04:00:00,48.64,13.39,0.0
2024-03-15 05:00:00,40.71,8.94,0.0
2024-03-15 06:00:00,40.68,11.84,-1.02
2024-03-15 07:00:00,38.48,18.13,9.44
2024-03-15 08:00:00,46.25,14.67,20.99
2024-03-15 09:00:00,44.05,12.11,28.6
2024-03-15 10:00:00,43.01,2.7,34.31
2024-03-15 11:00:00,43.33,16.54,37.81
2024-03-15 12:00:00,48.56,14.46,38.2
2024-03-15 13:00:00,55.68,16.99,39.41
2024-03-15 14:00:00,67.17,22.39,33.77
2024-03-15 15:00:00,67.94,15.87,27.65
2024-03-15 16:00:00,67.76,15.07,19.88
2024-03-15 17:00:00,72.81,12.94,10.35
2024-03-15 18:00:00,80.69,15.52,0.88
2024-03-15 19:00:00,81.91,14.67,0.0
2024-03-15 20:00:00,74.65,22.47,0.0
2024-03-15 21:00:00,80.96,18.2,0.0
2024-03-15 22:00:00,78.9,32.72,0.0
2024-03-15 23:00:00,83.18,19.59,0.0
2024-03-16 00:00:00,70.98,18.86,0.0
2024-03-16 01:00:00,73.67,23.87,0.0
2024-03-16 02:00:00,62.58,27.56,0.0
2024-03-16 03:00:00,51.65,27.07,0.0
2024-03-16 04:00:00,45.94,25.9,0.0
2024-03-16 05:00:00,45.05,31.2,0.0
2024-03-16 06:00:00,35.86,43.76,-0.07
2024-03-16 07:00:00,37.83,29.77,10.68
2024-03-16 08:00:00,31.53,29.3,19.0
2024-03-16 09:00:00,43.22,32.38,28.25
2024-03-16 10:00:00,44.7,33.37,34.77
2024-03-16 11:00:00,47.86,33.8,37.26
2024-03-16 12:00:00,53.76,31.44,37.86
2024-03-16 13:00:00,55.29,34.19,38.87
2024-03-16 14:00:00,61.29,41.17,33.75
2024-03-16 15:00:00,65.76,40.82,30.1
2024-03-16 16:00:00,71.65,32.8,21.42
2024-03-16 17:00:00,73.26,41.31,8.6
2024-03-16 18:00:00,82.28,30.91,-0.49
2024-03-16 19:00:00,82.69,33.27,0.0
2024-03-16 20:00:00,78.49,44.52,0.0
2024-03-16 21:00:00,78.24,35.66,0.0
2024-03-16 22:00:00,82.16,39.23,0.0
2024-03-16 23:00:00,70.95,43.4,0.0
2024-03-17 00:00:00,64.78,40.43,0.0
2024-03-17 01:00:00,66.65,32.21,0.0
2024-03-17 02:00:00,57.66,28.63,0.0
2024-03-17 03:00:00,60.01,34.11,0.0
2024-03-17 04:00:00,48.11,35.58,0.0
2024-03-17 05:00:00,49.47,33.48,0.0
2024-03-17 06:00:00,44.77,31.29,0.95
2024-03-17 07:00:00,41.63,25.11,10.24
2024-03-17 08:00:00,36.2,25.56,20.45
2024-03-17 09:00:00,40.62,32.96,28.04
2024-03-17 10:00:00,43.52,25.65,34.95
2024-03-17 11:00:00,45.44,27.29,38.3
2024-03-17 12:00:00,44.83,26.84,39.98
2024-03-17 13:00:00,56.0,21.85,37.56
2024-03-17 14:00:00,58.86,16.83,34.1
2024-03-17 15:00:00,61.92,23.82,28.29
2024-03-17 16:00:00,70.44,22.82,19.13
2024-03-17 17:00:00,73.55,15.3,9.86
2024-03-17 18:00:00,75.79,18.08,0.72
2024-03-17 19:00:00,78.95,13.11,0.0
2024-03-17 20:00:00,88.37,5.96,0.0
2024-03-17 21:00:00,73.23,13.89,0.0
2024-03-17 22:00:00,77.92,24.68,0.0
2024-03-17 23:00:00,75.68,16.67,0.0
2024-03-18 00:00:00,72.76,15.08,0.0
2024-03-18 01:00:00,59.31,15.4,0.0
2024-03-18 02:00:00,60.65,24.57,0.0
2024-03-18 03:00:00,52.66,19.7,0.0
2024-03-18 04:00:00,45.92,20.85,0.0
2024-03-18 05:00:00,46.26,17.23,0.0
2024-03-18 06:00:00,44.79,13.49,0.68
2024-03-18 07:00:00,38.71,9.22,10.19
2024-03-18 08:00:00,39.66,14.04,18.39
2024-03-18 09:00:00,43.61,19.98,29.49
2024-03-18 10:00:00,43.14,12.45,34.49
2024-03-18 11:00:00,47.03,15.82,39.35
2024-03-18 12:00:00,45.96,17.0,41.38
2024-03-18 13:00:00,57.8,13.87,38.69
2024-03-18 14:00:00,65.81,7.37,33.57
2024-03-18 15:00:00,71.16,14.37,28.52
2024-03-18 16:00:00,68.24,26.62,17.99
2024-03-18 17:00:00,76.26,22.24,10.86
2024-03-18 18:00:00,74.58,24.43,0.46
2024-03-18 19:00:00,72.7,22.91,0.0
2024-03-18 20:00:00,82.24,21.4,0.0
2024-03-18 21:00:00,76.66,21.07,0.0
2024-03-18 22:00:00,75.95,24.73,0.0
2024-03-18 23:00:00,72.55,27.78,0.0
2024-03-19 00:00:00,68.44,22.4,0.0
2024-03-19 01:00:00,68.68,25.24,0.0
2024-03-19 02:00:00,61.59,20.6,0.0
2024-03-19 03:00:00,59.39,20.84,0.0
2024-03-19 04:00:00,50.29,27.98,0.0
2024-03-19 05:00:00,43.57,28.7,0.0
2024-03-19 06:00:00,46.38,29.82,1.74
2024-03-19 07:00:00,39.61,40.46,8.47
2024-03-19 08:00:00,36.8,33.24,19.09
2024-03-19 09:00:00,42.88,44.36,29.81
2024-03-19 10:00:00,44.94,30.91,34.16
2024-03-19 11:00:00,45.32,39.6,39.44
2024-03-19 12:00:00,51.85,32.56,38.11
2024-03-19 13:00:00,59.19,35.47,38.1
2024-03-19 14:00:00,68.18,43.39,34.57
2024-03-19 15:00:00,70.69,34.42,29.04
2024-03-19 16:00:00,63.16,40.03,19.14
2024-03-19 17:00:00,75.92,31.43,11.53
2024-03-19 18:00:00,77.92,32.59,-2.05
2024-03-19 19:00:00,80.91,26.04,0.0
2024-03-19 20:00:00,82.45,45.97,0.0
2024-03-19 21:00:00,75.01,35.3,0.0
2024-03-19 22:00:00,82.48,38.78,0.0
2024-03-19 23:00:00,75.33,36.41,0.0
2024-03-20 00:00:00,65.88,34.71,0.0
2024-03-20 01:00:00,69.04,35.26,0.0
2024-03-20 02:00:00,62.17,32.38,0.0
2024-03-20 03:00:00,52.21,31.33,0.0
2024-03-20 04:00:00,46.84,25.9,0.0
2024-03-20 05:00:00,45.8,30.74,0.0
2024-03-20 06:00:00,39.86,26.34,0.7
2024-03-20 07:00:00,41.96,38.4,10.85
2024-03-20 08:00:00,41.03,29.48,20.79
2024-03-20 09:00:00,36.46,36.5,29.14
2024-03-20 10:00:00,42.31,31.7,36.73
2024-03-20 11:00:00,51.86,21.62,38.46
2024-03-20 12:00:00,50.17,25.99,39.27
2024-03-20 13:00:00,54.1,23.5,38.8
2024-03-20 14:00:00,57.08,29.26,34.11
2024-03-20 15:00:00,64.99,11.81,26.94
2024-03-20 16:00:00,69.03,14.99,20.28
2024-03-20 17:00:00,68.78,35.9,10.91
2024-03-20 18:00:00,79.94,18.41,-1.0
2024-03-20 19:00:00,78.96,11.76,0.0
2024-03-20 20:00:00,75.79,16.57,0.0
2024-03-20 21:00:00,81.69,17.78,0.0
2024-03-20 22:00:00,75.27,18.35,0.0
2024-03-20 23:00:00,75.71,10.26,0.0
2024-03-21 00:00:00,66.35,17.83,0.0
2024-03-21 01:00:00,68.59,16.15,0.0
2024-03-21 02:00:00,63.54,21.06,0.0
2024-03-21 03:00:00,50.24,15.8,0.0
2024-03-21 04:00:00,53.95,18.85,0.0
2024-03-21 05:00:00,50.14,10.11,0.0
2024-03-21 06:00:00,44.72,10.01,0.78
2024-03-21 07:00:00,41.25,8.8,9.02
2024-03-21 08:00:00,40.98,13.18,21.05
2024-03-21 09:00:00,45.28,8.49,29.77
2024-03-21 10:00:00,42.38,17.84,34.14
2024-03-21 11:00:00,48.01,18.74,37.84
2024-03-21 12:00:00,46.04,2.41,41.18
2024-03-21 13:00:00,54.29,18.55,37.93
2024-03-21 14:00:00,60.76,9.08,32.45
2024-03-21 15:00:00,63.41,24.67,29.47
2024-03-21 16:00:00,72.05,13.52,21.42
2024-03-21 17:00:00,75.39,12.72,10.48
2024-03-21 18:00:00,76.27,21.28,-0.36
2024-03-21 19:00:00,80.8,17.19,0.0
2024-03-21 20:00:00,78.4,11.39,0.0
2024-03-21 21:00:00,80.83,21.38,0.0
2024-03-21 22:00:00,77.23,25.65,0.0
2024-03-21 23:00:00,72.66,19.13,0.0
2024-03-22 00:00:00,68.19,23.28,0.0
2024-03-22 01:00:00,65.83,23.02,0.0
2024-03-22 02:00:00,58.68,20.44,0.0
2024-03-22 03:00:00,53.6,19.37,0.0
2024-03-22 04:00:00,48.02,31.8,0.0
2024-03-22 05:00:00,46.37,29.29,0.0
2024-03-22 06:00:00,42.01,25.11,0.9
2024-03-22 07:00:00,42.01,33.27,9.64
2024-03-22 08:00:00,39.54,34.28,19.46
2024-03-22 09:00:00,38.74,31.07,27.07
2024-03-22 10:00:00,38.92,31.15,34.79
2024-03-22 11:00:00,42.07,36.84,39.0
2024-03-22 12:00:00,49.45,39.96,39.71
2024-03-22 13:00:00,54.01,30.2,38.9
2024-03-22 14:00:00,61.67,38.87,34.5
2024-03-22 15:00:00,64.36,30.58,27.53
2024-03-22 16:00:00,69.38,30.33,19.54
2024-03-22 17:00:00,77.89,26.78,11.38
2024-03-22 18:00:00,70.9,37.78,-1.52
2024-03-22 19:00:00,87.36,31.05,0.0
2024-03-22 20:00:00,79.05,43.48,0.0
2024-03-22 21:00:00,77.83,42.17,0.0
2024-03-22 22:00:00,80.12,36.13,0.0
2024-03-22 23:00:00,76.79,40.56,0.0
2024-03-23 00:00:00,65.79,34.52,0.0
2024-03-23 01:00:00,63.29,34.98,0.0
2024-03-23 02:00:00,56.36,29.21,0.0
2024-03-23 03:00:00,54.99,33.45,0.0
2024-03-23 04:00:00,54.16,33.77,0.0
2024-03-23 05:00:00,50.15,38.43,0.0
2024-03-23 06:00:00,46.09,27.14,-3.53
2024-03-23 07:00:00,42.07,27.43,9.03
2024-03-23 08:00:00,42.01,27.36,20.05
2024-03-23 09:00:00,45.88,33.66,27.86
2024-03-23 10:00:00,42.53,25.29,34.74
2024-03-23 11:00:00,43.34,19.22,38.42
2024-03-23 12:00:00,51.83,22.8,40.11
2024-03-23 13:00:00,57.21,14.12,37.59
2024-03-23 14:00:00,61.26,15.94,33.26
2024-03-23 15:00:00,65.67,18.0,29.25
2024-03-23 16:00:00,67.32,13.83,21.51
2024-03-23 17:00:00,76.69,16.3,10.78
2024-03-23 18:00:00,76.91,15.67,-0.86
2024-03-23 19:00:00,78.86,14.58,0.0
2024-03-23 20:00:00,75.06,20.85,0.0
2024-03-23 21:00:00,77.51,20.5,0.0
2024-03-23 22:00:00,76.86,29.87,0.0
2024-03-23 23:00:00,75.82,8.44,0.0
2024-03-24 00:00:00,65.88,10.13,0.0
2024-03-24 01:00:00,63.89,5.86,0.0
2024-03-24 02:00:00,56.62,13.8,0.0
2024-03-24 03:00:00,50.13,12.91,0.0
2024-03-24 04:00:00,50.7,8.16,0.0
2024-03-24 05:00:00,47.67,13.47,0.0
2024-03-24 06:00:00,45.96,11.94,0.66
2024-03-24 07:00:00,40.21,14.93,10.81
2024-03-24 08:00:00,34.92,10.38,20.93
2024-03-24 09:00:00,44.08,10.16,28.46
2024-03-24 10:00:00,42.68,9.98,36.08
2024-03-24 11:00:00,40.73,20.42,38.38
2024-03-24 12:00:00,54.76,4.01,41.03
2024-03-24 13:00:00,54.11,14.29,38.16
2024-03-24 14:00:00,56.72,9.89,34.37
2024-03-24 15:00:00,72.14,13.93,28.34
2024-03-24 16:00:00,66.28,20.2,20.96
2024-03-24 17:00:00,77.63,15.77,10.7
2024-03-24 18:00:00,75.14,16.97,-0.76
2024-03-24 19:00:00,81.37,17.17,0.0
2024-03-24 20:00:00,80.85,24.66,0.0
2024-03-24 21:00:00,77.96,26.79,0.0
2024-03-24 22:00:00,78.58,24.83,0.0
2024-03-24 23:00:00,74.06,24.82,0.0
2024-03-25 00:00:00,67.42,20.81,0.0
2024-03-25 01:00:00,65.93,30.52,0.0
2024-03-25 02:00:00,59.31,29.59,0.0
2024-03-25 03:00:00,54.13,24.19,0.0
2024-03-25 04:00:00,50.04,31.03,0.0
2024-03-25 05:00:00,43.79,27.1,0.0
2024-03-25 06:00:00,41.19,23.62,0.18
2024-03-25 07:00:00,41.5,32.91,10.61
2024-03-25 08:00:00,38.31,27.2,20.28
2024-03-25 09:00:00,38.4,26.84,29.08
2024-03-25 10:00:00,40.75,37.44,34.06
2024-03-25 11:00:00,41.54,29.4,38.05
2024-03-25 12:00:00,54.97,32.8,39.72
2024-03-25 13:00:00,55.16,25.51,39.5
2024-03-25 14:00:00,56.76,33.13,34.86
2024-03-25 15:00:00,60.85,37.37,27.58
2024-03-25 16:00:00,70.98,28.62,21.96
2024-03-25 17:00:00,69.7,41.82,9.14
2024-03-25 18:00:00,74.63,41.06,-1.52
2024-03-25 19:00:00,77.1,42.53,0.0
2024-03-25 20:00:00,80.64,33.51,0.0
2024-03-25 21:00:00,82.0,40.67,0.0
2024-03-25 22:00:00,81.83,34.21,0.0
2024-03-25 23:00:00,73.19,43.24,0.0
2024-03-26 00:00:00,73.33,36.68,0.0
2024-03-26 01:00:00,62.63,29.59,0.0
2024-03-26 02:00:00,55.71,29.24,0.0
2024-03-26 03:00:00,54.2,27.53,0.0
2024-03-26 04:00:00,52.16,19.82,0.0
2024-03-26 05:00:00,43.45,28.48,0.0
2024-03-26 06:00:00,44.51,24.85,0.52
2024-03-26 07:00:00,41.37,31.53,9.31
2024-03-26 08:00:00,36.34,36.45,20.13
2024-03-26 09:00:00,46.8,22.95,29.37
2024-03-26 10:00:00,41.12,24.03,33.71
2024-03-26 11:00:00,40.61,31.63,38.01
2024-03-26 12:00:00,56.7,26.02,40.43
2024-03-26 13:00:00,56.84,19.73,37.06
2024-03-26 14:00:00,62.42,21.08,34.41
2024-03-26 15:00:00,67.74,27.73,26.38
2024-03-26 16:00:00,67.56,20.9,20.56
2024-03-26 17:00:00,76.33,14.87,11.35
2024-03-26 18:00:00,79.83,26.13,0.51
2024-03-26 19:00:00,77.73,24.05,0.0
2024-03-26 20:00:00,82.19,15.08,0.0
2024-03-26 21:00:00,82.32,14.65,0.0
2024-03-26 22:00:00,80.06,15.31,0.0
2024-03-26 23:00:00,74.47,15.51,0.0
2024-03-27 00:00:00,73.04,14.17,0.0
2024-03-27 01:00:00,66.92,17.12,0.0
2024-03-27 02:00:00,57.42,18.34,0.0
2024-03-27 03:00:00,59.24,15.96,0.0
2024-03-27 04:00:00,51.22,8.92,0.0
2024-03-27 05:00:00,49.73,5.38,0.0
2024-03-27 06:00:00,43.11,9.55,1.55
2024-03-27 07:00:00,42.3,16.34,9.63
2024-03-27 08:00:00,35.75,9.99,19.59
2024-03-27 09:00:00,40.99,20.95,26.58
2024-03-27 10:00:00,43.61,21.17,34.15
2024-03-27 11:00:00,45.79,15.57,38.89
2024-03-27 12:00:00,54.77,9.27,40.16
2024-03-27 13:00:00,55.09,15.04,39.06
2024-03-27 14:00:00,58.05,7.32,33.83
2024-03-27 15:00:00,66.62,13.3,27.45
2024-03-27 16:00:00,71.53,12.11,21.08
2024-03-27 17:00:00,73.09,20.65,9.96
2024-03-27 18:00:00,74.2,21.1,-0.8
2024-03-27 19:00:00,77.51,14.79,0.0
2024-03-27 20:00:00,79.97,16.31,0.0
2024-03-27 21:00:00,78.5,28.31,0.0
2024-03-27 22:00:00,76.79,22.23,0.0
2024-03-27 23:00:00,72.73,16.35,0.0
2024-03-28 00:00:00,70.53,30.08,0.0
2024-03-28 01:00:00,68.96,40.31,0.0
2024-03-28 02:00:00,59.11,28.09,0.0
2024-03-28 03:00:00,51.52,37.37,0.0
2024-03-28 04:00:00,52.97,33.91,0.0
2024-03-28 05:00:00,47.65,29.41,0.0
2024-03-28 06:00:00,35.07,34.34,1.25
2024-03-28 07:00:00,41.45,36.22,9.53
2024-03-28 08:00:00,40.9,27.18,20.2
2024-03-28 09:00:00,37.32,32.95,28.19
2024-03-28 10:00:00,39.56,32.0,36.38
2024-03-28 11:00:00,45.66,42.19,38.9
2024-03-28 12:00:00,47.67,29.02,39.81
2024-03-28 13:00:00,57.97,36.67,39.06
2024-03-28 14:00:00,60.85,35.73,36.46
2024-03-28 15:00:00,63.42,41.75,27.71
2024-03-28 16:00:00,71.76,33.58,20.48
2024-03-28 17:00:00,75.78,37.48,10.95
2024-03-28 18:00:00,76.93,39.0,0.47
2024-03-28 19:00:00,77.88,35.39,0.0
2024-03-28 20:00:00,74.85,39.8,0.0
2024-03-28 21:00:00,78.99,44.34,0.0
2024-03-28 22:00:00,71.97,37.12,0.0
2024-03-28 23:00:00,75.92,32.38,0.0
2024-03-29 00:00:00,71.45,36.81,0.0
2024-03-29 01:00:00,66.76,33.66,0.0
2024-03-29 02:00:00,50.47,34.6,0.0
2024-03-29 03:00:00,55.11,29.83,0.0
2024-03-29 04:00:00,46.02,35.33,0.0
2024-03-29 05:00:00,47.05,39.78,0.0
2024-03-29 06:00:00,40.26,31.09,1.19
2024-03-29 07:00:00,39.19,34.45,10.85
2024-03-29 08:00:00,38.42,29.2,21.57
2024-03-29 09:00:00,36.98,33.47,27.15
2024-03-29 10:00:00,41.02,27.61,34.73
2024-03-29 11:00:00,45.52,23.64,39.62
2024-03-29 12:00:00,46.67,24.41,37.7
2024-03-29 13:00:00,54.03,20.43,39.88
2024-03-29 14:00:00,63.07,31.52,34.35
2024-03-29 15:00:00,62.26,25.29,27.88
2024-03-29 16:00:00,73.57,14.22,20.84
2024-03-29 17:00:00,77.41,11.79,10.34
2024-03-29 18:00:00,75.64,15.0,-0.35
2024-03-29 19:00:00,83.24,20.8,0.0
2024-03-29 20:00:00,83.42,12.89,0.0
2024-03-29 21:00:00,74.31,18.78,0.0
2024-03-29 22:00:00,77.42,20.12,0.0
2024-03-29 23:00:00,76.12,15.95,0.0
2024-03-30 00:00:00,72.4,14.99,0.0
2024-03-30 01:00:00,65.79,24.02,0.0
2024-03-30 02:00:00,63.87,8.46,0.0
2024-03-30 03:00:00,50.08,20.2,0.0
2024-03-30 04:00:00,48.69,12.52,0.0
2024-03-30 05:00:00,44.39,14.68,0.0
2024-03-30 06:00:00,41.44,4.08,-1.19
2024-03-30 07:00:00,33.51,19.17,9.3
2024-03-30 08:00:00,37.19,18.79,19.98
2024-03-30 09:00:00,44.62,16.97,27.73
2024-03-30 10:00:00,41.55,18.51,32.7
2024-03-30 11:00:00,46.19,15.15,37.76
2024-03-30 12:00:00,51.0,9.77,40.17
2024-03-30 13:00:00,54.3,18.94,38.94
2024-03-30 14:00:00,59.35,17.93,33.56
2024-03-30 15:00:00,68.89,19.04,27.69
2024-03-30 16:00:00,73.14,24.01,21.06
2024-03-30 17:00:00,74.99,24.88,11.76
2024-03-30 18:00:00,74.84,20.18,0.31
2024-03-30 19:00:00,77.26,18.28,0.0
2024-03-30 20:00:00,73.98,24.45,0.0
2024-03-30 21:00:00,81.87,27.65,0.0
2024-03-30 22:00:00,81.37,19.89,0.0
2024-03-30 23:00:00,73.66,31.67,0.0
2024-03-31 00:00:00,73.24,21.31,0.0
2024-03-31 01:00:00,58.1,24.9,0.0
2024-03-31 02:00:00,56.79,27.4,0.0
2024-03-31 03:00:00,57.74,20.87,0.0
2024-03-31 04:00:00,50.82,23.03,0.0
2024-03-31 05:00:00,53.31,30.33,0.0
2024-03-31 06:00:00,44.11,20.34,-1.04
2024-03-31 07:00:00,37.8,37.75,9.4
2024-03-31 08:00:00,36.56,34.82,20.83
2024-03-31 09:00:00,40.35,30.74,25.8
2024-03-31 10:00:00,45.59,34.94,35.18
2024-03-31 11:00:00,41.55,36.1,38.76
2024-03-31 12:00:00,48.54,31.84,40.43
2024-03-31 13:00:00,48.8,32.42,37.99
2024-03-31 14:00:00,63.66,36.02,35.36
2024-03-31 15:00:00,63.54,44.06,28.84
2024-03-31 16:00:00,67.1,42.57,19.36
2024-03-31 17:00:00,75.58,42.73,9.91
2024-03-31 18:00:00,78.98,38.37,-0.94
2024-03-31 19:00:00,79.3,45.22,0.0
2024-03-31 20:00:00,81.82,39.24,0.0
2024-03-31 21:00:00,79.72,39.2,0.0
2024-03-31 22:00:00,73.15,29.0,0.0
2024-03-31 23:00:00,75.31,37.87,0.0
2024-04-01 00:00:00,68.79,25.4,0.0
2024-04-01 01:00:00,61.91,37.52,0.0
2024-04-01 02:00:00,60.38,30.99,0.0
2024-04-01 03:00:00,52.04,34.82,0.0
2024-04-01 04:00:00,49.55,31.92,0.0
2024-04-01 05:00:00,44.34,32.63,0.0
2024-04-01 06:00:00,43.53,39.31,-0.63
2024-04-01 07:00:00,38.92,22.31,10.52
2024-04-01 08:00:00,37.0,32.74,20.92
2024-04-01 09:00:00,41.33,29.87,27.61
2024-04-01 10:00:00,39.7,13.94,35.71
2024-04-01 11:00:00,44.7,32.52,37.84
2024-04-01 12:00:00,49.41,32.23,41.24
2024-04-01 13:00:00,56.19,20.18,37.0
2024-04-01 14:00:00,58.5,24.81,35.04
2024-04-01 15:00:00,61.19,16.82,29.07
2024-04-01 16:00:00,68.94,20.25,20.26
2024-04-01 17:00:00,78.85,13.33,11.49
2024-04-01 18:00:00,73.94,19.57,1.15
2024-04-01 19:00:00,81.2,18.24,0.0
2024-04-01 20:00:00,83.69,21.14,0.0
2024-04-01 21:00:00,81.68,13.13,0.0
2024-04-01 22:00:00,79.14,7.76,0.0
2024-04-01 23:00:00,73.42,11.99,0.0
2024-04-02 00:00:00,67.67,9.92,0.0
2024-04-02 01:00:00,59.15,20.32,0.0
2024-04-02 02:00:00,59.36,12.84,0.0
2024-04-02 03:00:00,56.33,18.73,0.0
2024-04-02 04:00:00,54.01,11.02,0.0
2024-04-02 05:00:00,46.42,8.52,0.0
2024-04-02 06:00:00,44.88,17.55,0.02
2024-04-02 07:00:00,43.16,15.73,11.13
2024-04-02 08:00:00,40.26,14.83,18.76
2024-04-02 09:00:00,45.73,10.02,27.85
2024-04-02 10:00:00,44.53,8.52,36.32
2024-04-02 11:00:00,38.61,14.62,38.02
2024-04-02 12:00:00,49.57,12.09,39.74
2024-04-02 13:00:00,52.88,16.97,37.81
2024-04-02 14:00:00,61.72,23.72,33.06
2024-04-02 15:00:00,66.5,15.1,28.84
2024-04-02 16:00:00,70.76,25.2,18.88
2024-04-02 17:00:00,78.39,11.52,10.11
2024-04-02 18:00:00,76.4,17.03,0.59
2024-04-02 19:00:00,76.93,20.73,0.0
2024-04-02 20:00:00,77.38,27.57,0.0
2024-04-02 21:00:00,82.16,25.21,0.0
2024-04-02 22:00:00,75.2,23.95,0.0
2024-04-02 23:00:00,77.47,13.49,0.0
2024-04-03 00:00:00,70.62,32.03,0.0
2024-04-03 01:00:00,70.61,21.29,0.0
2024-04-03 02:00:00,60.83,32.31,0.0
2024-04-03 03:00:00,58.44,18.91,0.0
2024-04-03 04:00:00,43.97,29.88,0.0
2024-04-03 05:00:00,47.35,29.45,0.0
2024-04-03 06:00:00,41.7,38.39,1.28
2024-04-03 07:00:00,38.9,26.1,10.51
2024-04-03 08:00:00,45.21,27.36,18.6
2024-04-03 09:00:00,38.01,39.87,27.24
2024-04-03 10:00:00,49.64,32.51,34.9
2024-04-03 11:00:00,48.02,41.52,37.73
2024-04-03 12:00:00,49.89,31.94,40.42
2024-04-03 13:00:00,54.21,35.97,37.02
2024-04-03 14:00:00,62.67,31.23,32.79
2024-04-03 15:00:00,63.75,36.14,27.97
2024-04-03 16:00:00,69.86,36.64,20.28
2024-04-03 17:00:00,69.1,42.97,10.67
2024-04-03 18:00:00,78.09,38.16,-1.77
2024-04-03 19:00:00,80.74,32.01,0.0
2024-04-03 20:00:00,80.23,43.2,0.0
2024-04-03 21:00:00,84.17,37.22,0.0
2024-04-03 22:00:00,78.84,35.45,0.0
2024-04-03 23:00:00,72.91,42.8,0.0
2024-04-04 00:00:00,72.89,38.48,0.0
2024-04-04 01:00:00,63.6,42.17,0.0
2024-04-04 02:00:00,63.12,27.73,0.0
2024-04-04 03:00:00,58.09,34.33,0.0
2024-04-04 04:00:00,50.84,22.63,0.0
2024-04-04 05:00:00,41.47,36.83,0.0
2024-04-04 06:00:00,40.38,24.36,0.81
2024-04-04 07:00:00,36.26,34.62,12.26
2024-04-04 08:00:00,39.61,25.56,20.22
2024-04-04 09:00:00,41.75,26.03,29.46
2024-04-04 10:00:00,44.14,36.09,32.95
2024-04-04 11:00:00,48.87,24.37,38.61
2024-04-04 12:00:00,54.23,26.85,39.5
2024-04-04 13:00:00,53.88,29.15,37.71
2024-04-04 14:00:00,58.76,21.18,35.11
2024-04-04 15:00:00,64.77,18.62,28.11
2024-04-04 16:00:00,72.2,25.21,19.91
2024-04-04 17:00:00,76.38,17.47,11.58
2024-04-04 18:00:00,79.31,18.89,-0.17
2024-04-04 19:00:00,77.18,15.74,0.0
2024-04-04 20:00:00,81.89,15.58,0.0
2024-04-04 21:00:00,77.13,20.76,0.0
2024-04-04 22:00:00,78.39,9.71,0.0
2024-04-04 23:00:00,74.46,20.81,0.0
2024-04-05 00:00:00,73.29,11.92,0.0
2024-04-05 01:00:00,61.84,12.3,0.0
2024-04-05 02:00:00,64.03,17.44,0.0
2024-04-05 03:00:00,47.94,17.7,0.0
2024-04-05 04:00:00,43.35,22.85,0.0
2024-04-05 05:00:00,48.39,11.07,0.0
2024-04-05 06:00:00,43.0,10.53,0.66
2024-04-05 07:00:00,42.07,11.79,10.22
2024-04-05 08:00:00,44.58,13.42,17.96
2024-04-05 09:00:00,36.5,9.87,28.1
2024-04-05 10:00:00,50.32,13.04,34.13
2024-04-05 11:00:00,44.0,11.57,39.53
2024-04-05 12:00:00,48.04,18.51,41.87
2024-04-05 13:00:00,55.63,12.01,41.05
2024-04-05 14:00:00,57.56,21.82,33.85
2024-04-05 15:00:00,63.32,13.37,29.47
2024-04-05 16:00:00,64.56,18.72,19.2
2024-04-05 17:00:00,77.72,19.95,11.65
2024-04-05 18:00:00,79.37,20.31,-2.64
2024-04-05 19:00:00,79.43,18.38,0.0
2024-04-05 20:00:00,78.0,25.29,0.0
2024-04-05 21:00:00,82.74,31.72,0.0
2024-04-05 22:00:00,76.74,18.94,0.0
2024-04-05 23:00:00,79.8,22.35,0.0
2024-04-06 00:00:00,68.44,18.06,0.0
2024-04-06 01:00:00,66.44,29.07,0.0
2024-04-06 02:00:00,62.53,28.2,0.0
2024-04-06 03:00:00,56.46,30.88,0.0
2024-04-06 04:00:00,51.54,35.0,0.0
2024-04-06 05:00:00,48.42,31.02,0.0
2024-04-06 06:00:00,41.07,28.11,0.8
2024-04-06 07:00:00,40.24,42.55,9.64
2024-04-06 08:00:00,37.09,36.09,20.66
2024-04-06 09:00:00,43.31,33.9,28.24
2024-04-06 10:00:00,42.09,30.37,31.92
2024-04-06 11:00:00,49.95,35.5,37.82
2024-04-06 12:00:00,57.91,32.87,39.03
2024-04-06 13:00:00,54.07,31.53,36.64
2024-04-06 14:00:00,55.71,35.04,35.18
2024-04-06 15:00:00,58.78,41.45,29.09
2024-04-06 16:00:00,68.91,39.75,20.95
2024-04-06 17:00:00,71.4,37.88,10.63
2024-04-06 18:00:00,74.82,39.04,-1.03
2024-04-06 19:00:00,86.24,36.77,0.0
2024-04-06 20:00:00,80.63,31.55,0.0
2024-04-06 21:00:00,78.54,35.58,0.0
2024-04-06 22:00:00,76.19,33.0,0.0
2024-04-06 23:00:00,74.0,33.06,0.0
2024-04-07 00:00:00,73.72,45.64,0.0
2024-04-07 01:00:00,62.89,33.01,0.0
2024-04-07 02:00:00,61.3,37.11,0.0
2024-04-07 03:00:00,52.53,30.63,0.0
2024-04-07 04:00:00,51.76,24.52,0.0
2024-04-07 05:00:00,52.5,33.39,0.0
2024-04-07 06:00:00,41.77,25.63,-0.15
2024-04-07 07:00:00,46.09,27.9,10.27
2024-04-07 08:00:00,45.27,28.13,21.03
2024-04-07 09:00:00,41.99,26.29,27.95
2024-04-07 10:00:00,42.02,32.56,34.94
2024-04-07 11:00:00,51.79,37.66,36.46
2024-04-07 12:00:00,53.07,22.85,40.02
2024-04-07 13:00:00,49.22,18.48,39.83
2024-04-07 14:00:00,61.96,14.79,34.23
2024-04-07 15:00:00,66.43,17.22,28.77
2024-04-07 16:00:00,72.58,23.35,21.81
2024-04-07 17:00:00,75.44,14.73,9.62
2024-04-07 18:00:00,76.1,19.06,0.07
2024-04-07 19:00:00,78.72,30.58,0.0
2024-04-07 20:00:00,81.71,12.41,0.0
2024-04-07 21:00:00,75.72,7.82,0.0
2024-04-07 22:00:00,74.29,18.7,0.0
2024-04-07 23:00:00,73.29,11.71,0.0
2024-04-08 00:00:00,71.77,17.35,0.0
2024-04-08 01:00:00,66.29,14.06,0.0
2024-04-08 02:00:00,59.89,7.13,0.0
2024-04-08 03:00:00,49.29,9.38,0.0
2024-04-08 04:00:00,47.63,9.09,0.0
2024-04-08 05:00:00,45.34,10.68,0.0
2024-04-08 06:00:00,38.77,14.68,-0.1
2024-04-08 07:00:00,39.2,14.62,11.17
2024-04-08 08:00:00,41.17,15.25,19.63
2024-04-08 09:00:00,42.73,18.75,26.36
2024-04-08 10:00:00,41.15,2.19,35.29
2024-04-08 11:00:00,44.56,13.38,36.94
2024-04-08 12:00:00,50.54,14.71,40.41
2024-04-08 13:00:00,51.07,8.44,39.94
2024-04-08 14:00:00,58.99,12.79,33.86
2024-04-08 15:00:00,60.97,20.25,29.37
2024-04-08 16:00:00,70.21,12.49,19.86
2024-04-08 17:00:00,73.81,18.55,9.44
2024-04-08 18:00:00,78.5,20.99,-0.25
2024-04-08 19:00:00,81.07,23.95,0.0
2024-04-08 20:00:00,85.92,13.76,0.0
2024-04-08 21:00:00,75.62,15.81,0.0
2024-04-08 22:00:00,76.73,14.94,0.0
2024-04-08 23:00:00,72.55,28.14,0.0
2024-04-09 00:00:00,72.19,33.2,0.0
2024-04-09 01:00:00,67.74,31.11,0.0
2024-04-09 02:00:00,58.41,25.29,0.0
2024-04-09 03:00:00,57.46,32.4,0.0
2024-04-09 04:00:00,44.25,22.16,0.0
2024-04-09 05:00:00,42.92,25.77,0.0
2024-04-09 06:00:00,46.63,32.65,1.81
2024-04-09 07:00:00,41.7,34.13,12.29
2024-04-09 08:00:00,41.68,34.59,20.37
2024-04-09 09:00:00,44.73,33.91,29.01
2024-04-09 10:00:00,41.5,25.88,34.9
2024-04-09 11:00:00,47.24,36.43,38.76
2024-04-09 12:00:00,46.53,36.31,40.47
2024-04-09 13:00:00,54.8,31.73,39.01
2024-04-09 14:00:00,55.63,25.27,35.1
2024-04-09 15:00:00,66.96,38.45,30.35
2024-04-09 16:00:00,72.56,42.04,21.63
2024-04-09 17:00:00,80.97,35.25,9.48
2024-04-09 18:00:00,78.77,36.97,-1.61
2024-04-09 19:00:00,79.52,43.44,0.0
2024-04-09 20:00:00,83.2,40.65,0.0
2024-04-09 21:00:00,81.41,36.9,0.0
2024-04-09 22:00:00,78.2,40.07,0.0
2024-04-09 23:00:00,77.18,32.28,0.0
2024-04-10 00:00:00,71.35,35.02,0.0
2024-04-10 01:00:00,65.97,40.6,0.0
2024-04-10 02:00:00,59.25,29.58,0.0
2024-04-10 03:00:00,52.09,30.62,0.0
2024-04-10 04:00:00,51.83,31.88,0.0
2024-04-10 05:00:00,44.06,35.75,0.0
2024-04-10 06:00:00,43.16,41.97,0.7
2024-04-10 07:00:00,46.33,31.77,10.7
2024-04-10 08:00:00,43.34,27.31,21.28
2024-04-10 09:00:00,37.01,29.23,29.15
2024-04-10 10:00:00,44.51,23.59,35.18
2024-04-10 11:00:00,44.33,25.24,39.71
2024-04-10 12:00:00,47.66,26.99,39.72
2024-04-10 13:00:00,53.29,28.02,40.37
2024-04-10 14:00:00,55.53,30.76,34.87
2024-04-10 15:00:00,75.07,22.02,27.81
2024-04-10 16:00:00,65.93,23.29,20.56
2024-04-10 17:00:00,74.99,23.83,9.27
2024-04-10 18:00:00,82.81,20.81,1.36
2024-04-10 19:00:00,79.17,22.61,0.0
2024-04-10 20:00:00,79.58,4.64,0.0
2024-04-10 21:00:00,74.16,23.36,0.0
2024-04-10 22:00:00,81.31,15.18,0.0
2024-04-10 23:00:00,71.75,13.67,0.0
2024-04-11 00:00:00,66.14,13.34,0.0
2024-04-11 01:00:00,70.42,11.0,0.0
2024-04-11 02:00:00,57.62,7.0,0.0
2024-04-11 03:00:00,55.44,8.66,0.0
2024-04-11 04:00:00,51.95,11.64,0.0
2024-04-11 05:00:00,50.9,16.0,0.0
2024-04-11 06:00:00,44.11,13.12,-1.41
2024-04-11 07:00:00,41.59,14.82,10.7
2024-04-11 08:00:00,40.37,1.15,18.83
2024-04-11 09:00:00,37.33,17.41,29.3
2024-04-11 10:00:00,46.11,14.86,34.97
2024-04-11 11:00:00,45.91,15.02,36.93
2024-04-11 12:00:00,48.06,9.67,39.39
2024-04-11 13:00:00,54.62,19.17,39.55
2024-04-11 14:00:00,57.09,15.44,34.88
2024-04-11 15:00:00,59.14,13.28,29.22
2024-04-11 16:00:00,71.74,21.18,19.21
2024-04-11 17:00:00,77.89,20.83,10.61
2024-04-11 18:00:00,75.36,13.41,-0.32
2024-04-11 19:00:00,82.48,25.86,0.0
2024-04-11 20:00:00,78.56,21.09,0.0
2024-04-11 21:00:00,77.32,15.35,0.0
2024-04-11 22:00:00,75.78,16.93,0.0
2024-04-11 23:00:00,68.32,25.43,0.0
2024-04-12 00:00:00,67.01,24.79,0.0
2024-04-12 01:00:00,57.2,26.49,0.0
2024-04-12 02:00:00,57.92,23.96,0.0
2024-04-12 03:00:00,57.44,27.49,0.0
2024-04-12 04:00:00,50.9,29.37,0.0
2024-04-12 05:00:00,47.3,26.11,0.0
2024-04-12 06:00:00,42.64,34.54,-0.23
2024-04-12 07:00:00,38.95,34.52,11.11
2024-04-12 08:00:00,38.26,30.72,20.73
2024-04-12 09:00:00,38.76,28.11,27.48
2024-04-12 10:00:00,43.61,32.66,34.44
2024-04-12 11:00:00,48.42,35.38,39.52
2024-04-12 12:00:00,44.19,25.6,40.49
2024-04-12 13:00:00,52.15,43.55,38.48
2024-04-12 14:00:00,52.55,32.7,33.11
2024-04-12 15:00:00,67.25,32.59,26.65
2024-04-12 16:00:00,73.64,33.78,20.88
2024-04-12 17:00:00,77.18,32.42,10.44
2024-04-12 18:00:00,75.18,31.61,-0.63
2024-04-12 19:00:00,80.7,42.0,0.0
2024-04-12 20:00:00,75.68,40.15,0.0
2024-04-12 21:00:00,76.19,36.23,0.0
2024-04-12 22:00:00,78.23,41.35,0.0
2024-04-12 23:00:00,74.07,37.12,0.0
2024-04-13 00:00:00,74.89,43.47,0.0
2024-04-13 01:00:00,68.34,38.58,0.0
2024-04-13 02:00:00,61.52,42.39,0.0
2024-04-13 03:00:00,57.04,30.1,0.0
2024-04-13 04:00:00,50.32,34.77,0.0
2024-04-13 05:00:00,41.68,28.99,0.0
2024-04-13 06:00:00,47.81,33.55,-1.14
2024-04-13 07:00:00,41.62,26.19,11.32
2024-04-13 08:00:00,37.67,25.96,20.05
2024-04-13 09:00:00,45.33,32.37,28.47
2024-04-13 10:00:00,39.69,39.53,35.23
2024-04-13 11:00:00,45.69,31.74,37.52
2024-04-13 12:00:00,48.58,19.36,38.71
2024-04-13 13:00:00,51.28,19.7,39.16
2024-04-13 14:00:00,57.39,25.05,34.27
2024-04-13 15:00:00,67.85,20.23,29.52
2024-04-13 16:00:00,73.05,29.45,19.21
2024-04-13 17:00:00,76.0,11.99,10.62
2024-04-13 18:00:00,80.24,15.94,-0.47
2024-04-13 19:00:00,76.86,15.09,0.0
2024-04-13 20:00:00,81.48,19.42,0.0
2024-04-13 21:00:00,79.47,25.88,0.0
2024-04-13 22:00:00,73.57,17.24,0.0
2024-04-13 23:00:00,70.16,17.99,0.0
2024-04-14 00:00:00,71.72,15.29,0.0
2024-04-14 01:00:00,66.69,17.05,0.0
2024-04-14 02:00:00,61.45,6.8,0.0
2024-04-14 03:00:00,57.46,22.15,0.0
2024-04-14 04:00:00,53.37,11.88,0.0
2024-04-14 05:00:00,51.76,14.28,0.0
2024-04-14 06:00:00,46.2,20.21,0.68
2024-04-14 07:00:00,35.9,15.67,9.56
2024-04-14 08:00:00,39.28,20.7,19.64
2024-04-14 09:00:00,39.0,15.29,28.59
2024-04-14 10:00:00,42.0,4.42,32.33
2024-04-14 11:00:00,45.08,10.52,40.84
2024-04-14 12:00:00,49.93,14.8,42.08
2024-04-14 13:00:00,56.35,10.98,38.95
2024-04-14 14:00:00,57.43,15.77,34.14
2024-04-14 15:00:00,62.98,17.82,27.79
2024-04-14 16:00:00,73.6,13.73,22.36
2024-04-14 17:00:00,75.0,15.02,9.37
2024-04-14 18:00:00,72.16,16.87,1.73
2024-04-14 19:00:00,82.2,14.66,0.0
2024-04-14 20:00:00,72.97,29.44,0.0
2024-04-14 21:00:00,74.47,16.73,0.0
2024-04-14 22:00:00,80.93,23.36,0.0
2024-04-14 23:00:00,73.58,30.63,0.0
2024-04-15 00:00:00,69.15,29.0,0.0
2024-04-15 01:00:00,61.47,33.18,0.0
2024-04-15 02:00:00,58.33,27.98,0.0
2024-04-15 03:00:00,52.67,24.04,0.0
2024-04-15 04:00:00,49.16,33.69,0.0
2024-04-15 05:00:00,45.12,31.04,0.0
2024-04-15 06:00:00,41.26,23.67,1.32
2024-04-15 07:00:00,35.65,21.08,11.77
2024-04-15 08:00:00,45.16,34.89,19.98
2024-04-15 09:00:00,41.65,36.07,27.63
2024-04-15 10:00:00,48.79,30.63,35.86
2024-04-15 11:00:00,49.58,33.74,37.46
2024-04-15 12:00:00,50.44,28.47,41.24
2024-04-15 13:00:00,57.98,27.68,38.22
2024-04-15 14:00:00,62.99,26.26,34.22
2024-04-15 15:00:00,67.57,34.7,26.6
2024-04-15 16:00:00,66.62,42.26,19.19
2024-04-15 17:00:00,76.05,35.83,8.84
2024-04-15 18:00:00,77.53,39.3,1.36
2024-04-15 19:00:00,75.69,30.5,0.0
2024-04-15 20:00:00,81.99,40.64,0.0
2024-04-15 21:00:00,77.52,33.46,0.0
2024-04-15 22:00:00,78.85,37.72,0.0
2024-04-15 23:00:00,66.25,34.52,0.0
2024-04-16 00:00:00,72.47,27.97,0.0
2024-04-16 01:00:00,67.79,28.59,0.0
2024-04-16 02:00:00,60.7,29.96,0.0
2024-04-16 03:00:00,49.98,34.59,0.0
2024-04-16 04:00:00,49.69,40.32,0.0
2024-04-16 05:00:00,48.35,23.94,0.0
2024-04-16 06:00:00,43.66,35.24,0.98
2024-04-16 07:00:00,46.26,26.54,12.31
2024-04-16 08:00:00,41.16,35.49,22.4
2024-04-16 09:00:00,38.67,20.32,26.76
2024-04-16 10:00:00,44.65,26.17,34.53
2024-04-16 11:00:00,44.12,29.13,37.78
2024-04-16 12:00:00,49.92,16.81,40.43
2024-04-16 13:00:00,60.19,29.31,39.82
2024-04-16 14:00:00,53.81,15.75,35.53
2024-04-16 15:00:00,66.46,27.25,29.45
2024-04-16 16:00:00,72.18,21.72,21.85
2024-04-16 17:00:00,71.72,20.03,9.82
2024-04-16 18:00:00,79.84,23.08,-1.06
2024-04-16 19:00:00,79.24,15.82,0.0
2024-04-16 20:00:00,77.2,14.93,0.0
2024-04-16 21:00:00,80.23,15.54,0.0
2024-04-16 22:00:00,79.58,7.75,0.0
2024-04-16 23:00:00,69.73,9.99,0.0
2024-04-17 00:00:00,73.33,13.91,0.0
2024-04-17 01:00:00,65.29,17.08,0.0
2024-04-17 02:00:00,61.97,11.05,0.0
2024-04-17 03:00:00,50.54,11.62,0.0
2024-04-17 04:00:00,45.41,12.85,0.0
2024-04-17 05:00:00,43.56,14.48,0.0
2024-04-17 06:00:00,43.27,16.17,-0.36
2024-04-17 07:00:00,49.19,25.18,8.51
2024-04-17 08:00:00,37.08,8.38,18.65
2024-04-17 09:00:00,42.88,10.31,28.5
2024-04-17 10:00:00,40.94,16.68,33.88
2024-04-17 11:00:00,49.62,10.73,38.38
2024-04-17 12:00:00,48.87,14.34,37.69
2024-04-17 13:00:00,55.97,12.65,38.27
2024-04-17 14:00:00,63.36,17.75,34.95
2024-04-17 15:00:00,66.69,23.08,28.43
2024-04-17 16:00:00,65.89,5.87,19.97
2024-04-17 17:00:00,72.88,11.69,12.36
2024-04-17 18:00:00,74.01,23.32,-0.07
2024-04-17 19:00:00,81.36,17.21,0.0
2024-04-17 20:00:00,85.09,20.61,0.0
2024-04-17 21:00:00,82.73,29.86,0.0
2024-04-17 22:00:00,74.37,15.44,0.0
2024-04-17 23:00:00,75.75,24.89,0.0
2024-04-18 00:00:00,70.1,26.34,0.0
2024-04-18 01:00:00,64.88,33.85,0.0
2024-04-18 02:00:00,50.97,33.44,0.0
2024-04-18 03:00:00,55.6,27.47,0.0
2024-04-18 04:00:00,47.08,35.27,0.0
2024-04-18 05:00:00,42.38,30.61,0.0
2024-04-18 06:00:00,46.09,32.58,-1.66
2024-04-18 07:00:00,41.61,29.56,10.78
2024-04-18 08:00:00,41.76,31.21,21.04
2024-04-18 09:00:00,46.93,30.09,27.15
2024-04-18 10:00:00,46.29,29.51,34.42
2024-04-18 11:00:00,44.52,38.8,40.15
2024-04-18 12:00:00,47.22,42.85,38.13
2024-04-18 13:00:00,55.56,31.34,38.21
2024-04-18 14:00:00,53.78,37.78,33.32
2024-04-18 15:00:00,63.7,41.19,29.93
2024-04-18 16:00:00,68.22,43.27,19.07
2024-04-18 17:00:00,73.02,37.44,13.0
2024-04-18 18:00:00,73.23,33.32,-2.04
2024-04-18 19:00:00,83.65,35.72,0.0
2024-04-18 20:00:00,72.5,33.69,0.0
2024-04-18 21:00:00,78.45,43.44,0.0
2024-04-18 22:00:00,78.62,35.53,0.0
2024-04-18 23:00:00,75.05,47.0,0.0
2024-04-19 00:00:00,73.18,31.69,0.0
2024-04-19 01:00:00,67.23,40.49,0.0
2024-04-19 02:00:00,66.99,35.63,0.0
2024-04-19 03:00:00,53.85,35.27,0.0
2024-04-19 04:00:00,48.57,33.47,0.0
2024-04-19 05:00:00,43.44,32.0,0.0
2024-04-19 06:00:00,38.31,34.99,0.84
2024-04-19 07:00:00,35.73,27.27,11.1
2024-04-19 08:00:00,44.24,34.54,21.0
2024-04-19 09:00:00,42.45,17.72,27.24
2024-04-19 10:00:00,43.09,28.03,33.37
2024-04-19 11:00:00,41.39,28.63,39.42
2024-04-19 12:00:00,46.16,27.12,39.04
2024-04-19 13:00:00,57.48,20.48,38.87
2024-04-19 14:00:00,60.49,20.24,34.41
2024-04-19 15:00:00,60.95,17.8,28.33
2024-04-19 16:00:00,69.62,25.08,17.99
2024-04-19 17:00:00,72.46,27.43,10.43
2024-04-19 18:00:00,81.98,13.89,0.66
2024-04-19 19:00:00,79.05,19.62,0.0
2024-04-19 20:00:00,80.81,17.99,0.0
2024-04-19 21:00:00,81.78,19.81,0.0
2024-04-19 22:00:00,80.98,19.92,0.0
2024-04-19 23:00:00,72.06,13.58,0.0
2024-04-20 00:00:00,69.96,16.67,0.0
2024-04-20 01:00:00,63.7,14.07,0.0
2024-04-20 02:00:00,59.0,11.05,0.0
2024-04-20 03:00:00,56.06,17.96,0.0
2024-04-20 04:00:00,55.32,18.3,0.0
2024-04-20 05:00:00,44.68,19.4,0.0
2024-04-20 06:00:00,38.39,10.2,0.42
2024-04-20 07:00:00,39.03,10.94,12.33
2024-04-20 08:00:00,40.74,13.06,20.59
2024-04-20 09:00:00,36.6,11.7,28.61
2024-04-20 10:00:00,42.36,16.0,34.62
2024-04-20 11:00:00,47.09,15.22,37.12
2024-04-20 12:00:00,55.29,9.98,38.09
2024-04-20 13:00:00,52.75,6.02,36.65
2024-04-20 14:00:00,57.12,13.97,35.79
2024-04-20 15:00:00,62.38,18.96,28.12
2024-04-20 16:00:00,71.46,30.49,20.04
2024-04-20 17:00:00,74.94,15.46,10.79
2024-04-20 18:00:00,74.74,12.55,-1.16
2024-04-20 19:00:00,80.97,20.74,0.0
2024-04-20 20:00:00,78.11,19.14,0.0
2024-04-20 21:00:00,82.5,20.86,0.0
2024-04-20 22:00:00,77.42,24.36,0.0
2024-04-20 23:00:00,75.63,20.17,0.0
2024-04-21 00:00:00,62.61,15.25,0.0
2024-04-21 01:00:00,66.24,23.16,0.0
2024-04-21 02:00:00,58.97,18.5,0.0
2024-04-21 03:00:00,52.42,28.7,0.0
2024-04-21 04:00:00,50.12,23.71,0.0
2024-04-21 05:00:00,42.39,39.71,0.0
2024-04-21 06:00:00,41.93,24.29,-0.11
2024-04-21 07:00:00,38.34,26.13,10.08
2024-04-21 08:00:00,40.27,28.99,18.84
2024-04-21 09:00:00,38.29,25.59,26.62
2024-04-21 10:00:00,43.04,33.27,33.61
2024-04-21 11:00:00,45.42,38.89,38.97
2024-04-21 12:00:00,48.06,36.37,38.85
2024-04-21 13:00:00,57.39,35.54,38.29
2024-04-21 14:00:00,59.42,39.45,34.49
2024-04-21 15:00:00,63.96,38.66,28.89
2024-04-21 16:00:00,76.45,42.57,19.28
2024-04-21 17:00:00,76.55,39.78,9.13
2024-04-21 18:00:00,79.16,24.69,-0.61
2024-04-21 19:00:00,81.56,30.47,0.0
2024-04-21 20:00:00,79.48,27.94,0.0
2024-04-21 21:00:00,81.1,27.41,0.0
2024-04-21 22:00:00,75.56,33.45,0.0
2024-04-21 23:00:00,74.12,28.46,0.0
2024-04-22 00:00:00,71.38,37.81,0.0
2024-04-22 01:00:00,64.09,33.41,0.0
2024-04-22 02:00:00,51.74,42.22,0.0
2024-04-22 03:00:00,54.14,36.72,0.0
2024-04-22 04:00:00,50.55,32.99,0.0
2024-04-22 05:00:00,47.92,28.69,0.0
2024-04-22 06:00:00,45.74,32.0,1.58
2024-04-22 07:00:00,40.21,32.14,11.33
2024-04-22 08:00:00,38.88,29.73,19.66
2024-04-22 09:00:00,42.97,32.06,27.78
2024-04-22 10:00:00,48.57,26.77,35.23
2024-04-22 11:00:00,47.57,20.45,38.19
2024-04-22 12:00:00,47.72,29.81,38.63
2024-04-22 13:00:00,53.39,26.51,36.79
2024-04-22 14:00:00,61.09,16.21,34.94
2024-04-22 15:00:00,61.82,18.87,30.05
2024-04-22 16:00:00,71.37,13.97,20.12
2024-04-22 17:00:00,69.72,18.38,10.85
2024-04-22 18:00:00,76.47,10.89,1.04
2024-04-22 19:00:00,79.14,23.97,0.0
2024-04-22 20:00:00,82.53,15.91,0.0
2024-04-22 21:00:00,80.73,19.64,0.0
2024-04-22 22:00:00,74.69,8.42,0.0
2024-04-22 23:00:00,76.74,15.44,0.0
2024-04-23 00:00:00,75.46,11.39,0.0
2024-04-23 01:00:00,68.16,18.28,0.0
2024-04-23 02:00:00,61.48,13.87,0.0
2024-04-23 03:00:00,51.99,11.95,0.0
2024-04-23 04:00:00,48.52,13.3,0.0
2024-04-23 05:00:00,42.72,14.27,0.0
2024-04-23 06:00:00,48.03,15.66,-0.88
2024-04-23 07:00:00,35.01,14.36,10.85
2024-04-23 08:00:00,37.27,13.7,20.55
2024-04-23 09:00:00,46.11,15.38,28.4
2024-04-23 10:00:00,42.24,26.73,33.52
2024-04-23 11:00:00,46.41,14.55,38.94
2024-04-23 12:00:00,45.6,6.23,38.64
2024-04-23 13:00:00,58.79,13.49,39.14
2024-04-23 14:00:00,55.71,15.29,33.81
2024-04-23 15:00:00,61.47,12.49,29.16
2024-04-23 16:00:00,69.16,6.34,19.9
2024-04-23 17:00:00,76.57,7.04,10.39
2024-04-23 18:00:00,76.15,13.83,-0.33
2024-04-23 19:00:00,80.37,25.95,0.0
2024-04-23 20:00:00,81.04,13.84,0.0
2024-04-23 21:00:00,77.29,12.0,0.0
2024-04-23 22:00:00,77.92,17.93,0.0
2024-04-23 23:00:00,74.97,27.96,0.0
2024-04-24 00:00:00,72.63,26.04,0.0
2024-04-24 01:00:00,64.41,17.94,0.0
2024-04-24 02:00:00,66.54,38.13,0.0
2024-04-24 03:00:00,54.54,30.26,0.0
2024-04-24 04:00:00,46.55,27.16,0.0
2024-04-24 05:00:00,45.94,27.12,0.0
2024-04-24 06:00:00,47.95,27.89,0.31
2024-04-24 07:00:00,39.46,23.92,10.6
2024-04-24 08:00:00,41.45,37.21,19.96
2024-04-24 09:00:00,41.75,30.14,27.63
2024-04-24 10:00:00,46.84,37.17,35.07
2024-04-24 11:00:00,47.64,29.36,38.55
2024-04-24 12:00:00,55.4,41.83,39.81
2024-04-24 13:00:00,54.56,31.54,39.74
2024-04-24 14:00:00,56.05,33.86,34.36
2024-04-24 15:00:00,67.16,28.86,28.63
2024-04-24 16:00:00,67.78,33.07,18.6
2024-04-24 17:00:00,73.86,42.79,9.73
2024-04-24 18:00:00,78.58,43.44,-0.85
2024-04-24 19:00:00,82.05,37.93,0.0
2024-04-24 20:00:00,78.91,46.5,0.0
2024-04-24 21:00:00,81.71,31.22,0.0
2024-04-24 22:00:00,77.81,32.11,0.0
2024-04-24 23:00:00,76.83,30.73,0.0
2024-04-25 00:00:00,68.09,32.3,0.0
2024-04-25 01:00:00,66.62,29.58,0.0
2024-04-25 02:00:00,60.02,23.44,0.0
2024-04-25 03:00:00,57.37,20.06,0.0
2024-04-25 04:00:00,50.53,33.96,0.0
2024-04-25 05:00:00,44.36,37.38,0.0
2024-04-25 06:00:00,46.07,36.67,1.07
2024-04-25 07:00:00,41.66,31.39,9.97
2024-04-25 08:00:00,43.3,17.1,19.95
2024-04-25 09:00:00,35.65,23.99,30.09
2024-04-25 10:00:00,40.85,31.57,35.59
2024-04-25 11:00:00,47.53,15.43,38.78
2024-04-25 12:00:00,56.66,30.45,39.62
2024-04-25 13:00:00,55.25,22.62,38.1
2024-04-25 14:00:00,59.49,16.45,36.29
2024-04-25 15:00:00,66.37,19.35,30.09
2024-04-25 16:00:00,70.11,29.12,18.83
2024-04-25 17:00:00,70.74,10.1,11.0
2024-04-25 18:00:00,74.73,13.43,0.22
2024-04-25 19:00:00,78.55,11.42,0.0
2024-04-25 20:00:00,80.27,11.38,0.0
2024-04-25 21:00:00,76.14,17.84,0.0
2024-04-25 22:00:00,71.61,18.96,0.0
2024-04-25 23:00:00,71.69,23.16,0.0
2024-04-26 00:00:00,68.42,10.2,0.0
2024-04-26 01:00:00,65.5,19.11,0.0
2024-04-26 02:00:00,52.69,10.52,0.0
2024-04-26 03:00:00,58.6,8.21,0.0
2024-04-26 04:00:00,46.34,5.23,0.0
2024-04-26 05:00:00,44.82,6.77,0.0
2024-04-26 06:00:00,44.02,10.62,-1.5
2024-04-26 07:00:00,40.1,11.85,9.74
2024-04-26 08:00:00,37.11,19.33,19.11
2024-04-26 09:00:00,41.95,18.68,28.71
2024-04-26 10:00:00,43.89,16.62,34.34
2024-04-26 11:00:00,45.12,15.17,40.38
2024-04-26 12:00:00,50.14,18.73,41.56
2024-04-26 13:00:00,52.71,8.77,39.12
2024-04-26 14:00:00,59.26,16.51,34.82
2024-04-26 15:00:00,64.68,18.51,27.33
2024-04-26 16:00:00,71.67,17.18,19.33
2024-04-26 17:00:00,75.62,19.89,10.85
2024-04-26 18:00:00,78.74,22.62,0.6
2024-04-26 19:00:00,80.69,17.39,0.0
2024-04-26 20:00:00,81.0,17.56,0.0
2024-04-26 21:00:00,77.57,23.61,0.0
2024-04-26 22:00:00,77.5,19.53,0.0
2024-04-26 23:00:00,75.82,20.18,0.0
2024-04-27 00:00:00,71.38,18.35,0.0
2024-04-27 01:00:00,69.14,28.48,0.0
2024-04-27 02:00:00,61.39,27.17,0.0
2024-04-27 03:00:00,50.84,19.76,0.0
2024-04-27 04:00:00,50.22,27.25,0.0
2024-04-27 05:00:00,46.84,35.26,0.0
2024-04-27 06:00:00,43.93,34.17,-0.96
2024-04-27 07:00:00,38.85,34.87,10.75
2024-04-27 08:00:00,38.44,31.01,21.46
2024-04-27 09:00:00,40.77,34.42,29.56
2024-04-27 10:00:00,40.18,35.35,34.29
2024-04-27 11:00:00,44.53,39.57,38.13
2024-04-27 12:00:00,49.42,34.59,41.74
2024-04-27 13:00:00,51.76,40.53,38.39
2024-04-27 14:00:00,58.26,36.31,35.76
2024-04-27 15:00:00,66.36,36.75,27.56
2024-04-27 16:00:00,69.98,34.49,21.05
2024-04-27 17:00:00,69.45,33.56,9.25
2024-04-27 18:00:00,79.23,32.1,-0.89
2024-04-27 19:00:00,78.41,36.86,0.0
2024-04-27 20:00:00,79.74,30.4,0.0
2024-04-27 21:00:00,78.38,41.35,0.0
2024-04-27 22:00:00,78.5,38.19,0.0
2024-04-27 23:00:00,71.86,34.47,0.0
2024-04-28 00:00:00,66.25,38.24,0.0
2024-04-28 01:00:00,67.71,33.67,0.0
2024-04-28 02:00:00,58.86,30.02,0.0
2024-04-28 03:00:00,54.47,41.82,0.0
2024-04-28 04:00:00,47.84,33.81,0.0
2024-04-28 05:00:00,48.59,31.4,0.0
2024-04-28 06:00:00,38.75,38.63,0.34
2024-04-28 07:00:00,41.14,29.82,10.31
2024-04-28 08:00:00,33.61,26.69,20.32
2024-04-28 09:00:00,37.94,23.34,29.52
2024-04-28 10:00:00,42.97,28.76,33.4
2024-04-28 11:00:00,41.63,26.63,38.86
2024-04-28 12:00:00,52.21,22.81,38.7
2024-04-28 13:00:00,52.35,15.3,39.36
2024-04-28 14:00:00,58.82,23.79,35.13
2024-04-28 15:00:00,60.57,22.19,29.4
2024-04-28 16:00:00,73.0,21.07,19.58
2024-04-28 17:00:00,74.73,30.99,9.91
2024-04-28 18:00:00,76.5,15.78,0.34
2024-04-28 19:00:00,77.65,17.38,0.0
2024-04-28 20:00:00,77.85,12.54,0.0
2024-04-28 21:00:00,79.43,14.43,0.0
2024-04-28 22:00:00,83.7,14.89,0.0
2024-04-28 23:00:00,72.16,18.25,0.0
2024-04-29 00:00:00,75.25,6.59,0.0
2024-04-29 01:00:00,68.86,8.83,0.0
2024-04-29 02:00:00,58.53,6.77,0.0
2024-04-29 03:00:00,53.42,6.47,0.0
2024-04-29 04:00:00,48.18,11.5,0.0
2024-04-29 05:00:00,45.42,14.32,0.0
2024-04-29 06:00:00,43.47,19.48,-0.08
2024-04-29 07:00:00,41.19,13.7,11.56
2024-04-29 08:00:00,38.08,0.0,18.64
2024-04-29 09:00:00,39.38,13.29,27.13
2024-04-29 10:00:00,46.52,17.09,32.38
2024-04-29 11:00:00,41.31,25.32,36.78
2024-04-29 12:00:00,52.27,21.31,37.03
2024-04-29 13:00:00,54.14,10.54,40.13
2024-04-29 14:00:00,60.59,5.45,34.76
2024-04-29 15:00:00,65.56,11.73,29.08
2024-04-29 16:00:00,71.58,17.39,20.66
2024-04-29 17:00:00,77.54,26.19,10.99
2024-04-29 18:00:00,78.1,18.28,1.04
2024-04-29 19:00:00,81.35,21.64,0.0
2024-04-29 20:00:00,81.32,24.6,0.0
2024-04-29 21:00:00,78.37,20.29,0.0
2024-04-29 22:00:00,71.91,24.06,0.0
2024-04-29 23:00:00,70.62,20.1,0.0
