actual,bias_offset,prediction_corrected,prediction_original,timestamp
3001.370949,-10.651650141393448,3072.6516248586067,3083.303275,2020-11-01 00:00:00
2886.210674,-10.651650141393448,2933.1377288586064,2943.789379,2020-11-01 01:00:00
2773.666395,-10.651650141393448,2937.6213648586067,2948.273015,2020-11-01 02:00:00
2743.01687,-10.651650141393448,2971.9497728586066,2982.601423,2020-11-01 03:00:00
2760.045851,-10.651650141393448,3112.8508808586066,3123.502531,2020-11-01 04:00:00
2794.019102,-10.651650141393448,3110.7271338586065,3121.378784,2020-11-01 05:00:00
2815.88747,-10.651650141393448,3163.2145818586064,3173.866232,2020-11-01 06:00:00
2881.007964,-10.651650141393448,3044.6434678586065,3055.295118,2020-11-01 07:00:00
3050.977401,-10.651650141393448,3214.0890548586067,3224.740705,2020-11-01 08:00:00
3232.402451,-10.651650141393448,3508.8628238586066,3519.514474,2020-11-01 09:00:00
3358.524863,-10.651650141393448,3682.2591048586064,3692.910755,2020-11-01 10:00:00
3430.750411,-10.651650141393448,3822.6155458586063,3833.267196,2020-11-01 11:00:00
3490.077678,-10.651650141393448,4018.6682018586066,4029.319852,2020-11-01 12:00:00
3519.469365,-10.651650141393448,3860.1584358586065,3870.810086,2020-11-01 13:00:00
3551.547294,-10.651650141393448,3907.8251328586066,3918.476783,2020-11-01 14:00:00
3571.737905,-10.651650141393448,3909.5884838586067,3920.240134,2020-11-01 15:00:00
3626.107869,-10.651650141393448,3893.5760958586065,3904.227746,2020-11-01 16:00:00
3908.491313,-10.651650141393448,4182.954617858606,4193.606268,2020-11-01 17:00:00
4059.011492,-10.651650141393448,4230.058861858606,4240.710512,2020-11-01 18:00:00
3959.390179,-10.651650141393448,3956.2649168586067,3966.916567,2020-11-01 19:00:00
3825.039285,-10.651650141393448,3723.8411908586068,3734.492841,2020-11-01 20:00:00
3617.502474,-10.651650141393448,3630.2905568586066,3640.942207,2020-11-01 21:00:00
3382.962556,-10.651650141393448,3311.2739008586063,3321.925551,2020-11-01 22:00:00
3143.111248,-10.651650141393448,3091.7865678586063,3102.438218,2020-11-01 23:00:00
2958.214764,-10.651650141393448,3030.6344608586064,3041.286111,2020-11-02 00:00:00
2907.008448,-10.651650141393448,2931.3122888586067,2941.963939,2020-11-02 01:00:00
2870.90793,-10.651650141393448,2931.2108738586066,2941.862524,2020-11-02 02:00:00
2883.221943,-10.651650141393448,2947.7532318586063,2958.404882,2020-11-02 03:00:00
2992.112532,-10.651650141393448,3057.1159008586064,3067.767551,2020-11-02 04:00:00
3215.427716,-10.651650141393448,3162.3636278586064,3173.015278,2020-11-02 05:00:00
3405.134923,-10.651650141393448,3382.7858808586066,3393.437531,2020-11-02 06:00:00
3586.816906,-10.651650141393448,3429.9120488586063,3440.563699,2020-11-02 07:00:00
3728.692509,-10.651650141393448,3351.7165728586065,3362.368223,2020-11-02 08:00:00
3857.130557,-10.651650141393448,3087.7090258586063,3098.360676,2020-11-02 09:00:00
3944.165726,-10.651650141393448,3492.1261118586067,3502.777762,2020-11-02 10:00:00
4020.463583,-10.651650141393448,3430.1113448586066,3440.762995,2020-11-02 11:00:00
4061.424787,-10.651650141393448,3587.3690228586065,3598.020673,2020-11-02 12:00:00
4100.80399,-10.651650141393448,3586.5636298586064,3597.21528,2020-11-02 13:00:00
4122.624811,-10.651650141393448,3895.1371568586064,3905.788807,2020-11-02 14:00:00
4089.986452,-10.651650141393448,3775.6695298586064,3786.32118,2020-11-02 15:00:00
4131.419931,-10.651650141393448,3794.5365688586066,3805.188219,2020-11-02 16:00:00
4403.731077,-10.651650141393448,3945.6628498586065,3956.3145,2020-11-02 17:00:00
4346.078242,-10.651650141393448,4029.9896508586066,4040.641301,2020-11-02 18:00:00
4216.3686,-10.651650141393448,3915.0558798586067,3925.70753,2020-11-02 19:00:00
4047.873557,-10.651650141393448,3834.3330378586065,3844.984688,2020-11-02 20:00:00
3784.630846,-10.651650141393448,3596.2236488586063,3606.875299,2020-11-02 21:00:00
3469.071141,-10.651650141393448,3391.3901728586065,3402.041823,2020-11-02 22:00:00
3222.597427,-10.651650141393448,3214.8353478586064,3225.486998,2020-11-02 23:00:00
3051.224637,-10.651650141393448,2999.9212448586063,3010.572895,2020-11-03 00:00:00
2978.305247,-10.651650141393448,2937.8781298586064,2948.52978,2020-11-03 01:00:00
2928.754047,-10.651650141393448,2941.7167678586065,2952.368418,2020-11-03 02:00:00
2923.060033,-10.651650141393448,2909.3828368586064,2920.034487,2020-11-03 03:00:00
3018.81137,-10.651650141393448,3087.7940088586065,3098.445659,2020-11-03 04:00:00
3243.600917,-10.651650141393448,3217.5203538586065,3228.172004,2020-11-03 05:00:00
3454.649483,-10.651650141393448,3335.7147598586066,3346.36641,2020-11-03 06:00:00
3599.961842,-10.651650141393448,3514.8849818586064,3525.536632,2020-11-03 07:00:00
3749.415351,-10.651650141393448,3732.0704418586065,3742.722092,2020-11-03 08:00:00
3869.849151,-10.651650141393448,3927.7736038586067,3938.425254,2020-11-03 09:00:00
3945.765039,-10.651650141393448,4167.148438858607,4177.800089,2020-11-03 10:00:00
3997.461887,-10.651650141393448,4150.496503858607,4161.148154,2020-11-03 11:00:00
4030.174744,-10.651650141393448,4194.1597938586065,4204.811444,2020-11-03 12:00:00
4063.436949,-10.651650141393448,4411.895493858607,4422.547144,2020-11-03 13:00:00
4074.715076,-10.651650141393448,4430.733910858607,4441.385561,2020-11-03 14:00:00
4053.760915,-10.651650141393448,4356.798899858606,4367.45055,2020-11-03 15:00:00
4070.829813,-10.651650141393448,4234.940539858607,4245.59219,2020-11-03 16:00:00
4267.192823,-10.651650141393448,4319.893133858606,4330.544784,2020-11-03 17:00:00
4133.561873,-10.651650141393448,4202.4778578586065,4213.129508,2020-11-03 18:00:00
4029.576898,-10.651650141393448,4170.669420858607,4181.321071,2020-11-03 19:00:00
3926.681924,-10.651650141393448,4151.270773858607,4161.922424,2020-11-03 20:00:00
3705.104625,-10.651650141393448,3690.3478078586063,3700.999458,2020-11-03 21:00:00
3416.812691,-10.651650141393448,3463.3473668586066,3473.999017,2020-11-03 22:00:00
3200.13337,-10.651650141393448,3233.9653718586064,3244.617022,2020-11-03 23:00:00
3045.921715,-10.651650141393448,3160.1104788586067,3170.762129,2020-11-04 00:00:00
2973.863017,-10.651650141393448,2988.4745328586064,2999.126183,2020-11-04 01:00:00
2927.586779,-10.651650141393448,2950.4462368586064,2961.097887,2020-11-04 02:00:00
2936.848356,-10.651650141393448,2891.7444568586066,2902.396107,2020-11-04 03:00:00
3054.435205,-10.651650141393448,3015.0669968586067,3025.718647,2020-11-04 04:00:00
3245.353792,-10.651650141393448,3200.0726768586064,3210.724327,2020-11-04 05:00:00
3434.203135,-10.651650141393448,3418.5584908586065,3429.210141,2020-11-04 06:00:00
3575.965293,-10.651650141393448,3375.5139168586065,3386.165567,2020-11-04 07:00:00
3716.900072,-10.651650141393448,3760.6138678586067,3771.265518,2020-11-04 08:00:00
3838.224394,-10.651650141393448,3897.5357268586067,3908.187377,2020-11-04 09:00:00
3913.106844,-10.651650141393448,3917.4669448586064,3928.118595,2020-11-04 10:00:00
3970.816198,-10.651650141393448,4108.116877858606,4118.768528,2020-11-04 11:00:00
4014.48608,-10.651650141393448,4131.936032858606,4142.587683,2020-11-04 12:00:00
4010.746121,-10.651650141393448,4068.8843758586067,4079.536026,2020-11-04 13:00:00
4027.697282,-10.651650141393448,4059.4063918586066,4070.058042,2020-11-04 14:00:00
3997.51418,-10.651650141393448,4068.7075478586066,4079.359198,2020-11-04 15:00:00
4072.46798,-10.651650141393448,4072.5998478586066,4083.251498,2020-11-04 16:00:00
4366.183501,-10.651650141393448,4245.489626858606,4256.141277,2020-11-04 17:00:00
4317.268838,-10.651650141393448,4234.5072138586065,4245.158864,2020-11-04 18:00:00
4201.007959,-10.651650141393448,4089.4529618586066,4100.104612,2020-11-04 19:00:00
4044.063256,-10.651650141393448,3929.2493238586067,3939.900974,2020-11-04 20:00:00
3776.420238,-10.651650141393448,3772.7768808586065,3783.428531,2020-11-04 21:00:00
3516.569503,-10.651650141393448,3441.6847598586064,3452.33641,2020-11-04 22:00:00
3269.434887,-10.651650141393448,3241.5339598586065,3252.18561,2020-11-04 23:00:00
3078.70437,-10.651650141393448,3078.9985868586064,3089.650237,2020-11-05 00:00:00
2966.421682,-10.651650141393448,3006.6873648586065,3017.339015,2020-11-05 01:00:00
2901.794318,-10.651650141393448,2978.7753238586065,2989.426974,2020-11-05 02:00:00
2909.345181,-10.651650141393448,2932.7435368586066,2943.395187,2020-11-05 03:00:00
3005.197346,-10.651650141393448,3002.0165448586067,3012.668195,2020-11-05 04:00:00
3268.600583,-10.651650141393448,3199.4175138586065,3210.069164,2020-11-05 05:00:00
3459.222789,-10.651650141393448,3382.9467368586065,3393.598387,2020-11-05 06:00:00
3598.563559,-10.651650141393448,3474.7395058586067,3485.391156,2020-11-05 07:00:00
3712.8651,-10.651650141393448,3727.3364368586067,3737.988087,2020-11-05 08:00:00
3844.137896,-10.651650141393448,3752.5141738586067,3763.165824,2020-11-05 09:00:00
3923.140349,-10.651650141393448,3964.1424428586065,3974.794093,2020-11-05 10:00:00
3981.513662,-10.651650141393448,3973.8898318586066,3984.541482,2020-11-05 11:00:00
3964.037838,-10.651650141393448,4175.2465778586065,4185.898228,2020-11-05 12:00:00
3992.531444,-10.651650141393448,4102.253508858606,4112.905159,2020-11-05 13:00:00
4014.019778,-10.651650141393448,3986.7609978586065,3997.412648,2020-11-05 14:00:00
4038.112491,-10.651650141393448,3929.8803718586064,3940.532022,2020-11-05 15:00:00
4098.968557,-10.651650141393448,4046.2651288586067,4056.916779,2020-11-05 16:00:00
4378.027601,-10.651650141393448,4127.553573858607,4138.205224,2020-11-05 17:00:00
4330.638171,-10.651650141393448,4212.480148858606,4223.131799,2020-11-05 18:00:00
4205.955152,-10.651650141393448,4337.300988858607,4347.952639,2020-11-05 19:00:00
4054.271079,-10.651650141393448,4041.7447428586065,4052.396393,2020-11-05 20:00:00
3799.115473,-10.651650141393448,3766.2488288586064,3776.900479,2020-11-05 21:00:00
3519.16447,-10.651650141393448,3492.4855668586065,3503.137217,2020-11-05 22:00:00
3273.373206,-10.651650141393448,3315.7864268586063,3326.438077,2020-11-05 23:00:00
3077.332647,-10.651650141393448,3134.5316198586065,3145.18327,2020-11-06 00:00:00
2990.156566,-10.651650141393448,3001.4395618586063,3012.091212,2020-11-06 01:00:00
2929.111112,-10.651650141393448,2948.8187668586065,2959.470417,2020-11-06 02:00:00
2925.997478,-10.651650141393448,2934.4101108586065,2945.061761,2020-11-06 03:00:00
3015.104632,-10.651650141393448,2977.3162158586065,2987.967866,2020-11-06 04:00:00
3267.386084,-10.651650141393448,3198.5629348586067,3209.214585,2020-11-06 05:00:00
3453.585248,-10.651650141393448,3443.5635508586065,3454.215201,2020-11-06 06:00:00
3601.082901,-10.651650141393448,3551.9487128586065,3562.600363,2020-11-06 07:00:00
3737.614644,-10.651650141393448,3679.0792978586064,3689.730948,2020-11-06 08:00:00
3876.632631,-10.651650141393448,3735.7376218586064,3746.389272,2020-11-06 09:00:00
3952.577616,-10.651650141393448,3861.4102748586065,3872.061925,2020-11-06 10:00:00
4011.856131,-10.651650141393448,4011.4106478586064,4022.062298,2020-11-06 11:00:00
4030.44028,-10.651650141393448,4035.5912548586066,4046.242905,2020-11-06 12:00:00
4054.826598,-10.651650141393448,3974.4521428586067,3985.103793,2020-11-06 13:00:00
4058.73469,-10.651650141393448,4017.7040008586064,4028.355651,2020-11-06 14:00:00
4018.133471,-10.651650141393448,4028.9975968586064,4039.649247,2020-11-06 15:00:00
4072.740618,-10.651650141393448,3984.3614658586066,3995.013116,2020-11-06 16:00:00
4301.433271,-10.651650141393448,4172.3654308586065,4183.017081,2020-11-06 17:00:00
4219.500827,-10.651650141393448,4200.107108858607,4210.758759,2020-11-06 18:00:00
4101.939603,-10.651650141393448,4275.416115858607,4286.067766,2020-11-06 19:00:00
3962.746545,-10.651650141393448,4065.7215388586064,4076.373189,2020-11-06 20:00:00
3753.1974,-10.651650141393448,3760.5026548586065,3771.154305,2020-11-06 21:00:00
3506.931585,-10.651650141393448,3557.8429058586066,3568.494556,2020-11-06 22:00:00
3269.487251,-10.651650141393448,3331.8201118586067,3342.471762,2020-11-06 23:00:00
3064.757848,-10.651650141393448,3167.3442468586063,3177.995897,2020-11-07 00:00:00
2940.067645,-10.651650141393448,2964.2202228586066,2974.871873,2020-11-07 01:00:00
2858.64719,-10.651650141393448,2951.3487858586063,2962.000436,2020-11-07 02:00:00
2830.717845,-10.651650141393448,2922.5697568586065,2933.221407,2020-11-07 03:00:00
2824.99733,-10.651650141393448,3025.3536148586063,3036.005265,2020-11-07 04:00:00
2914.694443,-10.651650141393448,3301.6263888586063,3312.278039,2020-11-07 05:00:00
2932.683203,-10.651650141393448,3485.1263828586066,3495.778033,2020-11-07 06:00:00
3055.357268,-10.651650141393448,3656.5208728586067,3667.172523,2020-11-07 07:00:00
3276.905259,-10.651650141393448,3717.5277218586066,3728.179372,2020-11-07 08:00:00
3469.731955,-10.651650141393448,3742.4534018586064,3753.105052,2020-11-07 09:00:00
3594.001258,-10.651650141393448,3904.5565558586063,3915.208206,2020-11-07 10:00:00
3699.984935,-10.651650141393448,3893.9452478586063,3904.596898,2020-11-07 11:00:00
3739.642332,-10.651650141393448,3963.8254228586065,3974.477073,2020-11-07 12:00:00
3749.586802,-10.651650141393448,3915.1836318586065,3925.835282,2020-11-07 13:00:00
3745.190448,-10.651650141393448,4086.2274958586067,4096.879146,2020-11-07 14:00:00
3745.548921,-10.651650141393448,4035.5603998586066,4046.21205,2020-11-07 15:00:00
3818.405685,-10.651650141393448,4114.702591858607,4125.354242,2020-11-07 16:00:00
4120.307118,-10.651650141393448,4112.331329858606,4122.98298,2020-11-07 17:00:00
4059.18615,-10.651650141393448,4163.622573858606,4174.274224,2020-11-07 18:00:00
3925.854792,-10.651650141393448,4102.348335858606,4112.999986,2020-11-07 19:00:00
3807.121533,-10.651650141393448,3917.4362238586064,3928.087874,2020-11-07 20:00:00
3618.261084,-10.651650141393448,3787.8845868586063,3798.536237,2020-11-07 21:00:00
3415.055719,-10.651650141393448,3542.6610028586065,3553.312653,2020-11-07 22:00:00
3206.729463,-10.651650141393448,3321.2534668586063,3331.905117,2020-11-07 23:00:00
3008.94161,-10.651650141393448,3240.0547178586066,3250.706368,2020-11-08 00:00:00
2890.614734,-10.651650141393448,3001.2132798586067,3011.86493,2020-11-08 01:00:00
2800.579962,-10.651650141393448,2947.8554608586064,2958.507111,2020-11-08 02:00:00
2751.576124,-10.651650141393448,2994.9227438586067,3005.574394,2020-11-08 03:00:00
2761.792759,-10.651650141393448,3147.6593518586064,3158.311002,2020-11-08 04:00:00
2809.637052,-10.651650141393448,3323.1309698586065,3333.78262,2020-11-08 05:00:00
2783.868795,-10.651650141393448,3126.3784718586066,3137.030122,2020-11-08 06:00:00
2876.248911,-10.651650141393448,2939.7075768586064,2950.359227,2020-11-08 07:00:00
3080.535265,-10.651650141393448,3038.6770108586065,3049.328661,2020-11-08 08:00:00
3289.564836,-10.651650141393448,3456.9424538586063,3467.594104,2020-11-08 09:00:00
3437.199855,-10.651650141393448,3714.6348018586064,3725.286452,2020-11-08 10:00:00
3535.572872,-10.651650141393448,3747.4926438586067,3758.144294,2020-11-08 11:00:00
3614.487618,-10.651650141393448,3921.9868828586064,3932.638533,2020-11-08 12:00:00
3657.977468,-10.651650141393448,3904.0948828586065,3914.746533,2020-11-08 13:00:00
3688.452815,-10.651650141393448,3876.0944358586066,3886.746086,2020-11-08 14:00:00
3691.12251,-10.651650141393448,3947.5394868586063,3958.191137,2020-11-08 15:00:00
3796.887113,-10.651650141393448,3890.0210458586066,3900.672696,2020-11-08 16:00:00
4139.20979,-10.651650141393448,4017.4719178586065,4028.123568,2020-11-08 17:00:00
4112.101078,-10.651650141393448,4131.313118858607,4141.964769,2020-11-08 18:00:00
3985.29347,-10.651650141393448,4036.2171168586065,4046.868767,2020-11-08 19:00:00
3804.611537,-10.651650141393448,3730.5674898586067,3741.21914,2020-11-08 20:00:00
3577.604002,-10.651650141393448,3652.9987598586067,3663.65041,2020-11-08 21:00:00
3335.930449,-10.651650141393448,3443.2505678586067,3453.902218,2020-11-08 22:00:00
3105.427193,-10.651650141393448,3288.3781858586067,3299.029836,2020-11-08 23:00:00
2936.705397,-10.651650141393448,3090.2122178586064,3100.863868,2020-11-09 00:00:00
2837.179068,-10.651650141393448,2945.7360978586066,2956.387748,2020-11-09 01:00:00
2799.018037,-10.651650141393448,2932.8928378586065,2943.544488,2020-11-09 02:00:00
2795.338271,-10.651650141393448,2947.5903998586064,2958.24205,2020-11-09 03:00:00
2908.321359,-10.651650141393448,2954.4177498586064,2965.0694,2020-11-09 04:00:00
3199.777875,-10.651650141393448,3059.4233218586064,3070.074972,2020-11-09 05:00:00
3382.193006,-10.651650141393448,3093.6340928586064,3104.285743,2020-11-09 06:00:00
3561.24315,-10.651650141393448,3341.4440638586066,3352.095714,2020-11-09 07:00:00
3759.179175,-10.651650141393448,3279.6393788586065,3290.291029,2020-11-09 08:00:00
3943.685584,-10.651650141393448,3483.3831828586067,3494.034833,2020-11-09 09:00:00
4091.875879,-10.651650141393448,3655.3781438586066,3666.029794,2020-11-09 10:00:00
4201.55513,-10.651650141393448,3555.1250978586068,3565.776748,2020-11-09 11:00:00
4294.402085,-10.651650141393448,3564.9763218586068,3575.627972,2020-11-09 12:00:00
4358.619552,-10.651650141393448,3565.1119598586065,3575.76361,2020-11-09 13:00:00
4405.834271,-10.651650141393448,3649.0613378586067,3659.712988,2020-11-09 14:00:00
4391.911127,-10.651650141393448,3610.1991838586064,3620.850834,2020-11-09 15:00:00
4430.115368,-10.651650141393448,3597.2235608586066,3607.875211,2020-11-09 16:00:00
4648.491009,-10.651650141393448,3866.5657778586065,3877.217428,2020-11-09 17:00:00
4521.889763,-10.651650141393448,3944.7099758586064,3955.361626,2020-11-09 18:00:00
4371.131251,-10.651650141393448,3999.8678338586064,4010.519484,2020-11-09 19:00:00
4168.16464,-10.651650141393448,3797.8191318586064,3808.470782,2020-11-09 20:00:00
3887.393467,-10.651650141393448,3594.6778248586065,3605.329475,2020-11-09 21:00:00
3595.28794,-10.651650141393448,3373.9483628586067,3384.600013,2020-11-09 22:00:00
3329.958677,-10.651650141393448,3212.1011358586065,3222.752786,2020-11-09 23:00:00
3135.558684,-10.651650141393448,3028.9750368586065,3039.626687,2020-11-10 00:00:00
3019.375151,-10.651650141393448,2922.0079618586064,2932.659612,2020-11-10 01:00:00
2954.032831,-10.651650141393448,2932.1664158586063,2942.818066,2020-11-10 02:00:00
2935.695841,-10.651650141393448,2936.5930638586065,2947.244714,2020-11-10 03:00:00
3017.822944,-10.651650141393448,2917.8408208586065,2928.492471,2020-11-10 04:00:00
3277.121004,-10.651650141393448,3063.5798528586065,3074.231503,2020-11-10 05:00:00
3464.602152,-10.651650141393448,3367.3157928586065,3377.967443,2020-11-10 06:00:00
3644.709614,-10.651650141393448,3489.6344158586066,3500.286066,2020-11-10 07:00:00
3838.613433,-10.651650141393448,3696.7755388586065,3707.427189,2020-11-10 08:00:00
4025.752937,-10.651650141393448,3804.0765988586063,3814.728249,2020-11-10 09:00:00
4176.08906,-10.651650141393448,3952.4132728586064,3963.064923,2020-11-10 10:00:00
4312.451749,-10.651650141393448,3954.9515528586066,3965.603203,2020-11-10 11:00:00
4421.395751,-10.651650141393448,4042.3256918586067,4052.977342,2020-11-10 12:00:00
4496.327306,-10.651650141393448,4095.9015938586062,4106.553244,2020-11-10 13:00:00
4563.160535,-10.651650141393448,4193.428003858607,4204.079654,2020-11-10 14:00:00
4547.926615,-10.651650141393448,4120.264041858606,4130.915692,2020-11-10 15:00:00
4545.501609,-10.651650141393448,4262.734871858606,4273.386522,2020-11-10 16:00:00
4727.605225,-10.651650141393448,4189.432824858606,4200.084475,2020-11-10 17:00:00
4599.988324,-10.651650141393448,4401.924677858607,4412.576328,2020-11-10 18:00:00
4432.617524,-10.651650141393448,4462.038634858606,4472.690285,2020-11-10 19:00:00
4215.140532,-10.651650141393448,4099.552063858607,4110.203714,2020-11-10 20:00:00
3942.367559,-10.651650141393448,3923.0408508586065,3933.692501,2020-11-10 21:00:00
3626.228948,-10.651650141393448,3580.5261668586063,3591.177817,2020-11-10 22:00:00
3352.962631,-10.651650141393448,3304.3301458586066,3314.981796,2020-11-10 23:00:00
3147.817182,-10.651650141393448,3192.8451508586063,3203.496801,2020-11-11 00:00:00
3006.387007,-10.651650141393448,3060.2428098586065,3070.89446,2020-11-11 01:00:00
2929.267271,-10.651650141393448,3001.0565418586066,3011.708192,2020-11-11 02:00:00
2912.286642,-10.651650141393448,2982.6339008586065,2993.285551,2020-11-11 03:00:00
3008.828563,-10.651650141393448,2928.3625998586067,2939.01425,2020-11-11 04:00:00
3284.987787,-10.651650141393448,3105.5544458586064,3116.206096,2020-11-11 05:00:00
3453.802553,-10.651650141393448,3453.0317858586063,3463.683436,2020-11-11 06:00:00
3613.867712,-10.651650141393448,3626.8236928586066,3637.475343,2020-11-11 07:00:00
3804.577426,-10.651650141393448,3727.1301368586064,3737.781787,2020-11-11 08:00:00
3989.598082,-10.651650141393448,3747.9967028586066,3758.648353,2020-11-11 09:00:00
4140.591023,-10.651650141393448,4076.6350198586065,4087.28667,2020-11-11 10:00:00
4260.396184,-10.651650141393448,4063.4843708586063,4074.136021,2020-11-11 11:00:00
4355.440515,-10.651650141393448,4121.3015178586065,4131.953168,2020-11-11 12:00:00
4426.162509,-10.651650141393448,4148.084915858606,4158.736566,2020-11-11 13:00:00
4463.267342,-10.651650141393448,4143.499082858607,4154.150733,2020-11-11 14:00:00
4467.975028,-10.651650141393448,4143.635204858607,4154.286855,2020-11-11 15:00:00
4455.813974,-10.651650141393448,4143.254506858607,4153.906157,2020-11-11 16:00:00
4658.1231,-10.651650141393448,4442.832454858607,4453.484105,2020-11-11 17:00:00
4529.174665,-10.651650141393448,4386.8887878586065,4397.540438,2020-11-11 18:00:00
4356.635112,-10.651650141393448,4216.059858858606,4226.711509,2020-11-11 19:00:00
4176.935805,-10.651650141393448,4097.069142858607,4107.720793,2020-11-11 20:00:00
3901.616039,-10.651650141393448,3910.5156288586063,3921.167279,2020-11-11 21:00:00
3605.375739,-10.651650141393448,3621.0661528586065,3631.717803,2020-11-11 22:00:00
3338.549358,-10.651650141393448,3365.9817658586066,3376.633416,2020-11-11 23:00:00
3140.663355,-10.651650141393448,3163.6030998586066,3174.25475,2020-11-12 00:00:00
3010.8282,-10.651650141393448,3043.0750878586064,3053.726738,2020-11-12 01:00:00
2933.185277,-10.651650141393448,2976.2191808586067,2986.870831,2020-11-12 02:00:00
2913.780903,-10.651650141393448,2932.2679398586065,2942.91959,2020-11-12 03:00:00
2995.808315,-10.651650141393448,2971.1341058586067,2981.785756,2020-11-12 04:00:00
3251.236931,-10.651650141393448,3363.5857158586064,3374.237366,2020-11-12 05:00:00
3434.27401,-10.651650141393448,3526.8462178586065,3537.497868,2020-11-12 06:00:00
3601.048543,-10.651650141393448,3625.8640008586067,3636.515651,2020-11-12 07:00:00
3797.999225,-10.651650141393448,3674.6369348586063,3685.288585,2020-11-12 08:00:00
3962.449973,-10.651650141393448,3873.2277908586066,3883.879441,2020-11-12 09:00:00
4081.347076,-10.651650141393448,4046.9988648586063,4057.650515,2020-11-12 10:00:00
4171.884277,-10.651650141393448,4152.051594858606,4162.703245,2020-11-12 11:00:00
4215.382355,-10.651650141393448,4115.713913858606,4126.365564,2020-11-12 12:00:00
4239.820408,-10.651650141393448,4169.647467858606,4180.299118,2020-11-12 13:00:00
4269.893647,-10.651650141393448,4169.051098858607,4179.702749,2020-11-12 14:00:00
4209.470635,-10.651650141393448,4131.3117238586065,4141.963374,2020-11-12 15:00:00
4226.196542,-10.651650141393448,4129.365914858607,4140.017565,2020-11-12 16:00:00
4474.423241,-10.651650141393448,4393.353901858606,4404.005552,2020-11-12 17:00:00
4375.421434,-10.651650141393448,4430.025936858607,4440.677587,2020-11-12 18:00:00
4201.891478,-10.651650141393448,4299.013130858607,4309.664781,2020-11-12 19:00:00
4036.838966,-10.651650141393448,4137.269662858606,4147.921313,2020-11-12 20:00:00
3786.449134,-10.651650141393448,4009.0843348586063,4019.735985,2020-11-12 21:00:00
3524.987297,-10.651650141393448,3561.4239428586066,3572.075593,2020-11-12 22:00:00
3250.206899,-10.651650141393448,3321.3292008586063,3331.980851,2020-11-12 23:00:00
3073.86793,-10.651650141393448,3115.6473268586064,3126.298977,2020-11-13 00:00:00
2948.404945,-10.651650141393448,3029.1888058586064,3039.840456,2020-11-13 01:00:00
2872.114552,-10.651650141393448,2950.5356658586065,2961.187316,2020-11-13 02:00:00
2864.301704,-10.651650141393448,2940.9880468586066,2951.639697,2020-11-13 03:00:00
2924.50887,-10.651650141393448,2987.3176948586065,2997.969345,2020-11-13 04:00:00
3134.831998,-10.651650141393448,3269.9975168586066,3280.649167,2020-11-13 05:00:00
3252.077264,-10.651650141393448,3477.5453608586067,3488.197011,2020-11-13 06:00:00
3416.037151,-10.651650141393448,3707.0720668586064,3717.723717,2020-11-13 07:00:00
3623.864053,-10.651650141393448,3667.6944598586065,3678.34611,2020-11-13 08:00:00
3784.90056,-10.651650141393448,3779.1184148586067,3789.770065,2020-11-13 09:00:00
3892.872397,-10.651650141393448,4096.634466858606,4107.286117,2020-11-13 10:00:00
3958.214437,-10.651650141393448,4046.2829658586065,4056.934616,2020-11-13 11:00:00
4002.192641,-10.651650141393448,4074.6641518586066,4085.315802,2020-11-13 12:00:00
4019.477228,-10.651650141393448,4171.515171858607,4182.166822,2020-11-13 13:00:00
4039.758888,-10.651650141393448,4185.742223858607,4196.393874,2020-11-13 14:00:00
4008.187714,-10.651650141393448,4106.128439858607,4116.78009,2020-11-13 15:00:00
4071.063369,-10.651650141393448,4208.321448858606,4218.973099,2020-11-13 16:00:00
4286.146603,-10.651650141393448,4418.4042408586065,4429.055891,2020-11-13 17:00:00
4162.270715,-10.651650141393448,4306.995414858607,4317.647065,2020-11-13 18:00:00
4033.235518,-10.651650141393448,4221.201556858607,4231.853207,2020-11-13 19:00:00
3901.600776,-10.651650141393448,4074.7558788586066,4085.407529,2020-11-13 20:00:00
3709.097233,-10.651650141393448,3883.9935638586066,3894.645214,2020-11-13 21:00:00
3490.419945,-10.651650141393448,3536.0912648586063,3546.742915,2020-11-13 22:00:00
3268.030806,-10.651650141393448,3266.5224768586068,3277.174127,2020-11-13 23:00:00
3088.257347,-10.651650141393448,3089.1557968586067,3099.807447,2020-11-14 00:00:00
2957.310923,-10.651650141393448,2971.3067558586067,2981.958406,2020-11-14 01:00:00
2872.285087,-10.651650141393448,2979.8130088586067,2990.464659,2020-11-14 02:00:00
2842.749024,-10.651650141393448,2937.5497198586067,2948.20137,2020-11-14 03:00:00
2861.078843,-10.651650141393448,2988.1484988586067,2998.800149,2020-11-14 04:00:00
2953.887877,-10.651650141393448,3185.4217528586064,3196.073403,2020-11-14 05:00:00
2991.568081,-10.651650141393448,3471.9379828586066,3482.589633,2020-11-14 06:00:00
3117.155164,-10.651650141393448,3401.2338938586067,3411.885544,2020-11-14 07:00:00
3320.448256,-10.651650141393448,3622.6410418586065,3633.292692,2020-11-14 08:00:00
3490.408205,-10.651650141393448,3804.8802788586067,3815.531929,2020-11-14 09:00:00
3586.727849,-10.651650141393448,3822.0316208586064,3832.683271,2020-11-14 10:00:00
3639.893061,-10.651650141393448,4078.6929938586063,4089.344644,2020-11-14 11:00:00
3622.643437,-10.651650141393448,4128.753474858607,4139.405125,2020-11-14 12:00:00
3590.337526,-10.651650141393448,4060.5596928586065,4071.211343,2020-11-14 13:00:00
3537.115944,-10.651650141393448,4046.7192498586064,4057.3709,2020-11-14 14:00:00
3520.743702,-10.651650141393448,4098.118461858607,4108.770112,2020-11-14 15:00:00
3675.434769,-10.651650141393448,4039.8794138586063,4050.531064,2020-11-14 16:00:00
3987.789924,-10.651650141393448,4197.817667858607,4208.469318,2020-11-14 17:00:00
3972.461193,-10.651650141393448,4216.639973858607,4227.291624,2020-11-14 18:00:00
3856.17149,-10.651650141393448,4136.907670858606,4147.559321,2020-11-14 19:00:00
3729.977641,-10.651650141393448,3973.7434878586064,3984.395138,2020-11-14 20:00:00
3578.633791,-10.651650141393448,3713.3454428586065,3723.997093,2020-11-14 21:00:00
3398.143974,-10.651650141393448,3525.6588618586065,3536.310512,2020-11-14 22:00:00
3196.280171,-10.651650141393448,3300.7592008586066,3311.410851,2020-11-14 23:00:00
3021.773083,-10.651650141393448,3141.8462838586065,3152.497934,2020-11-15 00:00:00
2889.553688,-10.651650141393448,3013.4645038586063,3024.116154,2020-11-15 01:00:00
2816.809185,-10.651650141393448,2935.8899478586063,2946.541598,2020-11-15 02:00:00
2763.194021,-10.651650141393448,2919.6910858586066,2930.342736,2020-11-15 03:00:00
2762.259363,-10.651650141393448,3087.5570618586066,3098.208712,2020-11-15 04:00:00
2813.41369,-10.651650141393448,3375.4351618586065,3386.086812,2020-11-15 05:00:00
2795.19012,-10.651650141393448,3015.5032268586065,3026.154877,2020-11-15 06:00:00
2882.665275,-10.651650141393448,3081.8028568586064,3092.454507,2020-11-15 07:00:00
3074.419898,-10.651650141393448,3176.7624678586067,3187.414118,2020-11-15 08:00:00
3213.161192,-10.651650141393448,3350.0706708586067,3360.722321,2020-11-15 09:00:00
3321.128172,-10.651650141393448,3545.8795138586065,3556.531164,2020-11-15 10:00:00
3368.259188,-10.651650141393448,3675.9376788586064,3686.589329,2020-11-15 11:00:00
3394.933518,-10.651650141393448,3834.3461228586066,3844.997773,2020-11-15 12:00:00
3415.392455,-10.651650141393448,3803.3564198586064,3814.00807,2020-11-15 13:00:00
3409.216535,-10.651650141393448,3668.3919578586065,3679.043608,2020-11-15 14:00:00
3415.901996,-10.651650141393448,3702.4757318586067,3713.127382,2020-11-15 15:00:00
3593.776959,-10.651650141393448,3731.4800688586065,3742.131719,2020-11-15 16:00:00
3995.939405,-10.651650141393448,3926.3693818586066,3937.021032,2020-11-15 17:00:00
4006.416636,-10.651650141393448,4042.6474288586064,4053.299079,2020-11-15 18:00:00
3906.432234,-10.651650141393448,4047.7324928586067,4058.384143,2020-11-15 19:00:00
3763.956616,-10.651650141393448,3794.4248288586064,3805.076479,2020-11-15 20:00:00
3551.910988,-10.651650141393448,3633.9010808586067,3644.552731,2020-11-15 21:00:00
3329.880013,-10.651650141393448,3401.3043578586066,3411.956008,2020-11-15 22:00:00
3105.344547,-10.651650141393448,3214.1666978586063,3224.818348,2020-11-15 23:00:00
2940.564389,-10.651650141393448,3102.6166318586065,3113.268282,2020-11-16 00:00:00
2853.813184,-10.651650141393448,2917.5602648586064,2928.211915,2020-11-16 01:00:00
2801.685093,-10.651650141393448,2944.8757638586067,2955.527414,2020-11-16 02:00:00
2815.265639,-10.651650141393448,2938.1209778586067,2948.772628,2020-11-16 03:00:00
2941.665507,-10.651650141393448,2937.9280008586065,2948.579651,2020-11-16 04:00:00
3210.27739,-10.651650141393448,3090.4999568586063,3101.151607,2020-11-16 05:00:00
3464.008463,-10.651650141393448,3112.4565028586067,3123.108153,2020-11-16 06:00:00
3598.500317,-10.651650141393448,3446.9892398586067,3457.64089,2020-11-16 07:00:00
3715.81177,-10.651650141393448,3208.9208858586067,3219.572536,2020-11-16 08:00:00
3804.342553,-10.651650141393448,3449.6392628586063,3460.290913,2020-11-16 09:00:00
3862.903494,-10.651650141393448,3411.8572978586067,3422.508948,2020-11-16 10:00:00
3962.482165,-10.651650141393448,3469.1785758586066,3479.830226,2020-11-16 11:00:00
4030.050394,-10.651650141393448,3536.9574068586066,3547.609057,2020-11-16 12:00:00
4028.832263,-10.651650141393448,3594.5254998586065,3605.17715,2020-11-16 13:00:00
3996.160163,-10.651650141393448,3442.5042828586065,3453.155933,2020-11-16 14:00:00
3885.620864,-10.651650141393448,3459.0738498586065,3469.7255,2020-11-16 15:00:00
4017.588255,-10.651650141393448,3368.2647478586064,3378.916398,2020-11-16 16:00:00
4328.22219,-10.651650141393448,3988.0420548586067,3998.693705,2020-11-16 17:00:00
4277.946075,-10.651650141393448,3989.6034578586064,4000.255108,2020-11-16 18:00:00
4179.988271,-10.651650141393448,3958.9728688586065,3969.624519,2020-11-16 19:00:00
4002.192226,-10.651650141393448,3813.1084928586065,3823.760143,2020-11-16 20:00:00
3760.930216,-10.651650141393448,3599.5699258586064,3610.221576,2020-11-16 21:00:00
3494.935445,-10.651650141393448,3407.1390838586067,3417.790734,2020-11-16 22:00:00
3235.940526,-10.651650141393448,3174.8631748586067,3185.514825,2020-11-16 23:00:00
3048.95874,-10.651650141393448,2997.3252118586065,3007.976862,2020-11-17 00:00:00
2953.344484,-10.651650141393448,2934.2368948586063,2944.888545,2020-11-17 01:00:00
2898.782002,-10.651650141393448,2958.9745828586065,2969.626233,2020-11-17 02:00:00
2897.932265,-10.651650141393448,2967.8789098586067,2978.53056,2020-11-17 03:00:00
3019.183347,-10.651650141393448,2934.4398208586067,2945.091471,2020-11-17 04:00:00
3289.997336,-10.651650141393448,3057.2544398586065,3067.90609,2020-11-17 05:00:00
3493.315467,-10.651650141393448,3342.9553958586066,3353.607046,2020-11-17 06:00:00
3597.474512,-10.651650141393448,3595.9885248586065,3606.640175,2020-11-17 07:00:00
3722.657124,-10.651650141393448,3703.4507188586067,3714.102369,2020-11-17 08:00:00
3826.288405,-10.651650141393448,3869.6659748586067,3880.317625,2020-11-17 09:00:00
3881.19779,-10.651650141393448,3856.8369368586064,3867.488587,2020-11-17 10:00:00
3929.164848,-10.651650141393448,3925.3323408586066,3935.983991,2020-11-17 11:00:00
3952.438783,-10.651650141393448,4099.825406858607,4110.477057,2020-11-17 12:00:00
3962.428685,-10.651650141393448,4096.404106858607,4107.055757,2020-11-17 13:00:00
3974.245135,-10.651650141393448,4134.840203858606,4145.491854,2020-11-17 14:00:00
3949.63667,-10.651650141393448,4128.105450858607,4138.757101,2020-11-17 15:00:00
4065.829792,-10.651650141393448,4223.782158858607,4234.433809,2020-11-17 16:00:00
4342.441545,-10.651650141393448,4274.322366858606,4284.974017,2020-11-17 17:00:00
4279.607089,-10.651650141393448,4137.673208858607,4148.324859,2020-11-17 18:00:00
4161.411179,-10.651650141393448,4199.9958228586065,4210.647473,2020-11-17 19:00:00
4001.784567,-10.651650141393448,4072.7879008586065,4083.439551,2020-11-17 20:00:00
3769.820723,-10.651650141393448,3864.7995588586064,3875.451209,2020-11-17 21:00:00
3488.463465,-10.651650141393448,3618.1569928586064,3628.808643,2020-11-17 22:00:00
3243.97755,-10.651650141393448,3267.1673188586064,3277.818969,2020-11-17 23:00:00
3176.868831,-10.651650141393448,3159.2316398586067,3169.88329,2020-11-18 00:00:00
3066.296533,-10.651650141393448,2994.8243718586064,3005.476022,2020-11-18 01:00:00
3015.612332,-10.651650141393448,2982.4297718586067,2993.081422,2020-11-18 02:00:00
3014.793108,-10.651650141393448,2913.1684718586066,2923.820122,2020-11-18 03:00:00
3129.544414,-10.651650141393448,2933.2060758586067,2943.857726,2020-11-18 04:00:00
3415.45565,-10.651650141393448,3187.4211688586065,3198.072819,2020-11-18 05:00:00
3615.574115,-10.651650141393448,3483.5644468586065,3494.216097,2020-11-18 06:00:00
3729.169171,-10.651650141393448,3612.6173538586067,3623.269004,2020-11-18 07:00:00
3841.185077,-10.651650141393448,3711.4738668586065,3722.125517,2020-11-18 08:00:00
3950.702605,-10.651650141393448,3709.7604878586067,3720.412138,2020-11-18 09:00:00
4031.124471,-10.651650141393448,3899.4883758586066,3910.140026,2020-11-18 10:00:00
4095.77616,-10.651650141393448,3992.6082788586064,4003.259929,2020-11-18 11:00:00
4127.758273,-10.651650141393448,4265.489639858606,4276.14129,2020-11-18 12:00:00
4150.335048,-10.651650141393448,4175.5175918586065,4186.169242,2020-11-18 13:00:00
4160.554559,-10.651650141393448,4205.895435858606,4216.547086,2020-11-18 14:00:00
4121.77788,-10.651650141393448,4168.214712858607,4178.866363,2020-11-18 15:00:00
4225.145867,-10.651650141393448,4186.947348858606,4197.598999,2020-11-18 16:00:00
4482.562186,-10.651650141393448,4374.939336858606,4385.590987,2020-11-18 17:00:00
4417.595575,-10.651650141393448,4202.437441858607,4213.089092,2020-11-18 18:00:00
4323.344281,-10.651650141393448,4131.667874858606,4142.319525,2020-11-18 19:00:00
4154.34898,-10.651650141393448,4155.817662858606,4166.469313,2020-11-18 20:00:00
3931.708139,-10.651650141393448,3877.3490398586064,3888.00069,2020-11-18 21:00:00
3668.253776,-10.651650141393448,3580.7504678586065,3591.402118,2020-11-18 22:00:00
3396.193588,-10.651650141393448,3285.9930938586067,3296.644744,2020-11-18 23:00:00
3096.875193,-10.651650141393448,3164.3686898586066,3175.02034,2020-11-19 00:00:00
2988.981071,-10.651650141393448,3076.9710748586067,3087.622725,2020-11-19 01:00:00
2930.575663,-10.651650141393448,2990.4001238586065,3001.051774,2020-11-19 02:00:00
2933.092973,-10.651650141393448,2963.4178868586064,2974.069537,2020-11-19 03:00:00
3052.612366,-10.651650141393448,2948.8249438586067,2959.476594,2020-11-19 04:00:00
3350.24076,-10.651650141393448,3287.4399388586066,3298.091589,2020-11-19 05:00:00
3561.121829,-10.651650141393448,3573.8072718586063,3584.458922,2020-11-19 06:00:00
3651.557902,-10.651650141393448,3591.6838858586066,3602.335536,2020-11-19 07:00:00
3743.323234,-10.651650141393448,3594.0608318586064,3604.712482,2020-11-19 08:00:00
3819.720378,-10.651650141393448,3850.2716678586066,3860.923318,2020-11-19 09:00:00
3940.271092,-10.651650141393448,4000.8731988586064,4011.524849,2020-11-19 10:00:00
3971.426395,-10.651650141393448,3949.7863228586066,3960.437973,2020-11-19 11:00:00
3999.408408,-10.651650141393448,4246.600589858606,4257.25224,2020-11-19 12:00:00
4018.758991,-10.651650141393448,4187.885362858607,4198.537013,2020-11-19 13:00:00
4028.44891,-10.651650141393448,4171.636051858606,4182.287702,2020-11-19 14:00:00
3994.352026,-10.651650141393448,4179.250775858606,4189.902426,2020-11-19 15:00:00
4098.515735,-10.651650141393448,4080.3386098586066,4090.99026,2020-11-19 16:00:00
4346.100124,-10.651650141393448,4191.197451858607,4201.849102,2020-11-19 17:00:00
4282.438868,-10.651650141393448,4322.795326858606,4333.446977,2020-11-19 18:00:00
4160.171608,-10.651650141393448,4153.382740858607,4164.034391,2020-11-19 19:00:00
4019.550172,-10.651650141393448,4399.755677858607,4410.407328,2020-11-19 20:00:00
3784.310662,-10.651650141393448,3936.2012798586065,3946.85293,2020-11-19 21:00:00
3523.206563,-10.651650141393448,3711.3170868586067,3721.968737,2020-11-19 22:00:00
3277.483644,-10.651650141393448,3381.1550488586067,3391.806699,2020-11-19 23:00:00
3086.153693,-10.651650141393448,3219.9551438586063,3230.606794,2020-11-20 00:00:00
2994.225311,-10.651650141393448,3061.1966158586065,3071.848266,2020-11-20 01:00:00
2922.066701,-10.651650141393448,2979.1837128586067,2989.835363,2020-11-20 02:00:00
2935.134453,-10.651650141393448,2956.5142278586063,2967.165878,2020-11-20 03:00:00
3039.684921,-10.651650141393448,3001.5241288586067,3012.175779,2020-11-20 04:00:00
3330.855607,-10.651650141393448,3380.2221058586065,3390.873756,2020-11-20 05:00:00
3548.379141,-10.651650141393448,3547.2637168586066,3557.915367,2020-11-20 06:00:00
3639.971213,-10.651650141393448,3651.8242228586064,3662.475873,2020-11-20 07:00:00
3758.500113,-10.651650141393448,3739.4390098586064,3750.09066,2020-11-20 08:00:00
3857.958249,-10.651650141393448,3816.1515978586067,3826.803248,2020-11-20 09:00:00
3918.950566,-10.651650141393448,3831.2663198586065,3841.91797,2020-11-20 10:00:00
3979.015881,-10.651650141393448,4140.083259858607,4150.73491,2020-11-20 11:00:00
3993.112537,-10.651650141393448,4200.073131858607,4210.724782,2020-11-20 12:00:00
4013.829521,-10.651650141393448,4008.5994428586064,4019.251093,2020-11-20 13:00:00
4014.803045,-10.651650141393448,3925.7879758586064,3936.439626,2020-11-20 14:00:00
3972.958212,-10.651650141393448,4127.157142858607,4137.808793,2020-11-20 15:00:00
4056.04458,-10.651650141393448,4092.3204198586063,4102.97207,2020-11-20 16:00:00
4276.351671,-10.651650141393448,4326.488567858606,4337.140218,2020-11-20 17:00:00
4175.234814,-10.651650141393448,4251.302778858607,4261.954429,2020-11-20 18:00:00
4052.917221,-10.651650141393448,4151.855337858607,4162.506988,2020-11-20 19:00:00
3923.996916,-10.651650141393448,4049.5572228586066,4060.208873,2020-11-20 20:00:00
3762.81252,-10.651650141393448,3797.3755868586063,3808.027237,2020-11-20 21:00:00
3541.7026,-10.651650141393448,3550.8649198586063,3561.51657,2020-11-20 22:00:00
3323.027176,-10.651650141393448,3343.2957588586064,3353.947409,2020-11-20 23:00:00
3130.25373,-10.651650141393448,3082.8429888586065,3093.494639,2020-11-21 00:00:00
3008.329531,-10.651650141393448,2983.9182488586066,2994.569899,2020-11-21 01:00:00
2947.53772,-10.651650141393448,2952.4010298586063,2963.05268,2020-11-21 02:00:00
2917.739354,-10.651650141393448,2939.9110278586063,2950.562678,2020-11-21 03:00:00
2946.871347,-10.651650141393448,2973.6260458586066,2984.277696,2020-11-21 04:00:00
3043.483609,-10.651650141393448,3430.7547688586064,3441.406419,2020-11-21 05:00:00
3095.275027,-10.651650141393448,3785.3171368586063,3795.968787,2020-11-21 06:00:00
3213.693765,-10.651650141393448,3613.1810858586064,3623.832736,2020-11-21 07:00:00
3405.258113,-10.651650141393448,3677.0671768586067,3687.718827,2020-11-21 08:00:00
3560.188489,-10.651650141393448,3694.4544908586067,3705.106141,2020-11-21 09:00:00
3661.028123,-10.651650141393448,3786.7695708586066,3797.421221,2020-11-21 10:00:00
3718.499959,-10.651650141393448,3964.8567668586065,3975.508417,2020-11-21 11:00:00
3746.743813,-10.651650141393448,4091.0775958586064,4101.729246,2020-11-21 12:00:00
3745.595714,-10.651650141393448,4138.137399858607,4148.78905,2020-11-21 13:00:00
3743.170618,-10.651650141393448,4042.6426848586066,4053.294335,2020-11-21 14:00:00
3724.76909,-10.651650141393448,4123.388821858606,4134.040472,2020-11-21 15:00:00
3844.901758,-10.651650141393448,4136.622151858606,4147.273802,2020-11-21 16:00:00
4139.22465,-10.651650141393448,4153.366726858607,4164.018377,2020-11-21 17:00:00
4042.71779,-10.651650141393448,4157.909920858607,4168.561571,2020-11-21 18:00:00
3929.691422,-10.651650141393448,4021.5842388586066,4032.235889,2020-11-21 19:00:00
3797.511463,-10.651650141393448,3996.0657378586066,4006.717388,2020-11-21 20:00:00
3648.040742,-10.651650141393448,3773.2301798586063,3783.88183,2020-11-21 21:00:00
3463.627745,-10.651650141393448,3521.8884528586063,3532.540103,2020-11-21 22:00:00
3257.150203,-10.651650141393448,3302.9371578586065,3313.588808,2020-11-21 23:00:00
3089.087163,-10.651650141393448,3112.6756758586066,3123.327326,2020-11-22 00:00:00
2961.733775,-10.651650141393448,3014.3384058586066,3024.990056,2020-11-22 01:00:00
2887.630448,-10.651650141393448,2954.8298998586065,2965.48155,2020-11-22 02:00:00
2831.049113,-10.651650141393448,2982.9194988586064,2993.571149,2020-11-22 03:00:00
2849.577557,-10.651650141393448,3020.7407708586065,3031.392421,2020-11-22 04:00:00
2926.265387,-10.651650141393448,3035.6206348586065,3046.272285,2020-11-22 05:00:00
2924.435941,-10.651650141393448,3087.4193388586064,3098.070989,2020-11-22 06:00:00
3002.627805,-10.651650141393448,3174.4775408586065,3185.129191,2020-11-22 07:00:00
3183.393329,-10.651650141393448,3217.4291208586064,3228.080771,2020-11-22 08:00:00
3366.20327,-10.651650141393448,3394.4149528586067,3405.066603,2020-11-22 09:00:00
3496.376046,-10.651650141393448,3613.0024448586064,3623.654095,2020-11-22 10:00:00
3612.713544,-10.651650141393448,3741.3819908586065,3752.033641,2020-11-22 11:00:00
3672.460243,-10.651650141393448,3815.4870658586065,3826.138716,2020-11-22 12:00:00
3730.974132,-10.651650141393448,3900.9659508586064,3911.617601,2020-11-22 13:00:00
3752.418471,-10.651650141393448,3668.0471548586065,3678.698805,2020-11-22 14:00:00
3766.108433,-10.651650141393448,3686.6707328586067,3697.322383,2020-11-22 15:00:00
3892.642536,-10.651650141393448,3879.4691338586067,3890.120784,2020-11-22 16:00:00
4190.225282,-10.651650141393448,4175.827865858607,4186.479516,2020-11-22 17:00:00
4152.753203,-10.651650141393448,4068.8096718586066,4079.461322,2020-11-22 18:00:00
4034.077921,-10.651650141393448,3894.8834588586064,3905.535109,2020-11-22 19:00:00
3885.036167,-10.651650141393448,3789.7650708586066,3800.416721,2020-11-22 20:00:00
3660.801619,-10.651650141393448,3694.3168758586066,3704.968526,2020-11-22 21:00:00
3437.494303,-10.651650141393448,3470.4421668586065,3481.093817,2020-11-22 22:00:00
3211.966009,-10.651650141393448,3274.9506558586068,3285.602306,2020-11-22 23:00:00
3039.634707,-10.651650141393448,3122.2133318586066,3132.864982,2020-11-23 00:00:00
2936.399255,-10.651650141393448,2973.7143058586066,2984.365956,2020-11-23 01:00:00
2882.356499,-10.651650141393448,3029.6379078586065,3040.289558,2020-11-23 02:00:00
2891.72702,-10.651650141393448,3004.6444008586063,3015.296051,2020-11-23 03:00:00
3005.015524,-10.651650141393448,3092.5913528586066,3103.243003,2020-11-23 04:00:00
3302.901705,-10.651650141393448,3298.1587618586063,3308.810412,2020-11-23 05:00:00
3527.686904,-10.651650141393448,3145.4411928586064,3156.092843,2020-11-23 06:00:00
3634.80813,-10.651650141393448,3159.9441628586064,3170.595813,2020-11-23 07:00:00
3807.685817,-10.651650141393448,3242.0322478586068,3252.683898,2020-11-23 08:00:00
3950.931012,-10.651650141393448,3493.1914698586065,3503.84312,2020-11-23 09:00:00
4055.552633,-10.651650141393448,3836.9877638586067,3847.639414,2020-11-23 10:00:00
4140.567856,-10.651650141393448,3619.7680898586063,3630.41974,2020-11-23 11:00:00
4196.050919,-10.651650141393448,3647.8234788586064,3658.475129,2020-11-23 12:00:00
4245.753931,-10.651650141393448,3632.6594778586064,3643.311128,2020-11-23 13:00:00
4254.335832,-10.651650141393448,3709.6318708586064,3720.283521,2020-11-23 14:00:00
4213.280102,-10.651650141393448,3648.1706138586064,3658.822264,2020-11-23 15:00:00
4316.740566,-10.651650141393448,3726.0383988586063,3736.690049,2020-11-23 16:00:00
4522.86749,-10.651650141393448,3997.5183298586066,4008.16998,2020-11-23 17:00:00
4407.296619,-10.651650141393448,4063.3179888586064,4073.969639,2020-11-23 18:00:00
4268.300453,-10.651650141393448,4007.4109198586066,4018.06257,2020-11-23 19:00:00
4095.28695,-10.651650141393448,3776.2226258586065,3786.874276,2020-11-23 20:00:00
3843.194615,-10.651650141393448,3606.8479818586065,3617.499632,2020-11-23 21:00:00
3555.163779,-10.651650141393448,3391.9780718586067,3402.629722,2020-11-23 22:00:00
3298.862225,-10.651650141393448,3317.3174578586063,3327.969108,2020-11-23 23:00:00
3112.891426,-10.651650141393448,3089.5747918586067,3100.226442,2020-11-24 00:00:00
2999.134497,-10.651650141393448,2959.9686108586066,2970.620261,2020-11-24 01:00:00
2926.715704,-10.651650141393448,2954.7395448586067,2965.391195,2020-11-24 02:00:00
2932.916062,-10.651650141393448,2940.2940438586065,2950.945694,2020-11-24 03:00:00
3034.440004,-10.651650141393448,2869.4476408586065,2880.099291,2020-11-24 04:00:00
3284.768589,-10.651650141393448,2993.6622738586066,3004.313924,2020-11-24 05:00:00
3537.410808,-10.651650141393448,3494.5365708586064,3505.188221,2020-11-24 06:00:00
3647.962293,-10.651650141393448,3707.7616518586065,3718.413302,2020-11-24 07:00:00
3794.744043,-10.651650141393448,3775.3316768586064,3785.983327,2020-11-24 08:00:00
3906.192033,-10.651650141393448,3823.5017728586067,3834.153423,2020-11-24 09:00:00
3998.251815,-10.651650141393448,3850.3574268586067,3861.009077,2020-11-24 10:00:00
4075.004607,-10.651650141393448,3924.8874618586065,3935.539112,2020-11-24 11:00:00
4103.333574,-10.651650141393448,3994.3118448586065,4004.963495,2020-11-24 12:00:00
4141.71685,-10.651650141393448,4037.5479958586066,4048.199646,2020-11-24 13:00:00
4148.640384,-10.651650141393448,4135.233478858607,4145.885129,2020-11-24 14:00:00
4121.387505,-10.651650141393448,4005.9914538586067,4016.643104,2020-11-24 15:00:00
4225.893028,-10.651650141393448,4096.013363858607,4106.665014,2020-11-24 16:00:00
4455.785462,-10.651650141393448,4372.191415858607,4382.843066,2020-11-24 17:00:00
4351.855819,-10.651650141393448,4403.989520858607,4414.641171,2020-11-24 18:00:00
4224.426866,-10.651650141393448,4283.4604248586065,4294.112075,2020-11-24 19:00:00
4074.175844,-10.651650141393448,4068.2911528586064,4078.942803,2020-11-24 20:00:00
3835.203606,-10.651650141393448,3795.0863148586063,3805.737965,2020-11-24 21:00:00
3558.102422,-10.651650141393448,3632.9095418586066,3643.561192,2020-11-24 22:00:00
3306.827228,-10.651650141393448,3338.2389948586065,3348.890645,2020-11-24 23:00:00
3116.534894,-10.651650141393448,3182.4326548586064,3193.084305,2020-11-25 00:00:00
3007.411375,-10.651650141393448,3029.2349978586067,3039.886648,2020-11-25 01:00:00
2935.863285,-10.651650141393448,2946.3151608586063,2956.966811,2020-11-25 02:00:00
2953.289151,-10.651650141393448,2919.0106648586066,2929.662315,2020-11-25 03:00:00
3057.408898,-10.651650141393448,3015.6507588586064,3026.302409,2020-11-25 04:00:00
3291.06444,-10.651650141393448,3323.0386978586066,3333.690348,2020-11-25 05:00:00
3496.66297,-10.651650141393448,3601.5837578586065,3612.235408,2020-11-25 06:00:00
3610.194665,-10.651650141393448,3675.9346708586068,3686.586321,2020-11-25 07:00:00
3748.473992,-10.651650141393448,3672.1856998586063,3682.83735,2020-11-25 08:00:00
3872.070703,-10.651650141393448,3794.8732468586063,3805.524897,2020-11-25 09:00:00
3954.434659,-10.651650141393448,3833.3938528586064,3844.045503,2020-11-25 10:00:00
3986.277767,-10.651650141393448,4040.2847598586063,4050.93641,2020-11-25 11:00:00
4001.759226,-10.651650141393448,3983.7516668586063,3994.403317,2020-11-25 12:00:00
4010.252555,-10.651650141393448,4030.4851788586066,4041.136829,2020-11-25 13:00:00
3971.897709,-10.651650141393448,4099.931044858607,4110.582695,2020-11-25 14:00:00
3928.650366,-10.651650141393448,4102.387947858607,4113.039598,2020-11-25 15:00:00
4080.962887,-10.651650141393448,4092.7922408586064,4103.443891,2020-11-25 16:00:00
4315.164009,-10.651650141393448,4188.507300858607,4199.158951,2020-11-25 17:00:00
4228.913824,-10.651650141393448,4178.587664858606,4189.239315,2020-11-25 18:00:00
4108.238554,-10.651650141393448,4218.752300858607,4229.403951,2020-11-25 19:00:00
3977.485401,-10.651650141393448,4206.915925858607,4217.567576,2020-11-25 20:00:00
3791.119184,-10.651650141393448,3778.2376188586063,3788.889269,2020-11-25 21:00:00
3552.844641,-10.651650141393448,3684.7283438586064,3695.379994,2020-11-25 22:00:00
3307.131104,-10.651650141393448,3344.6631868586064,3355.314837,2020-11-25 23:00:00
3082.86075,-10.651650141393448,3091.3389118586065,3101.990562,2020-11-26 00:00:00
2953.8134,-10.651650141393448,3037.1080308586065,3047.759681,2020-11-26 01:00:00
2876.83769,-10.651650141393448,2960.3062828586067,2970.957933,2020-11-26 02:00:00
2843.949651,-10.651650141393448,2956.2000078586066,2966.851658,2020-11-26 03:00:00
2867.885895,-10.651650141393448,3000.2442328586067,3010.895883,2020-11-26 04:00:00
2947.486432,-10.651650141393448,3316.9096068586064,3327.561257,2020-11-26 05:00:00
2975.310598,-10.651650141393448,3527.4313518586064,3538.083002,2020-11-26 06:00:00
3038.946423,-10.651650141393448,3369.0080528586063,3379.659703,2020-11-26 07:00:00
3234.336265,-10.651650141393448,3687.5905998586063,3698.24225,2020-11-26 08:00:00
3392.403602,-10.651650141393448,3757.9678938586067,3768.619544,2020-11-26 09:00:00
3500.263692,-10.651650141393448,3959.9697408586067,3970.621391,2020-11-26 10:00:00
3546.465783,-10.651650141393448,4026.4244538586067,4037.076104,2020-11-26 11:00:00
3555.248387,-10.651650141393448,4240.506637858606,4251.158288,2020-11-26 12:00:00
3516.158745,-10.651650141393448,4221.7670008586065,4232.418651,2020-11-26 13:00:00
3441.292512,-10.651650141393448,4032.7121148586066,4043.363765,2020-11-26 14:00:00
3384.403671,-10.651650141393448,4233.051891858607,4243.703542,2020-11-26 15:00:00
3463.080173,-10.651650141393448,4095.9494588586067,4106.601109,2020-11-26 16:00:00
3667.023966,-10.651650141393448,4272.018807858606,4282.670458,2020-11-26 17:00:00
3604.710099,-10.651650141393448,4239.756512858607,4250.408163,2020-11-26 18:00:00
3531.79916,-10.651650141393448,4172.077634858607,4182.729285,2020-11-26 19:00:00
3473.231225,-10.651650141393448,4020.9114818586067,4031.563132,2020-11-26 20:00:00
3390.973577,-10.651650141393448,3824.3449298586065,3834.99658,2020-11-26 21:00:00
3244.371215,-10.651650141393448,3618.3005398586065,3628.95219,2020-11-26 22:00:00
3074.472082,-10.651650141393448,3318.8484818586066,3329.500132,2020-11-26 23:00:00
2934.389306,-10.651650141393448,3108.2840228586065,3118.935673,2020-11-27 00:00:00
2845.016642,-10.651650141393448,3011.5956358586063,3022.247286,2020-11-27 01:00:00
2805.442499,-10.651650141393448,2976.0398998586065,2986.69155,2020-11-27 02:00:00
2800.54784,-10.651650141393448,2945.5320368586067,2956.183687,2020-11-27 03:00:00
2854.611683,-10.651650141393448,3321.8180488586067,3332.469699,2020-11-27 04:00:00
2972.034105,-10.651650141393448,3345.1390348586065,3355.790685,2020-11-27 05:00:00
3061.229528,-10.651650141393448,3290.9996058586066,3301.651256,2020-11-27 06:00:00
3135.485404,-10.651650141393448,3091.1009058586064,3101.752556,2020-11-27 07:00:00
3299.256125,-10.651650141393448,3348.0606048586064,3358.712255,2020-11-27 08:00:00
3417.102291,-10.651650141393448,3607.3403458586067,3617.991996,2020-11-27 09:00:00
3493.250972,-10.651650141393448,3785.8368258586065,3796.488476,2020-11-27 10:00:00
3512.873016,-10.651650141393448,3846.4691068586067,3857.120757,2020-11-27 11:00:00
3512.382689,-10.651650141393448,3830.5699568586065,3841.221607,2020-11-27 12:00:00
3490.949045,-10.651650141393448,3813.6660248586063,3824.317675,2020-11-27 13:00:00
3478.296671,-10.651650141393448,3913.9756068586066,3924.627257,2020-11-27 14:00:00
3472.278318,-10.651650141393448,3866.2778568586064,3876.929507,2020-11-27 15:00:00
3659.70884,-10.651650141393448,3783.5299378586064,3794.181588,2020-11-27 16:00:00
3957.868626,-10.651650141393448,3844.6450678586066,3855.296718,2020-11-27 17:00:00
3907.215492,-10.651650141393448,4052.7415408586066,4063.393191,2020-11-27 18:00:00
3813.59486,-10.651650141393448,3996.6577768586067,4007.309427,2020-11-27 19:00:00
3730.457989,-10.651650141393448,3879.4368248586065,3890.088475,2020-11-27 20:00:00
3591.402375,-10.651650141393448,3496.5463688586065,3507.198019,2020-11-27 21:00:00
3396.360403,-10.651650141393448,3555.0489038586065,3565.700554,2020-11-27 22:00:00
3203.6956,-10.651650141393448,3633.1980968586067,3643.849747,2020-11-27 23:00:00
3046.850315,-10.651650141393448,3134.4084068586067,3145.060057,2020-11-28 00:00:00
2942.272767,-10.651650141393448,2955.7798618586066,2966.431512,2020-11-28 01:00:00
2876.163888,-10.651650141393448,2888.5244718586064,2899.176122,2020-11-28 02:00:00
2842.424463,-10.651650141393448,2880.5316168586064,2891.183267,2020-11-28 03:00:00
2874.048767,-10.651650141393448,2915.0204588586066,2925.672109,2020-11-28 04:00:00
2939.865207,-10.651650141393448,3039.2037348586064,3049.855385,2020-11-28 05:00:00
3011.359675,-10.651650141393448,3156.7412778586067,3167.392928,2020-11-28 06:00:00
3087.005815,-10.651650141393448,3286.2310348586066,3296.882685,2020-11-28 07:00:00
3283.605568,-10.651650141393448,3314.2144178586063,3324.866068,2020-11-28 08:00:00
3398.595278,-10.651650141393448,3502.3041708586065,3512.955821,2020-11-28 09:00:00
3473.578814,-10.651650141393448,3613.0265108586063,3623.678161,2020-11-28 10:00:00
3490.615652,-10.651650141393448,3629.7244678586067,3640.376118,2020-11-28 11:00:00
3480.095604,-10.651650141393448,3592.1097108586064,3602.761361,2020-11-28 12:00:00
3439.58142,-10.651650141393448,3562.7062308586064,3573.357881,2020-11-28 13:00:00
3400.448777,-10.651650141393448,3554.3314028586065,3564.983053,2020-11-28 14:00:00
3410.714278,-10.651650141393448,3610.7192458586064,3621.370896,2020-11-28 15:00:00
3573.703771,-10.651650141393448,3590.0921928586067,3600.743843,2020-11-28 16:00:00
3915.70523,-10.651650141393448,4099.393360858607,4110.045011,2020-11-28 17:00:00
3900.412383,-10.651650141393448,3820.0053788586065,3830.657029,2020-11-28 18:00:00
3820.637902,-10.651650141393448,3881.5759078586066,3892.227558,2020-11-28 19:00:00
3719.203171,-10.651650141393448,3697.1881518586065,3707.839802,2020-11-28 20:00:00
3586.545422,-10.651650141393448,3767.4884208586063,3778.140071,2020-11-28 21:00:00
3411.636015,-10.651650141393448,3562.2865998586067,3572.93825,2020-11-28 22:00:00
3229.986608,-10.651650141393448,3263.3434158586065,3273.995066,2020-11-28 23:00:00
3069.329714,-10.651650141393448,3094.9859008586063,3105.637551,2020-11-29 00:00:00
2996.29826,-10.651650141393448,2994.8448868586065,3005.496537,2020-11-29 01:00:00
2933.981725,-10.651650141393448,2964.8186618586064,2975.470312,2020-11-29 02:00:00
2906.841914,-10.651650141393448,2902.0019978586065,2912.653648,2020-11-29 03:00:00
2926.681841,-10.651650141393448,2875.8439038586066,2886.495554,2020-11-29 04:00:00
2968.299738,-10.651650141393448,3013.7520608586065,3024.403711,2020-11-29 05:00:00
3011.376908,-10.651650141393448,2997.3513288586064,3008.002979,2020-11-29 06:00:00
3011.134682,-10.651650141393448,3101.1045628586066,3111.756213,2020-11-29 07:00:00
3154.125366,-10.651650141393448,3276.3787938586065,3287.030444,2020-11-29 08:00:00
3265.329493,-10.651650141393448,3458.3726228586065,3469.024273,2020-11-29 09:00:00
3321.242177,-10.651650141393448,3521.5812508586064,3532.232901,2020-11-29 10:00:00
3343.841287,-10.651650141393448,3425.6609678586065,3436.312618,2020-11-29 11:00:00
3357.460454,-10.651650141393448,3372.0841678586066,3382.735818,2020-11-29 12:00:00
3348.857234,-10.651650141393448,3360.0911228586065,3370.742773,2020-11-29 13:00:00
3344.645831,-10.651650141393448,3382.3586408586066,3393.010291,2020-11-29 14:00:00
3373.633077,-10.651650141393448,3437.1052408586065,3447.756891,2020-11-29 15:00:00
3645.356236,-10.651650141393448,3525.4268218586067,3536.078472,2020-11-29 16:00:00
4023.665992,-10.651650141393448,3992.8615438586066,4003.513194,2020-11-29 17:00:00
4022.51939,-10.651650141393448,3900.7053498586065,3911.357,2020-11-29 18:00:00
3959.617788,-10.651650141393448,3809.5199478586064,3820.171598,2020-11-29 19:00:00
3818.59435,-10.651650141393448,3670.3001108586063,3680.951761,2020-11-29 20:00:00
3611.508317,-10.651650141393448,3514.3401618586067,3524.991812,2020-11-29 21:00:00
3389.635182,-10.651650141393448,3361.9307438586065,3372.582394,2020-11-29 22:00:00
3169.810781,-10.651650141393448,3266.0417418586067,3276.693392,2020-11-29 23:00:00
3016.163748,-10.651650141393448,3134.6189788586066,3145.270629,2020-11-30 00:00:00
2908.564037,-10.651650141393448,3027.1255948586067,3037.777245,2020-11-30 01:00:00
2867.919137,-10.651650141393448,2944.7838258586066,2955.435476,2020-11-30 02:00:00
2879.306014,-10.651650141393448,2952.6548968586067,2963.306547,2020-11-30 03:00:00
2989.734017,-10.651650141393448,2912.2337308586066,2922.885381,2020-11-30 04:00:00
3298.514315,-10.651650141393448,2933.5481328586066,2944.199783,2020-11-30 05:00:00
3608.082631,-10.651650141393448,3022.5355398586066,3033.18719,2020-11-30 06:00:00
3706.223674,-10.651650141393448,3156.6236028586063,3167.275253,2020-11-30 07:00:00
3791.7822,-10.651650141393448,3354.6608068586065,3365.312457,2020-11-30 08:00:00
3846.147786,-10.651650141393448,3344.2789768586067,3354.930627,2020-11-30 09:00:00
3878.549262,-10.651650141393448,3650.3124738586066,3660.964124,2020-11-30 10:00:00
3878.519844,-10.651650141393448,3570.9949608586066,3581.646611,2020-11-30 11:00:00
3865.544687,-10.651650141393448,3601.9685178586064,3612.620168,2020-11-30 12:00:00
3847.912684,-10.651650141393448,3433.4237478586065,3444.075398,2020-11-30 13:00:00
3808.915002,-10.651650141393448,3414.4216598586067,3425.07331,2020-11-30 14:00:00
3817.104568,-10.651650141393448,3419.3093458586063,3429.960996,2020-11-30 15:00:00
4070.595516,-10.651650141393448,3658.6521458586067,3669.303796,2020-11-30 16:00:00
4426.025011,-10.651650141393448,3967.7203348586067,3978.371985,2020-11-30 17:00:00
4401.381979,-10.651650141393448,3946.1783538586064,3956.830004,2020-11-30 18:00:00
4306.781073,-10.651650141393448,3894.1209638586065,3904.772614,2020-11-30 19:00:00
4145.255023,-10.651650141393448,3834.7037858586064,3845.355436,2020-11-30 20:00:00
3907.734171,-10.651650141393448,3665.2071768586065,3675.858827,2020-11-30 21:00:00
3608.891048,-10.651650141393448,3374.0540968586065,3384.705747,2020-11-30 22:00:00
3364.200923,-10.651650141393448,3216.9964848586064,3227.648135,2020-11-30 23:00:00
3155.018433,-10.651650141393448,3054.9374708586065,3065.589121,2020-12-01 00:00:00
3093.523517,-10.651650141393448,2965.1798938586066,2975.831544,2020-12-01 01:00:00
3061.293061,-10.651650141393448,2924.0150458586063,2934.666696,2020-12-01 02:00:00
3073.645403,-10.651650141393448,2872.1194678586066,2882.771118,2020-12-01 03:00:00
3209.01642,-10.651650141393448,2901.0630558586067,2911.714706,2020-12-01 04:00:00
3442.301013,-10.651650141393448,3036.1347508586064,3046.786401,2020-12-01 05:00:00
3625.653043,-10.651650141393448,3395.9251378586064,3406.576788,2020-12-01 06:00:00
3681.566603,-10.651650141393448,3779.4584348586063,3790.110085,2020-12-01 07:00:00
3754.212985,-10.651650141393448,3846.0845328586065,3856.736183,2020-12-01 08:00:00
3787.936626,-10.651650141393448,3822.2161648586066,3832.867815,2020-12-01 09:00:00
3796.395004,-10.651650141393448,3884.3735628586064,3895.025213,2020-12-01 10:00:00
3822.628216,-10.651650141393448,3958.4221858586066,3969.073836,2020-12-01 11:00:00
3806.033464,-10.651650141393448,3936.0451218586063,3946.696772,2020-12-01 12:00:00
3770.951962,-10.651650141393448,4061.7630038586067,4072.414654,2020-12-01 13:00:00
3755.672577,-10.651650141393448,4115.895932858606,4126.547583,2020-12-01 14:00:00
3755.969181,-10.651650141393448,4049.8260638586066,4060.477714,2020-12-01 15:00:00
3989.959564,-10.651650141393448,4216.387558858606,4227.039209,2020-12-01 16:00:00
4354.986172,-10.651650141393448,4132.730429858607,4143.38208,2020-12-01 17:00:00
4333.642548,-10.651650141393448,4261.469392858607,4272.121043,2020-12-01 18:00:00
4289.546264,-10.651650141393448,4228.563894858607,4239.215545,2020-12-01 19:00:00
4165.738717,-10.651650141393448,4197.148486858607,4207.800137,2020-12-01 20:00:00
3924.636316,-10.651650141393448,4016.9066068586067,4027.558257,2020-12-01 21:00:00
3611.964078,-10.651650141393448,3680.2303448586067,3690.881995,2020-12-01 22:00:00
3406.228494,-10.651650141393448,3306.7212948586066,3317.372945,2020-12-01 23:00:00
3255.845982,-10.651650141393448,3158.8464308586067,3169.498081,2020-12-02 00:00:00
3151.341896,-10.651650141393448,3015.2175898586065,3025.86924,2020-12-02 01:00:00
3130.181314,-10.651650141393448,2961.5852048586066,2972.236855,2020-12-02 02:00:00
3157.88642,-10.651650141393448,2942.3036878586067,2952.955338,2020-12-02 03:00:00
3304.460442,-10.651650141393448,2992.0356118586064,3002.687262,2020-12-02 04:00:00
3587.279907,-10.651650141393448,3390.6406128586063,3401.292263,2020-12-02 05:00:00
3803.416605,-10.651650141393448,3554.4526828586067,3565.104333,2020-12-02 06:00:00
3863.114721,-10.651650141393448,3621.3088358586065,3631.960486,2020-12-02 07:00:00
3930.541672,-10.651650141393448,3646.8993298586065,3657.55098,2020-12-02 08:00:00
3971.672492,-10.651650141393448,3712.7929338586064,3723.444584,2020-12-02 09:00:00
3988.863053,-10.651650141393448,3836.4148058586065,3847.066456,2020-12-02 10:00:00
3977.370941,-10.651650141393448,3846.3648288586064,3857.016479,2020-12-02 11:00:00
3940.179568,-10.651650141393448,3914.9014818586065,3925.553132,2020-12-02 12:00:00
3916.246332,-10.651650141393448,3919.3738218586063,3930.025472,2020-12-02 13:00:00
3893.198867,-10.651650141393448,3857.3686948586064,3868.020345,2020-12-02 14:00:00
3929.820064,-10.651650141393448,3885.1981008586067,3895.849751,2020-12-02 15:00:00
4236.87828,-10.651650141393448,4014.2440868586064,4024.895737,2020-12-02 16:00:00
4693.752555,-10.651650141393448,4230.3391268586065,4240.990777,2020-12-02 17:00:00
4709.567707,-10.651650141393448,4081.7734298586065,4092.42508,2020-12-02 18:00:00
4655.532438,-10.651650141393448,4102.510718858606,4113.162369,2020-12-02 19:00:00
4514.568514,-10.651650141393448,3970.8880018586065,3981.539652,2020-12-02 20:00:00
4311.915368,-10.651650141393448,3975.7731278586066,3986.424778,2020-12-02 21:00:00
3966.854912,-10.651650141393448,3618.2167498586064,3628.8684,2020-12-02 22:00:00
3676.647394,-10.651650141393448,3341.5412038586064,3352.192854,2020-12-02 23:00:00
3566.373458,-10.651650141393448,3188.3316178586065,3198.983268,2020-12-03 00:00:00
3452.612556,-10.651650141393448,3102.6761138586066,3113.327764,2020-12-03 01:00:00
3421.198459,-10.651650141393448,3013.0715338586065,3023.723184,2020-12-03 02:00:00
3474.426257,-10.651650141393448,3040.9057208586064,3051.557371,2020-12-03 03:00:00
3622.970358,-10.651650141393448,3132.0622498586067,3142.7139,2020-12-03 04:00:00
3903.883133,-10.651650141393448,3596.9869588586066,3607.638609,2020-12-03 05:00:00
4157.764569,-10.651650141393448,3524.8785518586064,3535.530202,2020-12-03 06:00:00
4167.97196,-10.651650141393448,3634.7195578586065,3645.371208,2020-12-03 07:00:00
4129.200279,-10.651650141393448,3748.8548158586063,3759.506466,2020-12-03 08:00:00
4099.711944,-10.651650141393448,3762.4300118586066,3773.081662,2020-12-03 09:00:00
4019.949755,-10.651650141393448,3897.9646838586063,3908.616334,2020-12-03 10:00:00
3939.754706,-10.651650141393448,3976.7821078586067,3987.433758,2020-12-03 11:00:00
3942.708459,-10.651650141393448,3845.9745438586065,3856.626194,2020-12-03 12:00:00
3892.38402,-10.651650141393448,3894.7109988586067,3905.362649,2020-12-03 13:00:00
3859.06981,-10.651650141393448,3845.4440958586065,3856.095746,2020-12-03 14:00:00
3803.359775,-10.651650141393448,3877.1095408586066,3887.761191,2020-12-03 15:00:00
4099.873395,-10.651650141393448,3904.6767018586065,3915.328352,2020-12-03 16:00:00
4531.947995,-10.651650141393448,4137.509588858607,4148.161239,2020-12-03 17:00:00
4631.426633,-10.651650141393448,4310.535089858607,4321.18674,2020-12-03 18:00:00
4607.452905,-10.651650141393448,4339.622568858606,4350.274219,2020-12-03 19:00:00
4527.088445,-10.651650141393448,4288.517362858606,4299.169013,2020-12-03 20:00:00
4321.381089,-10.651650141393448,4172.950116858607,4183.601767,2020-12-03 21:00:00
4012.867225,-10.651650141393448,3960.3531578586067,3971.004808,2020-12-03 22:00:00
3734.781872,-10.651650141393448,3601.0851448586063,3611.736795,2020-12-03 23:00:00
3527.294401,-10.651650141393448,3429.9810418586067,3440.632692,2020-12-04 00:00:00
3462.790591,-10.651650141393448,3298.3120578586067,3308.963708,2020-12-04 01:00:00
3457.40967,-10.651650141393448,3364.3562288586063,3375.007879,2020-12-04 02:00:00
3414.489978,-10.651650141393448,3389.9413918586065,3400.593042,2020-12-04 03:00:00
3551.799326,-10.651650141393448,3520.4593128586066,3531.110963,2020-12-04 04:00:00
3857.079527,-10.651650141393448,3450.7303928586066,3461.382043,2020-12-04 05:00:00
4053.964243,-10.651650141393448,3701.0940708586063,3711.745721,2020-12-04 06:00:00
4147.548235,-10.651650141393448,3950.4555198586067,3961.10717,2020-12-04 07:00:00
4048.101164,-10.651650141393448,4065.1735008586065,4075.825151,2020-12-04 08:00:00
4012.963466,-10.651650141393448,4259.356831858607,4270.008482,2020-12-04 09:00:00
3964.283725,-10.651650141393448,3942.8886148586066,3953.540265,2020-12-04 10:00:00
3873.064445,-10.651650141393448,3884.6029898586066,3895.25464,2020-12-04 11:00:00
3804.433962,-10.651650141393448,3834.9742008586063,3845.625851,2020-12-04 12:00:00
3757.28489,-10.651650141393448,3794.0203268586065,3804.671977,2020-12-04 13:00:00
3782.357433,-10.651650141393448,4051.9998878586066,4062.651538,2020-12-04 14:00:00
3769.072054,-10.651650141393448,3838.4394078586065,3849.091058,2020-12-04 15:00:00
3987.111535,-10.651650141393448,3818.6832958586065,3829.334946,2020-12-04 16:00:00
4348.084933,-10.651650141393448,4133.401297858606,4144.052948,2020-12-04 17:00:00
4343.620387,-10.651650141393448,4355.803616858607,4366.455267,2020-12-04 18:00:00
4275.072723,-10.651650141393448,4487.019073858606,4497.670724,2020-12-04 19:00:00
4211.286293,-10.651650141393448,4289.918308858607,4300.569959,2020-12-04 20:00:00
3976.105756,-10.651650141393448,4217.827557858606,4228.479208,2020-12-04 21:00:00
3744.949226,-10.651650141393448,4261.755054858607,4272.406705,2020-12-04 22:00:00
3523.193202,-10.651650141393448,3730.2982748586064,3740.949925,2020-12-04 23:00:00
3475.143596,-10.651650141393448,3581.1887498586066,3591.8404,2020-12-05 00:00:00
3334.424706,-10.651650141393448,3428.4716138586064,3439.123264,2020-12-05 01:00:00
3261.063389,-10.651650141393448,3439.9857088586064,3450.637359,2020-12-05 02:00:00
3344.964001,-10.651650141393448,3544.2049498586066,3554.8566,2020-12-05 03:00:00
3371.007394,-10.651650141393448,3615.2589238586065,3625.910574,2020-12-05 04:00:00
3475.113113,-10.651650141393448,3801.3073078586067,3811.958958,2020-12-05 05:00:00
3557.643945,-10.651650141393448,3785.6638558586064,3796.315506,2020-12-05 06:00:00
3581.17561,-10.651650141393448,4045.2498648586065,4055.901515,2020-12-05 07:00:00
3647.939976,-10.651650141393448,4286.366720858607,4297.018371,2020-12-05 08:00:00
3669.90947,-10.651650141393448,4121.673865858606,4132.325516,2020-12-05 09:00:00
3664.638671,-10.651650141393448,3921.4381378586068,3932.089788,2020-12-05 10:00:00
3621.474891,-10.651650141393448,3800.4822968586063,3811.133947,2020-12-05 11:00:00
3565.23656,-10.651650141393448,3708.2307448586066,3718.882395,2020-12-05 12:00:00
3508.5441,-10.651650141393448,3700.3642538586064,3711.015904,2020-12-05 13:00:00
3474.120149,-10.651650141393448,3659.8654188586065,3670.517069,2020-12-05 14:00:00
3486.111863,-10.651650141393448,3642.6319728586063,3653.283623,2020-12-05 15:00:00
3722.862869,-10.651650141393448,3957.8195878586066,3968.471238,2020-12-05 16:00:00
4074.407372,-10.651650141393448,4179.347193858606,4189.998844,2020-12-05 17:00:00
4103.142963,-10.651650141393448,4351.854549858606,4362.5062,2020-12-05 18:00:00
4049.394466,-10.651650141393448,4409.1009558586065,4419.752606,2020-12-05 19:00:00
3967.098086,-10.651650141393448,4187.835343858606,4198.486994,2020-12-05 20:00:00
3897.830604,-10.651650141393448,4141.908839858606,4152.56049,2020-12-05 21:00:00
3649.450252,-10.651650141393448,4013.5643498586064,4024.216,2020-12-05 22:00:00
3479.875888,-10.651650141393448,3607.1075268586064,3617.759177,2020-12-05 23:00:00
3343.555868,-10.651650141393448,3587.4625548586064,3598.114205,2020-12-06 00:00:00
3261.879002,-10.651650141393448,3439.6857678586066,3450.337418,2020-12-06 01:00:00
3214.865625,-10.651650141393448,3486.1354248586067,3496.787075,2020-12-06 02:00:00
3221.006655,-10.651650141393448,3482.3982798586067,3493.04993,2020-12-06 03:00:00
3270.428931,-10.651650141393448,3645.6945458586065,3656.346196,2020-12-06 04:00:00
3363.274213,-10.651650141393448,3547.7194948586066,3558.371145,2020-12-06 05:00:00
3415.319221,-10.651650141393448,3769.3295478586065,3779.981198,2020-12-06 06:00:00
3441.650774,-10.651650141393448,3835.6123918586063,3846.264042,2020-12-06 07:00:00
3468.073121,-10.651650141393448,3670.0747928586065,3680.726443,2020-12-06 08:00:00
3498.259542,-10.651650141393448,3747.4085508586063,3758.060201,2020-12-06 09:00:00
3498.028695,-10.651650141393448,3656.0237028586066,3666.675353,2020-12-06 10:00:00
3465.05787,-10.651650141393448,3570.9560918586067,3581.607742,2020-12-06 11:00:00
3420.555284,-10.651650141393448,3606.8883648586066,3617.540015,2020-12-06 12:00:00
3389.994472,-10.651650141393448,3585.4010398586065,3596.05269,2020-12-06 13:00:00
3369.78392,-10.651650141393448,3593.2636748586065,3603.915325,2020-12-06 14:00:00
3400.25474,-10.651650141393448,3522.4409568586066,3533.092607,2020-12-06 15:00:00
3692.42755,-10.651650141393448,3460.0951728586065,3470.746823,2020-12-06 16:00:00
4139.93074,-10.651650141393448,3769.1382608586064,3779.789911,2020-12-06 17:00:00
4204.806014,-10.651650141393448,4074.4425508586064,4085.094201,2020-12-06 18:00:00
4181.388517,-10.651650141393448,4066.6264698586065,4077.27812,2020-12-06 19:00:00
4091.748982,-10.651650141393448,3924.7184078586065,3935.370058,2020-12-06 20:00:00
3884.637778,-10.651650141393448,3905.4616348586064,3916.113285,2020-12-06 21:00:00
3634.483827,-10.651650141393448,3897.9159628586067,3908.567613,2020-12-06 22:00:00
3431.538746,-10.651650141393448,3470.6147328586067,3481.266383,2020-12-06 23:00:00
3300.134179,-10.651650141393448,3493.9492628586067,3504.600913,2020-12-07 00:00:00
3232.981589,-10.651650141393448,3303.6332528586067,3314.284903,2020-12-07 01:00:00
3226.686049,-10.651650141393448,3357.6817298586066,3368.33338,2020-12-07 02:00:00
3286.245061,-10.651650141393448,3404.2657978586067,3414.917448,2020-12-07 03:00:00
3437.632914,-10.651650141393448,3417.8616938586065,3428.513344,2020-12-07 04:00:00
3738.591932,-10.651650141393448,3591.0213628586066,3601.673013,2020-12-07 05:00:00
3993.236115,-10.651650141393448,3603.4702648586067,3614.121915,2020-12-07 06:00:00
3996.308763,-10.651650141393448,3544.0195528586064,3554.671203,2020-12-07 07:00:00
3992.016094,-10.651650141393448,3636.7298588586063,3647.381509,2020-12-07 08:00:00
3977.155961,-10.651650141393448,3710.6686268586063,3721.320277,2020-12-07 09:00:00
3970.940675,-10.651650141393448,3699.2209028586067,3709.872553,2020-12-07 10:00:00
3915.249501,-10.651650141393448,3680.8430768586063,3691.494727,2020-12-07 11:00:00
3880.975624,-10.651650141393448,3685.2548098586067,3695.90646,2020-12-07 12:00:00
3851.81538,-10.651650141393448,3738.6150108586066,3749.266661,2020-12-07 13:00:00
3849.816617,-10.651650141393448,3756.7091668586067,3767.360817,2020-12-07 14:00:00
3817.592225,-10.651650141393448,3811.6853158586064,3822.336966,2020-12-07 15:00:00
4064.455835,-10.651650141393448,3735.9268898586065,3746.57854,2020-12-07 16:00:00
4496.848816,-10.651650141393448,3715.8580518586064,3726.509702,2020-12-07 17:00:00
4503.385823,-10.651650141393448,4100.695236858606,4111.346887,2020-12-07 18:00:00
4449.206678,-10.651650141393448,4160.139590858606,4170.791241,2020-12-07 19:00:00
4330.740999,-10.651650141393448,3988.3547768586063,3999.006427,2020-12-07 20:00:00
4084.719783,-10.651650141393448,3900.3289818586063,3910.980632,2020-12-07 21:00:00
3757.945052,-10.651650141393448,3644.2922368586064,3654.943887,2020-12-07 22:00:00
3477.316105,-10.651650141393448,3436.8622198586067,3447.51387,2020-12-07 23:00:00
3326.044299,-10.651650141393448,3376.2695228586067,3386.921173,2020-12-08 00:00:00
3260.918267,-10.651650141393448,3452.4709408586064,3463.122591,2020-12-08 01:00:00
3243.612121,-10.651650141393448,3488.6550758586063,3499.306726,2020-12-08 02:00:00
3286.158741,-10.651650141393448,3491.3640538586064,3502.015704,2020-12-08 03:00:00
3446.994048,-10.651650141393448,3254.6435548586064,3265.295205,2020-12-08 04:00:00
3732.478923,-10.651650141393448,3348.9220388586064,3359.573689,2020-12-08 05:00:00
3974.074054,-10.651650141393448,3582.7888998586063,3593.44055,2020-12-08 06:00:00
3973.459572,-10.651650141393448,3753.9154118586066,3764.567062,2020-12-08 07:00:00
3925.557997,-10.651650141393448,3760.8838458586065,3771.535496,2020-12-08 08:00:00
3923.413791,-10.651650141393448,3850.2536078586063,3860.905258,2020-12-08 09:00:00
3908.186399,-10.651650141393448,3896.6031858586066,3907.254836,2020-12-08 10:00:00
3875.713828,-10.651650141393448,3922.2711918586065,3932.922842,2020-12-08 11:00:00
3859.449224,-10.651650141393448,3947.1360648586065,3957.787715,2020-12-08 12:00:00
3825.883209,-10.651650141393448,3880.3162018586067,3890.967852,2020-12-08 13:00:00
3813.930992,-10.651650141393448,3821.1577378586067,3831.809388,2020-12-08 14:00:00
3794.026198,-10.651650141393448,3811.4754928586067,3822.127143,2020-12-08 15:00:00
4018.970177,-10.651650141393448,3861.7790038586063,3872.430654,2020-12-08 16:00:00
4441.977027,-10.651650141393448,4063.4905838586064,4074.142234,2020-12-08 17:00:00
4441.38702,-10.651650141393448,4490.039074858607,4500.690725,2020-12-08 18:00:00
4377.56872,-10.651650141393448,4429.560338858607,4440.211989,2020-12-08 19:00:00
4251.343945,-10.651650141393448,4412.502961858607,4423.154612,2020-12-08 20:00:00
4016.669711,-10.651650141393448,4085.831441858607,4096.483092,2020-12-08 21:00:00
3697.854115,-10.651650141393448,3747.5666538586065,3758.218304,2020-12-08 22:00:00
3448.889923,-10.651650141393448,3467.3736228586067,3478.025273,2020-12-08 23:00:00
3310.612869,-10.651650141393448,3301.1250958586065,3311.776746,2020-12-09 00:00:00
3247.859602,-10.651650141393448,3185.4053368586065,3196.056987,2020-12-09 01:00:00
3223.468673,-10.651650141393448,3198.0255448586067,3208.677195,2020-12-09 02:00:00
3268.920212,-10.651650141393448,3450.8334698586063,3461.48512,2020-12-09 03:00:00
3425.142141,-10.651650141393448,3370.6564428586066,3381.308093,2020-12-09 04:00:00
3715.022032,-10.651650141393448,3556.6394648586065,3567.291115,2020-12-09 05:00:00
3958.538762,-10.651650141393448,3821.0481618586064,3831.699812,2020-12-09 06:00:00
3964.764423,-10.651650141393448,3898.9324438586063,3909.584094,2020-12-09 07:00:00
3917.825885,-10.651650141393448,3905.9492908586067,3916.600941,2020-12-09 08:00:00
3919.252372,-10.651650141393448,3733.8599728586064,3744.511623,2020-12-09 09:00:00
3909.913048,-10.651650141393448,3768.4260518586066,3779.077702,2020-12-09 10:00:00
3877.955149,-10.651650141393448,3793.1570618586065,3803.808712,2020-12-09 11:00:00
3848.829786,-10.651650141393448,3849.8964578586065,3860.548108,2020-12-09 12:00:00
3831.877557,-10.651650141393448,3782.5343968586067,3793.186047,2020-12-09 13:00:00
3811.858286,-10.651650141393448,3684.4280368586064,3695.079687,2020-12-09 14:00:00
3801.056009,-10.651650141393448,3616.7859878586064,3627.437638,2020-12-09 15:00:00
4016.409229,-10.651650141393448,3824.8437198586066,3835.49537,2020-12-09 16:00:00
4447.713526,-10.651650141393448,4215.527918858606,4226.179569,2020-12-09 17:00:00
4426.819947,-10.651650141393448,4266.166700858606,4276.818351,2020-12-09 18:00:00
4334.762288,-10.651650141393448,4243.488466858606,4254.140117,2020-12-09 19:00:00
4209.379263,-10.651650141393448,4175.282212858607,4185.933863,2020-12-09 20:00:00
3980.303727,-10.651650141393448,3996.1616288586065,4006.813279,2020-12-09 21:00:00
3644.068264,-10.651650141393448,3776.1533408586065,3786.804991,2020-12-09 22:00:00
3404.355939,-10.651650141393448,3463.9468318586064,3474.598482,2020-12-09 23:00:00
3259.370546,-10.651650141393448,3275.9671288586064,3286.618779,2020-12-10 00:00:00
3180.927699,-10.651650141393448,3233.5010478586064,3244.152698,2020-12-10 01:00:00
3156.654356,-10.651650141393448,3233.9986868586066,3244.650337,2020-12-10 02:00:00
3196.228028,-10.651650141393448,3398.7171158586066,3409.368766,2020-12-10 03:00:00
3335.907439,-10.651650141393448,3638.1115488586065,3648.763199,2020-12-10 04:00:00
3625.90055,-10.651650141393448,3685.1481378586063,3695.799788,2020-12-10 05:00:00
3854.647854,-10.651650141393448,3819.2032458586064,3829.854896,2020-12-10 06:00:00
3861.708471,-10.651650141393448,3930.8109778586067,3941.462628,2020-12-10 07:00:00
3868.535784,-10.651650141393448,3829.7131128586066,3840.364763,2020-12-10 08:00:00
3890.053354,-10.651650141393448,3818.8334998586065,3829.48515,2020-12-10 09:00:00
3896.91101,-10.651650141393448,3868.5508708586067,3879.202521,2020-12-10 10:00:00
3893.369414,-10.651650141393448,3775.5181658586066,3786.169816,2020-12-10 11:00:00
3894.022814,-10.651650141393448,3836.0897968586064,3846.741447,2020-12-10 12:00:00
3890.471841,-10.651650141393448,3784.9738808586067,3795.625531,2020-12-10 13:00:00
3873.188823,-10.651650141393448,3685.5433128586064,3696.194963,2020-12-10 14:00:00
3843.818104,-10.651650141393448,3620.8855988586065,3631.537249,2020-12-10 15:00:00
4039.265622,-10.651650141393448,3957.4101158586063,3968.061766,2020-12-10 16:00:00
4430.060909,-10.651650141393448,4406.778550858607,4417.430201,2020-12-10 17:00:00
4400.886449,-10.651650141393448,4296.890181858606,4307.541832,2020-12-10 18:00:00
4283.243674,-10.651650141393448,4192.247435858607,4202.899086,2020-12-10 19:00:00
4148.252248,-10.651650141393448,4182.740399858607,4193.39205,2020-12-10 20:00:00
3907.336879,-10.651650141393448,4128.294305858606,4138.945956,2020-12-10 21:00:00
3593.256597,-10.651650141393448,3899.1347348586064,3909.786385,2020-12-10 22:00:00
3348.761667,-10.651650141393448,3465.0568348586066,3475.708485,2020-12-10 23:00:00
3200.034726,-10.651650141393448,3214.0245848586064,3224.676235,2020-12-11 00:00:00
3129.549283,-10.651650141393448,3332.4325188586067,3343.084169,2020-12-11 01:00:00
3097.655703,-10.651650141393448,3198.3062458586064,3208.957896,2020-12-11 02:00:00
3127.103355,-10.651650141393448,3244.8396478586064,3255.491298,2020-12-11 03:00:00
3251.859704,-10.651650141393448,3414.6744738586067,3425.326124,2020-12-11 04:00:00
3524.806399,-10.651650141393448,3933.1796148586063,3943.831265,2020-12-11 05:00:00
3757.363278,-10.651650141393448,4120.813497858607,4131.465148,2020-12-11 06:00:00
3736.61779,-10.651650141393448,3847.5216068586064,3858.173257,2020-12-11 07:00:00
3811.488881,-10.651650141393448,3869.6595408586063,3880.311191,2020-12-11 08:00:00
3835.868101,-10.651650141393448,3834.3219638586065,3844.973614,2020-12-11 09:00:00
3858.462764,-10.651650141393448,3835.8869078586067,3846.538558,2020-12-11 10:00:00
3865.714942,-10.651650141393448,3895.2209848586067,3905.872635,2020-12-11 11:00:00
3850.325395,-10.651650141393448,3857.5821308586064,3868.233781,2020-12-11 12:00:00
3836.368247,-10.651650141393448,3782.3888348586065,3793.040485,2020-12-11 13:00:00
3801.181303,-10.651650141393448,3788.4223118586065,3799.073962,2020-12-11 14:00:00
3784.613946,-10.651650141393448,3597.5683378586064,3608.219988,2020-12-11 15:00:00
3998.189683,-10.651650141393448,3888.9168008586066,3899.568451,2020-12-11 16:00:00
4341.954738,-10.651650141393448,4166.468940858606,4177.120591,2020-12-11 17:00:00
4276.062353,-10.651650141393448,4182.930102858607,4193.581753,2020-12-11 18:00:00
4171.284339,-10.651650141393448,4204.586765858607,4215.238416,2020-12-11 19:00:00
4053.52593,-10.651650141393448,4201.965007858606,4212.616658,2020-12-11 20:00:00
3879.054524,-10.651650141393448,4040.2714468586064,4050.923097,2020-12-11 21:00:00
3623.745347,-10.651650141393448,3813.3684128586065,3824.020063,2020-12-11 22:00:00
3382.844608,-10.651650141393448,3478.3269958586066,3488.978646,2020-12-11 23:00:00
3220.270933,-10.651650141393448,3235.8249528586066,3246.476603,2020-12-12 00:00:00
3122.315606,-10.651650141393448,3153.5643188586064,3164.215969,2020-12-12 01:00:00
3069.786257,-10.651650141393448,3176.7747428586067,3187.426393,2020-12-12 02:00:00
3076.684246,-10.651650141393448,3236.6521098586063,3247.30376,2020-12-12 03:00:00
3130.109482,-10.651650141393448,3313.0710288586065,3323.722679,2020-12-12 04:00:00
3238.99636,-10.651650141393448,3519.7064778586064,3530.358128,2020-12-12 05:00:00
3335.916958,-10.651650141393448,4002.1498748586064,4012.801525,2020-12-12 06:00:00
3373.505166,-10.651650141393448,3851.0679558586066,3861.719606,2020-12-12 07:00:00
3455.73387,-10.651650141393448,3803.6408938586064,3814.292544,2020-12-12 08:00:00
3530.68978,-10.651650141393448,3847.8082118586067,3858.459862,2020-12-12 09:00:00
3559.406468,-10.651650141393448,3792.5142948586067,3803.165945,2020-12-12 10:00:00
3535.279266,-10.651650141393448,3733.8821458586067,3744.533796,2020-12-12 11:00:00
3496.828009,-10.651650141393448,3778.3625228586066,3789.014173,2020-12-12 12:00:00
3449.035219,-10.651650141393448,3707.6491978586064,3718.300848,2020-12-12 13:00:00
3422.596152,-10.651650141393448,3750.0206958586064,3760.672346,2020-12-12 14:00:00
3446.722761,-10.651650141393448,3738.6820108586066,3749.333661,2020-12-12 15:00:00
3697.490591,-10.651650141393448,3830.7283228586066,3841.379973,2020-12-12 16:00:00
4086.325296,-10.651650141393448,4160.422517858607,4171.074168,2020-12-12 17:00:00
4071.993656,-10.651650141393448,4086.8887448586065,4097.540395,2020-12-12 18:00:00
3997.089095,-10.651650141393448,4125.6659648586065,4136.317615,2020-12-12 19:00:00
3900.167199,-10.651650141393448,4092.0741438586065,4102.725794,2020-12-12 20:00:00
3760.271476,-10.651650141393448,3948.5503258586064,3959.201976,2020-12-12 21:00:00
3549.156461,-10.651650141393448,3646.5396928586065,3657.191343,2020-12-12 22:00:00
3347.172375,-10.651650141393448,3395.7538408586065,3406.405491,2020-12-12 23:00:00
3195.374496,-10.651650141393448,3335.1684548586063,3345.820105,2020-12-13 00:00:00
3114.983004,-10.651650141393448,3225.4058498586064,3236.0575,2020-12-13 01:00:00
3077.522868,-10.651650141393448,3162.2837558586066,3172.935406,2020-12-13 02:00:00
3052.87442,-10.651650141393448,3263.3498278586067,3274.001478,2020-12-13 03:00:00
3080.810416,-10.651650141393448,3218.0967198586063,3228.74837,2020-12-13 04:00:00
3159.764247,-10.651650141393448,3433.3388978586067,3443.990548,2020-12-13 05:00:00
3204.762836,-10.651650141393448,3369.8834388586065,3380.535089,2020-12-13 06:00:00
3305.376487,-10.651650141393448,3519.9214138586067,3530.573064,2020-12-13 07:00:00
3309.878296,-10.651650141393448,3395.3911598586064,3406.04281,2020-12-13 08:00:00
3369.039839,-10.651650141393448,3472.2074268586066,3482.859077,2020-12-13 09:00:00
3405.878864,-10.651650141393448,3606.6000118586066,3617.251662,2020-12-13 10:00:00
3408.351536,-10.651650141393448,3537.8548858586064,3548.506536,2020-12-13 11:00:00
3393.48474,-10.651650141393448,3471.7729618586063,3482.424612,2020-12-13 12:00:00
3371.368918,-10.651650141393448,3317.7841948586065,3328.435845,2020-12-13 13:00:00
3372.707743,-10.651650141393448,3534.1197218586067,3544.771372,2020-12-13 14:00:00
3417.831453,-10.651650141393448,3599.3724868586064,3610.024137,2020-12-13 15:00:00
3713.630911,-10.651650141393448,3567.9163678586065,3578.568018,2020-12-13 16:00:00
4226.241499,-10.651650141393448,3770.6716958586067,3781.323346,2020-12-13 17:00:00
4183.401115,-10.651650141393448,4131.728206858606,4142.379857,2020-12-13 18:00:00
4156.950608,-10.651650141393448,3983.7977178586066,3994.449368,2020-12-13 19:00:00
4037.658329,-10.651650141393448,4003.7900118586067,4014.441662,2020-12-13 20:00:00
3806.287388,-10.651650141393448,3794.1251648586067,3804.776815,2020-12-13 21:00:00
3541.970109,-10.651650141393448,3644.5269698586067,3655.17862,2020-12-13 22:00:00
3331.536357,-10.651650141393448,3382.0138148586066,3392.665465,2020-12-13 23:00:00
3203.080842,-10.651650141393448,3248.1465508586066,3258.798201,2020-12-14 00:00:00
3131.555502,-10.651650141393448,3110.3684208586064,3121.020071,2020-12-14 01:00:00
3138.818595,-10.651650141393448,3073.8053788586067,3084.457029,2020-12-14 02:00:00
3186.084954,-10.651650141393448,3106.9152318586066,3117.566882,2020-12-14 03:00:00
3335.614791,-10.651650141393448,3146.0967998586066,3156.74845,2020-12-14 04:00:00
3627.231511,-10.651650141393448,3238.1596228586063,3248.811273,2020-12-14 05:00:00
3863.985706,-10.651650141393448,3238.8419098586064,3249.49356,2020-12-14 06:00:00
3889.947627,-10.651650141393448,3376.1314528586067,3386.783103,2020-12-14 07:00:00
3884.899879,-10.651650141393448,3484.3667078586063,3495.018358,2020-12-14 08:00:00
3904.362124,-10.651650141393448,3551.2164188586066,3561.868069,2020-12-14 09:00:00
3898.582405,-10.651650141393448,3494.0942758586066,3504.745926,2020-12-14 10:00:00
3871.392646,-10.651650141393448,3709.0433638586064,3719.695014,2020-12-14 11:00:00
3837.619689,-10.651650141393448,3624.3370698586064,3634.98872,2020-12-14 12:00:00
3818.923942,-10.651650141393448,3499.2145138586066,3509.866164,2020-12-14 13:00:00
3792.411452,-10.651650141393448,3708.7568648586066,3719.408515,2020-12-14 14:00:00
3792.515118,-10.651650141393448,3617.4766798586065,3628.12833,2020-12-14 15:00:00
4075.736795,-10.651650141393448,3707.8883068586065,3718.539957,2020-12-14 16:00:00
4541.80836,-10.651650141393448,3761.0979418586066,3771.749592,2020-12-14 17:00:00
4557.484508,-10.651650141393448,4102.272021858606,4112.923672,2020-12-14 18:00:00
4479.436521,-10.651650141393448,4142.204971858607,4152.856622,2020-12-14 19:00:00
4350.040838,-10.651650141393448,3995.1505818586065,4005.802232,2020-12-14 20:00:00
4084.463183,-10.651650141393448,3794.2572318586067,3804.908882,2020-12-14 21:00:00
3749.973059,-10.651650141393448,3558.5683498586063,3569.22,2020-12-14 22:00:00
3486.417528,-10.651650141393448,3299.7486928586063,3310.400343,2020-12-14 23:00:00
3326.620571,-10.651650141393448,3218.5122718586067,3229.163922,2020-12-15 00:00:00
3255.900037,-10.651650141393448,3117.4584668586067,3128.110117,2020-12-15 01:00:00
3233.423838,-10.651650141393448,3090.5849798586064,3101.23663,2020-12-15 02:00:00
3296.396746,-10.651650141393448,3161.0400718586066,3171.691722,2020-12-15 03:00:00
3455.440023,-10.651650141393448,3195.4180708586064,3206.069721,2020-12-15 04:00:00
3724.312773,-10.651650141393448,3353.8206828586067,3364.472333,2020-12-15 05:00:00
3967.331703,-10.651650141393448,3847.7692728586067,3858.420923,2020-12-15 06:00:00
3983.895959,-10.651650141393448,3888.5432188586065,3899.194869,2020-12-15 07:00:00
3953.935026,-10.651650141393448,3939.3898798586065,3950.04153,2020-12-15 08:00:00
3930.870689,-10.651650141393448,3901.5902388586064,3912.241889,2020-12-15 09:00:00
3920.87134,-10.651650141393448,3932.7056808586067,3943.357331,2020-12-15 10:00:00
3924.817469,-10.651650141393448,3973.5085558586065,3984.160206,2020-12-15 11:00:00
3898.522617,-10.651650141393448,3884.9833948586065,3895.635045,2020-12-15 12:00:00
3869.708181,-10.651650141393448,3853.1538308586064,3863.805481,2020-12-15 13:00:00
3820.142063,-10.651650141393448,3837.2055648586065,3847.857215,2020-12-15 14:00:00
3853.572652,-10.651650141393448,3710.8226818586063,3721.474332,2020-12-15 15:00:00
4140.431817,-10.651650141393448,3821.1298628586064,3831.781513,2020-12-15 16:00:00
4642.731965,-10.651650141393448,4211.256150858607,4221.907801,2020-12-15 17:00:00
4631.642313,-10.651650141393448,4398.354722858607,4409.006373,2020-12-15 18:00:00
4543.217416,-10.651650141393448,4308.185193858607,4318.836844,2020-12-15 19:00:00
4391.355203,-10.651650141393448,4471.572943858607,4482.224594,2020-12-15 20:00:00
4123.886973,-10.651650141393448,4164.0867008586065,4174.738351,2020-12-15 21:00:00
3787.654287,-10.651650141393448,3794.9887378586063,3805.640388,2020-12-15 22:00:00
3508.452655,-10.651650141393448,3422.3196868586065,3432.971337,2020-12-15 23:00:00
3346.273323,-10.651650141393448,3283.0060698586067,3293.65772,2020-12-16 00:00:00
3275.162361,-10.651650141393448,3158.8447178586066,3169.496368,2020-12-16 01:00:00
3251.113679,-10.651650141393448,3162.9011188586064,3173.552769,2020-12-16 02:00:00
3291.399964,-10.651650141393448,3180.3400248586067,3190.991675,2020-12-16 03:00:00
3451.680437,-10.651650141393448,3344.8871138586064,3355.538764,2020-12-16 04:00:00
3739.51619,-10.651650141393448,3351.6537448586064,3362.305395,2020-12-16 05:00:00
3981.665633,-10.651650141393448,3787.2541828586063,3797.905833,2020-12-16 06:00:00
3959.529337,-10.651650141393448,3850.6974328586066,3861.349083,2020-12-16 07:00:00
3932.561029,-10.651650141393448,3932.1120928586065,3942.763743,2020-12-16 08:00:00
3928.176821,-10.651650141393448,3877.5117818586064,3888.163432,2020-12-16 09:00:00
3917.001714,-10.651650141393448,3810.7141698586065,3821.36582,2020-12-16 10:00:00
3899.024314,-10.651650141393448,3747.5107318586065,3758.162382,2020-12-16 11:00:00
3866.350876,-10.651650141393448,3791.6869508586065,3802.338601,2020-12-16 12:00:00
3848.3612,-10.651650141393448,3739.9488248586067,3750.600475,2020-12-16 13:00:00
3830.730523,-10.651650141393448,3664.6092908586065,3675.260941,2020-12-16 14:00:00
3842.553482,-10.651650141393448,3650.1815418586066,3660.833192,2020-12-16 15:00:00
4121.742394,-10.651650141393448,3871.2348508586065,3881.886501,2020-12-16 16:00:00
4574.791279,-10.651650141393448,4241.878497858606,4252.530148,2020-12-16 17:00:00
4564.272317,-10.651650141393448,4386.214695858606,4396.866346,2020-12-16 18:00:00
4441.745132,-10.651650141393448,4420.795606858606,4431.447257,2020-12-16 19:00:00
4304.474357,-10.651650141393448,4301.891302858607,4312.542953,2020-12-16 20:00:00
4064.807061,-10.651650141393448,4171.313522858606,4181.965173,2020-12-16 21:00:00
3723.698579,-10.651650141393448,3858.6791358586065,3869.330786,2020-12-16 22:00:00
3448.04244,-10.651650141393448,3491.6783828586067,3502.330033,2020-12-16 23:00:00
3298.182046,-10.651650141393448,3298.3583578586067,3309.010008,2020-12-17 00:00:00
3215.109088,-10.651650141393448,3249.0772648586067,3259.728915,2020-12-17 01:00:00
3183.26915,-10.651650141393448,3236.0355728586064,3246.687223,2020-12-17 02:00:00
3219.438681,-10.651650141393448,3760.7959218586066,3771.447572,2020-12-17 03:00:00
3366.565124,-10.651650141393448,3429.1201928586065,3439.771843,2020-12-17 04:00:00
3634.306402,-10.651650141393448,3519.4527128586064,3530.104363,2020-12-17 05:00:00
3892.913171,-10.651650141393448,3781.1165408586066,3791.768191,2020-12-17 06:00:00
3899.064471,-10.651650141393448,3981.2464358586067,3991.898086,2020-12-17 07:00:00
3923.06429,-10.651650141393448,3982.4382608586066,3993.089911,2020-12-17 08:00:00
3943.367731,-10.651650141393448,3854.0748158586066,3864.726466,2020-12-17 09:00:00
3951.632678,-10.651650141393448,3829.8151098586063,3840.46676,2020-12-17 10:00:00
3931.891909,-10.651650141393448,3721.5910248586065,3732.242675,2020-12-17 11:00:00
3934.17818,-10.651650141393448,3820.2981638586066,3830.949814,2020-12-17 12:00:00
3906.785983,-10.651650141393448,3789.6173408586064,3800.268991,2020-12-17 13:00:00
3890.07959,-10.651650141393448,3676.3076668586064,3686.959317,2020-12-17 14:00:00
3890.562365,-10.651650141393448,3752.6102658586065,3763.261916,2020-12-17 15:00:00
4117.993866,-10.651650141393448,3982.1418988586065,3992.793549,2020-12-17 16:00:00
4524.278257,-10.651650141393448,4435.517097858607,4446.168748,2020-12-17 17:00:00
4490.023675,-10.651650141393448,4515.775603858607,4526.427254,2020-12-17 18:00:00
4414.50499,-10.651650141393448,4380.014498858606,4390.666149,2020-12-17 19:00:00
4288.60888,-10.651650141393448,4168.654271858606,4179.305922,2020-12-17 20:00:00
4032.881096,-10.651650141393448,4126.588299858607,4137.23995,2020-12-17 21:00:00
3709.775941,-10.651650141393448,3804.3774508586066,3815.029101,2020-12-17 22:00:00
3434.650158,-10.651650141393448,3568.5275178586066,3579.179168,2020-12-17 23:00:00
3273.20237,-10.651650141393448,3282.5071738586066,3293.158824,2020-12-18 00:00:00
3179.627279,-10.651650141393448,3249.2278348586065,3259.879485,2020-12-18 01:00:00
3148.692641,-10.651650141393448,3246.8015608586065,3257.453211,2020-12-18 02:00:00
3187.058978,-10.651650141393448,3269.1033288586063,3279.754979,2020-12-18 03:00:00
3331.018645,-10.651650141393448,3599.1736648586066,3609.825315,2020-12-18 04:00:00
3614.225128,-10.651650141393448,3598.8678878586065,3609.519538,2020-12-18 05:00:00
3862.275268,-10.651650141393448,3688.2707728586065,3698.922423,2020-12-18 06:00:00
3888.898734,-10.651650141393448,3899.5290178586065,3910.180668,2020-12-18 07:00:00
3895.652515,-10.651650141393448,3809.9052678586067,3820.556918,2020-12-18 08:00:00
3900.027461,-10.651650141393448,3747.2795818586064,3757.931232,2020-12-18 09:00:00
3897.375995,-10.651650141393448,3821.1625798586065,3831.81423,2020-12-18 10:00:00
3864.692525,-10.651650141393448,3862.4703278586067,3873.121978,2020-12-18 11:00:00
3823.922937,-10.651650141393448,3752.1490378586063,3762.800688,2020-12-18 12:00:00
3795.740662,-10.651650141393448,3747.9548288586066,3758.606479,2020-12-18 13:00:00
3765.390305,-10.651650141393448,3785.6900378586065,3796.341688,2020-12-18 14:00:00
3763.557358,-10.651650141393448,3878.0046928586066,3888.656343,2020-12-18 15:00:00
4007.03108,-10.651650141393448,3989.2299038586066,3999.881554,2020-12-18 16:00:00
4399.514533,-10.651650141393448,4240.295441858607,4250.947092,2020-12-18 17:00:00
4357.362435,-10.651650141393448,4436.847362858606,4447.499013,2020-12-18 18:00:00
4243.33365,-10.651650141393448,4330.4749698586065,4341.12662,2020-12-18 19:00:00
4131.452344,-10.651650141393448,4171.340679858607,4181.99233,2020-12-18 20:00:00
3951.491173,-10.651650141393448,4029.0208608586067,4039.672511,2020-12-18 21:00:00
3704.805878,-10.651650141393448,3817.6937618586066,3828.345412,2020-12-18 22:00:00
3452.705255,-10.651650141393448,3440.8350408586066,3451.486691,2020-12-18 23:00:00
3286.3265,-10.651650141393448,3246.8554128586065,3257.507063,2020-12-19 00:00:00
3181.911862,-10.651650141393448,3200.9898378586067,3211.641488,2020-12-19 01:00:00
3133.370621,-10.651650141393448,3126.1734798586067,3136.82513,2020-12-19 02:00:00
3128.901521,-10.651650141393448,3171.2380208586064,3181.889671,2020-12-19 03:00:00
3175.852916,-10.651650141393448,3296.8869278586067,3307.538578,2020-12-19 04:00:00
3286.101066,-10.651650141393448,3711.7756838586065,3722.427334,2020-12-19 05:00:00
3394.179426,-10.651650141393448,3744.4457838586063,3755.097434,2020-12-19 06:00:00
3444.867661,-10.651650141393448,3730.0464668586064,3740.698117,2020-12-19 07:00:00
3568.977888,-10.651650141393448,3874.2608338586065,3884.912484,2020-12-19 08:00:00
3646.114465,-10.651650141393448,3853.0402288586065,3863.691879,2020-12-19 09:00:00
3645.72138,-10.651650141393448,3760.1210928586065,3770.772743,2020-12-19 10:00:00
3611.45843,-10.651650141393448,3848.2916718586066,3858.943322,2020-12-19 11:00:00
3561.899009,-10.651650141393448,3704.8758348586066,3715.527485,2020-12-19 12:00:00
3521.097618,-10.651650141393448,3739.7805888586067,3750.432239,2020-12-19 13:00:00
3488.717654,-10.651650141393448,3836.9102508586066,3847.561901,2020-12-19 14:00:00
3537.43305,-10.651650141393448,3799.0263998586065,3809.67805,2020-12-19 15:00:00
3846.314356,-10.651650141393448,3821.7469678586067,3832.398618,2020-12-19 16:00:00
4186.448059,-10.651650141393448,4168.178312858607,4178.829963,2020-12-19 17:00:00
4170.092696,-10.651650141393448,4257.123021858606,4267.774672,2020-12-19 18:00:00
4092.340367,-10.651650141393448,4176.244079858607,4186.89573,2020-12-19 19:00:00
4011.272782,-10.651650141393448,4111.296678858606,4121.948329,2020-12-19 20:00:00
3751.452976,-10.651650141393448,3940.0381018586068,3950.689752,2020-12-19 21:00:00
3630.625771,-10.651650141393448,3723.5070878586066,3734.158738,2020-12-19 22:00:00
3425.65437,-10.651650141393448,3428.9774498586066,3439.6291,2020-12-19 23:00:00
3258.750426,-10.651650141393448,3251.6116038586065,3262.263254,2020-12-20 00:00:00
3167.036979,-10.651650141393448,3154.6565458586065,3165.308196,2020-12-20 01:00:00
3125.467742,-10.651650141393448,3124.9116348586067,3135.563285,2020-12-20 02:00:00
3109.105399,-10.651650141393448,3076.2945528586065,3086.946203,2020-12-20 03:00:00
3147.573555,-10.651650141393448,3405.5104428586064,3416.162093,2020-12-20 04:00:00
3212.028201,-10.651650141393448,3207.8843388586065,3218.535989,2020-12-20 05:00:00
3285.775296,-10.651650141393448,3339.0614388586064,3349.713089,2020-12-20 06:00:00
3337.644872,-10.651650141393448,3591.6484198586063,3602.30007,2020-12-20 07:00:00
3440.289291,-10.651650141393448,3518.0342798586066,3528.68593,2020-12-20 08:00:00
3493.621274,-10.651650141393448,3444.7251278586064,3455.376778,2020-12-20 09:00:00
3483.305919,-10.651650141393448,3766.4869898586066,3777.13864,2020-12-20 10:00:00
3456.464954,-10.651650141393448,3628.5565578586065,3639.208208,2020-12-20 11:00:00
3429.022032,-10.651650141393448,3564.9367028586066,3575.588353,2020-12-20 12:00:00
3405.65066,-10.651650141393448,3485.6927418586065,3496.344392,2020-12-20 13:00:00
3402.874808,-10.651650141393448,3586.3507448586065,3597.002395,2020-12-20 14:00:00
3443.460724,-10.651650141393448,3481.7233768586066,3492.375027,2020-12-20 15:00:00
3749.970886,-10.651650141393448,3507.6782748586065,3518.329925,2020-12-20 16:00:00
4231.216229,-10.651650141393448,4059.8698798586065,4070.52153,2020-12-20 17:00:00
4313.667581,-10.651650141393448,4056.4104588586065,4067.062109,2020-12-20 18:00:00
4294.813128,-10.651650141393448,4002.9689388586066,4013.620589,2020-12-20 19:00:00
4222.076214,-10.651650141393448,3987.7936768586064,3998.445327,2020-12-20 20:00:00
4040.840363,-10.651650141393448,3851.2879338586067,3861.939584,2020-12-20 21:00:00
3788.273517,-10.651650141393448,3662.6879498586063,3673.3396,2020-12-20 22:00:00
3535.442081,-10.651650141393448,3361.1500308586064,3371.801681,2020-12-20 23:00:00
3362.529778,-10.651650141393448,3239.8313968586067,3250.483047,2020-12-21 00:00:00
3287.783599,-10.651650141393448,3149.1793748586065,3159.831025,2020-12-21 01:00:00
3256.09386,-10.651650141393448,3092.8809678586067,3103.532618,2020-12-21 02:00:00
3298.745645,-10.651650141393448,3067.8711748586065,3078.522825,2020-12-21 03:00:00
3433.774011,-10.651650141393448,3123.8999428586067,3134.551593,2020-12-21 04:00:00
3706.286971,-10.651650141393448,3387.9507058586064,3398.602356,2020-12-21 05:00:00
3934.690466,-10.651650141393448,3364.7818328586063,3375.433483,2020-12-21 06:00:00
3978.925233,-10.651650141393448,3628.7218418586067,3639.373492,2020-12-21 07:00:00
4020.964031,-10.651650141393448,3726.2579558586067,3736.909606,2020-12-21 08:00:00
4064.820866,-10.651650141393448,3797.9415598586065,3808.59321,2020-12-21 09:00:00
4065.008294,-10.651650141393448,3576.4831388586067,3587.134789,2020-12-21 10:00:00
4011.512124,-10.651650141393448,3516.7120258586065,3527.363676,2020-12-21 11:00:00
3959.060086,-10.651650141393448,3510.6448958586066,3521.296546,2020-12-21 12:00:00
3916.443941,-10.651650141393448,3759.6163838586067,3770.268034,2020-12-21 13:00:00
3898.657428,-10.651650141393448,3787.0286158586064,3797.680266,2020-12-21 14:00:00
3959.094544,-10.651650141393448,3657.1442348586065,3667.795885,2020-12-21 15:00:00
4257.924657,-10.651650141393448,3478.3148888586065,3488.966539,2020-12-21 16:00:00
4777.54067,-10.651650141393448,4056.3641278586065,4067.015778,2020-12-21 17:00:00
4821.969685,-10.651650141393448,4039.6363968586065,4050.288047,2020-12-21 18:00:00
4768.064595,-10.651650141393448,4194.607516858607,4205.259167,2020-12-21 19:00:00
4604.671376,-10.651650141393448,4107.233933858606,4117.885584,2020-12-21 20:00:00
4352.368025,-10.651650141393448,4033.4533188586065,4044.104969,2020-12-21 21:00:00
3986.559004,-10.651650141393448,3673.7749198586066,3684.42657,2020-12-21 22:00:00
3698.492834,-10.651650141393448,3469.9425968586065,3480.594247,2020-12-21 23:00:00
3507.61979,-10.651650141393448,3322.2198278586065,3332.871478,2020-12-22 00:00:00
3423.397947,-10.651650141393448,3168.7987398586065,3179.45039,2020-12-22 01:00:00
3401.157506,-10.651650141393448,3104.8266368586064,3115.478287,2020-12-22 02:00:00
3447.904634,-10.651650141393448,3106.3229198586064,3116.97457,2020-12-22 03:00:00
3607.792815,-10.651650141393448,3259.1982438586065,3269.849894,2020-12-22 04:00:00
3885.305999,-10.651650141393448,3404.0441418586065,3414.695792,2020-12-22 05:00:00
4106.283471,-10.651650141393448,3808.3006978586063,3818.952348,2020-12-22 06:00:00
4138.62571,-10.651650141393448,3932.4691138586063,3943.120764,2020-12-22 07:00:00
4155.348207,-10.651650141393448,3938.5529558586063,3949.204606,2020-12-22 08:00:00
4149.065556,-10.651650141393448,3905.2296978586064,3915.881348,2020-12-22 09:00:00
4099.551742,-10.651650141393448,3882.8608908586066,3893.512541,2020-12-22 10:00:00
4015.946265,-10.651650141393448,3898.8606428586068,3909.512293,2020-12-22 11:00:00
3955.091506,-10.651650141393448,3891.3236128586063,3901.975263,2020-12-22 12:00:00
3895.395369,-10.651650141393448,3858.3905438586066,3869.042194,2020-12-22 13:00:00
3861.644839,-10.651650141393448,3821.6607208586065,3832.312371,2020-12-22 14:00:00
3892.398941,-10.651650141393448,3797.2422328586067,3807.893883,2020-12-22 15:00:00
4181.89435,-10.651650141393448,3998.9562148586065,4009.607865,2020-12-22 16:00:00
4696.688089,-10.651650141393448,4373.506642858607,4384.158293,2020-12-22 17:00:00
4750.427039,-10.651650141393448,4648.152195858606,4658.803846,2020-12-22 18:00:00
4704.994684,-10.651650141393448,4645.008186858607,4655.659837,2020-12-22 19:00:00
4608.232338,-10.651650141393448,4628.788812858606,4639.440463,2020-12-22 20:00:00
4377.456353,-10.651650141393448,4230.917594858606,4241.569245,2020-12-22 21:00:00
4075.316688,-10.651650141393448,4025.3779178586065,4036.029568,2020-12-22 22:00:00
3793.502466,-10.651650141393448,3621.5017768586067,3632.153427,2020-12-22 23:00:00
3627.491733,-10.651650141393448,3383.5242398586065,3394.17589,2020-12-23 00:00:00
3539.775869,-10.651650141393448,3282.9833058586064,3293.634956,2020-12-23 01:00:00
3526.59704,-10.651650141393448,3254.3890948586063,3265.040745,2020-12-23 02:00:00
3578.208614,-10.651650141393448,3295.4631968586064,3306.114847,2020-12-23 03:00:00
3746.22791,-10.651650141393448,3325.1568008586064,3335.808451,2020-12-23 04:00:00
4035.169862,-10.651650141393448,3563.4040338586065,3574.055684,2020-12-23 05:00:00
4259.282115,-10.651650141393448,3895.4785638586063,3906.130214,2020-12-23 06:00:00
4263.997045,-10.651650141393448,4061.5948918586064,4072.246542,2020-12-23 07:00:00
4247.600357,-10.651650141393448,4131.291442858606,4141.943093,2020-12-23 08:00:00
4196.917604,-10.651650141393448,3993.0582598586066,4003.70991,2020-12-23 09:00:00
4131.344397,-10.651650141393448,4006.0459378586065,4016.697588,2020-12-23 10:00:00
4050.104074,-10.651650141393448,3989.9511938586065,4000.602844,2020-12-23 11:00:00
3948.477151,-10.651650141393448,3957.8045058586067,3968.456156,2020-12-23 12:00:00
3880.827041,-10.651650141393448,3854.7236678586064,3865.375318,2020-12-23 13:00:00
3852.000664,-10.651650141393448,3850.0856388586067,3860.737289,2020-12-23 14:00:00
3852.346311,-10.651650141393448,3744.7178178586064,3755.369468,2020-12-23 15:00:00
4154.522103,-10.651650141393448,4091.598391858606,4102.250042,2020-12-23 16:00:00
4706.963086,-10.651650141393448,4340.296335858607,4350.947986,2020-12-23 17:00:00
4774.463941,-10.651650141393448,4969.774238858607,4980.425889,2020-12-23 18:00:00
4746.081904,-10.651650141393448,4691.406380858606,4702.058031,2020-12-23 19:00:00
4654.167102,-10.651650141393448,4412.511228858607,4423.162879,2020-12-23 20:00:00
4447.695274,-10.651650141393448,4262.897667858607,4273.549318,2020-12-23 21:00:00
4138.093982,-10.651650141393448,4202.738216858606,4213.389867,2020-12-23 22:00:00
3866.441123,-10.651650141393448,3734.4081358586063,3745.059786,2020-12-23 23:00:00
3682.225935,-10.651650141393448,3504.7428258586065,3515.394476,2020-12-24 00:00:00
3599.623263,-10.651650141393448,3338.8405268586066,3349.492177,2020-12-24 01:00:00
3584.99098,-10.651650141393448,3355.1047188586067,3365.756369,2020-12-24 02:00:00
3635.616847,-10.651650141393448,3354.3275068586067,3364.979157,2020-12-24 03:00:00
3785.980085,-10.651650141393448,3443.5818778586067,3454.233528,2020-12-24 04:00:00
4056.754252,-10.651650141393448,3848.6718278586063,3859.323478,2020-12-24 05:00:00
4274.783062,-10.651650141393448,4019.9128048586067,4030.564455,2020-12-24 06:00:00
4269.572133,-10.651650141393448,4088.5362708586063,4099.187921,2020-12-24 07:00:00
4244.855317,-10.651650141393448,4037.9698868586065,4048.621537,2020-12-24 08:00:00
4210.207573,-10.651650141393448,4045.1566158586065,4055.808266,2020-12-24 09:00:00
4145.616435,-10.651650141393448,3971.7216498586067,3982.3733,2020-12-24 10:00:00
4053.355529,-10.651650141393448,4069.3118068586064,4079.963457,2020-12-24 11:00:00
3956.946052,-10.651650141393448,3889.3344628586065,3899.986113,2020-12-24 12:00:00
3885.041913,-10.651650141393448,3884.1655748586063,3894.817225,2020-12-24 13:00:00
3862.321214,-10.651650141393448,3807.7954378586064,3818.447088,2020-12-24 14:00:00
3867.888746,-10.651650141393448,3754.7418868586064,3765.393537,2020-12-24 15:00:00
4138.221753,-10.651650141393448,4025.6657278586067,4036.317378,2020-12-24 16:00:00
4666.328026,-10.651650141393448,4409.1716388586065,4419.823289,2020-12-24 17:00:00
4738.447206,-10.651650141393448,4725.527488858606,4736.179139,2020-12-24 18:00:00
4667.409282,-10.651650141393448,4546.875393858607,4557.527044,2020-12-24 19:00:00
4576.1194,-10.651650141393448,4444.152375858606,4454.804026,2020-12-24 20:00:00
4385.551155,-10.651650141393448,4317.677428858607,4328.329079,2020-12-24 21:00:00
4083.638615,-10.651650141393448,4117.7937268586065,4128.445377,2020-12-24 22:00:00
3796.645497,-10.651650141393448,4025.4773638586066,4036.129014,2020-12-24 23:00:00
3600.577216,-10.651650141393448,3633.7421628586067,3644.393813,2020-12-25 00:00:00
3507.064866,-10.651650141393448,3471.7017978586064,3482.353448,2020-12-25 01:00:00
3457.415043,-10.651650141393448,3477.5523178586063,3488.203968,2020-12-25 02:00:00
3473.193527,-10.651650141393448,3463.6241068586064,3474.275757,2020-12-25 03:00:00
3586.232852,-10.651650141393448,3813.0834208586066,3823.735071,2020-12-25 04:00:00
3798.029305,-10.651650141393448,3842.2261778586067,3852.877828,2020-12-25 05:00:00
4009.118696,-10.651650141393448,4028.1587948586066,4038.810445,2020-12-25 06:00:00
4082.769223,-10.651650141393448,4068.2727708586067,4078.924421,2020-12-25 07:00:00
4140.63732,-10.651650141393448,4073.1874858586066,4083.839136,2020-12-25 08:00:00
4160.582931,-10.651650141393448,4078.2709338586064,4088.922584,2020-12-25 09:00:00
4161.693467,-10.651650141393448,4214.168789858607,4224.82044,2020-12-25 10:00:00
4073.070932,-10.651650141393448,4043.0637398586064,4053.71539,2020-12-25 11:00:00
3958.046235,-10.651650141393448,3828.7710358586064,3839.422686,2020-12-25 12:00:00
3873.095552,-10.651650141393448,3886.8380388586065,3897.489689,2020-12-25 13:00:00
3819.37639,-10.651650141393448,3827.4999448586063,3838.151595,2020-12-25 14:00:00
3809.60156,-10.651650141393448,3817.6107758586063,3828.262426,2020-12-25 15:00:00
4041.391177,-10.651650141393448,4011.8297758586064,4022.481426,2020-12-25 16:00:00
4486.232731,-10.651650141393448,4497.329546858607,4507.981197,2020-12-25 17:00:00
4515.425791,-10.651650141393448,4818.591824858607,4829.243475,2020-12-25 18:00:00
4444.431296,-10.651650141393448,4524.217362858607,4534.869013,2020-12-25 19:00:00
4353.701258,-10.651650141393448,4550.901819858606,4561.55347,2020-12-25 20:00:00
4197.788648,-10.651650141393448,4295.791920858606,4306.443571,2020-12-25 21:00:00
3968.754564,-10.651650141393448,4063.7067148586066,4074.358365,2020-12-25 22:00:00
3735.610213,-10.651650141393448,4003.3309518586066,4013.982602,2020-12-25 23:00:00
3555.855233,-10.651650141393448,3509.2652558586065,3519.916906,2020-12-26 00:00:00
3452.365855,-10.651650141393448,3453.5595148586067,3464.211165,2020-12-26 01:00:00
3410.0813,-10.651650141393448,3558.5801668586064,3569.231817,2020-12-26 02:00:00
3399.362649,-10.651650141393448,3583.8367608586063,3594.488411,2020-12-26 03:00:00
3456.648928,-10.651650141393448,3593.7263958586063,3604.378046,2020-12-26 04:00:00
3568.983409,-10.651650141393448,3515.6777328586063,3526.329383,2020-12-26 05:00:00
3674.148277,-10.651650141393448,4029.3050638586064,4039.956714,2020-12-26 06:00:00
3675.42308,-10.651650141393448,4050.3377488586066,4060.989399,2020-12-26 07:00:00
3716.762897,-10.651650141393448,4041.7498228586064,4052.401473,2020-12-26 08:00:00
3720.942205,-10.651650141393448,4039.6672958586064,4050.318946,2020-12-26 09:00:00
3671.23563,-10.651650141393448,3939.8234258586067,3950.475076,2020-12-26 10:00:00
3588.595606,-10.651650141393448,3846.1992448586066,3856.850895,2020-12-26 11:00:00
3506.50303,-10.651650141393448,3858.0152748586065,3868.666925,2020-12-26 12:00:00
3437.237954,-10.651650141393448,3863.6541678586063,3874.305818,2020-12-26 13:00:00
3401.045846,-10.651650141393448,3783.5441988586067,3794.195849,2020-12-26 14:00:00
3399.890272,-10.651650141393448,3713.2280958586066,3723.879746,2020-12-26 15:00:00
3641.815687,-10.651650141393448,3870.6857928586064,3881.337443,2020-12-26 16:00:00
4105.751151,-10.651650141393448,4268.535584858607,4279.187235,2020-12-26 17:00:00
4165.966758,-10.651650141393448,4509.237915858606,4519.889566,2020-12-26 18:00:00
4158.600031,-10.651650141393448,4483.446816858606,4494.098467,2020-12-26 19:00:00
4096.863261,-10.651650141393448,4258.317358858607,4268.969009,2020-12-26 20:00:00
3999.785037,-10.651650141393448,4176.167537858607,4186.819188,2020-12-26 21:00:00
3823.133488,-10.651650141393448,4003.6251118586065,4014.276762,2020-12-26 22:00:00
3629.395524,-10.651650141393448,3833.9410858586066,3844.592736,2020-12-26 23:00:00
3465.064016,-10.651650141393448,3537.2810808586064,3547.932731,2020-12-27 00:00:00
3367.683283,-10.651650141393448,3513.1961578586065,3523.847808,2020-12-27 01:00:00
3319.310043,-10.651650141393448,3371.1138208586067,3381.765471,2020-12-27 02:00:00
3310.013879,-10.651650141393448,3548.1393698586066,3558.79102,2020-12-27 03:00:00
3364.951252,-10.651650141393448,3545.4318068586067,3556.083457,2020-12-27 04:00:00
3469.406263,-10.651650141393448,3586.7885228586065,3597.440173,2020-12-27 05:00:00
3538.838083,-10.651650141393448,3704.9347868586065,3715.586437,2020-12-27 06:00:00
3543.220433,-10.651650141393448,3871.6264368586067,3882.278087,2020-12-27 07:00:00
3553.506106,-10.651650141393448,3826.8227428586065,3837.474393,2020-12-27 08:00:00
3535.900599,-10.651650141393448,3950.9607568586066,3961.612407,2020-12-27 09:00:00
3490.617914,-10.651650141393448,3959.8138868586066,3970.465537,2020-12-27 10:00:00
3432.356191,-10.651650141393448,3677.8000248586063,3688.451675,2020-12-27 11:00:00
3385.995567,-10.651650141393448,3518.3732858586063,3529.024936,2020-12-27 12:00:00
3355.889369,-10.651650141393448,3352.8033208586066,3363.454971,2020-12-27 13:00:00
3336.856706,-10.651650141393448,3459.4396588586064,3470.091309,2020-12-27 14:00:00
3349.007667,-10.651650141393448,3413.3910408586066,3424.042691,2020-12-27 15:00:00
3555.338377,-10.651650141393448,3613.9780168586067,3624.629667,2020-12-27 16:00:00
3963.951483,-10.651650141393448,3866.1655438586067,3876.817194,2020-12-27 17:00:00
3959.213529,-10.651650141393448,4259.045332858606,4269.696983,2020-12-27 18:00:00
3901.006755,-10.651650141393448,4153.740392858606,4164.392043,2020-12-27 19:00:00
3845.48511,-10.651650141393448,4060.1319938586066,4070.783644,2020-12-27 20:00:00
3766.046507,-10.651650141393448,4007.6878008586064,4018.339451,2020-12-27 21:00:00
3650.334929,-10.651650141393448,3932.2568848586066,3942.908535,2020-12-27 22:00:00
3501.386516,-10.651650141393448,3902.6920758586066,3913.343726,2020-12-27 23:00:00
3375.602601,-10.651650141393448,3375.3379398586067,3385.98959,2020-12-28 00:00:00
3310.831584,-10.651650141393448,3341.1950258586066,3351.846676,2020-12-28 01:00:00
3267.975737,-10.651650141393448,3417.4847468586067,3428.136397,2020-12-28 02:00:00
3264.043863,-10.651650141393448,3426.8031518586067,3437.454802,2020-12-28 03:00:00
3307.38334,-10.651650141393448,3316.6351778586063,3327.286828,2020-12-28 04:00:00
3405.627098,-10.651650141393448,3592.6627658586067,3603.314416,2020-12-28 05:00:00
3443.844109,-10.651650141393448,3683.6772858586064,3694.328936,2020-12-28 06:00:00
3405.843298,-10.651650141393448,3632.6412688586065,3643.292919,2020-12-28 07:00:00
3376.843401,-10.651650141393448,3567.6970478586063,3578.348698,2020-12-28 08:00:00
3364.746796,-10.651650141393448,3743.8719308586064,3754.523581,2020-12-28 09:00:00
3333.127744,-10.651650141393448,3606.8139038586064,3617.465554,2020-12-28 10:00:00
3291.936519,-10.651650141393448,3537.9653978586066,3548.617048,2020-12-28 11:00:00
3248.4915,-10.651650141393448,3562.7171268586067,3573.368777,2020-12-28 12:00:00
3195.060805,-10.651650141393448,3577.6912938586065,3588.342944,2020-12-28 13:00:00
3160.936121,-10.651650141393448,3669.4803438586064,3680.131994,2020-12-28 14:00:00
3171.597069,-10.651650141393448,3592.4897738586064,3603.141424,2020-12-28 15:00:00
3350.112709,-10.651650141393448,3596.9042638586066,3607.555914,2020-12-28 16:00:00
3722.932477,-10.651650141393448,4078.0910018586064,4088.742652,2020-12-28 17:00:00
3770.606123,-10.651650141393448,4019.8855438586065,4030.537194,2020-12-28 18:00:00
3776.15973,-10.651650141393448,3970.0466738586065,3980.698324,2020-12-28 19:00:00
3747.747381,-10.651650141393448,4056.4190308586067,4067.070681,2020-12-28 20:00:00
3652.496199,-10.651650141393448,3846.7615988586067,3857.413249,2020-12-28 21:00:00
3491.489291,-10.651650141393448,3723.5118778586066,3734.163528,2020-12-28 22:00:00
3328.089571,-10.651650141393448,3573.1418148586067,3583.793465,2020-12-28 23:00:00
3220.028556,-10.651650141393448,3490.6534378586066,3501.305088,2020-12-29 00:00:00
3173.463826,-10.651650141393448,3468.0862788586064,3478.737929,2020-12-29 01:00:00
3156.910122,-10.651650141393448,3528.0227108586064,3538.674361,2020-12-29 02:00:00
3191.170007,-10.651650141393448,3705.3450238586065,3715.996674,2020-12-29 03:00:00
3306.90076,-10.651650141393448,3489.9814528586066,3500.633103,2020-12-29 04:00:00
3480.674792,-10.651650141393448,3554.3885178586065,3565.040168,2020-12-29 05:00:00
3638.672485,-10.651650141393448,3648.4867218586064,3659.138372,2020-12-29 06:00:00
3682.431332,-10.651650141393448,3559.1844508586064,3569.836101,2020-12-29 07:00:00
3739.613749,-10.651650141393448,3586.3352998586065,3596.98695,2020-12-29 08:00:00
3788.559288,-10.651650141393448,3638.0782778586067,3648.729928,2020-12-29 09:00:00
3797.002092,-10.651650141393448,3603.8815938586067,3614.533244,2020-12-29 10:00:00
3767.916296,-10.651650141393448,3519.1624668586064,3529.814117,2020-12-29 11:00:00
3719.61355,-10.651650141393448,3523.9772208586064,3534.628871,2020-12-29 12:00:00
3667.804157,-10.651650141393448,3493.7071578586065,3504.358808,2020-12-29 13:00:00
3634.220357,-10.651650141393448,3514.5511648586066,3525.202815,2020-12-29 14:00:00
3659.46389,-10.651650141393448,3523.3215658586064,3533.973216,2020-12-29 15:00:00
3912.894354,-10.651650141393448,3694.7306648586064,3705.382315,2020-12-29 16:00:00
4322.243999,-10.651650141393448,3908.2402088586064,3918.891859,2020-12-29 17:00:00
4320.154058,-10.651650141393448,4142.777831858606,4153.429482,2020-12-29 18:00:00
4228.934415,-10.651650141393448,4160.742725858607,4171.394376,2020-12-29 19:00:00
4121.419714,-10.651650141393448,4141.348714858606,4152.000365,2020-12-29 20:00:00
3864.25577,-10.651650141393448,4160.453105858606,4171.104756,2020-12-29 21:00:00
3662.749565,-10.651650141393448,3807.1284308586064,3817.780081,2020-12-29 22:00:00
3418.8212,-10.651650141393448,3484.8125618586064,3495.464212,2020-12-29 23:00:00
3264.931228,-10.651650141393448,3465.7966278586064,3476.448278,2020-12-30 00:00:00
3179.993582,-10.651650141393448,3259.5462528586067,3270.197903,2020-12-30 01:00:00
3167.385665,-10.651650141393448,3180.6699398586065,3191.32159,2020-12-30 02:00:00
3174.836405,-10.651650141393448,3234.0694918586064,3244.721142,2020-12-30 03:00:00
3289.195946,-10.651650141393448,3353.7671368586066,3364.418787,2020-12-30 04:00:00
3451.904805,-10.651650141393448,3534.2621018586065,3544.913752,2020-12-30 05:00:00
3603.957444,-10.651650141393448,3695.6795418586066,3706.331192,2020-12-30 06:00:00
3679.372185,-10.651650141393448,3947.8621968586067,3958.513847,2020-12-30 07:00:00
3791.702943,-10.651650141393448,3892.9315098586067,3903.58316,2020-12-30 08:00:00
3833.628521,-10.651650141393448,3915.7358088586066,3926.387459,2020-12-30 09:00:00
3854.950604,-10.651650141393448,3864.9081538586065,3875.559804,2020-12-30 10:00:00
3837.783734,-10.651650141393448,3837.4423458586066,3848.093996,2020-12-30 11:00:00
3796.637551,-10.651650141393448,3857.3563248586065,3868.007975,2020-12-30 12:00:00
3752.299636,-10.651650141393448,3838.7953948586064,3849.447045,2020-12-30 13:00:00
3702.024595,-10.651650141393448,3811.8856928586065,3822.537343,2020-12-30 14:00:00
3744.346283,-10.651650141393448,3805.9943498586067,3816.646,2020-12-30 15:00:00
3956.508894,-10.651650141393448,3971.4650708586064,3982.116721,2020-12-30 16:00:00
4371.13819,-10.651650141393448,4203.708082858607,4214.359733,2020-12-30 17:00:00
4393.824563,-10.651650141393448,4507.814577858607,4518.466228,2020-12-30 18:00:00
4321.881844,-10.651650141393448,4307.062358858607,4317.714009,2020-12-30 19:00:00
4192.476228,-10.651650141393448,4182.993512858607,4193.645163,2020-12-30 20:00:00
3982.251485,-10.651650141393448,4166.977106858607,4177.628757,2020-12-30 21:00:00
3708.462557,-10.651650141393448,3845.2116518586067,3855.863302,2020-12-30 22:00:00
3468.259281,-10.651650141393448,3690.5386198586066,3701.19027,2020-12-30 23:00:00
3313.446795,-10.651650141393448,3269.5991328586065,3280.250783,2020-12-31 00:00:00
3244.679899,-10.651650141393448,3279.5625358586067,3290.214186,2020-12-31 01:00:00
3224.95564,-10.651650141393448,3148.6206898586065,3159.27234,2020-12-31 02:00:00
3233.995503,-10.651650141393448,3171.1734138586066,3181.825064,2020-12-31 03:00:00
3349.978974,-10.651650141393448,3360.3498248586066,3371.001475,2020-12-31 04:00:00
3540.009736,-10.651650141393448,3570.0481848586064,3580.699835,2020-12-31 05:00:00
3743.153654,-10.651650141393448,3910.5141618586067,3921.165812,2020-12-31 06:00:00
3796.535787,-10.651650141393448,4126.773270858606,4137.424921,2020-12-31 07:00:00
3876.85078,-10.651650141393448,4057.3197608586065,4067.971411,2020-12-31 08:00:00
3937.508325,-10.651650141393448,3928.0866358586063,3938.738286,2020-12-31 09:00:00
3971.248655,-10.651650141393448,3914.9639938586065,3925.615644,2020-12-31 10:00:00
3936.407055,-10.651650141393448,3831.6886348586067,3842.340285,2020-12-31 11:00:00
3886.990094,-10.651650141393448,3815.0341858586066,3825.685836,2020-12-31 12:00:00
3837.04224,-10.651650141393448,3724.8635458586064,3735.515196,2020-12-31 13:00:00
3812.569539,-10.651650141393448,3681.4538228586066,3692.105473,2020-12-31 14:00:00
3834.329775,-10.651650141393448,3675.8178538586067,3686.469504,2020-12-31 15:00:00
4063.913705,-10.651650141393448,3898.1574778586064,3908.809128,2020-12-31 16:00:00
4501.639428,-10.651650141393448,4399.244217858606,4409.895868,2020-12-31 17:00:00
4513.586474,-10.651650141393448,4459.461652858607,4470.113303,2020-12-31 18:00:00
4429.693144,-10.651650141393448,4547.923109858607,4558.57476,2020-12-31 19:00:00
4326.915807,-10.651650141393448,4341.061471858607,4351.713122,2020-12-31 20:00:00
4109.933546,-10.651650141393448,4161.800272858606,4172.451923,2020-12-31 21:00:00
3814.611045,-10.651650141393448,3898.5407948586067,3909.192445,2020-12-31 22:00:00
3565.330623,-10.651650141393448,3622.9504408586067,3633.602091,2020-12-31 23:00:00
