actual,alpha,prediction_baseline,prediction_blended,prediction_frozen,timestamp
3001.370949,0.5,3085.154897,3084.2290860000003,3083.303275,2020-11-01 00:00:00
2886.210674,0.5,2968.681399,2956.235389,2943.789379,2020-11-01 01:00:00
2773.666395,0.5,2855.182119,2901.727567,2948.273015,2020-11-01 02:00:00
2743.01687,0.5,2824.548371,2903.574897,2982.601423,2020-11-01 03:00:00
2760.045851,0.5,2842.250776,2982.8766535,3123.502531,2020-11-01 04:00:00
2794.019102,0.5,2877.432984,2999.405884,3121.378784,2020-11-01 05:00:00
2815.88747,0.5,2900.313626,3037.0899289999998,3173.866232,2020-11-01 06:00:00
2881.007964,0.5,2968.114834,3011.704976,3055.295118,2020-11-01 07:00:00
3050.977401,0.5,3140.934837,3182.837771,3224.740705,2020-11-01 08:00:00
3232.402451,0.5,3325.090849,3422.3026615,3519.514474,2020-11-01 09:00:00
3358.524863,0.5,3453.142447,3573.026601,3692.910755,2020-11-01 10:00:00
3430.750411,0.5,3526.291727,3679.7794615,3833.267196,2020-11-01 11:00:00
3490.077678,0.5,3586.870013,3808.0949325,4029.319852,2020-11-01 12:00:00
3519.469365,0.5,3617.970141,3744.3901134999996,3870.810086,2020-11-01 13:00:00
3551.547294,0.5,3651.312306,3784.8945445,3918.476783,2020-11-01 14:00:00
3571.737905,0.5,3673.088328,3796.6642309999997,3920.240134,2020-11-01 15:00:00
3626.107869,0.5,3730.900463,3817.5641045,3904.227746,2020-11-01 16:00:00
3908.491313,0.5,4022.818469,4108.2123685,4193.606268,2020-11-01 17:00:00
4059.011492,0.5,4172.302508,4206.506509999999,4240.710512,2020-11-01 18:00:00
3959.390179,0.5,4067.235574,4017.0760705000002,3966.916567,2020-11-01 19:00:00
3825.039285,0.5,3926.391322,3830.4420815000003,3734.492841,2020-11-01 20:00:00
3617.502474,0.5,3711.391899,3676.167053,3640.942207,2020-11-01 21:00:00
3382.962556,0.5,3470.544457,3396.235004,3321.925551,2020-11-01 22:00:00
3143.111248,0.5,3227.48957,3164.963894,3102.438218,2020-11-01 23:00:00
2958.214764,0.5,3041.147623,3041.216867,3041.286111,2020-11-02 00:00:00
2907.008448,0.5,2989.297404,2965.6306715,2941.963939,2020-11-02 01:00:00
2870.90793,0.5,2952.892939,2947.3777314999998,2941.862524,2020-11-02 02:00:00
2883.221943,0.5,2966.448002,2962.426442,2958.404882,2020-11-02 03:00:00
2992.112532,0.5,3079.519404,3073.6434775,3067.767551,2020-11-02 04:00:00
3215.427716,0.5,3311.425906,3242.2205919999997,3173.015278,2020-11-02 05:00:00
3405.134923,0.5,3504.235075,3448.836303,3393.437531,2020-11-02 06:00:00
3586.816906,0.5,3686.453693,3563.508696,3440.563699,2020-11-02 07:00:00
3728.692509,0.5,3829.098959,3595.733591,3362.368223,2020-11-02 08:00:00
3857.130557,0.5,3959.892171,3529.1264235,3098.360676,2020-11-02 09:00:00
3944.165726,0.5,4049.133436,3775.955599,3502.777762,2020-11-02 10:00:00
4020.463583,0.5,4127.497565,3784.13028,3440.762995,2020-11-02 11:00:00
4061.424787,0.5,4170.521164,3884.2709185,3598.020673,2020-11-02 12:00:00
4100.80399,0.5,4211.864881,3904.5400805,3597.21528,2020-11-02 13:00:00
4122.624811,0.5,4235.027519,4070.408163,3905.788807,2020-11-02 14:00:00
4089.986452,0.5,4202.78335,3994.552265,3786.32118,2020-11-02 15:00:00
4131.419931,0.5,4246.330196,4025.7592075000002,3805.188219,2020-11-02 16:00:00
4403.731077,0.5,4527.389143,4241.8518215,3956.3145,2020-11-02 17:00:00
4346.078242,0.5,4466.407272,4253.5242865,4040.641301,2020-11-02 18:00:00
4216.3686,0.5,4330.216119,4127.9618245,3925.70753,2020-11-02 19:00:00
4047.873557,0.5,4155.10249,4000.043589,3844.984688,2020-11-02 20:00:00
3784.630846,0.5,3881.984794,3744.4300464999997,3606.875299,2020-11-02 21:00:00
3469.071141,0.5,3558.965961,3480.5038919999997,3402.041823,2020-11-02 22:00:00
3222.597427,0.5,3308.936328,3267.211663,3225.486998,2020-11-02 23:00:00
3051.224637,0.5,3135.531282,3073.0520884999996,3010.572895,2020-11-03 00:00:00
2978.305247,0.5,3061.803449,3005.1666145,2948.52978,2020-11-03 01:00:00
2928.754047,0.5,3011.72975,2982.049084,2952.368418,2020-11-03 02:00:00
2923.060033,0.5,3007.205461,2963.619974,2920.034487,2020-11-03 03:00:00
3018.81137,0.5,3107.688849,3103.067254,3098.445659,2020-11-03 04:00:00
3243.600917,0.5,3341.219658,3284.695831,3228.172004,2020-11-03 05:00:00
3454.649483,0.5,3555.285825,3450.8261175,3346.36641,2020-11-03 06:00:00
3599.961842,0.5,3700.739521,3613.1380765,3525.536632,2020-11-03 07:00:00
3749.415351,0.5,3850.582917,3796.6525045,3742.722092,2020-11-03 08:00:00
3869.849151,0.5,3973.053825,3955.7395395000003,3938.425254,2020-11-03 09:00:00
3945.765039,0.5,4049.969989,4113.885039000001,4177.800089,2020-11-03 10:00:00
3997.461887,0.5,4104.218558,4132.683356,4161.148154,2020-11-03 11:00:00
4030.174744,0.5,4138.666141,4171.7387925,4204.811444,2020-11-03 12:00:00
4063.436949,0.5,4173.296043,4297.9215935,4422.547144,2020-11-03 13:00:00
4074.715076,0.5,4186.685765,4314.035663000001,4441.385561,2020-11-03 14:00:00
4053.760915,0.5,4165.849508,4266.650029,4367.45055,2020-11-03 15:00:00
4070.829813,0.5,4184.017346,4214.804768,4245.59219,2020-11-03 16:00:00
4267.192823,0.5,4383.030921,4356.7878525,4330.544784,2020-11-03 17:00:00
4133.561873,0.5,4243.914432,4228.52197,4213.129508,2020-11-03 18:00:00
4029.576898,0.5,4136.799643,4159.060357,4181.321071,2020-11-03 19:00:00
3926.681924,0.5,4031.167329,4096.5448765,4161.922424,2020-11-03 20:00:00
3705.104625,0.5,3801.118007,3751.0587324999997,3700.999458,2020-11-03 21:00:00
3416.812691,0.5,3505.871849,3489.935433,3473.999017,2020-11-03 22:00:00
3200.13337,0.5,3285.99478,3265.3059009999997,3244.617022,2020-11-03 23:00:00
3045.921715,0.5,3129.834046,3150.2980875000003,3170.762129,2020-11-04 00:00:00
2973.863017,0.5,3057.250807,3028.188495,2999.126183,2020-11-04 01:00:00
2927.586779,0.5,3010.368841,2985.7333639999997,2961.097887,2020-11-04 02:00:00
2936.848356,0.5,3021.067123,2961.7316149999997,2902.396107,2020-11-04 03:00:00
3054.435205,0.5,3143.370351,3084.544499,3025.718647,2020-11-04 04:00:00
3245.353792,0.5,3342.476641,3276.600484,3210.724327,2020-11-04 05:00:00
3434.203135,0.5,3534.68746,3481.9488005000003,3429.210141,2020-11-04 06:00:00
3575.965293,0.5,3675.741659,3530.9536129999997,3386.165567,2020-11-04 07:00:00
3716.900072,0.5,3817.027947,3794.1467325000003,3771.265518,2020-11-04 08:00:00
3838.224394,0.5,3940.109093,3924.148235,3908.187377,2020-11-04 09:00:00
3913.106844,0.5,4016.576759,3972.3476769999997,3928.118595,2020-11-04 10:00:00
3970.816198,0.5,4076.147951,4097.4582395,4118.768528,2020-11-04 11:00:00
4014.48608,0.5,4121.782841,4132.185262,4142.587683,2020-11-04 12:00:00
4010.746121,0.5,4118.40528,4098.970653,4079.536026,2020-11-04 13:00:00
4027.697282,0.5,4136.343176,4103.200609,4070.058042,2020-11-04 14:00:00
3997.51418,0.5,4106.28238,4092.820789,4079.359198,2020-11-04 15:00:00
4072.46798,0.5,4184.716506,4133.984002,4083.251498,2020-11-04 16:00:00
4366.183501,0.5,4487.278523,4371.7099,4256.141277,2020-11-04 17:00:00
4317.268838,0.5,4434.778698,4339.968781,4245.158864,2020-11-04 18:00:00
4201.007959,0.5,4313.507919,4206.806265499999,4100.104612,2020-11-04 19:00:00
4044.063256,0.5,4150.352953,4045.1269635,3939.900974,2020-11-04 20:00:00
3776.420238,0.5,3872.805651,3828.117091,3783.428531,2020-11-04 21:00:00
3516.569503,0.5,3606.161232,3529.248821,3452.33641,2020-11-04 22:00:00
3269.434887,0.5,3355.181322,3303.683466,3252.18561,2020-11-04 23:00:00
3078.70437,0.5,3162.843394,3126.2468154999997,3089.650237,2020-11-05 00:00:00
2966.421682,0.5,3049.378,3033.3585075,3017.339015,2020-11-05 01:00:00
2901.794318,0.5,2984.444966,2986.93597,2989.426974,2020-11-05 02:00:00
2909.345181,0.5,2993.121817,2968.258502,2943.395187,2020-11-05 03:00:00
3005.197346,0.5,3093.658578,3053.1633865000003,3012.668195,2020-11-05 04:00:00
3268.600583,0.5,3365.881194,3287.975179,3210.069164,2020-11-05 05:00:00
3459.222789,0.5,3559.405149,3476.501768,3393.598387,2020-11-05 06:00:00
3598.563559,0.5,3698.118365,3591.7547605,3485.391156,2020-11-05 07:00:00
3712.8651,0.5,3812.420933,3775.20451,3737.988087,2020-11-05 08:00:00
3844.137896,0.5,3945.267615,3854.2167195,3763.165824,2020-11-05 09:00:00
3923.140349,0.5,4025.753257,4000.273675,3974.794093,2020-11-05 10:00:00
3981.513662,0.5,4085.830251,4035.1858665,3984.541482,2020-11-05 11:00:00
3964.037838,0.5,4069.7309,4127.814564,4185.898228,2020-11-05 12:00:00
3992.531444,0.5,4099.118774,4106.0119665,4112.905159,2020-11-05 13:00:00
4014.019778,0.5,4122.174044,4059.7933460000004,3997.412648,2020-11-05 14:00:00
4038.112491,0.5,4146.893579,4043.7128004999995,3940.532022,2020-11-05 15:00:00
4098.968557,0.5,4211.386693,4134.151736,4056.916779,2020-11-05 16:00:00
4378.027601,0.5,4499.148351,4318.6767875000005,4138.205224,2020-11-05 17:00:00
4330.638171,0.5,4448.184265,4335.658031999999,4223.131799,2020-11-05 18:00:00
4205.955152,0.5,4317.740631,4332.846635,4347.952639,2020-11-05 19:00:00
4054.271079,0.5,4160.157666,4106.2770295,4052.396393,2020-11-05 20:00:00
3799.115473,0.5,3895.98991,3836.4451945,3776.900479,2020-11-05 21:00:00
3519.16447,0.5,3608.39227,3555.7647435,3503.137217,2020-11-05 22:00:00
3273.373206,0.5,3359.305734,3342.8719055,3326.438077,2020-11-05 23:00:00
3077.332647,0.5,3161.329233,3153.2562515,3145.18327,2020-11-06 00:00:00
2990.156566,0.5,3073.422967,3042.7570895,3012.091212,2020-11-06 01:00:00
2929.111112,0.5,3011.722152,2985.5962845,2959.470417,2020-11-06 02:00:00
2925.997478,0.5,3009.575553,2977.318657,2945.061761,2020-11-06 03:00:00
3015.104632,0.5,3103.405787,3045.6868265000003,2987.967866,2020-11-06 04:00:00
3267.386084,0.5,3364.402229,3286.808407,3209.214585,2020-11-06 05:00:00
3453.585248,0.5,3553.963202,3504.0892015,3454.215201,2020-11-06 06:00:00
3601.082901,0.5,3700.760142,3631.6802525000003,3562.600363,2020-11-06 07:00:00
3737.614644,0.5,3837.64731,3763.689129,3689.730948,2020-11-06 08:00:00
3876.632631,0.5,3979.058387,3862.7238294999997,3746.389272,2020-11-06 09:00:00
3952.577616,0.5,4055.879383,3963.9706539999997,3872.061925,2020-11-06 10:00:00
4011.856131,0.5,4117.413033,4069.7376655,4022.062298,2020-11-06 11:00:00
4030.44028,0.5,4138.365119,4092.304012,4046.242905,2020-11-06 12:00:00
4054.826598,0.5,4164.590234,4074.8470135000002,3985.103793,2020-11-06 13:00:00
4058.73469,0.5,4169.91843,4099.1370405,4028.355651,2020-11-06 14:00:00
4018.133471,0.5,4129.472791,4084.5610189999998,4039.649247,2020-11-06 15:00:00
4072.740618,0.5,4186.559504,4090.78631,3995.013116,2020-11-06 16:00:00
4301.433271,0.5,4419.737776,4301.3774285,4183.017081,2020-11-06 17:00:00
4219.500827,0.5,4332.996374,4271.8775665,4210.758759,2020-11-06 18:00:00
4101.939603,0.5,4210.876731,4248.4722485,4286.067766,2020-11-06 19:00:00
3962.746545,0.5,4066.497794,4071.4354915,4076.373189,2020-11-06 20:00:00
3753.1974,0.5,3849.920367,3810.5373360000003,3771.154305,2020-11-06 21:00:00
3506.931585,0.5,3596.997823,3582.7461895,3568.494556,2020-11-06 22:00:00
3269.487251,0.5,3355.643977,3349.0578695000004,3342.471762,2020-11-06 23:00:00
3064.757848,0.5,3148.722774,3163.3593355,3177.995897,2020-11-07 00:00:00
2940.067645,0.5,3022.717073,2998.794473,2974.871873,2020-11-07 01:00:00
2858.64719,0.5,2940.713668,2951.357052,2962.000436,2020-11-07 02:00:00
2830.717845,0.5,2912.931992,2923.0766995,2933.221407,2020-11-07 03:00:00
2824.99733,0.5,2907.877437,2971.941351,3036.005265,2020-11-07 04:00:00
2914.694443,0.5,3000.118006,3156.1980224999998,3312.278039,2020-11-07 05:00:00
2932.683203,0.5,3019.637365,3257.707699,3495.778033,2020-11-07 06:00:00
3055.357268,0.5,3145.456254,3406.3143885,3667.172523,2020-11-07 07:00:00
3276.905259,0.5,3370.199957,3549.1896644999997,3728.179372,2020-11-07 08:00:00
3469.731955,0.5,3565.962398,3659.5337250000002,3753.105052,2020-11-07 09:00:00
3594.001258,0.5,3692.081134,3803.6446699999997,3915.208206,2020-11-07 10:00:00
3699.984935,0.5,3800.029127,3852.3130125,3904.596898,2020-11-07 11:00:00
3739.642332,0.5,3841.645042,3908.0610575,3974.477073,2020-11-07 12:00:00
3749.586802,0.5,3852.751444,3889.2933629999998,3925.835282,2020-11-07 13:00:00
3745.190448,0.5,3849.5526,3973.215873,4096.879146,2020-11-07 14:00:00
3745.548921,0.5,3850.927085,3948.5695674999997,4046.21205,2020-11-07 15:00:00
3818.405685,0.5,3926.583822,4025.969032,4125.354242,2020-11-07 16:00:00
4120.307118,0.5,4234.252324,4178.617652,4122.98298,2020-11-07 17:00:00
4059.18615,0.5,4168.894153,4171.5841885,4174.274224,2020-11-07 18:00:00
3925.854792,0.5,4030.702852,4071.8514189999996,4112.999986,2020-11-07 19:00:00
3807.121533,0.5,3907.350467,3917.7191705,3928.087874,2020-11-07 20:00:00
3618.261084,0.5,3712.15214,3755.3441885,3798.536237,2020-11-07 21:00:00
3415.055719,0.5,3503.545844,3528.4292485,3553.312653,2020-11-07 22:00:00
3206.729463,0.5,3292.182619,3312.0438679999997,3331.905117,2020-11-07 23:00:00
3008.94161,0.5,3091.965594,3171.335981,3250.706368,2020-11-08 00:00:00
2890.614734,0.5,2972.581051,2992.2229905000004,3011.86493,2020-11-08 01:00:00
2800.579962,0.5,2881.882684,2920.1948975,2958.507111,2020-11-08 02:00:00
2751.576124,0.5,2832.470086,2919.0222400000002,3005.574394,2020-11-08 03:00:00
2761.792759,0.5,2843.510538,3000.91077,3158.311002,2020-11-08 04:00:00
2809.637052,0.5,2892.854431,3113.3185255,3333.78262,2020-11-08 05:00:00
2783.868795,0.5,2867.805411,3002.4177664999997,3137.030122,2020-11-08 06:00:00
2876.248911,0.5,2963.063302,2956.7112644999997,2950.359227,2020-11-08 07:00:00
3080.535265,0.5,3170.005451,3109.6670560000002,3049.328661,2020-11-08 08:00:00
3289.564836,0.5,3382.432031,3425.0130675,3467.594104,2020-11-08 09:00:00
3437.199855,0.5,3531.928344,3628.607398,3725.286452,2020-11-08 10:00:00
3535.572872,0.5,3632.542433,3695.3433635,3758.144294,2020-11-08 11:00:00
3614.487618,0.5,3714.006747,3823.32264,3932.638533,2020-11-08 12:00:00
3657.977468,0.5,3759.667724,3837.2071285,3914.746533,2020-11-08 13:00:00
3688.452815,0.5,3791.642489,3839.1942875,3886.746086,2020-11-08 14:00:00
3691.12251,0.5,3795.502409,3876.846773,3958.191137,2020-11-08 15:00:00
3796.887113,0.5,3905.957077,3903.3148865000003,3900.672696,2020-11-08 16:00:00
4139.20979,0.5,4256.372269,4142.2479185,4028.123568,2020-11-08 17:00:00
4112.101078,0.5,4226.588719,4184.276744000001,4141.964769,2020-11-08 18:00:00
3985.29347,0.5,4094.019527,4070.444147,4046.868767,2020-11-08 19:00:00
3804.611537,0.5,3906.189182,3823.704161,3741.21914,2020-11-08 20:00:00
3577.604002,0.5,3671.351214,3667.500812,3663.65041,2020-11-08 21:00:00
3335.930449,0.5,3423.208317,3438.5552675,3453.902218,2020-11-08 22:00:00
3105.427193,0.5,3189.550247,3244.2900415000004,3299.029836,2020-11-08 23:00:00
2936.705397,0.5,3019.200079,3060.0319735000003,3100.863868,2020-11-09 00:00:00
2837.179068,0.5,2918.782992,2937.58537,2956.387748,2020-11-09 01:00:00
2799.018037,0.5,2880.590387,2912.0674375,2943.544488,2020-11-09 02:00:00
2795.338271,0.5,2877.786775,2918.0144124999997,2958.24205,2020-11-09 03:00:00
2908.321359,0.5,2994.949324,2980.009362,2965.0694,2020-11-09 04:00:00
3199.777875,0.5,3296.086428,3183.0807,3070.074972,2020-11-09 05:00:00
3382.193006,0.5,3481.573434,3292.9295885,3104.285743,2020-11-09 06:00:00
3561.24315,0.5,3661.430071,3506.7628925,3352.095714,2020-11-09 07:00:00
3759.179175,0.5,3860.980328,3575.6356785,3290.291029,2020-11-09 08:00:00
3943.685584,0.5,4048.592161,3771.313497,3494.034833,2020-11-09 09:00:00
4091.875879,0.5,4199.494645,3932.7622195,3666.029794,2020-11-09 10:00:00
4201.55513,0.5,4312.732699,3939.2547235,3565.776748,2020-11-09 11:00:00
4294.402085,0.5,4408.919449,3992.2737105,3575.627972,2020-11-09 12:00:00
4358.619552,0.5,4476.67542,4026.219515,3575.76361,2020-11-09 13:00:00
4405.834271,0.5,4526.077773,4092.8953805,3659.712988,2020-11-09 14:00:00
4391.911127,0.5,4513.034662,4066.942748,3620.850834,2020-11-09 15:00:00
4430.115368,0.5,4553.484213,4080.679712,3607.875211,2020-11-09 16:00:00
4648.491009,0.5,4778.84707,4328.032249,3877.217428,2020-11-09 17:00:00
4521.889763,0.5,4645.333094,4300.34736,3955.361626,2020-11-09 18:00:00
4371.131251,0.5,4488.792374,4249.655929,4010.519484,2020-11-09 19:00:00
4168.16464,0.5,4277.3115,4042.891141,3808.470782,2020-11-09 20:00:00
3887.393467,0.5,3985.639379,3795.4844270000003,3605.329475,2020-11-09 21:00:00
3595.28794,0.5,3685.823184,3535.2115985,3384.600013,2020-11-09 22:00:00
3329.958677,0.5,3416.289228,3319.5210070000003,3222.752786,2020-11-09 23:00:00
3135.558684,0.5,3219.847576,3129.7371315,3039.626687,2020-11-10 00:00:00
3019.375151,0.5,3102.510439,3017.5850255,2932.659612,2020-11-10 01:00:00
2954.032831,0.5,3036.771852,2989.794959,2942.818066,2020-11-10 02:00:00
2935.695841,0.5,3019.403992,2983.324353,2947.244714,2020-11-10 03:00:00
3017.822944,0.5,3106.197458,3017.3449645,2928.492471,2020-11-10 04:00:00
3277.121004,0.5,3373.756285,3223.993894,3074.231503,2020-11-10 05:00:00
3464.602152,0.5,3563.859928,3470.9136854999997,3377.967443,2020-11-10 06:00:00
3644.709614,0.5,3744.536208,3622.411137,3500.286066,2020-11-10 07:00:00
3838.613433,0.5,3940.245208,3823.8361985,3707.427189,2020-11-10 08:00:00
4025.752937,0.5,4132.168188,3973.4482184999997,3814.728249,2020-11-10 09:00:00
4176.08906,0.5,4285.631167,4124.348045,3963.064923,2020-11-10 10:00:00
4312.451749,0.5,4427.267289,4196.435246,3965.603203,2020-11-10 11:00:00
4421.395751,0.5,4541.788546,4297.382944,4052.977342,2020-11-10 12:00:00
4496.327306,0.5,4620.303174,4363.428209,4106.553244,2020-11-10 13:00:00
4563.160535,0.5,4689.225719,4446.6526865,4204.079654,2020-11-10 14:00:00
4547.926615,0.5,4674.757017,4402.836354499999,4130.915692,2020-11-10 15:00:00
4545.501609,0.5,4673.104491,4473.2455064999995,4273.386522,2020-11-10 16:00:00
4727.605225,0.5,4861.849077,4530.966775999999,4200.084475,2020-11-10 17:00:00
4599.988324,0.5,4727.559721,4570.0680245,4412.576328,2020-11-10 18:00:00
4432.617524,0.5,4552.656009,4512.6731469999995,4472.690285,2020-11-10 19:00:00
4215.140532,0.5,4326.450454,4218.3270840000005,4110.203714,2020-11-10 20:00:00
3942.367559,0.5,4042.866458,3988.2794795,3933.692501,2020-11-10 21:00:00
3626.228948,0.5,3717.377411,3654.2776139999996,3591.177817,2020-11-10 22:00:00
3352.962631,0.5,3439.934251,3377.4580235000003,3314.981796,2020-11-10 23:00:00
3147.817182,0.5,3232.477031,3217.986916,3203.496801,2020-11-11 00:00:00
3006.387007,0.5,3089.528394,3080.211427,3070.89446,2020-11-11 01:00:00
2929.267271,0.5,3012.008858,3011.858525,3011.708192,2020-11-11 02:00:00
2912.286642,0.5,2995.804391,2994.5449710000003,2993.285551,2020-11-11 03:00:00
3008.828563,0.5,3096.665726,3017.839988,2939.01425,2020-11-11 04:00:00
3284.987787,0.5,3382.274797,3249.2404465,3116.206096,2020-11-11 05:00:00
3453.802553,0.5,3553.804704,3508.7440699999997,3463.683436,2020-11-11 06:00:00
3613.867712,0.5,3713.827357,3675.65135,3637.475343,2020-11-11 07:00:00
3804.577426,0.5,3906.698481,3822.2401339999997,3737.781787,2020-11-11 08:00:00
3989.598082,0.5,4095.464707,3927.05653,3758.648353,2020-11-11 09:00:00
4140.591023,0.5,4250.127853,4168.7072615,4087.28667,2020-11-11 10:00:00
4260.396184,0.5,4373.875364,4224.0056925,4074.136021,2020-11-11 11:00:00
4355.440515,0.5,4473.484425,4302.718796499999,4131.953168,2020-11-11 12:00:00
4426.162509,0.5,4548.673084,4353.704825,4158.736566,2020-11-11 13:00:00
4463.267342,0.5,4589.06639,4371.6085615,4154.150733,2020-11-11 14:00:00
4467.975028,0.5,4595.35895,4374.8229025,4154.286855,2020-11-11 15:00:00
4455.813974,0.5,4583.239502,4368.572829500001,4153.906157,2020-11-11 16:00:00
4658.1231,0.5,4790.554248,4622.0191765,4453.484105,2020-11-11 17:00:00
4529.174665,0.5,4654.821704,4526.181071,4397.540438,2020-11-11 18:00:00
4356.635112,0.5,4474.673451,4350.69248,4226.711509,2020-11-11 19:00:00
4176.935805,0.5,4287.57449,4197.6476415,4107.720793,2020-11-11 20:00:00
3901.616039,0.5,4001.052363,3961.109821,3921.167279,2020-11-11 21:00:00
3605.375739,0.5,3696.013827,3663.865815,3631.717803,2020-11-11 22:00:00
3338.549358,0.5,3425.275993,3400.9547045,3376.633416,2020-11-11 23:00:00
3140.663355,0.5,3225.177604,3199.7161770000002,3174.25475,2020-11-12 00:00:00
3010.8282,0.5,3093.897876,3073.812307,3053.726738,2020-11-12 01:00:00
2933.185277,0.5,3015.864472,3001.3676515,2986.870831,2020-11-12 02:00:00
2913.780903,0.5,2997.173679,2970.0466345,2942.91959,2020-11-12 03:00:00
2995.808315,0.5,3083.396704,3032.59123,2981.785756,2020-11-12 04:00:00
3251.236931,0.5,3347.769197,3361.0032815,3374.237366,2020-11-12 05:00:00
3434.27401,0.5,3533.784891,3535.6413795,3537.497868,2020-11-12 06:00:00
3601.048543,0.5,3701.171462,3668.8435565,3636.515651,2020-11-12 07:00:00
3797.999225,0.5,3900.257672,3792.7731285,3685.288585,2020-11-12 08:00:00
3962.449973,0.5,4067.839693,3975.859567,3883.879441,2020-11-12 09:00:00
4081.347076,0.5,4189.006842,4123.3286785,4057.650515,2020-11-12 10:00:00
4171.884277,0.5,4282.951867,4222.827556,4162.703245,2020-11-12 11:00:00
4215.382355,0.5,4328.633221,4227.4993925,4126.365564,2020-11-12 12:00:00
4239.820408,0.5,4355.6508,4267.974959,4180.299118,2020-11-12 13:00:00
4269.893647,0.5,4387.064193,4283.383471,4179.702749,2020-11-12 14:00:00
4209.470635,0.5,4326.622937,4234.2931555,4141.963374,2020-11-12 15:00:00
4226.196542,0.5,4344.637943,4242.327754,4140.017565,2020-11-12 16:00:00
4474.423241,0.5,4599.442912,4501.7242320000005,4404.005552,2020-11-12 17:00:00
4375.421434,0.5,4495.044409,4467.860998,4440.677587,2020-11-12 18:00:00
4201.891478,0.5,4314.116688,4311.890734500001,4309.664781,2020-11-12 19:00:00
4036.838966,0.5,4143.993793,4145.957553,4147.921313,2020-11-12 20:00:00
3786.449134,0.5,3884.343794,3952.0398895,4019.735985,2020-11-12 21:00:00
3524.987297,0.5,3615.475298,3593.7754455,3572.075593,2020-11-12 22:00:00
3250.206899,0.5,3336.385252,3334.1830515,3331.980851,2020-11-12 23:00:00
3073.86793,0.5,3158.087905,3142.193441,3126.298977,2020-11-13 00:00:00
2948.404945,0.5,3031.426081,3035.6332684999998,3039.840456,2020-11-13 01:00:00
2872.114552,0.5,2954.660037,2957.9236765,2961.187316,2020-11-13 02:00:00
2864.301704,0.5,2947.708397,2949.674047,2951.639697,2020-11-13 03:00:00
2924.50887,0.5,3010.71321,3004.3412774999997,2997.969345,2020-11-13 04:00:00
3134.831998,0.5,3227.806438,3254.2278025,3280.649167,2020-11-13 05:00:00
3252.077264,0.5,3347.069206,3417.6331085,3488.197011,2020-11-13 06:00:00
3416.037151,0.5,3513.793341,3615.7585289999997,3717.723717,2020-11-13 07:00:00
3623.864053,0.5,3723.551409,3700.9487595,3678.34611,2020-11-13 08:00:00
3784.90056,0.5,3887.00582,3838.3879425,3789.770065,2020-11-13 09:00:00
3892.872397,0.5,3996.297786,4051.7919515,4107.286117,2020-11-13 10:00:00
3958.214437,0.5,4063.587686,4060.2611509999997,4056.934616,2020-11-13 11:00:00
4002.192641,0.5,4109.401495,4097.3586485,4085.315802,2020-11-13 12:00:00
4019.477228,0.5,4128.041979,4155.1044005,4182.166822,2020-11-13 13:00:00
4039.758888,0.5,4149.757447,4173.075660500001,4196.393874,2020-11-13 14:00:00
4008.187714,0.5,4117.977485,4117.3787875,4116.78009,2020-11-13 15:00:00
4071.063369,0.5,4183.50487,4201.2389845,4218.973099,2020-11-13 16:00:00
4286.146603,0.5,4402.716932,4415.8864115,4429.055891,2020-11-13 17:00:00
4162.270715,0.5,4273.599431,4295.623248,4317.647065,2020-11-13 18:00:00
4033.235518,0.5,4140.207842,4186.0305245,4231.853207,2020-11-13 19:00:00
3901.600776,0.5,4003.873143,4044.640336,4085.407529,2020-11-13 20:00:00
3709.097233,0.5,3805.322651,3849.9839325000003,3894.645214,2020-11-13 21:00:00
3490.419945,0.5,3580.463738,3563.6033264999996,3546.742915,2020-11-13 22:00:00
3268.030806,0.5,3354.542444,3315.8582855000004,3277.174127,2020-11-13 23:00:00
3088.257347,0.5,3172.340981,3136.074214,3099.807447,2020-11-14 00:00:00
2957.310923,0.5,3040.166818,3011.062612,2981.958406,2020-11-14 01:00:00
2872.285087,0.5,2954.280983,2972.372821,2990.464659,2020-11-14 02:00:00
2842.749024,0.5,2924.814716,2936.508043,2948.20137,2020-11-14 03:00:00
2861.078843,0.5,2944.46036,2971.6302545,2998.800149,2020-11-14 04:00:00
2953.887877,0.5,3039.876063,3117.974733,3196.073403,2020-11-14 05:00:00
2991.568081,0.5,3079.44457,3281.0171015,3482.589633,2020-11-14 06:00:00
3117.155164,0.5,3208.573936,3310.2297399999998,3411.885544,2020-11-14 07:00:00
3320.448256,0.5,3414.947642,3524.120167,3633.292692,2020-11-14 08:00:00
3490.408205,0.5,3586.703605,3701.117767,3815.531929,2020-11-14 09:00:00
3586.727849,0.5,3684.182358,3758.4328145,3832.683271,2020-11-14 10:00:00
3639.893061,0.5,3738.000054,3913.672349,4089.344644,2020-11-14 11:00:00
3622.643437,0.5,3720.267582,3929.8363535,4139.405125,2020-11-14 12:00:00
3590.337526,0.5,3687.582496,3879.3969195,4071.211343,2020-11-14 13:00:00
3537.115944,0.5,3633.486314,3845.428607,4057.3709,2020-11-14 14:00:00
3520.743702,0.5,3618.198546,3863.484329,4108.770112,2020-11-14 15:00:00
3675.434769,0.5,3779.160031,3914.8455475,4050.531064,2020-11-14 16:00:00
3987.789924,0.5,4097.371027,4152.9201725,4208.469318,2020-11-14 17:00:00
3972.461193,0.5,4079.500257,4153.3959405000005,4227.291624,2020-11-14 18:00:00
3856.17149,0.5,3958.872199,4053.21576,4147.559321,2020-11-14 19:00:00
3729.977641,0.5,3829.029089,3906.7121134999998,3984.395138,2020-11-14 20:00:00
3578.633791,0.5,3672.358115,3698.177604,3723.997093,2020-11-14 21:00:00
3398.143974,0.5,3487.170259,3511.7403855000002,3536.310512,2020-11-14 22:00:00
3196.280171,0.5,3282.077423,3296.744137,3311.410851,2020-11-14 23:00:00
3021.773083,0.5,3105.456758,3128.9773459999997,3152.497934,2020-11-15 00:00:00
2889.553688,0.5,2972.009366,2998.06276,3024.116154,2020-11-15 01:00:00
2816.809185,0.5,2898.378172,2922.459885,2946.541598,2020-11-15 02:00:00
2763.194021,0.5,2844.590651,2887.4666935,2930.342736,2020-11-15 03:00:00
2762.259363,0.5,2844.174419,2971.1915655000003,3098.208712,2020-11-15 04:00:00
2813.41369,0.5,2897.085589,3141.5862005,3386.086812,2020-11-15 05:00:00
2795.19012,0.5,2879.534143,2952.84451,3026.154877,2020-11-15 06:00:00
2882.665275,0.5,2969.766278,3031.1103924999998,3092.454507,2020-11-15 07:00:00
3074.419898,0.5,3164.482072,3175.9480949999997,3187.414118,2020-11-15 08:00:00
3213.161192,0.5,3305.333396,3333.0278585,3360.722321,2020-11-15 09:00:00
3321.128172,0.5,3414.280035,3485.4055995,3556.531164,2020-11-15 10:00:00
3368.259188,0.5,3462.545906,3574.5676175,3686.589329,2020-11-15 11:00:00
3394.933518,0.5,3489.662769,3667.330271,3844.997773,2020-11-15 12:00:00
3415.392455,0.5,3511.45921,3662.73364,3814.00807,2020-11-15 13:00:00
3409.216535,0.5,3505.850922,3592.447265,3679.043608,2020-11-15 14:00:00
3415.901996,0.5,3513.035919,3613.0816505000003,3713.127382,2020-11-15 15:00:00
3593.776959,0.5,3697.305167,3719.7184429999998,3742.131719,2020-11-15 16:00:00
3995.939405,0.5,4108.739804,4022.8804179999997,3937.021032,2020-11-15 17:00:00
4006.416636,0.5,4117.249694,4085.2743865,4053.299079,2020-11-15 18:00:00
3906.432234,0.5,4012.610787,4035.4974650000004,4058.384143,2020-11-15 19:00:00
3763.956616,0.5,3863.880327,3834.478403,3805.076479,2020-11-15 20:00:00
3551.910988,0.5,3644.570663,3644.561697,3644.552731,2020-11-15 21:00:00
3329.880013,0.5,3416.531016,3414.243512,3411.956008,2020-11-15 22:00:00
3105.344547,0.5,3189.18613,3207.002239,3224.818348,2020-11-15 23:00:00
2940.564389,0.5,3022.988079,3068.1281805,3113.268282,2020-11-16 00:00:00
2853.813184,0.5,2935.581904,2931.8969095,2928.211915,2020-11-16 01:00:00
2801.685093,0.5,2883.116006,2919.32171,2955.527414,2020-11-16 02:00:00
2815.265639,0.5,2897.916434,2923.344531,2948.772628,2020-11-16 03:00:00
2941.665507,0.5,3028.925934,2988.7527925,2948.579651,2020-11-16 04:00:00
3210.27739,0.5,3307.323096,3204.2373515,3101.151607,2020-11-16 05:00:00
3464.008463,0.5,3565.309547,3344.20885,3123.108153,2020-11-16 06:00:00
3598.500317,0.5,3700.160616,3578.900753,3457.64089,2020-11-16 07:00:00
3715.81177,0.5,3817.491397,3518.5319664999997,3219.572536,2020-11-16 08:00:00
3804.342553,0.5,3905.949861,3683.120387,3460.290913,2020-11-16 09:00:00
3862.903494,0.5,3963.859528,3693.184238,3422.508948,2020-11-16 10:00:00
3962.482165,0.5,4063.733311,3771.7817685,3479.830226,2020-11-16 11:00:00
4030.050394,0.5,4131.785442,3839.6972495,3547.609057,2020-11-16 12:00:00
4028.832263,0.5,4130.766503,3867.9718265,3605.17715,2020-11-16 13:00:00
3996.160163,0.5,4098.525574,3775.8407535,3453.155933,2020-11-16 14:00:00
3885.620864,0.5,3988.33965,3729.032575,3469.7255,2020-11-16 15:00:00
4017.588255,0.5,4126.023176,3752.469787,3378.916398,2020-11-16 16:00:00
4328.22219,0.5,4445.801906,4222.2478055,3998.693705,2020-11-16 17:00:00
4277.946075,0.5,4392.736107,4196.4956075,4000.255108,2020-11-16 18:00:00
4179.988271,0.5,4290.460449,4130.042484,3969.624519,2020-11-16 19:00:00
4002.192226,0.5,4106.017153,3964.888648,3823.760143,2020-11-16 20:00:00
3760.930216,0.5,3856.390135,3733.3058555,3610.221576,2020-11-16 21:00:00
3494.935445,0.5,3583.709669,3500.7502015,3417.790734,2020-11-16 22:00:00
3235.940526,0.5,3321.487566,3253.5011955,3185.514825,2020-11-16 23:00:00
3048.95874,0.5,3132.68292,3070.3298910000003,3007.976862,2020-11-17 00:00:00
2953.344484,0.5,3036.17115,2990.5298475,2944.888545,2020-11-17 01:00:00
2898.782002,0.5,2981.584363,2975.605298,2969.626233,2020-11-17 02:00:00
2897.932265,0.5,2981.729773,2980.1301665,2978.53056,2020-11-17 03:00:00
3019.183347,0.5,3107.93743,3026.5144505,2945.091471,2020-11-17 04:00:00
3289.997336,0.5,3388.920175,3228.4131325,3067.90609,2020-11-17 05:00:00
3493.315467,0.5,3595.510036,3474.5585410000003,3353.607046,2020-11-17 06:00:00
3597.474512,0.5,3698.061389,3652.350782,3606.640175,2020-11-17 07:00:00
3722.657124,0.5,3823.0122,3768.5572845,3714.102369,2020-11-17 08:00:00
3826.288405,0.5,3927.232568,3903.7750965,3880.317625,2020-11-17 09:00:00
3881.19779,0.5,3982.19757,3924.8430785,3867.488587,2020-11-17 10:00:00
3929.164848,0.5,4030.359096,3983.1715435,3935.983991,2020-11-17 11:00:00
3952.438783,0.5,4054.046226,4082.2616415,4110.477057,2020-11-17 12:00:00
3962.428685,0.5,4062.822671,4084.939214,4107.055757,2020-11-17 13:00:00
3974.245135,0.5,4075.857266,4110.6745599999995,4145.491854,2020-11-17 14:00:00
3949.63667,0.5,4051.87045,4095.3137755,4138.757101,2020-11-17 15:00:00
4065.829792,0.5,4174.217279,4204.325544,4234.433809,2020-11-17 16:00:00
4342.441545,0.5,4460.274495,4372.624255999999,4284.974017,2020-11-17 17:00:00
4279.607089,0.5,4393.962294,4271.143576500001,4148.324859,2020-11-17 18:00:00
4161.411179,0.5,4271.510321,4241.078896999999,4210.647473,2020-11-17 19:00:00
4001.784567,0.5,4105.982376,4094.7109634999997,4083.439551,2020-11-17 20:00:00
3769.820723,0.5,3865.377094,3870.4141515,3875.451209,2020-11-17 21:00:00
3488.463465,0.5,3577.161683,3602.985163,3628.808643,2020-11-17 22:00:00
3243.97755,0.5,3329.819401,3303.8191850000003,3277.818969,2020-11-17 23:00:00
3176.868831,0.5,3261.100786,3215.4920380000003,3169.88329,2020-11-18 00:00:00
3066.296533,0.5,3149.536567,3077.5062945,3005.476022,2020-11-18 01:00:00
3015.612332,0.5,3098.679578,3045.8805,2993.081422,2020-11-18 02:00:00
3014.793108,0.5,3099.180735,3011.5004285,2923.820122,2020-11-18 03:00:00
3129.544414,0.5,3218.939243,3081.3984845,2943.857726,2020-11-18 04:00:00
3415.45565,0.5,3516.071327,3357.0720730000003,3198.072819,2020-11-18 05:00:00
3615.574115,0.5,3719.292316,3606.7542065,3494.216097,2020-11-18 06:00:00
3729.169171,0.5,3830.64222,3726.955612,3623.269004,2020-11-18 07:00:00
3841.185077,0.5,3941.979993,3832.0527549999997,3722.125517,2020-11-18 08:00:00
3950.702605,0.5,4051.995896,3886.204017,3720.412138,2020-11-18 09:00:00
4031.124471,0.5,4132.459785,4021.2999055,3910.140026,2020-11-18 10:00:00
4095.77616,0.5,4198.076605,4100.668267,4003.259929,2020-11-18 11:00:00
4127.758273,0.5,4230.705497,4253.423393499999,4276.14129,2020-11-18 12:00:00
4150.335048,0.5,4253.653953,4219.9115975,4186.169242,2020-11-18 13:00:00
4160.554559,0.5,4264.823149,4240.685117499999,4216.547086,2020-11-18 14:00:00
4121.77788,0.5,4225.5829,4202.2246315,4178.866363,2020-11-18 15:00:00
4225.145867,0.5,4334.242209,4265.920604,4197.598999,2020-11-18 16:00:00
4482.562186,0.5,4599.440265,4492.515626,4385.590987,2020-11-18 17:00:00
4417.595575,0.5,4531.95845,4372.523771,4213.089092,2020-11-18 18:00:00
4323.344281,0.5,4435.032095,4288.67581,4142.319525,2020-11-18 19:00:00
4154.34898,0.5,4259.741433,4213.105373,4166.469313,2020-11-18 20:00:00
3931.708139,0.5,4028.340583,3958.1706365,3888.00069,2020-11-18 21:00:00
3668.253776,0.5,3758.217724,3674.809921,3591.402118,2020-11-18 22:00:00
3396.193588,0.5,3482.291502,3389.468123,3296.644744,2020-11-18 23:00:00
3096.875193,0.5,3181.229369,3178.1248545,3175.02034,2020-11-19 00:00:00
2988.981071,0.5,3072.394187,3080.008456,3087.622725,2020-11-19 01:00:00
2930.575663,0.5,3013.803823,3007.4277985,3001.051774,2020-11-19 02:00:00
2933.092973,0.5,3017.737493,2995.903515,2974.069537,2020-11-19 03:00:00
3052.612366,0.5,3142.557223,3051.0169084999998,2959.476594,2020-11-19 04:00:00
3350.24076,0.5,3451.239741,3374.665665,3298.091589,2020-11-19 05:00:00
3561.121829,0.5,3665.962988,3625.210955,3584.458922,2020-11-19 06:00:00
3651.557902,0.5,3754.055883,3678.1957095,3602.335536,2020-11-19 07:00:00
3743.323234,0.5,3843.076368,3723.894425,3604.712482,2020-11-19 08:00:00
3819.720378,0.5,3917.690905,3889.3071115000002,3860.923318,2020-11-19 09:00:00
3940.271092,0.5,4042.08018,4026.8025145,4011.524849,2020-11-19 10:00:00
3971.426395,0.5,4073.5375,4016.9877365,3960.437973,2020-11-19 11:00:00
3999.408408,0.5,4102.098443,4179.6753415,4257.25224,2020-11-19 12:00:00
4018.758991,0.5,4122.729871,4160.633442,4198.537013,2020-11-19 13:00:00
4028.44891,0.5,4133.005253,4157.6464775,4182.287702,2020-11-19 14:00:00
3994.352026,0.5,4099.44475,4144.673588,4189.902426,2020-11-19 15:00:00
4098.515735,0.5,4208.385946,4149.688103,4090.99026,2020-11-19 16:00:00
4346.100124,0.5,4463.474759,4332.6619305,4201.849102,2020-11-19 17:00:00
4282.438868,0.5,4397.053988,4365.2504825,4333.446977,2020-11-19 18:00:00
4160.171608,0.5,4270.086351,4217.060371,4164.034391,2020-11-19 19:00:00
4019.550172,0.5,4124.002446,4267.204887,4410.407328,2020-11-19 20:00:00
3784.310662,0.5,3880.291379,3913.5721544999997,3946.85293,2020-11-19 21:00:00
3523.206563,0.5,3612.484726,3667.2267315,3721.968737,2020-11-19 22:00:00
3277.483644,0.5,3363.873463,3377.8400810000003,3391.806699,2020-11-19 23:00:00
3086.153693,0.5,3169.993399,3200.3000965,3230.606794,2020-11-20 00:00:00
2994.225311,0.5,3077.70341,3074.775838,3071.848266,2020-11-20 01:00:00
2922.066701,0.5,3005.169725,2997.502544,2989.835363,2020-11-20 02:00:00
2935.134453,0.5,3019.739437,2993.4526575,2967.165878,2020-11-20 03:00:00
3039.684921,0.5,3129.325909,3070.750844,3012.175779,2020-11-20 04:00:00
3330.855607,0.5,3432.274282,3411.5740189999997,3390.873756,2020-11-20 05:00:00
3548.379141,0.5,3653.629576,3605.7724715,3557.915367,2020-11-20 06:00:00
3639.971213,0.5,3742.263358,3702.3696155,3662.475873,2020-11-20 07:00:00
3758.500113,0.5,3859.930912,3805.010786,3750.09066,2020-11-20 08:00:00
3857.958249,0.5,3958.895364,3892.849306,3826.803248,2020-11-20 09:00:00
3918.950566,0.5,4020.572712,3931.245341,3841.91797,2020-11-20 10:00:00
3979.015881,0.5,4081.286854,4116.0108820000005,4150.73491,2020-11-20 11:00:00
3993.112537,0.5,4095.518351,4153.1215665,4210.724782,2020-11-20 12:00:00
4013.829521,0.5,4116.576011,4067.913552,4019.251093,2020-11-20 13:00:00
4014.803045,0.5,4118.704296,4027.5719609999996,3936.439626,2020-11-20 14:00:00
3972.958212,0.5,4076.477319,4107.143056,4137.808793,2020-11-20 15:00:00
4056.04458,0.5,4163.571321,4133.2716955,4102.97207,2020-11-20 16:00:00
4276.351671,0.5,4389.806548,4363.473383,4337.140218,2020-11-20 17:00:00
4175.234814,0.5,4284.461923,4273.208176,4261.954429,2020-11-20 18:00:00
4052.917221,0.5,4158.20667,4160.356829,4162.506988,2020-11-20 19:00:00
3923.996916,0.5,4025.453714,4042.8312935000004,4060.208873,2020-11-20 20:00:00
3762.81252,0.5,3858.659987,3833.3436119999997,3808.027237,2020-11-20 21:00:00
3541.7026,0.5,3631.435584,3596.476077,3561.51657,2020-11-20 22:00:00
3323.027176,0.5,3409.459204,3381.7033065,3353.947409,2020-11-20 23:00:00
3130.25373,0.5,3214.239918,3153.8672785,3093.494639,2020-11-21 00:00:00
3008.329531,0.5,3091.509499,3043.039699,2994.569899,2020-11-21 01:00:00
2947.53772,0.5,3030.310663,2996.6816715,2963.05268,2020-11-21 02:00:00
2917.739354,0.5,3000.897769,2975.7302234999997,2950.562678,2020-11-21 03:00:00
2946.871347,0.5,3031.509696,3007.893696,2984.277696,2020-11-21 04:00:00
3043.483609,0.5,3131.316098,3286.3612585,3441.406419,2020-11-21 05:00:00
3095.275027,0.5,3185.47876,3490.7237735,3795.968787,2020-11-21 06:00:00
3213.693765,0.5,3307.338756,3465.5857459999997,3623.832736,2020-11-21 07:00:00
3405.258113,0.5,3501.14947,3594.4341485,3687.718827,2020-11-21 08:00:00
3560.188489,0.5,3657.644306,3681.3752235,3705.106141,2020-11-21 09:00:00
3661.028123,0.5,3759.203829,3778.3125250000003,3797.421221,2020-11-21 10:00:00
3718.499959,0.5,3816.71675,3896.1125835000003,3975.508417,2020-11-21 11:00:00
3746.743813,0.5,3845.088976,3973.409111,4101.729246,2020-11-21 12:00:00
3745.595714,0.5,3844.37608,3996.582565,4148.78905,2020-11-21 13:00:00
3743.170618,0.5,3842.678088,3947.9862115,4053.294335,2020-11-21 14:00:00
3724.76909,0.5,3825.189972,3979.615222,4134.040472,2020-11-21 15:00:00
3844.901758,0.5,3950.201978,4048.73789,4147.273802,2020-11-21 16:00:00
4139.22465,0.5,4251.127826,4207.5731015,4164.018377,2020-11-21 17:00:00
4042.71779,0.5,4150.659055,4159.610313,4168.561571,2020-11-21 18:00:00
3929.691422,0.5,4033.764993,4033.000441,4032.235889,2020-11-21 19:00:00
3797.511463,0.5,3896.881228,3951.799308,4006.717388,2020-11-21 20:00:00
3648.040742,0.5,3742.049255,3762.9655425,3783.88183,2020-11-21 21:00:00
3463.627745,0.5,3552.551051,3542.545577,3532.540103,2020-11-21 22:00:00
3257.150203,0.5,3343.043117,3328.3159625,3313.588808,2020-11-21 23:00:00
3089.087163,0.5,3172.686971,3148.0071485,3123.327326,2020-11-22 00:00:00
2961.733775,0.5,3044.328668,3034.6593620000003,3024.990056,2020-11-22 01:00:00
2887.630448,0.5,2969.638628,2967.560089,2965.48155,2020-11-22 02:00:00
2831.049113,0.5,2913.0301,2953.3006244999997,2993.571149,2020-11-22 03:00:00
2849.577557,0.5,2932.451251,2981.921836,3031.392421,2020-11-22 04:00:00
2926.265387,0.5,3011.025097,3028.6486910000003,3046.272285,2020-11-22 05:00:00
2924.435941,0.5,3010.382391,3054.22669,3098.070989,2020-11-22 06:00:00
3002.627805,0.5,3091.659985,3138.394588,3185.129191,2020-11-22 07:00:00
3183.393329,0.5,3274.976288,3251.5285295,3228.080771,2020-11-22 08:00:00
3366.20327,0.5,3460.261538,3432.6640705,3405.066603,2020-11-22 09:00:00
3496.376046,0.5,3591.953206,3607.8036505,3623.654095,2020-11-22 10:00:00
3612.713544,0.5,3710.64414,3731.3388905,3752.033641,2020-11-22 11:00:00
3672.460243,0.5,3771.860059,3798.9993875,3826.138716,2020-11-22 12:00:00
3730.974132,0.5,3832.70092,3872.1592605,3911.617601,2020-11-22 13:00:00
3752.418471,0.5,3855.50352,3767.1011625,3678.698805,2020-11-22 14:00:00
3766.108433,0.5,3870.900787,3784.111585,3697.322383,2020-11-22 15:00:00
3892.642536,0.5,4003.175362,3946.6480730000003,3890.120784,2020-11-22 16:00:00
4190.225282,0.5,4308.900557,4247.6900365,4186.479516,2020-11-22 17:00:00
4152.753203,0.5,4269.004631,4174.2329764999995,4079.461322,2020-11-22 18:00:00
4034.077921,0.5,4144.692482,4025.1137955000004,3905.535109,2020-11-22 19:00:00
3885.036167,0.5,3988.839195,3894.627958,3800.416721,2020-11-22 20:00:00
3660.801619,0.5,3756.3597,3730.664113,3704.968526,2020-11-22 21:00:00
3437.494303,0.5,3526.661172,3503.8774945,3481.093817,2020-11-22 22:00:00
3211.966009,0.5,3297.623827,3291.6130665,3285.602306,2020-11-22 23:00:00
3039.634707,0.5,3123.472888,3128.1689349999997,3132.864982,2020-11-23 00:00:00
2936.399255,0.5,3019.102089,3001.7340225,2984.365956,2020-11-23 01:00:00
2882.356499,0.5,2965.146336,3002.717947,3040.289558,2020-11-23 02:00:00
2891.72702,0.5,2975.491071,2995.393561,3015.296051,2020-11-23 03:00:00
3005.015524,0.5,3093.692155,3098.467579,3103.243003,2020-11-23 04:00:00
3302.901705,0.5,3401.770966,3355.290689,3308.810412,2020-11-23 05:00:00
3527.686904,0.5,3631.039663,3393.566253,3156.092843,2020-11-23 06:00:00
3634.80813,0.5,3737.415471,3454.005642,3170.595813,2020-11-23 07:00:00
3807.685817,0.5,3911.6622,3582.173049,3252.683898,2020-11-23 08:00:00
3950.931012,0.5,4057.028501,3780.4358105,3503.84312,2020-11-23 09:00:00
4055.552633,0.5,4163.374644,4005.5070290000003,3847.639414,2020-11-23 10:00:00
4140.567856,0.5,4251.036594,3940.728167,3630.41974,2020-11-23 11:00:00
4196.050919,0.5,4308.9673,3983.7212145000003,3658.475129,2020-11-23 12:00:00
4245.753931,0.5,4360.369708,4001.8404179999998,3643.311128,2020-11-23 13:00:00
4254.335832,0.5,4370.29983,4045.2916754999997,3720.283521,2020-11-23 14:00:00
4213.280102,0.5,4328.224107,3993.5231855,3658.822264,2020-11-23 15:00:00
4316.740566,0.5,4438.043206,4087.3666275,3736.690049,2020-11-23 16:00:00
4522.86749,0.5,4651.324472,4329.747226,4008.16998,2020-11-23 17:00:00
4407.296619,0.5,4530.082179,4302.025909,4073.969639,2020-11-23 18:00:00
4268.300453,0.5,4385.276524,4201.6695469999995,4018.06257,2020-11-23 19:00:00
4095.28695,0.5,4204.874981,3995.8746284999997,3786.874276,2020-11-23 20:00:00
3843.194615,0.5,3943.20884,3780.354236,3617.499632,2020-11-23 21:00:00
3555.163779,0.5,3646.381774,3524.505748,3402.629722,2020-11-23 22:00:00
3298.862225,0.5,3386.154017,3357.0615625,3327.969108,2020-11-23 23:00:00
3112.891426,0.5,3197.730718,3148.97858,3100.226442,2020-11-24 00:00:00
2999.134497,0.5,3082.865818,3026.7430395,2970.620261,2020-11-24 01:00:00
2926.715704,0.5,3010.155415,2987.773305,2965.391195,2020-11-24 02:00:00
2932.916062,0.5,3017.366499,2984.1560965,2950.945694,2020-11-24 03:00:00
3034.440004,0.5,3123.986041,3002.0426660000003,2880.099291,2020-11-24 04:00:00
3284.768589,0.5,3384.405307,3194.3596155,3004.313924,2020-11-24 05:00:00
3537.410808,0.5,3641.184102,3573.1861615,3505.188221,2020-11-24 06:00:00
3647.962293,0.5,3750.826015,3734.6196585,3718.413302,2020-11-24 07:00:00
3794.744043,0.5,3898.337915,3842.160621,3785.983327,2020-11-24 08:00:00
3906.192033,0.5,4011.954429,3923.053926,3834.153423,2020-11-24 09:00:00
3998.251815,0.5,4105.514045,3983.2615610000003,3861.009077,2020-11-24 10:00:00
4075.004607,0.5,4185.129935,4060.3345234999997,3935.539112,2020-11-24 11:00:00
4103.333574,0.5,4215.547964,4110.255729500001,4004.963495,2020-11-24 12:00:00
4141.71685,0.5,4256.412076,4152.305861,4048.199646,2020-11-24 13:00:00
4148.640384,0.5,4264.4614,4205.1732645,4145.885129,2020-11-24 14:00:00
4121.387505,0.5,4237.048872,4126.845988,4016.643104,2020-11-24 15:00:00
4225.893028,0.5,4345.590948,4226.127981,4106.665014,2020-11-24 16:00:00
4455.785462,0.5,4582.209926,4482.526496,4382.843066,2020-11-24 17:00:00
4351.855819,0.5,4473.369616,4444.0053935,4414.641171,2020-11-24 18:00:00
4224.426866,0.5,4340.538914,4317.3254945,4294.112075,2020-11-24 19:00:00
4074.175844,0.5,4183.925646,4131.4342245,4078.942803,2020-11-24 20:00:00
3835.203606,0.5,3934.663201,3870.200583,3805.737965,2020-11-24 21:00:00
3558.102422,0.5,3649.70252,3646.631856,3643.561192,2020-11-24 22:00:00
3306.827228,0.5,3394.362976,3371.6268105,3348.890645,2020-11-24 23:00:00
3116.534894,0.5,3201.306375,3197.19534,3193.084305,2020-11-25 00:00:00
3007.411375,0.5,3091.373063,3065.6298555000003,3039.886648,2020-11-25 01:00:00
2935.863285,0.5,3019.156462,2988.0616364999996,2956.966811,2020-11-25 02:00:00
2953.289151,0.5,3038.046834,2983.8545745,2929.662315,2020-11-25 03:00:00
3057.408898,0.5,3147.008289,3086.6553489999997,3026.302409,2020-11-25 04:00:00
3291.06444,0.5,3389.696865,3361.6936065,3333.690348,2020-11-25 05:00:00
3496.66297,0.5,3598.990943,3605.6131754999997,3612.235408,2020-11-25 06:00:00
3610.194665,0.5,3712.754556,3699.6704385000003,3686.586321,2020-11-25 07:00:00
3748.473992,0.5,3850.919974,3766.878662,3682.83735,2020-11-25 08:00:00
3872.070703,0.5,3976.422183,3890.97354,3805.524897,2020-11-25 09:00:00
3954.434659,0.5,4060.048963,3952.0472330000002,3844.045503,2020-11-25 10:00:00
3986.277767,0.5,4093.018203,4071.9773065,4050.93641,2020-11-25 11:00:00
4001.759226,0.5,4110.212096,4052.3077064999998,3994.403317,2020-11-25 12:00:00
4010.252555,0.5,4119.162347,4080.149588,4041.136829,2020-11-25 13:00:00
3971.897709,0.5,4080.980429,4095.781562,4110.582695,2020-11-25 14:00:00
3928.650366,0.5,4036.601699,4074.8206485,4113.039598,2020-11-25 15:00:00
4080.962887,0.5,4194.989757,4149.216824,4103.443891,2020-11-25 16:00:00
4315.164009,0.5,4435.283583,4317.221267000001,4199.158951,2020-11-25 17:00:00
4228.913824,0.5,4344.962812,4267.1010635,4189.239315,2020-11-25 18:00:00
4108.238554,0.5,4220.000316,4224.7021335,4229.403951,2020-11-25 19:00:00
3977.485401,0.5,4084.115424,4150.8415,4217.567576,2020-11-25 20:00:00
3791.119184,0.5,3890.101111,3839.4951899999996,3788.889269,2020-11-25 21:00:00
3552.844641,0.5,3644.688342,3670.034168,3695.379994,2020-11-25 22:00:00
3307.131104,0.5,3394.551273,3374.933055,3355.314837,2020-11-25 23:00:00
3082.86075,0.5,3167.520649,3134.7556055,3101.990562,2020-11-26 00:00:00
2953.8134,0.5,3036.904533,3042.332107,3047.759681,2020-11-26 01:00:00
2876.83769,0.5,2959.377819,2965.167876,2970.957933,2020-11-26 02:00:00
2843.949651,0.5,2926.782302,2946.81698,2966.851658,2020-11-26 03:00:00
2867.885895,0.5,2951.957572,2981.4267275,3010.895883,2020-11-26 04:00:00
2947.486432,0.5,3033.740438,3180.6508475,3327.561257,2020-11-26 05:00:00
2975.310598,0.5,3063.611023,3300.8470125,3538.083002,2020-11-26 06:00:00
3038.946423,0.5,3131.089816,3255.3747595,3379.659703,2020-11-26 07:00:00
3234.336265,0.5,3330.557034,3514.399642,3698.24225,2020-11-26 08:00:00
3392.403602,0.5,3491.177239,3629.8983915,3768.619544,2020-11-26 09:00:00
3500.263692,0.5,3600.618637,3785.620014,3970.621391,2020-11-26 10:00:00
3546.465783,0.5,3646.981336,3842.0287200000002,4037.076104,2020-11-26 11:00:00
3555.248387,0.5,3654.162381,3952.6603345,4251.158288,2020-11-26 12:00:00
3516.158745,0.5,3613.198499,3922.808575,4232.418651,2020-11-26 13:00:00
3441.292512,0.5,3534.803816,3789.0837905,4043.363765,2020-11-26 14:00:00
3384.403671,0.5,3476.219298,3859.96142,4243.703542,2020-11-26 15:00:00
3463.080173,0.5,3557.317713,3831.959411,4106.601109,2020-11-26 16:00:00
3667.023966,0.5,3765.200827,4023.9356424999996,4282.670458,2020-11-26 17:00:00
3604.710099,0.5,3701.818554,3976.1133585,4250.408163,2020-11-26 18:00:00
3531.79916,0.5,3626.885047,3904.8071660000005,4182.729285,2020-11-26 19:00:00
3473.231225,0.5,3566.697016,3799.130074,4031.563132,2020-11-26 20:00:00
3390.973577,0.5,3480.869602,3657.933091,3834.99658,2020-11-26 21:00:00
3244.371215,0.5,3330.487369,3479.7197795,3628.95219,2020-11-26 22:00:00
3074.472082,0.5,3158.168457,3243.8342945000004,3329.500132,2020-11-26 23:00:00
2934.389306,0.5,3016.778865,3067.857269,3118.935673,2020-11-27 00:00:00
2845.016642,0.5,2926.547593,2974.3974394999996,3022.247286,2020-11-27 01:00:00
2805.442499,0.5,2886.777765,2936.7346575,2986.69155,2020-11-27 02:00:00
2800.54784,0.5,2882.509277,2919.346482,2956.183687,2020-11-27 03:00:00
2854.611683,0.5,2938.629157,3135.5494280000003,3332.469699,2020-11-27 04:00:00
2972.034105,0.5,3058.984841,3207.3877629999997,3355.790685,2020-11-27 05:00:00
3061.229528,0.5,3149.803681,3225.7274685,3301.651256,2020-11-27 06:00:00
3135.485404,0.5,3226.210593,3163.9815744999996,3101.752556,2020-11-27 07:00:00
3299.256125,0.5,3392.108686,3375.4104705,3358.712255,2020-11-27 08:00:00
3417.102291,0.5,3510.694898,3564.343447,3617.991996,2020-11-27 09:00:00
3493.250972,0.5,3587.595396,3692.041936,3796.488476,2020-11-27 10:00:00
3512.873016,0.5,3606.825253,3731.973005,3857.120757,2020-11-27 11:00:00
3512.382689,0.5,3605.703858,3723.4627325,3841.221607,2020-11-27 12:00:00
3490.949045,0.5,3584.100332,3704.2090035,3824.317675,2020-11-27 13:00:00
3478.296671,0.5,3571.243563,3747.93541,3924.627257,2020-11-27 14:00:00
3472.278318,0.5,3566.15952,3721.5445135,3876.929507,2020-11-27 15:00:00
3659.70884,0.5,3760.605893,3777.3937404999997,3794.181588,2020-11-27 16:00:00
3957.868626,0.5,4065.100679,3960.1986985000003,3855.296718,2020-11-27 17:00:00
3907.215492,0.5,4012.012992,4037.7030915,4063.393191,2020-11-27 18:00:00
3813.59486,0.5,3915.268957,3961.289192,4007.309427,2020-11-27 19:00:00
3730.457989,0.5,3829.385769,3859.737122,3890.088475,2020-11-27 20:00:00
3591.402375,0.5,3685.294964,3596.2464915,3507.198019,2020-11-27 21:00:00
3396.360403,0.5,3484.697023,3525.1987885,3565.700554,2020-11-27 22:00:00
3203.6956,0.5,3289.271422,3466.5605845,3643.849747,2020-11-27 23:00:00
3046.850315,0.5,3130.813969,3137.9370129999998,3145.060057,2020-11-28 00:00:00
2942.272767,0.5,3024.880455,2995.6559835,2966.431512,2020-11-28 01:00:00
2876.163888,0.5,2958.410374,2928.793248,2899.176122,2020-11-28 02:00:00
2842.424463,0.5,2924.77041,2907.9768384999998,2891.183267,2020-11-28 03:00:00
2874.048767,0.5,2957.655169,2941.6636390000003,2925.672109,2020-11-28 04:00:00
2939.865207,0.5,3025.996803,3037.926094,3049.855385,2020-11-28 05:00:00
3011.359675,0.5,3099.400901,3133.3969145,3167.392928,2020-11-28 06:00:00
3087.005815,0.5,3178.024828,3237.4537565,3296.882685,2020-11-28 07:00:00
3283.605568,0.5,3377.767377,3351.3167224999997,3324.866068,2020-11-28 08:00:00
3398.595278,0.5,3493.984696,3503.4702585,3512.955821,2020-11-28 09:00:00
3473.578814,0.5,3568.942845,3596.3105029999997,3623.678161,2020-11-28 10:00:00
3490.615652,0.5,3585.258769,3612.8174435,3640.376118,2020-11-28 11:00:00
3480.095604,0.5,3574.165363,3588.463362,3602.761361,2020-11-28 12:00:00
3439.58142,0.5,3533.053115,3553.2054980000003,3573.357881,2020-11-28 13:00:00
3400.448777,0.5,3493.746982,3529.3650175000002,3564.983053,2020-11-28 14:00:00
3410.714278,0.5,3504.82572,3563.0983079999996,3621.370896,2020-11-28 15:00:00
3573.703771,0.5,3674.091491,3637.417667,3600.743843,2020-11-28 16:00:00
3915.70523,0.5,4023.947971,4066.996491,4110.045011,2020-11-28 17:00:00
3900.412383,0.5,4006.173839,3918.415434,3830.657029,2020-11-28 18:00:00
3820.637902,0.5,3923.304354,3907.765956,3892.227558,2020-11-28 19:00:00
3719.203171,0.5,3817.900756,3762.8702789999998,3707.839802,2020-11-28 20:00:00
3586.545422,0.5,3680.301785,3729.2209279999997,3778.140071,2020-11-28 21:00:00
3411.636015,0.5,3500.145866,3536.542058,3572.93825,2020-11-28 22:00:00
3229.986608,0.5,3315.777939,3294.8865025,3273.995066,2020-11-28 23:00:00
3069.329714,0.5,3153.007936,3129.3227435,3105.637551,2020-11-29 00:00:00
2996.29826,0.5,3079.337877,3042.417207,3005.496537,2020-11-29 01:00:00
2933.981725,0.5,3016.22247,2995.846391,2975.470312,2020-11-29 02:00:00
2906.841914,0.5,2989.050721,2950.8521845,2912.653648,2020-11-29 03:00:00
2926.681841,0.5,3010.002902,2948.249228,2886.495554,2020-11-29 04:00:00
2968.299738,0.5,3053.722798,3039.0632545,3024.403711,2020-11-29 05:00:00
3011.376908,0.5,3098.379545,3053.191262,3008.002979,2020-11-29 06:00:00
3011.134682,0.5,3100.250517,3106.003365,3111.756213,2020-11-29 07:00:00
3154.125366,0.5,3245.478653,3266.2545485,3287.030444,2020-11-29 08:00:00
3265.329493,0.5,3357.616135,3413.320204,3469.024273,2020-11-29 09:00:00
3321.242177,0.5,3414.15627,3473.1945855,3532.232901,2020-11-29 10:00:00
3343.841287,0.5,3436.358767,3436.3356925,3436.312618,2020-11-29 11:00:00
3357.460454,0.5,3449.537641,3416.1367295,3382.735818,2020-11-29 12:00:00
3348.857234,0.5,3440.432669,3405.587721,3370.742773,2020-11-29 13:00:00
3344.645831,0.5,3436.356921,3414.683606,3393.010291,2020-11-29 14:00:00
3373.633077,0.5,3467.253622,3457.5052565,3447.756891,2020-11-29 15:00:00
3645.356236,0.5,3748.316189,3642.1973305,3536.078472,2020-11-29 16:00:00
4023.665992,0.5,4137.082812,4070.298003,4003.513194,2020-11-29 17:00:00
4022.51939,0.5,4134.526338,4022.941669,3911.357,2020-11-29 18:00:00
3959.617788,0.5,4068.054436,3944.1130169999997,3820.171598,2020-11-29 19:00:00
3818.59435,0.5,3920.659108,3800.8054345,3680.951761,2020-11-29 20:00:00
3611.508317,0.5,3705.721589,3615.3567005000004,3524.991812,2020-11-29 21:00:00
3389.635182,0.5,3477.945342,3425.263868,3372.582394,2020-11-29 22:00:00
3169.810781,0.5,3254.955001,3265.8241964999997,3276.693392,2020-11-29 23:00:00
3016.163748,0.5,3100.033718,3122.6521735,3145.270629,2020-11-30 00:00:00
2908.564037,0.5,2991.480114,3014.6286795,3037.777245,2020-11-30 01:00:00
2867.919137,0.5,2950.890331,2953.1629035,2955.435476,2020-11-30 02:00:00
2879.306014,0.5,2963.777073,2963.54181,2963.306547,2020-11-30 03:00:00
2989.734017,0.5,3079.857954,3001.3716675,2922.885381,2020-11-30 04:00:00
3298.514315,0.5,3400.517735,3172.3587589999997,2944.199783,2020-11-30 05:00:00
3608.082631,0.5,3716.373341,3374.7802655,3033.18719,2020-11-30 06:00:00
3706.223674,0.5,3812.36413,3489.8196915,3167.275253,2020-11-30 07:00:00
3791.7822,0.5,3896.231492,3630.7719745,3365.312457,2020-11-30 08:00:00
3846.147786,0.5,3949.631203,3652.2809150000003,3354.930627,2020-11-30 09:00:00
3878.549262,0.5,3981.298021,3821.1310725000003,3660.964124,2020-11-30 10:00:00
3878.519844,0.5,3980.251888,3780.9492495,3581.646611,2020-11-30 11:00:00
3865.544687,0.5,3966.528282,3789.5742250000003,3612.620168,2020-11-30 12:00:00
3847.912684,0.5,3948.530211,3696.3028045,3444.075398,2020-11-30 13:00:00
3808.915002,0.5,3908.231628,3666.652469,3425.07331,2020-11-30 14:00:00
3817.104568,0.5,3918.045005,3674.0030005,3429.960996,2020-11-30 15:00:00
4070.595516,0.5,4183.438836,3926.371316,3669.303796,2020-11-30 16:00:00
4426.025011,0.5,4550.711944,4264.5419645,3978.371985,2020-11-30 17:00:00
4401.381979,0.5,4523.567509,4240.1987565,3956.830004,2020-11-30 18:00:00
4306.781073,0.5,4424.519091,4164.6458525,3904.772614,2020-11-30 19:00:00
4145.255023,0.5,4256.100411,4050.7279235,3845.355436,2020-11-30 20:00:00
3907.734171,0.5,4008.65848,3842.2586535,3675.858827,2020-11-30 21:00:00
3608.891048,0.5,3700.937991,3542.821869,3384.705747,2020-11-30 22:00:00
3364.200923,0.5,3452.773757,3340.210946,3227.648135,2020-11-30 23:00:00
3155.018433,0.5,3236.541548,3151.0653345,3065.589121,2020-12-01 00:00:00
3093.523517,0.5,3173.468448,3074.649996,2975.831544,2020-12-01 01:00:00
3061.293061,0.5,3141.321538,3037.994117,2934.666696,2020-12-01 02:00:00
3073.645403,0.5,3156.047971,3019.4095445000003,2882.771118,2020-12-01 03:00:00
3209.01642,0.5,3299.074461,3105.3945835000004,2911.714706,2020-12-01 04:00:00
3442.301013,0.5,3543.558638,3295.1725195,3046.786401,2020-12-01 05:00:00
3625.653043,0.5,3730.681176,3568.628982,3406.576788,2020-12-01 06:00:00
3681.566603,0.5,3785.141084,3787.6255844999996,3790.110085,2020-12-01 07:00:00
3754.212985,0.5,3856.139477,3856.43783,3856.736183,2020-12-01 08:00:00
3787.936626,0.5,3889.195532,3861.0316735,3832.867815,2020-12-01 09:00:00
3796.395004,0.5,3897.018409,3896.0218109999996,3895.025213,2020-12-01 10:00:00
3822.628216,0.5,3922.414421,3945.7441285,3969.073836,2020-12-01 11:00:00
3806.033464,0.5,3904.952527,3925.8246495,3946.696772,2020-12-01 12:00:00
3770.951962,0.5,3869.085439,3970.7500465000003,4072.414654,2020-12-01 13:00:00
3755.672577,0.5,3852.138347,3989.342965,4126.547583,2020-12-01 14:00:00
3755.969181,0.5,3854.368047,3957.4228805000002,4060.477714,2020-12-01 15:00:00
3989.959564,0.5,4097.852026,4162.4456175,4227.039209,2020-12-01 16:00:00
4354.986172,0.5,4470.083482,4306.732781000001,4143.38208,2020-12-01 17:00:00
4333.642548,0.5,4446.2997,4359.210371499999,4272.121043,2020-12-01 18:00:00
4289.546264,0.5,4401.580999,4320.398272,4239.215545,2020-12-01 19:00:00
4165.738717,0.5,4272.377128,4240.0886325,4207.800137,2020-12-01 20:00:00
3924.636316,0.5,4023.242402,4025.4003295,4027.558257,2020-12-01 21:00:00
3611.964078,0.5,3701.871586,3696.3767905000004,3690.881995,2020-12-01 22:00:00
3406.228494,0.5,3491.019587,3404.196266,3317.372945,2020-12-01 23:00:00
3255.845982,0.5,3338.847031,3254.172556,3169.498081,2020-12-02 00:00:00
3151.341896,0.5,3232.686094,3129.2776670000003,3025.86924,2020-12-02 01:00:00
3130.181314,0.5,3212.454853,3092.345854,2972.236855,2020-12-02 02:00:00
3157.88642,0.5,3243.02767,3097.991504,2952.955338,2020-12-02 03:00:00
3304.460442,0.5,3398.284982,3200.4861220000003,3002.687262,2020-12-02 04:00:00
3587.279907,0.5,3694.278894,3547.7855785,3401.292263,2020-12-02 05:00:00
3803.416605,0.5,3914.211643,3739.657988,3565.104333,2020-12-02 06:00:00
3863.114721,0.5,3970.822752,3801.391619,3631.960486,2020-12-02 07:00:00
3930.541672,0.5,4036.666643,3847.1088115000002,3657.55098,2020-12-02 08:00:00
3971.672492,0.5,4076.450804,3899.947694,3723.444584,2020-12-02 09:00:00
3988.863053,0.5,4092.417581,3969.7420185,3847.066456,2020-12-02 10:00:00
3977.370941,0.5,4080.0929,3968.5546894999998,3857.016479,2020-12-02 11:00:00
3940.179568,0.5,4041.212621,3983.3828765,3925.553132,2020-12-02 12:00:00
3916.246332,0.5,4016.524042,3973.274757,3930.025472,2020-12-02 13:00:00
3893.198867,0.5,3993.634358,3930.8273515,3868.020345,2020-12-02 14:00:00
3929.820064,0.5,4033.187533,3964.518642,3895.849751,2020-12-02 15:00:00
4236.87828,0.5,4352.584739,4188.740238,4024.895737,2020-12-02 16:00:00
4693.752555,0.5,4819.548028,4530.2694025,4240.990777,2020-12-02 17:00:00
4709.567707,0.5,4835.326112,4463.875596,4092.42508,2020-12-02 18:00:00
4655.532438,0.5,4779.923904,4446.5431365,4113.162369,2020-12-02 19:00:00
4514.568514,0.5,4634.504407,4308.0220295,3981.539652,2020-12-02 20:00:00
4311.915368,0.5,4423.177523,4204.8011505,3986.424778,2020-12-02 21:00:00
3966.854912,0.5,4069.592177,3849.2302885,3628.8684,2020-12-02 22:00:00
3676.647394,0.5,3774.79182,3563.4923369999997,3352.192854,2020-12-02 23:00:00
3566.373458,0.5,3662.843568,3430.913418,3198.983268,2020-12-03 00:00:00
3452.612556,0.5,3548.793862,3331.060813,3113.327764,2020-12-03 01:00:00
3421.198459,0.5,3518.24775,3270.985467,3023.723184,2020-12-03 02:00:00
3474.426257,0.5,3576.007889,3313.7826299999997,3051.557371,2020-12-03 03:00:00
3622.970358,0.5,3733.796788,3438.255344,3142.7139,2020-12-03 04:00:00
3903.883133,0.5,4026.485134,3817.0618715,3607.638609,2020-12-03 05:00:00
4157.764569,0.5,4285.244682,3910.3874419999997,3535.530202,2020-12-03 06:00:00
4167.97196,0.5,4290.169647,3967.7704274999996,3645.371208,2020-12-03 07:00:00
4129.200279,0.5,4245.212612,4002.359539,3759.506466,2020-12-03 08:00:00
4099.711944,0.5,4211.921528,3992.5015949999997,3773.081662,2020-12-03 09:00:00
4019.949755,0.5,4128.043457,4018.3298955,3908.616334,2020-12-03 10:00:00
3939.754706,0.5,4044.776421,4016.1050895,3987.433758,2020-12-03 11:00:00
3942.708459,0.5,4045.317142,3950.971668,3856.626194,2020-12-03 12:00:00
3892.38402,0.5,3992.676592,3949.0196205,3905.362649,2020-12-03 13:00:00
3859.06981,0.5,3958.54527,3907.320508,3856.095746,2020-12-03 14:00:00
3803.359775,0.5,3904.791179,3896.2761849999997,3887.761191,2020-12-03 15:00:00
4099.873395,0.5,4213.429306,4064.378829,3915.328352,2020-12-03 16:00:00
4531.947995,0.5,4656.472502,4402.3168705,4148.161239,2020-12-03 17:00:00
4631.426633,0.5,4757.252212,4539.219476,4321.18674,2020-12-03 18:00:00
4607.452905,0.5,4732.176049,4541.225134,4350.274219,2020-12-03 19:00:00
4527.088445,0.5,4648.931708,4474.050360499999,4299.169013,2020-12-03 20:00:00
4321.381089,0.5,4434.75375,4309.1777585,4183.601767,2020-12-03 21:00:00
4012.867225,0.5,4117.98277,4044.493789,3971.004808,2020-12-03 22:00:00
3734.781872,0.5,3835.316487,3723.526641,3611.736795,2020-12-03 23:00:00
3527.294401,0.5,3626.55855,3533.5956210000004,3440.632692,2020-12-04 00:00:00
3462.790591,0.5,3561.617608,3435.290658,3308.963708,2020-12-04 01:00:00
3457.40967,0.5,3557.620076,3466.3139775,3375.007879,2020-12-04 02:00:00
3414.489978,0.5,3518.152233,3459.3726374999997,3400.593042,2020-12-04 03:00:00
3551.799326,0.5,3664.595015,3597.852989,3531.110963,2020-12-04 04:00:00
3857.079527,0.5,3982.716321,3722.0491819999997,3461.382043,2020-12-04 05:00:00
4053.964243,0.5,4182.791042,3947.2683815,3711.745721,2020-12-04 06:00:00
4147.548235,0.5,4270.347728,4115.727449,3961.10717,2020-12-04 07:00:00
4048.101164,0.5,4162.531169,4119.1781599999995,4075.825151,2020-12-04 08:00:00
4012.963466,0.5,4122.721791,4196.3651365000005,4270.008482,2020-12-04 09:00:00
3964.283725,0.5,4069.375592,4011.4579285,3953.540265,2020-12-04 10:00:00
3873.064445,0.5,3974.715352,3934.984996,3895.25464,2020-12-04 11:00:00
3804.433962,0.5,3903.436006,3874.5309285,3845.625851,2020-12-04 12:00:00
3757.28489,0.5,3854.042762,3829.3573695,3804.671977,2020-12-04 13:00:00
3782.357433,0.5,3877.896596,3970.2740670000003,4062.651538,2020-12-04 14:00:00
3769.072054,0.5,3866.429195,3857.7601265000003,3849.091058,2020-12-04 15:00:00
3987.111535,0.5,4093.727398,3961.531172,3829.334946,2020-12-04 16:00:00
4348.084933,0.5,4462.484922,4303.268935,4144.052948,2020-12-04 17:00:00
4343.620387,0.5,4457.920241,4412.1877540000005,4366.455267,2020-12-04 18:00:00
4275.072723,0.5,4388.067132,4442.868928,4497.670724,2020-12-04 19:00:00
4211.286293,0.5,4322.665787,4311.617873,4300.569959,2020-12-04 20:00:00
3976.105756,0.5,4082.085204,4155.282206,4228.479208,2020-12-04 21:00:00
3744.949226,0.5,3843.856746,4058.1317255000004,4272.406705,2020-12-04 22:00:00
3523.193202,0.5,3617.46389,3679.2069075,3740.949925,2020-12-04 23:00:00
3475.143596,0.5,3568.0757,3579.95805,3591.8404,2020-12-05 00:00:00
3334.424706,0.5,3426.688258,3432.905761,3439.123264,2020-12-05 01:00:00
3261.063389,0.5,3353.590368,3402.1138634999998,3450.637359,2020-12-05 02:00:00
3344.964001,0.5,3440.098003,3497.4773015,3554.8566,2020-12-05 03:00:00
3371.007394,0.5,3470.422458,3548.1665160000002,3625.910574,2020-12-05 04:00:00
3475.113113,0.5,3580.888719,3696.4238385,3811.958958,2020-12-05 05:00:00
3557.643945,0.5,3668.134033,3732.2247694999996,3796.315506,2020-12-05 06:00:00
3581.17561,0.5,3691.635106,3873.7683105,4055.901515,2020-12-05 07:00:00
3647.939976,0.5,3755.673195,4026.3457829999998,4297.018371,2020-12-05 08:00:00
3669.90947,0.5,3774.207135,3953.2663254999998,4132.325516,2020-12-05 09:00:00
3664.638671,0.5,3765.248464,3848.669126,3932.089788,2020-12-05 10:00:00
3621.474891,0.5,3718.320684,3764.7273155,3811.133947,2020-12-05 11:00:00
3565.23656,0.5,3659.265493,3689.0739439999998,3718.882395,2020-12-05 12:00:00
3508.5441,0.5,3601.033212,3656.024558,3711.015904,2020-12-05 13:00:00
3474.120149,0.5,3565.643328,3618.0801985,3670.517069,2020-12-05 14:00:00
3486.111863,0.5,3579.102602,3616.1931125,3653.283623,2020-12-05 15:00:00
3722.862869,0.5,3825.779891,3897.1255645,3968.471238,2020-12-05 16:00:00
4074.407372,0.5,4185.210949,4187.6048965,4189.998844,2020-12-05 17:00:00
4103.142963,0.5,4212.903527,4287.7048635,4362.5062,2020-12-05 18:00:00
4049.394466,0.5,4158.120157,4288.9363815,4419.752606,2020-12-05 19:00:00
3967.098086,0.5,4073.574677,4136.0308355,4198.486994,2020-12-05 20:00:00
3897.830604,0.5,3999.801349,4076.1809194999996,4152.56049,2020-12-05 21:00:00
3649.450252,0.5,3744.946676,3884.581338,4024.216,2020-12-05 22:00:00
3479.875888,0.5,3571.264899,3594.512038,3617.759177,2020-12-05 23:00:00
3343.555868,0.5,3432.584479,3515.349342,3598.114205,2020-12-06 00:00:00
3261.879002,0.5,3350.053008,3400.195213,3450.337418,2020-12-06 01:00:00
3214.865625,0.5,3303.203106,3399.9950905,3496.787075,2020-12-06 02:00:00
3221.006655,0.5,3311.116886,3402.083408,3493.04993,2020-12-06 03:00:00
3270.428931,0.5,3363.792119,3510.0691575,3656.346196,2020-12-06 04:00:00
3363.274213,0.5,3462.191971,3510.281558,3558.371145,2020-12-06 05:00:00
3415.319221,0.5,3517.19032,3648.585759,3779.981198,2020-12-06 06:00:00
3441.650774,0.5,3544.957236,3695.610639,3846.264042,2020-12-06 07:00:00
3468.073121,0.5,3570.352666,3625.5395545,3680.726443,2020-12-06 08:00:00
3498.259542,0.5,3599.083285,3678.571743,3758.060201,2020-12-06 09:00:00
3498.028695,0.5,3596.225681,3631.450517,3666.675353,2020-12-06 10:00:00
3465.05787,0.5,3560.990763,3571.2992525,3581.607742,2020-12-06 11:00:00
3420.555284,0.5,3513.921524,3565.7307695,3617.540015,2020-12-06 12:00:00
3389.994472,0.5,3481.175133,3538.6139115,3596.05269,2020-12-06 13:00:00
3369.78392,0.5,3460.289213,3532.102269,3603.915325,2020-12-06 14:00:00
3400.25474,0.5,3493.233122,3513.1628645,3533.092607,2020-12-06 15:00:00
3692.42755,0.5,3797.425086,3634.0859545000003,3470.746823,2020-12-06 16:00:00
4139.93074,0.5,4255.179962,4017.4849365,3779.789911,2020-12-06 17:00:00
4204.806014,0.5,4321.049764,4203.0719825,4085.094201,2020-12-06 18:00:00
4181.388517,0.5,4296.262818,4186.770469,4077.27812,2020-12-06 19:00:00
4091.748982,0.5,4202.142476,4068.7562669999998,3935.370058,2020-12-06 20:00:00
3884.637778,0.5,3986.475286,3951.2942855,3916.113285,2020-12-06 21:00:00
3634.483827,0.5,3728.226167,3818.39689,3908.567613,2020-12-06 22:00:00
3431.538746,0.5,3521.188514,3501.2274485,3481.266383,2020-12-06 23:00:00
3300.134179,0.5,3388.346962,3446.4739375,3504.600913,2020-12-07 00:00:00
3232.981589,0.5,3320.595742,3317.4403225,3314.284903,2020-12-07 01:00:00
3226.686049,0.5,3315.17455,3341.753965,3368.33338,2020-12-07 02:00:00
3286.245061,0.5,3379.35582,3397.1366340000004,3414.917448,2020-12-07 03:00:00
3437.632914,0.5,3540.375427,3484.4443855,3428.513344,2020-12-07 04:00:00
3738.591932,0.5,3854.473468,3728.0732405,3601.673013,2020-12-07 05:00:00
3993.236115,0.5,4113.639868,3863.8808915,3614.121915,2020-12-07 06:00:00
3996.308763,0.5,4111.427297,3833.04925,3554.671203,2020-12-07 07:00:00
3992.016094,0.5,4101.541214,3874.4613615,3647.381509,2020-12-07 08:00:00
3977.155961,0.5,4083.280274,3902.3002754999998,3721.320277,2020-12-07 09:00:00
3970.940675,0.5,4076.288434,3893.0804935,3709.872553,2020-12-07 10:00:00
3915.249501,0.5,4015.779921,3853.637324,3691.494727,2020-12-07 11:00:00
3880.975624,0.5,3980.114372,3838.010416,3695.90646,2020-12-07 12:00:00
3851.81538,0.5,3949.585725,3849.4261930000002,3749.266661,2020-12-07 13:00:00
3849.816617,0.5,3947.163661,3857.262239,3767.360817,2020-12-07 14:00:00
3817.592225,0.5,3915.931051,3869.1340085,3822.336966,2020-12-07 15:00:00
4064.455835,0.5,4173.429859,3960.0041995,3746.57854,2020-12-07 16:00:00
4496.848816,0.5,4616.116576,4171.313139,3726.509702,2020-12-07 17:00:00
4503.385823,0.5,4622.2654,4366.8061435,4111.346887,2020-12-07 18:00:00
4449.206678,0.5,4566.63148,4368.7113604999995,4170.791241,2020-12-07 19:00:00
4330.740999,0.5,4444.333029,4221.669728,3999.006427,2020-12-07 20:00:00
4084.719783,0.5,4189.447274,4050.213953,3910.980632,2020-12-07 21:00:00
3757.945052,0.5,3853.655045,3754.299466,3654.943887,2020-12-07 22:00:00
3477.316105,0.5,3568.126312,3507.820091,3447.51387,2020-12-07 23:00:00
3326.044299,0.5,3415.542814,3401.2319935,3386.921173,2020-12-08 00:00:00
3260.918267,0.5,3349.906884,3406.5147374999997,3463.122591,2020-12-08 01:00:00
3243.612121,0.5,3333.775277,3416.5410014999998,3499.306726,2020-12-08 02:00:00
3286.158741,0.5,3380.133305,3441.0745045,3502.015704,2020-12-08 03:00:00
3446.994048,0.5,3550.800083,3408.047644,3265.295205,2020-12-08 04:00:00
3732.478923,0.5,3849.483436,3604.5285624999997,3359.573689,2020-12-08 05:00:00
3974.074054,0.5,4094.885166,3844.1628579999997,3593.44055,2020-12-08 06:00:00
3973.459572,0.5,4088.120155,3926.3436085000003,3764.567062,2020-12-08 07:00:00
3925.557997,0.5,4032.894956,3902.2152260000003,3771.535496,2020-12-08 08:00:00
3923.413791,0.5,4027.20852,3944.056889,3860.905258,2020-12-08 09:00:00
3908.186399,0.5,4009.161652,3958.208244,3907.254836,2020-12-08 10:00:00
3875.713828,0.5,3974.123561,3953.5232015,3932.922842,2020-12-08 11:00:00
3859.449224,0.5,3957.354296,3957.5710055,3957.787715,2020-12-08 12:00:00
3825.883209,0.5,3922.371846,3906.669849,3890.967852,2020-12-08 13:00:00
3813.930992,0.5,3910.607295,3871.2083414999997,3831.809388,2020-12-08 14:00:00
3794.026198,0.5,3891.456898,3856.7920205,3822.127143,2020-12-08 15:00:00
4018.970177,0.5,4126.174011,3999.3023325,3872.430654,2020-12-08 16:00:00
4441.977027,0.5,4559.219889,4316.6810614999995,4074.142234,2020-12-08 17:00:00
4441.38702,0.5,4558.487666,4529.589195500001,4500.690725,2020-12-08 18:00:00
4377.56872,0.5,4493.214485,4466.713237,4440.211989,2020-12-08 19:00:00
4251.343945,0.5,4363.353777,4393.2541945,4423.154612,2020-12-08 20:00:00
4016.669711,0.5,4120.207174,4108.345133000001,4096.483092,2020-12-08 21:00:00
3697.854115,0.5,3792.284554,3775.251429,3758.218304,2020-12-08 22:00:00
3448.889923,0.5,3538.958263,3508.491768,3478.025273,2020-12-08 23:00:00
3310.612869,0.5,3399.469845,3355.6232955,3311.776746,2020-12-09 00:00:00
3247.859602,0.5,3336.872506,3266.4647465,3196.056987,2020-12-09 01:00:00
3223.468673,0.5,3313.464929,3261.071062,3208.677195,2020-12-09 02:00:00
3268.920212,0.5,3363.383325,3412.4342225,3461.48512,2020-12-09 03:00:00
3425.142141,0.5,3529.724153,3455.5161230000003,3381.308093,2020-12-09 04:00:00
3715.022032,0.5,3832.783738,3700.0374265,3567.291115,2020-12-09 05:00:00
3958.538762,0.5,4080.671903,3956.1858574999997,3831.699812,2020-12-09 06:00:00
3964.764423,0.5,4081.279609,3995.4318515,3909.584094,2020-12-09 07:00:00
3917.825885,0.5,4027.379232,3971.9900865,3916.600941,2020-12-09 08:00:00
3919.252372,0.5,4024.596555,3884.554089,3744.511623,2020-12-09 09:00:00
3909.913048,0.5,4012.112201,3895.5949515,3779.077702,2020-12-09 10:00:00
3877.955149,0.5,3977.798694,3890.803703,3803.808712,2020-12-09 11:00:00
3848.829786,0.5,3946.890103,3903.7191055000003,3860.548108,2020-12-09 12:00:00
3831.877557,0.5,3929.155742,3861.1708945,3793.186047,2020-12-09 13:00:00
3811.858286,0.5,3908.88515,3801.9824184999998,3695.079687,2020-12-09 14:00:00
3801.056009,0.5,3898.773462,3763.10555,3627.437638,2020-12-09 15:00:00
4016.409229,0.5,4124.390691,3979.9430304999996,3835.49537,2020-12-09 16:00:00
4447.713526,0.5,4565.336706,4395.7581375,4226.179569,2020-12-09 17:00:00
4426.819947,0.5,4543.978252,4410.398301499999,4276.818351,2020-12-09 18:00:00
4334.762288,0.5,4450.368932,4352.2545245,4254.140117,2020-12-09 19:00:00
4209.379263,0.5,4321.051,4253.492431500001,4185.933863,2020-12-09 20:00:00
3980.303727,0.5,4083.576856,4045.1950675,4006.813279,2020-12-09 21:00:00
3644.068264,0.5,3737.576706,3762.1908485,3786.804991,2020-12-09 22:00:00
3404.355939,0.5,3493.365697,3483.9820895000003,3474.598482,2020-12-09 23:00:00
3259.370546,0.5,3346.28065,3316.4497145,3286.618779,2020-12-10 00:00:00
3180.927699,0.5,3267.355321,3255.7540095,3244.152698,2020-12-10 01:00:00
3156.654356,0.5,3243.98823,3244.3192835,3244.650337,2020-12-10 02:00:00
3196.228028,0.5,3287.246496,3348.307631,3409.368766,2020-12-10 03:00:00
3335.907439,0.5,3435.838764,3542.3009815,3648.763199,2020-12-10 04:00:00
3625.90055,0.5,3739.438726,3717.619257,3695.799788,2020-12-10 05:00:00
3854.647854,0.5,3971.469398,3900.662147,3829.854896,2020-12-10 06:00:00
3861.708471,0.5,3972.963319,3957.2129735,3941.462628,2020-12-10 07:00:00
3868.535784,0.5,3974.292099,3907.328431,3840.364763,2020-12-10 08:00:00
3890.053354,0.5,3992.905188,3911.195169,3829.48515,2020-12-10 09:00:00
3896.91101,0.5,3997.722984,3938.4627525,3879.202521,2020-12-10 10:00:00
3893.369414,0.5,3993.071439,3889.6206275,3786.169816,2020-12-10 11:00:00
3894.022814,0.5,3993.250979,3919.996213,3846.741447,2020-12-10 12:00:00
3890.471841,0.5,3988.927163,3892.276347,3795.625531,2020-12-10 13:00:00
3873.188823,0.5,3971.904565,3834.049764,3696.194963,2020-12-10 14:00:00
3843.818104,0.5,3942.848308,3787.1927785,3631.537249,2020-12-10 15:00:00
4039.265622,0.5,4147.448984,4057.7553749999997,3968.061766,2020-12-10 16:00:00
4430.060909,0.5,4547.367232,4482.3987165,4417.430201,2020-12-10 17:00:00
4400.886449,0.5,4516.964978,4412.2534049999995,4307.541832,2020-12-10 18:00:00
4283.243674,0.5,4396.558969,4299.7290275,4202.899086,2020-12-10 19:00:00
4148.252248,0.5,4257.9901,4225.691075000001,4193.39205,2020-12-10 20:00:00
3907.336879,0.5,4007.200094,4073.0730249999997,4138.945956,2020-12-10 21:00:00
3593.256597,0.5,3683.63631,3796.7113474999996,3909.786385,2020-12-10 22:00:00
3348.761667,0.5,3434.001425,3454.854955,3475.708485,2020-12-10 23:00:00
3200.034726,0.5,3282.92689,3253.8015625,3224.676235,2020-12-11 00:00:00
3129.549283,0.5,3211.420986,3277.2525775000004,3343.084169,2020-12-11 01:00:00
3097.655703,0.5,3179.934286,3194.446091,3208.957896,2020-12-11 02:00:00
3127.103355,0.5,3212.325729,3233.9085135,3255.491298,2020-12-11 03:00:00
3251.859704,0.5,3345.26373,3385.294927,3425.326124,2020-12-11 04:00:00
3524.806399,0.5,3630.877821,3787.354543,3943.831265,2020-12-11 05:00:00
3757.363278,0.5,3868.500776,3999.982962,4131.465148,2020-12-11 06:00:00
3736.61779,0.5,3840.646311,3849.409784,3858.173257,2020-12-11 07:00:00
3811.488881,0.5,3914.434712,3897.3729515,3880.311191,2020-12-11 08:00:00
3835.868101,0.5,3936.84748,3890.910547,3844.973614,2020-12-11 09:00:00
3858.462764,0.5,3958.082724,3902.310641,3846.538558,2020-12-11 10:00:00
3865.714942,0.5,3964.065912,3934.9692735,3905.872635,2020-12-11 11:00:00
3850.325395,0.5,3947.717856,3907.9758185,3868.233781,2020-12-11 12:00:00
3836.368247,0.5,3933.061262,3863.0508735000003,3793.040485,2020-12-11 13:00:00
3801.181303,0.5,3897.042233,3848.0580975000003,3799.073962,2020-12-11 14:00:00
3784.613946,0.5,3881.328747,3744.7743675,3608.219988,2020-12-11 15:00:00
3998.189683,0.5,4104.544602,4002.0565265,3899.568451,2020-12-11 16:00:00
4341.954738,0.5,4455.688709,4316.40465,4177.120591,2020-12-11 17:00:00
4276.062353,0.5,4388.021173,4290.801463,4193.581753,2020-12-11 18:00:00
4171.284339,0.5,4281.048704,4248.14356,4215.238416,2020-12-11 19:00:00
4053.52593,0.5,4160.212308,4186.4144830000005,4212.616658,2020-12-11 20:00:00
3879.054524,0.5,3979.442884,4015.1829905,4050.923097,2020-12-11 21:00:00
3623.745347,0.5,3715.785865,3769.902964,3824.020063,2020-12-11 22:00:00
3382.844608,0.5,3469.067937,3479.0232914999997,3488.978646,2020-12-11 23:00:00
3220.270933,0.5,3304.013415,3275.245009,3246.476603,2020-12-12 00:00:00
3122.315606,0.5,3204.916063,3184.5660159999998,3164.215969,2020-12-12 01:00:00
3069.786257,0.5,3152.190586,3169.8084895,3187.426393,2020-12-12 02:00:00
3076.684246,0.5,3160.586858,3203.9453089999997,3247.30376,2020-12-12 03:00:00
3130.109482,0.5,3218.3394,3271.0310394999997,3323.722679,2020-12-12 04:00:00
3238.99636,0.5,3333.125323,3431.7417255,3530.358128,2020-12-12 05:00:00
3335.916958,0.5,3434.579718,3723.6906215,4012.801525,2020-12-12 06:00:00
3373.505166,0.5,3473.625868,3667.672737,3861.719606,2020-12-12 07:00:00
3455.73387,0.5,3555.688289,3684.9904165,3814.292544,2020-12-12 08:00:00
3530.68978,0.5,3629.252467,3743.8561645,3858.459862,2020-12-12 09:00:00
3559.406468,0.5,3656.528007,3729.846976,3803.165945,2020-12-12 10:00:00
3535.279266,0.5,3630.458344,3687.49607,3744.533796,2020-12-12 11:00:00
3496.828009,0.5,3589.769751,3689.3919619999997,3789.014173,2020-12-12 12:00:00
3449.035219,0.5,3540.57838,3629.439614,3718.300848,2020-12-12 13:00:00
3422.596152,0.5,3513.958207,3637.3152765,3760.672346,2020-12-12 14:00:00
3446.722761,0.5,3540.009382,3644.6715215000004,3749.333661,2020-12-12 15:00:00
3697.490591,0.5,3799.770108,3820.5750405,3841.379973,2020-12-12 16:00:00
4086.325296,0.5,4196.960252,4184.01721,4171.074168,2020-12-12 17:00:00
4071.993656,0.5,4180.888686,4139.2145405,4097.540395,2020-12-12 18:00:00
3997.089095,0.5,4104.148863,4120.233239,4136.317615,2020-12-12 19:00:00
3900.167199,0.5,4004.154433,4053.4401135,4102.725794,2020-12-12 20:00:00
3760.271476,0.5,3858.520914,3908.861445,3959.201976,2020-12-12 21:00:00
3549.156461,0.5,3640.558069,3648.874706,3657.191343,2020-12-12 22:00:00
3347.172375,0.5,3433.739402,3420.0724465000003,3406.405491,2020-12-12 23:00:00
3195.374496,0.5,3279.357899,3312.5890019999997,3345.820105,2020-12-13 00:00:00
3114.983004,0.5,3197.593008,3216.825254,3236.0575,2020-12-13 01:00:00
3077.522868,0.5,3160.159184,3166.5472950000003,3172.935406,2020-12-13 02:00:00
3052.87442,0.5,3135.994338,3204.9979080000003,3274.001478,2020-12-13 03:00:00
3080.810416,0.5,3166.807669,3197.7780194999996,3228.74837,2020-12-13 04:00:00
3159.764247,0.5,3250.247081,3347.1188145,3443.990548,2020-12-13 05:00:00
3204.762836,0.5,3298.865474,3339.7002815,3380.535089,2020-12-13 06:00:00
3305.376487,0.5,3401.725227,3466.1491455,3530.573064,2020-12-13 07:00:00
3309.878296,0.5,3406.336833,3406.1898215,3406.04281,2020-12-13 08:00:00
3369.039839,0.5,3465.069653,3473.964365,3482.859077,2020-12-13 09:00:00
3405.878864,0.5,3501.299221,3559.2754415,3617.251662,2020-12-13 10:00:00
3408.351536,0.5,3502.790008,3525.648272,3548.506536,2020-12-13 11:00:00
3393.48474,0.5,3486.523815,3484.4742134999997,3482.424612,2020-12-13 12:00:00
3371.368918,0.5,3463.004539,3395.7201919999998,3328.435845,2020-12-13 13:00:00
3372.707743,0.5,3464.434531,3504.6029515,3544.771372,2020-12-13 14:00:00
3417.831453,0.5,3511.408642,3560.7163895,3610.024137,2020-12-13 15:00:00
3713.630911,0.5,3818.940613,3698.7543155000003,3578.568018,2020-12-13 16:00:00
4226.241499,0.5,4341.374284,4061.3488150000003,3781.323346,2020-12-13 17:00:00
4183.401115,0.5,4298.498665,4220.4392609999995,4142.379857,2020-12-13 18:00:00
4156.950608,0.5,4270.40695,4132.428159,3994.449368,2020-12-13 19:00:00
4037.658329,0.5,4146.536296,4080.488979,4014.441662,2020-12-13 20:00:00
3806.287388,0.5,3906.364533,3855.570674,3804.776815,2020-12-13 21:00:00
3541.970109,0.5,3633.414514,3644.2965670000003,3655.17862,2020-12-13 22:00:00
3331.536357,0.5,3418.622377,3405.643921,3392.665465,2020-12-13 23:00:00
3203.080842,0.5,3288.550928,3273.6745645,3258.798201,2020-12-14 00:00:00
3131.555502,0.5,3216.256756,3168.6384135,3121.020071,2020-12-14 01:00:00
3138.818595,0.5,3224.887831,3154.67243,3084.457029,2020-12-14 02:00:00
3186.084954,0.5,3276.705513,3197.1361975,3117.566882,2020-12-14 03:00:00
3335.614791,0.5,3435.978776,3296.363613,3156.74845,2020-12-14 04:00:00
3627.231511,0.5,3741.573772,3495.1925225,3248.811273,2020-12-14 05:00:00
3863.985706,0.5,3982.958214,3616.225887,3249.49356,2020-12-14 06:00:00
3889.947627,0.5,4004.345779,3695.5644410000004,3386.783103,2020-12-14 07:00:00
3884.899879,0.5,3993.41892,3744.2186389999997,3495.018358,2020-12-14 08:00:00
3904.362124,0.5,4010.118634,3785.9933515000002,3561.868069,2020-12-14 09:00:00
3898.582405,0.5,4001.479315,3753.1126205,3504.745926,2020-12-14 10:00:00
3871.392646,0.5,3972.302399,3845.9987065,3719.695014,2020-12-14 11:00:00
3837.619689,0.5,3937.097346,3786.043033,3634.98872,2020-12-14 12:00:00
3818.923942,0.5,3917.107953,3713.4870585,3509.866164,2020-12-14 13:00:00
3792.411452,0.5,3890.40272,3804.9056175,3719.408515,2020-12-14 14:00:00
3792.515118,0.5,3890.915389,3759.5218594999997,3628.12833,2020-12-14 15:00:00
4075.736795,0.5,4186.046334,3952.2931455,3718.539957,2020-12-14 16:00:00
4541.80836,0.5,4663.250381,4217.4999865,3771.749592,2020-12-14 17:00:00
4557.484508,0.5,4679.178625,4396.0511485,4112.923672,2020-12-14 18:00:00
4479.436521,0.5,4599.432857,4376.1447395,4152.856622,2020-12-14 19:00:00
4350.040838,0.5,4465.784778,4235.793505,4005.802232,2020-12-14 20:00:00
4084.463183,0.5,4190.741669,3997.8252755000003,3804.908882,2020-12-14 21:00:00
3749.973059,0.5,3846.91369,3708.066845,3569.22,2020-12-14 22:00:00
3486.417528,0.5,3578.555057,3444.4777,3310.400343,2020-12-14 23:00:00
3326.620571,0.5,3416.628584,3322.896253,3229.163922,2020-12-15 00:00:00
3255.900037,0.5,3346.121728,3237.1159225,3128.110117,2020-12-15 01:00:00
3233.423838,0.5,3324.754071,3212.9953505,3101.23663,2020-12-15 02:00:00
3296.396746,0.5,3392.706314,3282.1990180000003,3171.691722,2020-12-15 03:00:00
3455.440023,0.5,3561.632036,3383.8508785,3206.069721,2020-12-15 04:00:00
3724.312773,0.5,3843.298122,3603.8852275,3364.472333,2020-12-15 05:00:00
3967.331703,0.5,4090.593538,3974.5072305000003,3858.420923,2020-12-15 06:00:00
3983.895959,0.5,4101.353794,4000.2743315,3899.194869,2020-12-15 07:00:00
3953.935026,0.5,4065.125916,4007.5837229999997,3950.04153,2020-12-15 08:00:00
3930.870689,0.5,4036.008245,3974.125067,3912.241889,2020-12-15 09:00:00
3920.87134,0.5,4024.515139,3983.936235,3943.357331,2020-12-15 10:00:00
3924.817469,0.5,4026.856258,4005.508232,3984.160206,2020-12-15 11:00:00
3898.522617,0.5,3998.481967,3947.0585060000003,3895.635045,2020-12-15 12:00:00
3869.708181,0.5,3967.895128,3915.8503044999998,3863.805481,2020-12-15 13:00:00
3820.142063,0.5,3917.803562,3882.8303885,3847.857215,2020-12-15 14:00:00
3853.572652,0.5,3953.983466,3837.7288989999997,3721.474332,2020-12-15 15:00:00
4140.431817,0.5,4252.827924,4042.3047185,3831.781513,2020-12-15 16:00:00
4642.731965,0.5,4764.880143,4493.393972,4221.907801,2020-12-15 17:00:00
4631.642313,0.5,4753.674509,4581.340441,4409.006373,2020-12-15 18:00:00
4543.217416,0.5,4663.192549,4491.0146965,4318.836844,2020-12-15 19:00:00
4391.355203,0.5,4507.731027,4494.9778105000005,4482.224594,2020-12-15 20:00:00
4123.886973,0.5,4230.888199,4202.813275,4174.738351,2020-12-15 21:00:00
3787.654287,0.5,3885.566857,3845.6036225,3805.640388,2020-12-15 22:00:00
3508.452655,0.5,3600.846351,3516.908844,3432.971337,2020-12-15 23:00:00
3346.273323,0.5,3437.057677,3365.3576985,3293.65772,2020-12-16 00:00:00
3275.162361,0.5,3365.835037,3267.6657025,3169.496368,2020-12-16 01:00:00
3251.113679,0.5,3343.036499,3258.294634,3173.552769,2020-12-16 02:00:00
3291.399964,0.5,3387.487441,3289.239558,3190.991675,2020-12-16 03:00:00
3451.680437,0.5,3558.021761,3456.7802625,3355.538764,2020-12-16 04:00:00
3739.51619,0.5,3858.918975,3610.612185,3362.305395,2020-12-16 05:00:00
3981.665633,0.5,4104.526331,3951.216082,3797.905833,2020-12-16 06:00:00
3959.529337,0.5,4076.943349,3969.146216,3861.349083,2020-12-16 07:00:00
3932.561029,0.5,4042.966618,3992.8651805,3942.763743,2020-12-16 08:00:00
3928.176821,0.5,4034.040876,3961.102154,3888.163432,2020-12-16 09:00:00
3917.001714,0.5,4019.920015,3920.6429175000003,3821.36582,2020-12-16 10:00:00
3899.024314,0.5,3999.330627,3878.7465045,3758.162382,2020-12-16 11:00:00
3866.350876,0.5,3964.967214,3883.6529075,3802.338601,2020-12-16 12:00:00
3848.3612,0.5,3945.818571,3848.209523,3750.600475,2020-12-16 13:00:00
3830.730523,0.5,3927.793213,3801.5270769999997,3675.260941,2020-12-16 14:00:00
3842.553482,0.5,3941.2252,3801.029196,3660.833192,2020-12-16 15:00:00
4121.742394,0.5,4231.965136,4056.9258185,3881.886501,2020-12-16 16:00:00
4574.791279,0.5,4695.225484,4473.877816,4252.530148,2020-12-16 17:00:00
4564.272317,0.5,4684.505271,4540.6858085,4396.866346,2020-12-16 18:00:00
4441.745132,0.5,4559.830774,4495.6390155,4431.447257,2020-12-16 19:00:00
4304.474357,0.5,4418.735985,4365.639469,4312.542953,2020-12-16 20:00:00
4064.807061,0.5,4170.429592,4176.1973825000005,4181.965173,2020-12-16 21:00:00
3723.698579,0.5,3819.4427,3844.386743,3869.330786,2020-12-16 22:00:00
3448.04244,0.5,3537.931415,3520.130724,3502.330033,2020-12-16 23:00:00
3298.182046,0.5,3386.279328,3347.644668,3309.010008,2020-12-17 00:00:00
3215.109088,0.5,3302.288378,3281.0086465000004,3259.728915,2020-12-17 01:00:00
3183.26915,0.5,3271.850323,3259.268773,3246.687223,2020-12-17 02:00:00
3219.438681,0.5,3311.335415,3541.3914935000003,3771.447572,2020-12-17 03:00:00
3366.565124,0.5,3468.372243,3454.072043,3439.771843,2020-12-17 04:00:00
3634.306402,0.5,3748.492793,3639.298578,3530.104363,2020-12-17 05:00:00
3892.913171,0.5,4012.203145,3901.9856680000003,3791.768191,2020-12-17 06:00:00
3899.064471,0.5,4013.164978,4002.531532,3991.898086,2020-12-17 07:00:00
3923.06429,0.5,4031.494358,4012.2921345,3993.089911,2020-12-17 08:00:00
3943.367731,0.5,4048.556042,3956.641254,3864.726466,2020-12-17 09:00:00
3951.632678,0.5,4054.099246,3947.283003,3840.46676,2020-12-17 10:00:00
3931.891909,0.5,4032.340554,3882.2916145,3732.242675,2020-12-17 11:00:00
3934.17818,0.5,4035.059012,3933.004413,3830.949814,2020-12-17 12:00:00
3906.785983,0.5,4005.174693,3902.721842,3800.268991,2020-12-17 13:00:00
3890.07959,0.5,3987.623339,3837.2913280000002,3686.959317,2020-12-17 14:00:00
3890.562365,0.5,3990.372308,3876.8171119999997,3763.261916,2020-12-17 15:00:00
4117.993866,0.5,4227.47209,4110.132819500001,3992.793549,2020-12-17 16:00:00
4524.278257,0.5,4643.106669,4544.6377085,4446.168748,2020-12-17 17:00:00
4490.023675,0.5,4608.219034,4567.323144,4526.427254,2020-12-17 18:00:00
4414.50499,0.5,4531.187484,4460.926816499999,4390.666149,2020-12-17 19:00:00
4288.60888,0.5,4401.699121,4290.5025215,4179.305922,2020-12-17 20:00:00
4032.881096,0.5,4136.878332,4137.059141,4137.23995,2020-12-17 21:00:00
3709.775941,0.5,3804.126096,3809.5775985,3815.029101,2020-12-17 22:00:00
3434.650158,0.5,3523.496735,3551.3379515,3579.179168,2020-12-17 23:00:00
3273.20237,0.5,3359.796522,3326.4776730000003,3293.158824,2020-12-18 00:00:00
3179.627279,0.5,3265.42513,3262.6523075,3259.879485,2020-12-18 01:00:00
3148.692641,0.5,3235.153997,3246.3036039999997,3257.453211,2020-12-18 02:00:00
3187.058978,0.5,3277.262958,3278.5089685,3279.754979,2020-12-18 03:00:00
3331.018645,0.5,3430.233348,3520.0293315,3609.825315,2020-12-18 04:00:00
3614.225128,0.5,3727.020036,3668.269787,3609.519538,2020-12-18 05:00:00
3862.275268,0.5,3979.503527,3839.212975,3698.922423,2020-12-18 06:00:00
3888.898734,0.5,4002.275578,3956.228123,3910.180668,2020-12-18 07:00:00
3895.652515,0.5,4004.214083,3912.3855005,3820.556918,2020-12-18 08:00:00
3900.027461,0.5,4005.252042,3881.591637,3757.931232,2020-12-18 09:00:00
3897.375995,0.5,3999.358358,3915.5862939999997,3831.81423,2020-12-18 10:00:00
3864.692525,0.5,3964.402817,3918.7623975,3873.121978,2020-12-18 11:00:00
3823.922937,0.5,3921.744076,3842.272382,3762.800688,2020-12-18 12:00:00
3795.740662,0.5,3892.576917,3825.591698,3758.606479,2020-12-18 13:00:00
3765.390305,0.5,3861.206897,3828.7742925000002,3796.341688,2020-12-18 14:00:00
3763.557358,0.5,3860.277644,3874.4669935,3888.656343,2020-12-18 15:00:00
4007.03108,0.5,4113.50543,4056.6934920000003,3999.881554,2020-12-18 16:00:00
4399.514533,0.5,4514.116819,4382.531955500001,4250.947092,2020-12-18 17:00:00
4357.362435,0.5,4470.472253,4458.985633,4447.499013,2020-12-18 18:00:00
4243.33365,0.5,4354.596106,4347.861363,4341.12662,2020-12-18 19:00:00
4131.452344,0.5,4240.090179,4211.0412545,4181.99233,2020-12-18 20:00:00
3951.491173,0.5,4053.929983,4046.8012470000003,4039.672511,2020-12-18 21:00:00
3704.805878,0.5,3799.660512,3814.002962,3828.345412,2020-12-18 22:00:00
3452.705255,0.5,3541.689434,3496.5880625,3451.486691,2020-12-18 23:00:00
3286.3265,0.5,3372.586762,3315.0469125,3257.507063,2020-12-19 00:00:00
3181.911862,0.5,3266.463221,3239.0523545,3211.641488,2020-12-19 01:00:00
3133.370621,0.5,3218.008809,3177.4169695,3136.82513,2020-12-19 02:00:00
3128.901521,0.5,3214.905711,3198.397691,3181.889671,2020-12-19 03:00:00
3175.852916,0.5,3265.684548,3286.6115630000004,3307.538578,2020-12-19 04:00:00
3286.101066,0.5,3382.205926,3552.3166300000003,3722.427334,2020-12-19 05:00:00
3394.179426,0.5,3495.266437,3625.1819355,3755.097434,2020-12-19 06:00:00
3444.867661,0.5,3548.994647,3644.8463819999997,3740.698117,2020-12-19 07:00:00
3568.977888,0.5,3673.473342,3779.192913,3884.912484,2020-12-19 08:00:00
3646.114465,0.5,3748.715403,3806.203641,3863.691879,2020-12-19 09:00:00
3645.72138,0.5,3745.01416,3757.8934515,3770.772743,2020-12-19 10:00:00
3611.45843,0.5,3708.229306,3783.586314,3858.943322,2020-12-19 11:00:00
3561.899009,0.5,3656.15191,3685.8396975,3715.527485,2020-12-19 12:00:00
3521.097618,0.5,3613.960951,3682.1965950000003,3750.432239,2020-12-19 13:00:00
3488.717654,0.5,3581.560641,3714.561271,3847.561901,2020-12-19 14:00:00
3537.43305,0.5,3632.903145,3721.2905975000003,3809.67805,2020-12-19 15:00:00
3846.314356,0.5,3952.539527,3892.4690725,3832.398618,2020-12-19 16:00:00
4186.448059,0.5,4299.333422,4239.0816925,4178.829963,2020-12-19 17:00:00
4170.092696,0.5,4281.21754,4274.496106,4267.774672,2020-12-19 18:00:00
4092.340367,0.5,4201.362555,4194.1291425,4186.89573,2020-12-19 19:00:00
4011.272782,0.5,4117.30768,4119.6280045,4121.948329,2020-12-19 20:00:00
3751.452976,0.5,3851.468185,3901.0789685,3950.689752,2020-12-19 21:00:00
3630.625771,0.5,3722.934669,3728.5467035,3734.158738,2020-12-19 22:00:00
3425.65437,0.5,3512.790855,3476.2099775,3439.6291,2020-12-19 23:00:00
3258.750426,0.5,3341.895158,3302.079206,3262.263254,2020-12-20 00:00:00
3167.036979,0.5,3248.060768,3206.6844819999997,3165.308196,2020-12-20 01:00:00
3125.467742,0.5,3205.794815,3170.67905,3135.563285,2020-12-20 02:00:00
3109.105399,0.5,3189.83924,3138.3927215,3086.946203,2020-12-20 03:00:00
3147.573555,0.5,3231.207221,3323.684657,3416.162093,2020-12-20 04:00:00
3212.028201,0.5,3299.528233,3259.032111,3218.535989,2020-12-20 05:00:00
3285.775296,0.5,3376.963639,3363.338364,3349.713089,2020-12-20 06:00:00
3337.644872,0.5,3432.724387,3517.5122284999998,3602.30007,2020-12-20 07:00:00
3440.289291,0.5,3537.618651,3533.1522905,3528.68593,2020-12-20 08:00:00
3493.621274,0.5,3592.771966,3524.074372,3455.376778,2020-12-20 09:00:00
3483.305919,0.5,3580.295168,3678.716904,3777.13864,2020-12-20 10:00:00
3456.464954,0.5,3551.620813,3595.4145105,3639.208208,2020-12-20 11:00:00
3429.022032,0.5,3522.400482,3548.9944175,3575.588353,2020-12-20 12:00:00
3405.65066,0.5,3497.606937,3496.9756644999998,3496.344392,2020-12-20 13:00:00
3402.874808,0.5,3495.102702,3546.0525485,3597.002395,2020-12-20 14:00:00
3443.460724,0.5,3538.334504,3515.3547655,3492.375027,2020-12-20 15:00:00
3749.970886,0.5,3856.533164,3687.4315445,3518.329925,2020-12-20 16:00:00
4231.216229,0.5,4347.989908,4209.255719,4070.52153,2020-12-20 17:00:00
4313.667581,0.5,4431.36271,4249.2124095,4067.062109,2020-12-20 18:00:00
4294.813128,0.5,4410.769879,4212.195234000001,4013.620589,2020-12-20 19:00:00
4222.076214,0.5,4334.496086,4166.4707065,3998.445327,2020-12-20 20:00:00
4040.840363,0.5,4144.775658,4003.357621,3861.939584,2020-12-20 21:00:00
3788.273517,0.5,3883.491039,3778.4153195,3673.3396,2020-12-20 22:00:00
3535.442081,0.5,3625.580622,3498.6911515,3371.801681,2020-12-20 23:00:00
3362.529778,0.5,3449.500157,3349.991602,3250.483047,2020-12-21 00:00:00
3287.783599,0.5,3374.087733,3266.959379,3159.831025,2020-12-21 01:00:00
3256.09386,0.5,3342.689603,3223.1111105,3103.532618,2020-12-21 02:00:00
3298.745645,0.5,3389.613094,3234.0679595,3078.522825,2020-12-21 03:00:00
3433.774011,0.5,3533.269378,3333.9104855,3134.551593,2020-12-21 04:00:00
3706.286971,0.5,3818.454968,3608.5286619999997,3398.602356,2020-12-21 05:00:00
3934.690466,0.5,4052.002177,3713.7178299999996,3375.433483,2020-12-21 06:00:00
3978.925233,0.5,4093.541876,3866.457684,3639.373492,2020-12-21 07:00:00
4020.964031,0.5,4131.989192,3934.449399,3736.909606,2020-12-21 08:00:00
4064.820866,0.5,4174.195928,3991.394569,3808.59321,2020-12-21 09:00:00
4065.008294,0.5,4172.620149,3879.877469,3587.134789,2020-12-21 10:00:00
4011.512124,0.5,4116.528178,3821.9459269999998,3527.363676,2020-12-21 11:00:00
3959.060086,0.5,4063.268346,3792.282446,3521.296546,2020-12-21 12:00:00
3916.443941,0.5,4018.61824,3894.443137,3770.268034,2020-12-21 13:00:00
3898.657428,0.5,4000.651235,3899.1657505,3797.680266,2020-12-21 14:00:00
3959.094544,0.5,4064.525932,3866.1609085,3667.795885,2020-12-21 15:00:00
4257.924657,0.5,4373.958442,3931.4624905,3488.966539,2020-12-21 16:00:00
4777.54067,0.5,4905.18639,4486.101084,4067.015778,2020-12-21 17:00:00
4821.969685,0.5,4950.485222,4500.386634500001,4050.288047,2020-12-21 18:00:00
4768.064595,0.5,4895.106633,4550.1829,4205.259167,2020-12-21 19:00:00
4604.671376,0.5,4727.135223,4422.5104035,4117.885584,2020-12-21 20:00:00
4352.368025,0.5,4465.125644,4254.6153065,4044.104969,2020-12-21 21:00:00
3986.559004,0.5,4089.232658,3886.829614,3684.42657,2020-12-21 22:00:00
3698.492834,0.5,3795.522724,3638.0584854999997,3480.594247,2020-12-21 23:00:00
3507.61979,0.5,3602.458322,3467.6648999999998,3332.871478,2020-12-22 00:00:00
3423.397947,0.5,3518.326228,3348.888309,3179.45039,2020-12-22 01:00:00
3401.157506,0.5,3497.117112,3306.2976995,3115.478287,2020-12-22 02:00:00
3447.904634,0.5,3548.468278,3332.721424,3116.97457,2020-12-22 03:00:00
3607.792815,0.5,3717.756549,3493.8032215000003,3269.849894,2020-12-22 04:00:00
3885.305999,0.5,4007.893104,3711.294448,3414.695792,2020-12-22 05:00:00
4106.283471,0.5,4233.797286,4026.374817,3818.952348,2020-12-22 06:00:00
4138.62571,0.5,4261.450842,4102.285803,3943.120764,2020-12-22 07:00:00
4155.348207,0.5,4271.806227,4110.5054165,3949.204606,2020-12-22 08:00:00
4149.065556,0.5,4261.189564,4088.535456,3915.881348,2020-12-22 09:00:00
4099.551742,0.5,4208.307856,4050.9101985,3893.512541,2020-12-22 10:00:00
4015.946265,0.5,4121.769585,4015.640939,3909.512293,2020-12-22 11:00:00
3955.091506,0.5,4059.514349,3980.7448059999997,3901.975263,2020-12-22 12:00:00
3895.395369,0.5,3998.519563,3933.7808784999997,3869.042194,2020-12-22 13:00:00
3861.644839,0.5,3965.070826,3898.6915985,3832.312371,2020-12-22 14:00:00
3892.398941,0.5,3999.075268,3903.4845755,3807.893883,2020-12-22 15:00:00
4181.89435,0.5,4300.289195,4154.94853,4009.607865,2020-12-22 16:00:00
4696.688089,0.5,4826.173926,4605.1661095,4384.158293,2020-12-22 17:00:00
4750.427039,0.5,4880.633505,4769.7186755,4658.803846,2020-12-22 18:00:00
4704.994684,0.5,4834.319981,4744.989909,4655.659837,2020-12-22 19:00:00
4608.232338,0.5,4734.431298,4686.9358805,4639.440463,2020-12-22 20:00:00
4377.456353,0.5,4495.099976,4368.3346105,4241.569245,2020-12-22 21:00:00
4075.316688,0.5,4183.604115,4109.8168415,4036.029568,2020-12-22 22:00:00
3793.502466,0.5,3897.122863,3764.638145,3632.153427,2020-12-22 23:00:00
3627.491733,0.5,3729.615079,3561.8954845,3394.17589,2020-12-23 00:00:00
3539.775869,0.5,3641.941214,3467.788085,3293.634956,2020-12-23 01:00:00
3526.59704,0.5,3630.478794,3447.7597695,3265.040745,2020-12-23 02:00:00
3578.208614,0.5,3686.837807,3496.476327,3306.114847,2020-12-23 03:00:00
3746.22791,0.5,3864.873522,3600.3409865,3335.808451,2020-12-23 04:00:00
4035.169862,0.5,4165.916279,3869.9859815,3574.055684,2020-12-23 05:00:00
4259.282115,0.5,4394.96291,4150.5465619999995,3906.130214,2020-12-23 06:00:00
4263.997045,0.5,4395.00286,4233.624701,4072.246542,2020-12-23 07:00:00
4247.600357,0.5,4371.387085,4256.665089,4141.943093,2020-12-23 08:00:00
4196.917604,0.5,4314.666077,4159.1879935,4003.70991,2020-12-23 09:00:00
4131.344397,0.5,4244.313878,4130.505733,4016.697588,2020-12-23 10:00:00
4050.104074,0.5,4158.897138,4079.749991,4000.602844,2020-12-23 11:00:00
3948.477151,0.5,4053.557022,4011.006589,3968.456156,2020-12-23 12:00:00
3880.827041,0.5,3983.75413,3924.564724,3865.375318,2020-12-23 13:00:00
3852.000664,0.5,3953.959445,3907.348367,3860.737289,2020-12-23 14:00:00
3852.346311,0.5,3956.358065,3855.8637664999997,3755.369468,2020-12-23 15:00:00
4154.522103,0.5,4271.155964,4186.703003,4102.250042,2020-12-23 16:00:00
4706.963086,0.5,4836.761414,4593.8547,4350.947986,2020-12-23 17:00:00
4774.463941,0.5,4905.8525,4943.1391945,4980.425889,2020-12-23 18:00:00
4746.081904,0.5,4876.490294,4789.2741625,4702.058031,2020-12-23 19:00:00
4654.167102,0.5,4782.795334,4602.979106500001,4423.162879,2020-12-23 20:00:00
4447.695274,0.5,4568.131794,4420.840556,4273.549318,2020-12-23 21:00:00
4138.093982,0.5,4249.384739,4231.3873029999995,4213.389867,2020-12-23 22:00:00
3866.441123,0.5,3973.363391,3859.2115885,3745.059786,2020-12-23 23:00:00
3682.225935,0.5,3787.038203,3651.2163395,3515.394476,2020-12-24 00:00:00
3599.623263,0.5,3704.482022,3526.9870995,3349.492177,2020-12-24 01:00:00
3584.99098,0.5,3691.001882,3528.3791255,3365.756369,2020-12-24 02:00:00
3635.616847,0.5,3746.453993,3555.7165750000004,3364.979157,2020-12-24 03:00:00
3785.980085,0.5,3905.643599,3679.9385635,3454.233528,2020-12-24 04:00:00
4056.754252,0.5,4188.503767,4023.9136225,3859.323478,2020-12-24 05:00:00
4274.783062,0.5,4410.865178,4220.7148165,4030.564455,2020-12-24 06:00:00
4269.572133,0.5,4401.136814,4250.1623675,4099.187921,2020-12-24 07:00:00
4244.855317,0.5,4369.149137,4208.885337,4048.621537,2020-12-24 08:00:00
4210.207573,0.5,4328.5972,4192.202733,4055.808266,2020-12-24 09:00:00
4145.616435,0.5,4258.569574,4120.471437,3982.3733,2020-12-24 10:00:00
4053.355529,0.5,4161.648954,4120.8062055,4079.963457,2020-12-24 11:00:00
3956.946052,0.5,4061.661745,3980.823929,3899.986113,2020-12-24 12:00:00
3885.041913,0.5,3986.839318,3940.8282714999996,3894.817225,2020-12-24 13:00:00
3862.321214,0.5,3963.042243,3890.7446655,3818.447088,2020-12-24 14:00:00
3867.888746,0.5,3971.212891,3868.303214,3765.393537,2020-12-24 15:00:00
4138.221753,0.5,4253.536772,4144.9270750000005,4036.317378,2020-12-24 16:00:00
4666.328026,0.5,4793.62698,4606.7251345,4419.823289,2020-12-24 17:00:00
4738.447206,0.5,4867.180099,4801.6796190000005,4736.179139,2020-12-24 18:00:00
4667.409282,0.5,4795.553468,4676.540256,4557.527044,2020-12-24 19:00:00
4576.1194,0.5,4701.927483,4578.365754500001,4454.804026,2020-12-24 20:00:00
4385.551155,0.5,4504.040226,4416.1846525,4328.329079,2020-12-24 21:00:00
4083.638615,0.5,4193.18169,4160.813533500001,4128.445377,2020-12-24 22:00:00
3796.645497,0.5,3901.101462,3968.6152380000003,4036.129014,2020-12-24 23:00:00
3600.577216,0.5,3702.498636,3673.4462245,3644.393813,2020-12-25 00:00:00
3507.064866,0.5,3608.093979,3545.2237135,3482.353448,2020-12-25 01:00:00
3457.415043,0.5,3558.581031,3523.3924994999998,3488.203968,2020-12-25 02:00:00
3473.193527,0.5,3577.013175,3525.6444659999997,3474.275757,2020-12-25 03:00:00
3586.232852,0.5,3697.481731,3760.608401,3823.735071,2020-12-25 04:00:00
3798.029305,0.5,3919.164617,3886.0212225,3852.877828,2020-12-25 05:00:00
4009.118696,0.5,4135.4936,4087.1520225,4038.810445,2020-12-25 06:00:00
4082.769223,0.5,4208.131077,4143.527749,4078.924421,2020-12-25 07:00:00
4140.63732,0.5,4263.115056,4173.477096,4083.839136,2020-12-25 08:00:00
4160.582931,0.5,4280.328639,4184.6256115,4088.922584,2020-12-25 09:00:00
4161.693467,0.5,4281.309755,4253.065097500001,4224.82044,2020-12-25 10:00:00
4073.070932,0.5,4189.906738,4121.8110639999995,4053.71539,2020-12-25 11:00:00
3958.046235,0.5,4072.53538,3955.9790329999996,3839.422686,2020-12-25 12:00:00
3873.095552,0.5,3985.988066,3941.7388775,3897.489689,2020-12-25 13:00:00
3819.37639,0.5,3931.124035,3884.637815,3838.151595,2020-12-25 14:00:00
3809.60156,0.5,3922.858058,3875.5602419999996,3828.262426,2020-12-25 15:00:00
4041.391177,0.5,4163.140707,4092.8110664999995,4022.481426,2020-12-25 16:00:00
4486.232731,0.5,4614.631646,4561.3064214999995,4507.981197,2020-12-25 17:00:00
4515.425791,0.5,4642.759784,4736.0016295000005,4829.243475,2020-12-25 18:00:00
4444.431296,0.5,4570.07749,4552.4732515,4534.869013,2020-12-25 19:00:00
4353.701258,0.5,4477.286654,4519.420062,4561.55347,2020-12-25 20:00:00
4197.788648,0.5,4315.728978,4311.0862744999995,4306.443571,2020-12-25 21:00:00
3968.754564,0.5,4079.323855,4076.8411100000003,4074.358365,2020-12-25 22:00:00
3735.610213,0.5,3841.146855,3927.5647285,4013.982602,2020-12-25 23:00:00
3555.855233,0.5,3658.833354,3589.37513,3519.916906,2020-12-26 00:00:00
3452.365855,0.5,3554.107228,3509.1591965,3464.211165,2020-12-26 01:00:00
3410.0813,0.5,3512.355942,3540.7938795,3569.231817,2020-12-26 02:00:00
3399.362649,0.5,3503.070296,3548.7793535,3594.488411,2020-12-26 03:00:00
3456.648928,0.5,3564.075742,3584.226894,3604.378046,2020-12-26 04:00:00
3568.983409,0.5,3682.752895,3604.541139,3526.329383,2020-12-26 05:00:00
3674.148277,0.5,3793.118364,3916.537539,4039.956714,2020-12-26 06:00:00
3675.42308,0.5,3795.58642,3928.2879095,4060.989399,2020-12-26 07:00:00
3716.762897,0.5,3834.585647,3943.49356,4052.401473,2020-12-26 08:00:00
3720.942205,0.5,3834.618225,3942.4685855,4050.318946,2020-12-26 09:00:00
3671.23563,0.5,3779.722091,3865.0985835,3950.475076,2020-12-26 10:00:00
3588.595606,0.5,3691.856203,3774.353549,3856.850895,2020-12-26 11:00:00
3506.50303,0.5,3605.302937,3736.984931,3868.666925,2020-12-26 12:00:00
3437.237954,0.5,3532.44877,3703.377294,3874.305818,2020-12-26 13:00:00
3401.045846,0.5,3494.814852,3644.5053505,3794.195849,2020-12-26 14:00:00
3399.890272,0.5,3494.913178,3609.3964619999997,3723.879746,2020-12-26 15:00:00
3641.815687,0.5,3747.332117,3814.33478,3881.337443,2020-12-26 16:00:00
4105.751151,0.5,4222.44696,4250.8170975,4279.187235,2020-12-26 17:00:00
4165.966758,0.5,4283.090709,4401.4901375,4519.889566,2020-12-26 18:00:00
4158.600031,0.5,4275.958152,4385.0283094999995,4494.098467,2020-12-26 19:00:00
4096.863261,0.5,4212.285704,4240.6273565,4268.969009,2020-12-26 20:00:00
3999.785037,0.5,4111.105086,4148.962137,4186.819188,2020-12-26 21:00:00
3823.133488,0.5,3928.186487,3971.2316245,4014.276762,2020-12-26 22:00:00
3629.395524,0.5,3729.549223,3787.0709795000002,3844.592736,2020-12-26 23:00:00
3465.064016,0.5,3562.771555,3555.352143,3547.932731,2020-12-27 00:00:00
3367.683283,0.5,3464.027062,3493.937435,3523.847808,2020-12-27 01:00:00
3319.310043,0.5,3416.14309,3398.9542805,3381.765471,2020-12-27 02:00:00
3310.013879,0.5,3408.297124,3483.544072,3558.79102,2020-12-27 03:00:00
3364.951252,0.5,3467.155284,3511.6193705,3556.083457,2020-12-27 04:00:00
3469.406263,0.5,3577.255422,3587.3477975,3597.440173,2020-12-27 05:00:00
3538.838083,0.5,3651.122458,3683.3544475,3715.586437,2020-12-27 06:00:00
3543.220433,0.5,3657.133594,3769.7058405,3882.278087,2020-12-27 07:00:00
3553.506106,0.5,3664.425341,3750.9498670000003,3837.474393,2020-12-27 08:00:00
3535.900599,0.5,3642.102524,3801.8574655,3961.612407,2020-12-27 09:00:00
3490.617914,0.5,3592.377865,3781.421701,3970.465537,2020-12-27 10:00:00
3432.356191,0.5,3529.860189,3609.1559319999997,3688.451675,2020-12-27 11:00:00
3385.995567,0.5,3480.83609,3504.930513,3529.024936,2020-12-27 12:00:00
3355.889369,0.5,3448.25793,3405.8564505000004,3363.454971,2020-12-27 13:00:00
3336.856706,0.5,3428.394771,3449.2430400000003,3470.091309,2020-12-27 14:00:00
3349.007667,0.5,3441.41297,3432.7278305,3424.042691,2020-12-27 15:00:00
3555.338377,0.5,3656.431795,3640.530731,3624.629667,2020-12-27 16:00:00
3963.951483,0.5,4073.193035,3975.0051144999998,3876.817194,2020-12-27 17:00:00
3959.213529,0.5,4067.896323,4168.796652999999,4269.696983,2020-12-27 18:00:00
3901.006755,0.5,4009.167837,4086.77994,4164.392043,2020-12-27 19:00:00
3845.48511,0.5,3953.06662,4011.9251320000003,4070.783644,2020-12-27 20:00:00
3766.046507,0.5,3871.117924,3944.7286875,4018.339451,2020-12-27 21:00:00
3650.334929,0.5,3750.990537,3846.949536,3942.908535,2020-12-27 22:00:00
3501.386516,0.5,3598.503543,3755.9236345,3913.343726,2020-12-27 23:00:00
3375.602601,0.5,3470.453147,3428.2213685,3385.98959,2020-12-28 00:00:00
3310.831584,0.5,3405.114502,3378.480589,3351.846676,2020-12-28 01:00:00
3267.975737,0.5,3362.98087,3395.5586335,3428.136397,2020-12-28 02:00:00
3264.043863,0.5,3360.553383,3399.0040925000003,3437.454802,2020-12-28 03:00:00
3307.38334,0.5,3407.879597,3367.5832124999997,3327.286828,2020-12-28 04:00:00
3405.627098,0.5,3511.801585,3557.5580005,3603.314416,2020-12-28 05:00:00
3443.844109,0.5,3553.748958,3624.038947,3694.328936,2020-12-28 06:00:00
3405.843298,0.5,3514.644983,3578.968951,3643.292919,2020-12-28 07:00:00
3376.843401,0.5,3480.95845,3529.653574,3578.348698,2020-12-28 08:00:00
3364.746796,0.5,3464.996588,3609.7600844999997,3754.523581,2020-12-28 09:00:00
3333.127744,0.5,3428.999826,3523.23269,3617.465554,2020-12-28 10:00:00
3291.936519,0.5,3383.846986,3466.2320170000003,3548.617048,2020-12-28 11:00:00
3248.4915,0.5,3336.918893,3455.143835,3573.368777,2020-12-28 12:00:00
3195.060805,0.5,3280.640405,3434.4916745,3588.342944,2020-12-28 13:00:00
3160.936121,0.5,3244.472766,3462.30238,3680.131994,2020-12-28 14:00:00
3171.597069,0.5,3255.548305,3429.3448645,3603.141424,2020-12-28 15:00:00
3350.112709,0.5,3442.144934,3524.850424,3607.555914,2020-12-28 16:00:00
3722.932477,0.5,3825.446722,3957.094687,4088.742652,2020-12-28 17:00:00
3770.606123,0.5,3875.15265,3952.844922,4030.537194,2020-12-28 18:00:00
3776.15973,0.5,3880.997117,3930.8477205,3980.698324,2020-12-28 19:00:00
3747.747381,0.5,3852.05225,3959.5614655,4067.070681,2020-12-28 20:00:00
3652.496199,0.5,3752.497141,3804.955195,3857.413249,2020-12-28 21:00:00
3491.489291,0.5,3585.325981,3659.7447545,3734.163528,2020-12-28 22:00:00
3328.089571,0.5,3418.655263,3501.224364,3583.793465,2020-12-28 23:00:00
3220.028556,0.5,3309.311812,3405.30845,3501.305088,2020-12-29 00:00:00
3173.463826,0.5,3262.783081,3370.760505,3478.737929,2020-12-29 01:00:00
3156.910122,0.5,3247.825975,3393.250168,3538.674361,2020-12-29 02:00:00
3191.170007,0.5,3285.044458,3500.520566,3715.996674,2020-12-29 03:00:00
3306.90076,0.5,3408.019449,3454.326276,3500.633103,2020-12-29 04:00:00
3480.674792,0.5,3590.281479,3577.6608235000003,3565.040168,2020-12-29 05:00:00
3638.672485,0.5,3753.056585,3706.0974785,3659.138372,2020-12-29 06:00:00
3682.431332,0.5,3796.212816,3683.0244585,3569.836101,2020-12-29 07:00:00
3739.613749,0.5,3849.294823,3723.1408865000003,3596.98695,2020-12-29 08:00:00
3788.559288,0.5,3894.352768,3771.541348,3648.729928,2020-12-29 09:00:00
3797.002092,0.5,3899.683057,3757.1081505,3614.533244,2020-12-29 10:00:00
3767.916296,0.5,3866.949378,3698.3817474999996,3529.814117,2020-12-29 11:00:00
3719.61355,0.5,3815.617455,3675.123163,3534.628871,2020-12-29 12:00:00
3667.804157,0.5,3761.499829,3632.9293184999997,3504.358808,2020-12-29 13:00:00
3634.220357,0.5,3727.149992,3626.1764035,3525.202815,2020-12-29 14:00:00
3659.46389,0.5,3753.841202,3643.907209,3533.973216,2020-12-29 15:00:00
3912.894354,0.5,4018.004852,3861.6935835,3705.382315,2020-12-29 16:00:00
4322.243999,0.5,4437.513171,4178.202515,3918.891859,2020-12-29 17:00:00
4320.154058,0.5,4434.765847,4294.097664499999,4153.429482,2020-12-29 18:00:00
4228.934415,0.5,4341.373463,4256.3839195,4171.394376,2020-12-29 19:00:00
4121.419714,0.5,4230.750899,4191.375631999999,4152.000365,2020-12-29 20:00:00
3864.25577,0.5,3966.832158,4068.968457,4171.104756,2020-12-29 21:00:00
3662.749565,0.5,3756.994777,3787.387429,3817.780081,2020-12-29 22:00:00
3418.8212,0.5,3508.095204,3501.779708,3495.464212,2020-12-29 23:00:00
3264.931228,0.5,3351.993442,3414.22086,3476.448278,2020-12-30 00:00:00
3179.993582,0.5,3266.107919,3268.152911,3270.197903,2020-12-30 01:00:00
3167.385665,0.5,3254.095057,3222.7083235,3191.32159,2020-12-30 02:00:00
3174.836405,0.5,3263.650121,3254.1856315,3244.721142,2020-12-30 03:00:00
3289.195946,0.5,3384.997026,3374.7079065,3364.418787,2020-12-30 04:00:00
3451.904805,0.5,3555.939915,3550.4268334999997,3544.913752,2020-12-30 05:00:00
3603.957444,0.5,3712.814048,3709.57262,3706.331192,2020-12-30 06:00:00
3679.372185,0.5,3790.428347,3874.471097,3958.513847,2020-12-30 07:00:00
3791.702943,0.5,3903.556323,3903.5697415,3903.58316,2020-12-30 08:00:00
3833.628521,0.5,3943.89017,3935.1388145,3926.387459,2020-12-30 09:00:00
3854.950604,0.5,3963.658028,3919.608916,3875.559804,2020-12-30 10:00:00
3837.783734,0.5,3944.126864,3896.1104299999997,3848.093996,2020-12-30 11:00:00
3796.637551,0.5,3900.975521,3884.491748,3868.007975,2020-12-30 12:00:00
3752.299636,0.5,3854.523808,3851.9854265,3849.447045,2020-12-30 13:00:00
3702.024595,0.5,3802.171703,3812.354523,3822.537343,2020-12-30 14:00:00
3744.346283,0.5,3846.675156,3831.660578,3816.646,2020-12-30 15:00:00
3956.508894,0.5,4066.994875,4024.555798,3982.116721,2020-12-30 16:00:00
4371.13819,0.5,4491.820636,4353.090184500001,4214.359733,2020-12-30 17:00:00
4393.824563,0.5,4513.705941,4516.086084500001,4518.466228,2020-12-30 18:00:00
4321.881844,0.5,4439.262729,4378.488369000001,4317.714009,2020-12-30 19:00:00
4192.476228,0.5,4306.309856,4249.9775095,4193.645163,2020-12-30 20:00:00
3982.251485,0.5,4088.231088,4132.9299225,4177.628757,2020-12-30 21:00:00
3708.462557,0.5,3806.445851,3831.1545765,3855.863302,2020-12-30 22:00:00
3468.259281,0.5,3560.857848,3631.0240590000003,3701.19027,2020-12-30 23:00:00
3313.446795,0.5,3403.888049,3342.0694160000003,3280.250783,2020-12-31 00:00:00
3244.679899,0.5,3335.044097,3312.6291415,3290.214186,2020-12-31 01:00:00
3224.95564,0.5,3316.343305,3237.8078225,3159.27234,2020-12-31 02:00:00
3233.995503,0.5,3327.595429,3254.7102465,3181.825064,2020-12-31 03:00:00
3349.978974,0.5,3450.00427,3410.5028725,3371.001475,2020-12-31 04:00:00
3540.009736,0.5,3648.660751,3614.680293,3580.699835,2020-12-31 05:00:00
3743.153654,0.5,3857.07304,3889.119426,3921.165812,2020-12-31 06:00:00
3796.535787,0.5,3911.27759,4024.3512554999998,4137.424921,2020-12-31 07:00:00
3876.85078,0.5,3991.275895,4029.623653,4067.971411,2020-12-31 08:00:00
3937.508325,0.5,4052.006946,3995.3726159999997,3938.738286,2020-12-31 09:00:00
3971.248655,0.5,4084.126394,4004.871019,3925.615644,2020-12-31 10:00:00
3936.407055,0.5,4047.162,3944.7511425000002,3842.340285,2020-12-31 11:00:00
3886.990094,0.5,3995.20575,3910.445793,3825.685836,2020-12-31 12:00:00
3837.04224,0.5,3944.21377,3839.864483,3735.515196,2020-12-31 13:00:00
3812.569539,0.5,3919.175843,3805.6406580000003,3692.105473,2020-12-31 14:00:00
3834.329775,0.5,3943.951655,3815.2105794999998,3686.469504,2020-12-31 15:00:00
4063.913705,0.5,4183.334067,4046.0715975,3908.809128,2020-12-31 16:00:00
4501.639428,0.5,4628.623615,4519.2597415,4409.895868,2020-12-31 17:00:00
4513.586474,0.5,4638.663222,4554.388262500001,4470.113303,2020-12-31 18:00:00
4429.693144,0.5,4552.003655,4555.2892075,4558.57476,2020-12-31 19:00:00
4326.915807,0.5,4445.642978,4398.67805,4351.713122,2020-12-31 20:00:00
4109.933546,0.5,4221.05211,4196.7520165,4172.451923,2020-12-31 21:00:00
3814.611045,0.5,3916.772666,3912.9825554999998,3909.192445,2020-12-31 22:00:00
3565.330623,0.5,3662.093888,3647.8479895,3633.602091,2020-12-31 23:00:00
