actual,bias_offset,prediction_corrected,prediction_original,timestamp
1008.358333,270.1051542520492,929.8987972520492,659.793643,2020-11-01 00:00:00
1491.0,270.1051542520492,968.8462912520492,698.741137,2020-11-01 01:00:00
1868.75,270.1051542520492,976.4911842520492,706.38603,2020-11-01 02:00:00
2123.208333,270.1051542520492,938.1270692520493,668.021915,2020-11-01 03:00:00
1789.216667,270.1051542520492,1038.7670212520493,768.661867,2020-11-01 04:00:00
1819.516667,270.1051542520492,1048.675646252049,778.570492,2020-11-01 05:00:00
2028.441667,270.1051542520492,986.4895932520492,716.384439,2020-11-01 06:00:00
1700.316667,270.1051542520492,915.5832572520492,645.478103,2020-11-01 07:00:00
2220.775,270.1051542520492,926.0826542520492,655.9775,2020-11-01 08:00:00
2456.933333,270.1051542520492,937.1272612520493,667.022107,2020-11-01 09:00:00
2462.991667,270.1051542520492,906.2415782520493,636.136424,2020-11-01 10:00:00
2465.05,270.1051542520492,1004.9134952520492,734.808341,2020-11-01 11:00:00
2305.05,270.1051542520492,898.9391482520491,628.833994,2020-11-01 12:00:00
2288.6,270.1051542520492,839.7660342520492,569.66088,2020-11-01 13:00:00
2438.391667,270.1051542520492,792.5397102520492,522.434556,2020-11-01 14:00:00
2255.991667,270.1051542520492,799.6532992520492,529.548145,2020-11-01 15:00:00
2110.241667,270.1051542520492,882.3048982520493,612.199744,2020-11-01 16:00:00
2118.758333,270.1051542520492,933.8841822520492,663.779028,2020-11-01 17:00:00
1882.391667,270.1051542520492,844.2685892520492,574.163435,2020-11-01 18:00:00
1624.025,270.1051542520492,818.9260352520491,548.820881,2020-11-01 19:00:00
1387.925,270.1051542520492,844.6305322520493,574.525378,2020-11-01 20:00:00
1589.683333,270.1051542520492,893.6875722520492,623.582418,2020-11-01 21:00:00
1759.283333,270.1051542520492,886.2637062520491,616.158552,2020-11-01 22:00:00
1538.775,270.1051542520492,893.6875722520492,623.582418,2020-11-01 23:00:00
1229.766667,270.1051542520492,1207.8747022520492,937.769548,2020-11-02 00:00:00
1059.391667,270.1051542520492,1178.9187992520492,908.813645,2020-11-02 01:00:00
1012.008333,270.1051542520492,1249.8373122520493,979.732158,2020-11-02 02:00:00
940.416667,270.1051542520492,1195.862244252049,925.75709,2020-11-02 03:00:00
1178.1,270.1051542520492,1032.9085372520492,762.803383,2020-11-02 04:00:00
1174.291667,270.1051542520492,1172.0544142520491,901.94926,2020-11-02 05:00:00
1167.525,270.1051542520492,1016.8747672520492,746.769613,2020-11-02 06:00:00
1157.866667,270.1051542520492,958.3493862520493,688.244232,2020-11-02 07:00:00
899.05,270.1051542520492,928.9293122520492,658.824158,2020-11-02 08:00:00
956.183333,270.1051542520492,1099.037850252049,828.932696,2020-11-02 09:00:00
846.683333,270.1051542520492,1305.8068042520492,1035.70165,2020-11-02 10:00:00
778.425,270.1051542520492,1233.0296912520491,962.924537,2020-11-02 11:00:00
606.383333,270.1051542520492,1132.9636092520493,862.858455,2020-11-02 12:00:00
365.908333,270.1051542520492,844.3807202520493,574.275566,2020-11-02 13:00:00
269.116667,270.1051542520492,1066.1045092520492,795.999355,2020-11-02 14:00:00
144.225,270.1051542520492,1081.650741252049,811.545587,2020-11-02 15:00:00
79.275,270.1051542520492,803.2585692520493,533.153415,2020-11-02 16:00:00
52.375,270.1051542520492,926.7048532520491,656.599699,2020-11-02 17:00:00
31.2,270.1051542520492,907.4640072520492,637.358853,2020-11-02 18:00:00
26.141667,270.1051542520492,1080.1145222520493,810.009368,2020-11-02 19:00:00
26.225,270.1051542520492,1139.4993452520491,869.394191,2020-11-02 20:00:00
31.366667,270.1051542520492,871.0056042520491,600.90045,2020-11-02 21:00:00
26.866667,270.1051542520492,1004.9161142520493,734.81096,2020-11-02 22:00:00
20.541667,270.1051542520492,1049.8322312520493,779.727077,2020-11-02 23:00:00
18.133333,270.1051542520492,1116.4381532520492,846.332999,2020-11-03 00:00:00
16.366667,270.1051542520492,1476.9001062520492,1206.794952,2020-11-03 01:00:00
16.091667,270.1051542520492,1033.2936032520493,763.188449,2020-11-03 02:00:00
16.191667,270.1051542520492,727.6795962520491,457.574442,2020-11-03 03:00:00
16.65,270.1051542520492,838.9535562520491,568.848402,2020-11-03 04:00:00
16.55,270.1051542520492,1053.1401892520491,783.035035,2020-11-03 05:00:00
16.991667,270.1051542520492,972.2996322520492,702.194478,2020-11-03 06:00:00
18.316667,270.1051542520492,1319.5424852520493,1049.437331,2020-11-03 07:00:00
19.608333,270.1051542520492,677.4567102520492,407.351556,2020-11-03 08:00:00
22.508333,270.1051542520492,713.8649242520491,443.75977,2020-11-03 09:00:00
23.966667,270.1051542520492,769.6028402520492,499.497686,2020-11-03 10:00:00
33.108333,270.1051542520492,769.6028402520492,499.497686,2020-11-03 11:00:00
39.325,270.1051542520492,1143.1711492520492,873.065995,2020-11-03 12:00:00
48.883333,270.1051542520492,986.4381562520491,716.333002,2020-11-03 13:00:00
103.083333,270.1051542520492,769.1499632520492,499.044809,2020-11-03 14:00:00
143.9,270.1051542520492,837.7725502520493,567.667396,2020-11-03 15:00:00
242.525,270.1051542520492,821.9507682520491,551.845614,2020-11-03 16:00:00
351.391667,270.1051542520492,898.3797732520493,628.274619,2020-11-03 17:00:00
381.325,270.1051542520492,695.5659362520491,425.460782,2020-11-03 18:00:00
574.266667,270.1051542520492,700.8937022520493,430.788548,2020-11-03 19:00:00
599.65,270.1051542520492,749.4960642520492,479.39091,2020-11-03 20:00:00
547.625,270.1051542520492,749.4960642520492,479.39091,2020-11-03 21:00:00
647.05,270.1051542520492,749.4960642520492,479.39091,2020-11-03 22:00:00
700.483333,270.1051542520492,749.4960642520492,479.39091,2020-11-03 23:00:00
568.416667,270.1051542520492,705.6265812520492,435.521427,2020-11-04 00:00:00
418.191667,270.1051542520492,809.6790092520491,539.573855,2020-11-04 01:00:00
433.6,270.1051542520492,805.6646352520493,535.559481,2020-11-04 02:00:00
477.933333,270.1051542520492,809.6790092520491,539.573855,2020-11-04 03:00:00
459.816667,270.1051542520492,809.6790092520491,539.573855,2020-11-04 04:00:00
485.2,270.1051542520492,809.6790092520491,539.573855,2020-11-04 05:00:00
503.166667,270.1051542520492,559.1977582520492,289.092604,2020-11-04 06:00:00
486.425,270.1051542520492,559.1977582520492,289.092604,2020-11-04 07:00:00
466.216667,270.1051542520492,559.1977582520492,289.092604,2020-11-04 08:00:00
378.75,270.1051542520492,591.4567022520491,321.351548,2020-11-04 09:00:00
292.958333,270.1051542520492,572.2553922520492,302.150238,2020-11-04 10:00:00
269.733333,270.1051542520492,577.2765492520492,307.171395,2020-11-04 11:00:00
276.716667,270.1051542520492,564.0500152520492,293.944861,2020-11-04 12:00:00
250.216667,270.1051542520492,564.0500152520492,293.944861,2020-11-04 13:00:00
218.516667,270.1051542520492,610.5618852520493,340.456731,2020-11-04 14:00:00
196.575,270.1051542520492,719.5821852520492,449.477031,2020-11-04 15:00:00
194.216667,270.1051542520492,739.2829822520491,469.177828,2020-11-04 16:00:00
178.183333,270.1051542520492,798.8873352520493,528.782181,2020-11-04 17:00:00
169.041667,270.1051542520492,1042.1137132520491,772.008559,2020-11-04 18:00:00
134.958333,270.1051542520492,1094.8326652520493,824.727511,2020-11-04 19:00:00
93.95,270.1051542520492,1319.3133492520492,1049.208195,2020-11-04 20:00:00
64.8,270.1051542520492,1319.3133492520492,1049.208195,2020-11-04 21:00:00
58.85,270.1051542520492,1332.2535012520493,1062.148347,2020-11-04 22:00:00
49.975,270.1051542520492,1315.6836272520493,1045.578473,2020-11-04 23:00:00
41.808333,270.1051542520492,1367.0558882520493,1096.950734,2020-11-05 00:00:00
53.908333,270.1051542520492,1594.1437082520492,1324.038554,2020-11-05 01:00:00
61.575,270.1051542520492,1537.2213602520492,1267.116206,2020-11-05 02:00:00
70.283333,270.1051542520492,1551.6113802520492,1281.506226,2020-11-05 03:00:00
64.083333,270.1051542520492,1551.6113802520492,1281.506226,2020-11-05 04:00:00
60.075,270.1051542520492,1551.6113802520492,1281.506226,2020-11-05 05:00:00
74.283333,270.1051542520492,1607.1380742520494,1337.03292,2020-11-05 06:00:00
78.416667,270.1051542520492,1623.2422042520493,1353.13705,2020-11-05 07:00:00
92.575,270.1051542520492,1418.8963582520494,1148.791204,2020-11-05 08:00:00
91.816667,270.1051542520492,1063.379663252049,793.274509,2020-11-05 09:00:00
60.375,270.1051542520492,1098.2031462520492,828.097992,2020-11-05 10:00:00
34.066667,270.1051542520492,1036.3606312520492,766.255477,2020-11-05 11:00:00
26.991667,270.1051542520492,1045.7201142520491,775.61496,2020-11-05 12:00:00
22.45,270.1051542520492,1076.855891252049,806.750737,2020-11-05 13:00:00
20.3,270.1051542520492,809.7282022520492,539.623048,2020-11-05 14:00:00
33.683333,270.1051542520492,810.6320182520492,540.526864,2020-11-05 15:00:00
64.575,270.1051542520492,725.1994172520492,455.094263,2020-11-05 16:00:00
81.208333,270.1051542520492,822.4276362520493,552.322482,2020-11-05 17:00:00
108.95,270.1051542520492,822.4276362520493,552.322482,2020-11-05 18:00:00
258.991667,270.1051542520492,792.5201772520493,522.415023,2020-11-05 19:00:00
450.458333,270.1051542520492,717.8601622520491,447.755008,2020-11-05 20:00:00
674.908333,270.1051542520492,711.7111282520492,441.605974,2020-11-05 21:00:00
407.941667,270.1051542520492,739.6800572520492,469.574903,2020-11-05 22:00:00
395.108333,270.1051542520492,619.4161952520492,349.311041,2020-11-05 23:00:00
234.575,270.1051542520492,608.4102022520492,338.305048,2020-11-06 00:00:00
301.308333,270.1051542520492,564.0500152520492,293.944861,2020-11-06 01:00:00
566.933333,270.1051542520492,610.5618852520493,340.456731,2020-11-06 02:00:00
624.908333,270.1051542520492,619.9259112520492,349.820757,2020-11-06 03:00:00
570.6,270.1051542520492,744.9515052520492,474.846351,2020-11-06 04:00:00
609.633333,270.1051542520492,744.9515052520492,474.846351,2020-11-06 05:00:00
979.216667,270.1051542520492,605.4816012520491,335.376447,2020-11-06 06:00:00
1105.341667,270.1051542520492,708.7825272520492,438.677373,2020-11-06 07:00:00
1330.35,270.1051542520492,723.2268372520492,453.121683,2020-11-06 08:00:00
1567.083333,270.1051542520492,720.3658282520491,450.260674,2020-11-06 09:00:00
1736.85,270.1051542520492,720.3658282520491,450.260674,2020-11-06 10:00:00
1598.05,270.1051542520492,610.5618852520493,340.456731,2020-11-06 11:00:00
1248.466667,270.1051542520492,564.0500152520492,293.944861,2020-11-06 12:00:00
1057.041667,270.1051542520492,564.0500152520492,293.944861,2020-11-06 13:00:00
1323.308333,270.1051542520492,559.0288592520492,288.923705,2020-11-06 14:00:00
1474.291667,270.1051542520492,577.8060642520493,307.70091,2020-11-06 15:00:00
1747.316667,270.1051542520492,564.0500152520492,293.944861,2020-11-06 16:00:00
1852.408333,270.1051542520492,717.1102262520492,447.005072,2020-11-06 17:00:00
2003.5,270.1051542520492,717.1102262520492,447.005072,2020-11-06 18:00:00
2144.158333,270.1051542520492,719.5821852520492,449.477031,2020-11-06 19:00:00
2100.841667,270.1051542520492,773.4982982520492,503.393144,2020-11-06 20:00:00
2165.316667,270.1051542520492,791.4351052520492,521.329951,2020-11-06 21:00:00
2224.3,270.1051542520492,1124.6558342520493,854.55068,2020-11-06 22:00:00
2438.258333,270.1051542520492,1211.3609682520491,941.255814,2020-11-06 23:00:00
2460.775,270.1051542520492,1207.3777642520492,937.27261,2020-11-07 00:00:00
2462.841667,270.1051542520492,979.7256442520493,709.62049,2020-11-07 01:00:00
2455.391667,270.1051542520492,965.5100362520493,695.404882,2020-11-07 02:00:00
2453.741667,270.1051542520492,1105.7821202520493,835.676966,2020-11-07 03:00:00
2455.041667,270.1051542520492,1063.9859272520491,793.880773,2020-11-07 04:00:00
2457.566667,270.1051542520492,1449.5421932520492,1179.437039,2020-11-07 05:00:00
2456.908333,270.1051542520492,1064.396738252049,794.291584,2020-11-07 06:00:00
2415.558333,270.1051542520492,1099.9961962520492,829.891042,2020-11-07 07:00:00
2423.708333,270.1051542520492,1071.2445002520492,801.139346,2020-11-07 08:00:00
2445.241667,270.1051542520492,1272.3446932520492,1002.239539,2020-11-07 09:00:00
2379.958333,270.1051542520492,1036.2381142520492,766.13296,2020-11-07 10:00:00
2320.091667,270.1051542520492,1151.6078122520491,881.502658,2020-11-07 11:00:00
2265.866667,270.1051542520492,1115.6576822520492,845.552528,2020-11-07 12:00:00
2066.966667,270.1051542520492,1176.2373312520492,906.132177,2020-11-07 13:00:00
1998.391667,270.1051542520492,1290.7469972520491,1020.641843,2020-11-07 14:00:00
2129.983333,270.1051542520492,1195.6125902520491,925.507436,2020-11-07 15:00:00
2277.316667,270.1051542520492,1733.7042482520492,1463.599094,2020-11-07 16:00:00
2350.9,270.1051542520492,1368.2747862520494,1098.169632,2020-11-07 17:00:00
2342.608333,270.1051542520492,946.4523322520492,676.347178,2020-11-07 18:00:00
2168.333333,270.1051542520492,1211.9276182520491,941.822464,2020-11-07 19:00:00
2165.416667,270.1051542520492,1451.3038582520492,1181.198704,2020-11-07 20:00:00
2027.95,270.1051542520492,1688.9372872520494,1418.832133,2020-11-07 21:00:00
2150.375,270.1051542520492,1427.7632972520494,1157.658143,2020-11-07 22:00:00
2277.841667,270.1051542520492,1745.5513302520492,1475.446176,2020-11-07 23:00:00
2317.825,270.1051542520492,1546.7540952520492,1276.648941,2020-11-08 00:00:00
2446.191667,270.1051542520492,1546.7540952520492,1276.648941,2020-11-08 01:00:00
2462.441667,270.1051542520492,1709.9201862520492,1439.815032,2020-11-08 02:00:00
2464.008333,270.1051542520492,1718.3848732520491,1448.279719,2020-11-08 03:00:00
2463.691667,270.1051542520492,1717.8096932520493,1447.704539,2020-11-08 04:00:00
2458.716667,270.1051542520492,1774.1453502520492,1504.040196,2020-11-08 05:00:00
2455.416667,270.1051542520492,1817.2256522520493,1547.120498,2020-11-08 06:00:00
2418.466667,270.1051542520492,1603.2148262520493,1333.109672,2020-11-08 07:00:00
2457.95,270.1051542520492,1526.1516192520492,1256.046465,2020-11-08 08:00:00
2458.491667,270.1051542520492,1388.8869402520493,1118.781786,2020-11-08 09:00:00
2454.875,270.1051542520492,1234.9516532520493,964.846499,2020-11-08 10:00:00
2458.766667,270.1051542520492,1401.9944132520493,1131.889259,2020-11-08 11:00:00
2439.216667,270.1051542520492,1252.0441362520492,981.938982,2020-11-08 12:00:00
2412.375,270.1051542520492,1151.0546592520493,880.949505,2020-11-08 13:00:00
2330.633333,270.1051542520492,1003.7801882520491,733.675034,2020-11-08 14:00:00
1990.158333,270.1051542520492,1112.515614252049,842.41046,2020-11-08 15:00:00
1730.566667,270.1051542520492,1401.1179382520493,1131.012784,2020-11-08 16:00:00
1692.716667,270.1051542520492,1736.7445212520493,1466.639367,2020-11-08 17:00:00
1971.975,270.1051542520492,1857.4563652520492,1587.351211,2020-11-08 18:00:00
2218.1,270.1051542520492,1855.2705552520492,1585.165401,2020-11-08 19:00:00
2345.55,270.1051542520492,1146.8368712520491,876.731717,2020-11-08 20:00:00
2408.841667,270.1051542520492,1146.8368712520491,876.731717,2020-11-08 21:00:00
2442.083333,270.1051542520492,1072.6414422520493,802.536288,2020-11-08 22:00:00
2463.475,270.1051542520492,1920.9307002520493,1650.825546,2020-11-08 23:00:00
2465.05,270.1051542520492,1845.5573932520492,1575.452239,2020-11-09 00:00:00
2460.725,270.1051542520492,1884.2907682520492,1614.185614,2020-11-09 01:00:00
2404.208333,270.1051542520492,1562.6773322520492,1292.572178,2020-11-09 02:00:00
2355.0,270.1051542520492,1811.9780082520492,1541.872854,2020-11-09 03:00:00
2233.5,270.1051542520492,1584.1700412520493,1314.064887,2020-11-09 04:00:00
1810.991667,270.1051542520492,1584.1700412520493,1314.064887,2020-11-09 05:00:00
1771.041667,270.1051542520492,1621.1582542520493,1351.0531,2020-11-09 06:00:00
1603.116667,270.1051542520492,1770.8310372520493,1500.725883,2020-11-09 07:00:00
1639.325,270.1051542520492,1874.6642972520492,1604.559143,2020-11-09 08:00:00
1718.591667,270.1051542520492,1760.1854502520493,1490.080296,2020-11-09 09:00:00
1764.625,270.1051542520492,1830.6937042520492,1560.58855,2020-11-09 10:00:00
1765.825,270.1051542520492,1754.8321172520493,1484.726963,2020-11-09 11:00:00
1756.341667,270.1051542520492,1904.3886952520493,1634.283541,2020-11-09 12:00:00
1762.35,270.1051542520492,1828.8832892520493,1558.778135,2020-11-09 13:00:00
1796.358333,270.1051542520492,1374.5332472520493,1104.428093,2020-11-09 14:00:00
1824.7,270.1051542520492,1920.9589642520493,1650.85381,2020-11-09 15:00:00
1879.958333,270.1051542520492,1136.6387152520492,866.533561,2020-11-09 16:00:00
1967.041667,270.1051542520492,1248.9014992520492,978.796345,2020-11-09 17:00:00
2090.308333,270.1051542520492,1197.9324182520493,927.827264,2020-11-09 18:00:00
2173.2,270.1051542520492,1418.8870212520492,1148.781867,2020-11-09 19:00:00
2368.091667,270.1051542520492,1498.2265352520492,1228.121381,2020-11-09 20:00:00
2466.375,270.1051542520492,1720.7685452520493,1450.663391,2020-11-09 21:00:00
2460.466667,270.1051542520492,1567.7137522520493,1297.608598,2020-11-09 22:00:00
2462.716667,270.1051542520492,1620.0071072520493,1349.901953,2020-11-09 23:00:00
2463.625,270.1051542520492,1725.0601902520493,1454.955036,2020-11-10 00:00:00
2461.658333,270.1051542520492,1777.6854692520492,1507.580315,2020-11-10 01:00:00
2464.416667,270.1051542520492,1855.6782182520492,1585.573064,2020-11-10 02:00:00
2462.866667,270.1051542520492,1986.2150442520492,1716.10989,2020-11-10 03:00:00
2459.866667,270.1051542520492,1793.7586552520493,1523.653501,2020-11-10 04:00:00
2418.933333,270.1051542520492,1766.3940582520493,1496.288904,2020-11-10 05:00:00
2351.158333,270.1051542520492,1550.2449872520492,1280.139833,2020-11-10 06:00:00
2303.916667,270.1051542520492,1298.0748232520493,1027.969669,2020-11-10 07:00:00
2129.7,270.1051542520492,1881.1828222520492,1611.077668,2020-11-10 08:00:00
2005.3,270.1051542520492,1878.5086222520492,1608.403468,2020-11-10 09:00:00
1814.85,270.1051542520492,1877.4766992520492,1607.371545,2020-11-10 10:00:00
1691.333333,270.1051542520492,1877.4766992520492,1607.371545,2020-11-10 11:00:00
1469.325,270.1051542520492,1760.2218952520493,1490.116741,2020-11-10 12:00:00
1441.441667,270.1051542520492,1872.4459452520493,1602.340791,2020-11-10 13:00:00
1801.675,270.1051542520492,1146.751065252049,876.645911,2020-11-10 14:00:00
2031.008333,270.1051542520492,1526.7784262520493,1256.673272,2020-11-10 15:00:00
2162.8,270.1051542520492,1617.4627022520492,1347.357548,2020-11-10 16:00:00
2290.858333,270.1051542520492,1381.6130212520493,1111.507867,2020-11-10 17:00:00
2379.083333,270.1051542520492,1345.6513932520493,1075.546239,2020-11-10 18:00:00
2456.733333,270.1051542520492,1411.4889752520492,1141.383821,2020-11-10 19:00:00
2457.925,270.1051542520492,1388.0285202520492,1117.923366,2020-11-10 20:00:00
2405.683333,270.1051542520492,2252.505588252049,1982.400434,2020-11-10 21:00:00
2140.933333,270.1051542520492,2268.085889252049,1997.980735,2020-11-10 22:00:00
1884.8,270.1051542520492,2268.085889252049,1997.980735,2020-11-10 23:00:00
1639.233333,270.1051542520492,2268.085889252049,1997.980735,2020-11-11 00:00:00
1405.141667,270.1051542520492,2268.085889252049,1997.980735,2020-11-11 01:00:00
1161.008333,270.1051542520492,2177.021644252049,1906.91649,2020-11-11 02:00:00
1043.616667,270.1051542520492,2082.207697252049,1812.102543,2020-11-11 03:00:00
1061.608333,270.1051542520492,2082.207697252049,1812.102543,2020-11-11 04:00:00
966.366667,270.1051542520492,1925.5687152520493,1655.463561,2020-11-11 05:00:00
1047.066667,270.1051542520492,1738.9580512520492,1468.852897,2020-11-11 06:00:00
1119.016667,270.1051542520492,1467.4825752520492,1197.377421,2020-11-11 07:00:00
983.208333,270.1051542520492,1467.4825752520492,1197.377421,2020-11-11 08:00:00
832.941667,270.1051542520492,1317.9499632520492,1047.844809,2020-11-11 09:00:00
708.35,270.1051542520492,1375.1291632520492,1105.024009,2020-11-11 10:00:00
627.908333,270.1051542520492,1394.2773222520493,1124.172168,2020-11-11 11:00:00
502.95,270.1051542520492,1395.5620012520492,1125.456847,2020-11-11 12:00:00
491.858333,270.1051542520492,1407.5994332520493,1137.494279,2020-11-11 13:00:00
448.1,270.1051542520492,1669.5920812520492,1399.486927,2020-11-11 14:00:00
304.366667,270.1051542520492,1587.6826332520493,1317.577479,2020-11-11 15:00:00
271.025,270.1051542520492,1356.5932152520493,1086.488061,2020-11-11 16:00:00
426.1,270.1051542520492,1349.2773062520494,1079.172152,2020-11-11 17:00:00
674.683333,270.1051542520492,1528.4465332520492,1258.341379,2020-11-11 18:00:00
732.625,270.1051542520492,1340.7263602520493,1070.621206,2020-11-11 19:00:00
868.891667,270.1051542520492,1528.8209442520492,1258.71579,2020-11-11 20:00:00
1151.416667,270.1051542520492,1888.0164562520492,1617.911302,2020-11-11 21:00:00
700.416667,270.1051542520492,1789.5721272520493,1519.466973,2020-11-11 22:00:00
552.308333,270.1051542520492,1819.8631182520492,1549.757964,2020-11-11 23:00:00
500.966667,270.1051542520492,1770.5105662520493,1500.405412,2020-11-12 00:00:00
674.5,270.1051542520492,1864.7498542520493,1594.6447,2020-11-12 01:00:00
727.325,270.1051542520492,1792.4302642520493,1522.32511,2020-11-12 02:00:00
724.35,270.1051542520492,1000.6157882520492,730.510634,2020-11-12 03:00:00
825.191667,270.1051542520492,1017.0444972520493,746.939343,2020-11-12 04:00:00
999.425,270.1051542520492,750.2347812520493,480.129627,2020-11-12 05:00:00
1098.566667,270.1051542520492,765.9956312520492,495.890477,2020-11-12 06:00:00
873.375,270.1051542520492,736.7563442520492,466.65119,2020-11-12 07:00:00
696.658333,270.1051542520492,732.8082822520491,462.703128,2020-11-12 08:00:00
468.033333,270.1051542520492,755.6219802520492,485.516826,2020-11-12 09:00:00
266.316667,270.1051542520492,1119.8590122520493,849.753858,2020-11-12 10:00:00
205.725,270.1051542520492,1073.9383212520493,803.833167,2020-11-12 11:00:00
286.391667,270.1051542520492,875.4812582520492,605.376104,2020-11-12 12:00:00
315.708333,270.1051542520492,845.5687252520493,575.463571,2020-11-12 13:00:00
350.991667,270.1051542520492,912.8031382520492,642.697984,2020-11-12 14:00:00
621.733333,270.1051542520492,998.4786222520493,728.373468,2020-11-12 15:00:00
435.033333,270.1051542520492,901.4779252520491,631.372771,2020-11-12 16:00:00
554.4,270.1051542520492,919.8672712520492,649.762117,2020-11-12 17:00:00
563.508333,270.1051542520492,1107.7912422520492,837.686088,2020-11-12 18:00:00
674.966667,270.1051542520492,984.0726172520492,713.967463,2020-11-12 19:00:00
909.133333,270.1051542520492,1008.9435502520491,738.838396,2020-11-12 20:00:00
1356.2,270.1051542520492,1110.842109252049,840.736955,2020-11-12 21:00:00
1211.383333,270.1051542520492,1064.595218252049,794.490064,2020-11-12 22:00:00
1152.908333,270.1051542520492,863.7025292520493,593.597375,2020-11-12 23:00:00
1171.308333,270.1051542520492,871.2880572520492,601.182903,2020-11-13 00:00:00
1276.808333,270.1051542520492,786.2216232520493,516.116469,2020-11-13 01:00:00
1358.858333,270.1051542520492,836.5088782520493,566.403724,2020-11-13 02:00:00
1350.958333,270.1051542520492,863.6594292520492,593.554275,2020-11-13 03:00:00
923.041667,270.1051542520492,860.4051022520491,590.299948,2020-11-13 04:00:00
796.65,270.1051542520492,877.1302832520491,607.025129,2020-11-13 05:00:00
605.675,270.1051542520492,850.9470952520492,580.841941,2020-11-13 06:00:00
563.158333,270.1051542520492,901.1118672520493,631.006713,2020-11-13 07:00:00
743.675,270.1051542520492,878.4620842520492,608.35693,2020-11-13 08:00:00
1018.65,270.1051542520492,987.9351472520491,717.829993,2020-11-13 09:00:00
1275.333333,270.1051542520492,893.3030102520493,623.197856,2020-11-13 10:00:00
1514.525,270.1051542520492,869.2463222520491,599.141168,2020-11-13 11:00:00
1697.383333,270.1051542520492,751.1831622520492,481.078008,2020-11-13 12:00:00
2045.241667,270.1051542520492,836.2402832520493,566.135129,2020-11-13 13:00:00
2109.316667,270.1051542520492,859.5960982520492,589.490944,2020-11-13 14:00:00
2169.491667,270.1051542520492,838.5940032520491,568.488849,2020-11-13 15:00:00
2169.216667,270.1051542520492,891.1766892520493,621.071535,2020-11-13 16:00:00
2130.658333,270.1051542520492,1009.1554962520493,739.050342,2020-11-13 17:00:00
2176.291667,270.1051542520492,929.2081722520493,659.103018,2020-11-13 18:00:00
2155.3,270.1051542520492,977.4883342520493,707.38318,2020-11-13 19:00:00
2070.458333,270.1051542520492,1280.7852522520493,1010.680098,2020-11-13 20:00:00
1855.433333,270.1051542520492,1008.0114982520493,737.906344,2020-11-13 21:00:00
1783.216667,270.1051542520492,858.6395982520492,588.534444,2020-11-13 22:00:00
1763.0,270.1051542520492,869.5243562520493,599.419202,2020-11-13 23:00:00
1706.958333,270.1051542520492,899.7509512520492,629.645797,2020-11-14 00:00:00
1592.2,270.1051542520492,887.1747392520492,617.069585,2020-11-14 01:00:00
1434.441667,270.1051542520492,861.7170652520492,591.611911,2020-11-14 02:00:00
1640.608333,270.1051542520492,909.7138332520492,639.608679,2020-11-14 03:00:00
1460.766667,270.1051542520492,884.3531392520492,614.247985,2020-11-14 04:00:00
1483.375,270.1051542520492,1235.566443252049,965.461289,2020-11-14 05:00:00
1228.066667,270.1051542520492,1319.9717292520493,1049.866575,2020-11-14 06:00:00
1246.641667,270.1051542520492,1643.0199532520492,1372.914799,2020-11-14 07:00:00
1412.291667,270.1051542520492,1048.7304122520493,778.625258,2020-11-14 08:00:00
1309.825,270.1051542520492,824.4574712520491,554.352317,2020-11-14 09:00:00
1257.175,270.1051542520492,869.1814182520493,599.076264,2020-11-14 10:00:00
1354.966667,270.1051542520492,877.4183622520493,607.313208,2020-11-14 11:00:00
1764.375,270.1051542520492,879.2411512520491,609.135997,2020-11-14 12:00:00
1931.633333,270.1051542520492,987.5378262520492,717.432672,2020-11-14 13:00:00
1833.825,270.1051542520492,1169.9806022520493,899.875448,2020-11-14 14:00:00
1835.916667,270.1051542520492,1452.8183092520492,1182.713155,2020-11-14 15:00:00
1773.508333,270.1051542520492,1427.7632972520494,1157.658143,2020-11-14 16:00:00
1991.008333,270.1051542520492,1458.3984182520492,1188.293264,2020-11-14 17:00:00
2336.916667,270.1051542520492,1422.4596832520492,1152.354529,2020-11-14 18:00:00
2401.833333,270.1051542520492,1576.9647562520493,1306.859602,2020-11-14 19:00:00
2433.0,270.1051542520492,1551.9447432520492,1281.839589,2020-11-14 20:00:00
2411.383333,270.1051542520492,1373.9912092520492,1103.886055,2020-11-14 21:00:00
2422.608333,270.1051542520492,1680.0023752520492,1409.897221,2020-11-14 22:00:00
2382.883333,270.1051542520492,1270.0852902520492,999.980136,2020-11-14 23:00:00
2341.383333,270.1051542520492,1241.5416732520491,971.436519,2020-11-15 00:00:00
2278.533333,270.1051542520492,1247.1272422520492,977.022088,2020-11-15 01:00:00
2424.8,270.1051542520492,1143.0131082520493,872.907954,2020-11-15 02:00:00
2447.55,270.1051542520492,1288.7662452520492,1018.661091,2020-11-15 03:00:00
2443.791667,270.1051542520492,942.6159762520492,672.510822,2020-11-15 04:00:00
2455.308333,270.1051542520492,1057.0391132520492,786.933959,2020-11-15 05:00:00
2439.775,270.1051542520492,1038.5553442520493,768.45019,2020-11-15 06:00:00
2433.191667,270.1051542520492,947.7136532520492,677.608499,2020-11-15 07:00:00
2426.058333,270.1051542520492,964.6059862520492,694.500832,2020-11-15 08:00:00
2412.058333,270.1051542520492,1259.5139812520492,989.408827,2020-11-15 09:00:00
2267.583333,270.1051542520492,1438.6517592520493,1168.546605,2020-11-15 10:00:00
2130.783333,270.1051542520492,1716.4878012520492,1446.382647,2020-11-15 11:00:00
2229.325,270.1051542520492,1663.3248932520492,1393.219739,2020-11-15 12:00:00
2299.283333,270.1051542520492,1368.3908422520492,1098.285688,2020-11-15 13:00:00
2292.433333,270.1051542520492,1145.9661522520491,875.860998,2020-11-15 14:00:00
2308.416667,270.1051542520492,1380.7391942520492,1110.63404,2020-11-15 15:00:00
2132.75,270.1051542520492,1579.8543252520492,1309.749171,2020-11-15 16:00:00
2334.458333,270.1051542520492,1597.8868142520494,1327.78166,2020-11-15 17:00:00
2238.641667,270.1051542520492,1461.4936692520494,1191.388515,2020-11-15 18:00:00
2119.416667,270.1051542520492,1916.0391142520493,1645.93396,2020-11-15 19:00:00
2176.8,270.1051542520492,1772.7810822520494,1502.675928,2020-11-15 20:00:00
2435.591667,270.1051542520492,1137.1272112520492,867.022057,2020-11-15 21:00:00
2406.658333,270.1051542520492,1484.9948182520493,1214.889664,2020-11-15 22:00:00
2378.375,270.1051542520492,1524.0284822520493,1253.923328,2020-11-15 23:00:00
2420.3,270.1051542520492,1762.0323672520492,1491.927213,2020-11-16 00:00:00
2187.458333,270.1051542520492,1417.1085972520493,1147.003443,2020-11-16 01:00:00
2229.05,270.1051542520492,1294.1723112520492,1024.067157,2020-11-16 02:00:00
2241.741667,270.1051542520492,1273.8505652520491,1003.745411,2020-11-16 03:00:00
1898.066667,270.1051542520492,1294.1723112520492,1024.067157,2020-11-16 04:00:00
1670.858333,270.1051542520492,1351.6592492520492,1081.554095,2020-11-16 05:00:00
1688.733333,270.1051542520492,1287.7103762520492,1017.605222,2020-11-16 06:00:00
1948.533333,270.1051542520492,1334.0625702520492,1063.957416,2020-11-16 07:00:00
2047.675,270.1051542520492,1294.1723112520492,1024.067157,2020-11-16 08:00:00
2060.183333,270.1051542520492,1287.2122702520492,1017.107116,2020-11-16 09:00:00
2063.775,270.1051542520492,1303.6540612520494,1033.548907,2020-11-16 10:00:00
2455.266667,270.1051542520492,1294.1723112520492,1024.067157,2020-11-16 11:00:00
2461.816667,270.1051542520492,1220.4174042520492,950.31225,2020-11-16 12:00:00
2455.833333,270.1051542520492,1672.0589842520492,1401.95383,2020-11-16 13:00:00
2034.258333,270.1051542520492,1684.3550582520493,1414.249904,2020-11-16 14:00:00
2098.983333,270.1051542520492,1239.4583502520493,969.353196,2020-11-16 15:00:00
2335.15,270.1051542520492,1346.1513572520494,1076.046203,2020-11-16 16:00:00
2279.425,270.1051542520492,1244.662406252049,974.557252,2020-11-16 17:00:00
2237.075,270.1051542520492,1492.8052322520493,1222.700078,2020-11-16 18:00:00
2297.416667,270.1051542520492,1821.3552832520493,1551.250129,2020-11-16 19:00:00
2086.383333,270.1051542520492,1592.3661612520493,1322.261007,2020-11-16 20:00:00
2271.85,270.1051542520492,1713.2954212520492,1443.190267,2020-11-16 21:00:00
2224.75,270.1051542520492,1804.8336932520492,1534.728539,2020-11-16 22:00:00
2184.908333,270.1051542520492,1755.1882992520493,1485.083145,2020-11-16 23:00:00
2174.808333,270.1051542520492,1822.5847442520492,1552.47959,2020-11-17 00:00:00
2028.316667,270.1051542520492,1679.3267122520492,1409.221558,2020-11-17 01:00:00
1831.683333,270.1051542520492,1713.2954212520492,1443.190267,2020-11-17 02:00:00
1731.333333,270.1051542520492,1865.9392342520493,1595.83408,2020-11-17 03:00:00
1697.491667,270.1051542520492,1736.4016172520492,1466.296463,2020-11-17 04:00:00
1533.783333,270.1051542520492,1410.2986692520492,1140.193515,2020-11-17 05:00:00
1504.525,270.1051542520492,1416.2353262520492,1146.130172,2020-11-17 06:00:00
1509.25,270.1051542520492,1599.9548972520492,1329.849743,2020-11-17 07:00:00
1368.916667,270.1051542520492,1419.5923762520492,1149.487222,2020-11-17 08:00:00
1101.55,270.1051542520492,1506.8088432520492,1236.703689,2020-11-17 09:00:00
973.466667,270.1051542520492,1393.0183032520492,1122.913149,2020-11-17 10:00:00
887.991667,270.1051542520492,1391.6261392520494,1121.520985,2020-11-17 11:00:00
857.466667,270.1051542520492,1653.0440742520493,1382.93892,2020-11-17 12:00:00
888.266667,270.1051542520492,1653.0440742520493,1382.93892,2020-11-17 13:00:00
917.466667,270.1051542520492,1475.7842852520494,1205.679131,2020-11-17 14:00:00
875.1,270.1051542520492,1212.6342702520492,942.529116,2020-11-17 15:00:00
606.8,270.1051542520492,1105.3210212520491,835.215867,2020-11-17 16:00:00
368.766667,270.1051542520492,1492.8052322520493,1222.700078,2020-11-17 17:00:00
501.808333,270.1051542520492,1619.8890372520493,1349.783883,2020-11-17 18:00:00
640.966667,270.1051542520492,1802.6770202520493,1532.571866,2020-11-17 19:00:00
1057.4,270.1051542520492,1956.8821462520493,1686.776992,2020-11-17 20:00:00
1484.575,270.1051542520492,1592.3661612520493,1322.261007,2020-11-17 21:00:00
1593.058333,270.1051542520492,1789.5745182520493,1519.469364,2020-11-17 22:00:00
1871.066667,270.1051542520492,1829.8799402520492,1559.774786,2020-11-17 23:00:00
1903.725,270.1051542520492,1713.2954212520492,1443.190267,2020-11-18 00:00:00
1771.45,270.1051542520492,1443.3698632520493,1173.264709,2020-11-18 01:00:00
1717.1,270.1051542520492,1416.4339122520494,1146.328758,2020-11-18 02:00:00
1797.341667,270.1051542520492,1526.0116242520492,1255.90647,2020-11-18 03:00:00
1991.825,270.1051542520492,1464.7063212520493,1194.601167,2020-11-18 04:00:00
1896.291667,270.1051542520492,1436.2827022520491,1166.177548,2020-11-18 05:00:00
1864.316667,270.1051542520492,1516.0978632520494,1245.992709,2020-11-18 06:00:00
2030.958333,270.1051542520492,1476.2786272520493,1206.173473,2020-11-18 07:00:00
2291.766667,270.1051542520492,1377.7752712520492,1107.670117,2020-11-18 08:00:00
2263.766667,270.1051542520492,1478.4252462520492,1208.320092,2020-11-18 09:00:00
2330.433333,270.1051542520492,1533.3914092520492,1263.286255,2020-11-18 10:00:00
2435.25,270.1051542520492,884.9362162520492,614.831062,2020-11-18 11:00:00
2461.1,270.1051542520492,680.7033712520492,410.598217,2020-11-18 12:00:00
2455.641667,270.1051542520492,686.7071992520491,416.602045,2020-11-18 13:00:00
2350.608333,270.1051542520492,1376.9942662520493,1106.889112,2020-11-18 14:00:00
2268.841667,270.1051542520492,1507.2280892520494,1237.122935,2020-11-18 15:00:00
2089.2,270.1051542520492,1396.8597412520492,1126.754587,2020-11-18 16:00:00
1889.45,270.1051542520492,1363.7653462520493,1093.660192,2020-11-18 17:00:00
1763.158333,270.1051542520492,944.3525662520492,674.247412,2020-11-18 18:00:00
1720.725,270.1051542520492,840.4967642520492,570.39161,2020-11-18 19:00:00
1890.416667,270.1051542520492,855.1433242520493,585.03817,2020-11-18 20:00:00
1885.566667,270.1051542520492,1239.5870342520493,969.48188,2020-11-18 21:00:00
1837.383333,270.1051542520492,1407.0352752520494,1136.930121,2020-11-18 22:00:00
1878.6,270.1051542520492,1293.3799062520493,1023.274752,2020-11-18 23:00:00
1979.616667,270.1051542520492,1425.8744582520492,1155.769304,2020-11-19 00:00:00
2145.891667,270.1051542520492,1445.9296072520492,1175.824453,2020-11-19 01:00:00
2068.466667,270.1051542520492,1529.8725572520493,1259.767403,2020-11-19 02:00:00
1968.883333,270.1051542520492,1565.4224612520493,1295.317307,2020-11-19 03:00:00
2268.325,270.1051542520492,1634.7880492520492,1364.682895,2020-11-19 04:00:00
1881.641667,270.1051542520492,1760.0165062520493,1489.911352,2020-11-19 05:00:00
2040.041667,270.1051542520492,1555.7394132520492,1285.634259,2020-11-19 06:00:00
2254.65,270.1051542520492,1532.9579892520492,1262.852835,2020-11-19 07:00:00
2282.775,270.1051542520492,1188.133903252049,918.028749,2020-11-19 08:00:00
1862.883333,270.1051542520492,1642.9573732520494,1372.852219,2020-11-19 09:00:00
1554.725,270.1051542520492,1763.3990042520493,1493.29385,2020-11-19 10:00:00
1417.966667,270.1051542520492,1781.8815202520493,1511.776366,2020-11-19 11:00:00
1384.616667,270.1051542520492,1493.8074482520492,1223.702294,2020-11-19 12:00:00
1047.033333,270.1051542520492,1584.5621762520493,1314.457022,2020-11-19 13:00:00
713.641667,270.1051542520492,1584.5621762520493,1314.457022,2020-11-19 14:00:00
593.058333,270.1051542520492,1515.6247362520492,1245.519582,2020-11-19 15:00:00
476.816667,270.1051542520492,1354.7198142520492,1084.61466,2020-11-19 16:00:00
476.05,270.1051542520492,1118.7413672520493,848.636213,2020-11-19 17:00:00
467.666667,270.1051542520492,1103.0631252520493,832.957971,2020-11-19 18:00:00
430.316667,270.1051542520492,1172.1968732520493,902.091719,2020-11-19 19:00:00
554.25,270.1051542520492,1399.5115382520491,1129.406384,2020-11-19 20:00:00
636.133333,270.1051542520492,1439.2690912520493,1169.163937,2020-11-19 21:00:00
743.758333,270.1051542520492,1505.8108312520492,1235.705677,2020-11-19 22:00:00
769.95,270.1051542520492,1354.5017802520492,1084.396626,2020-11-19 23:00:00
597.058333,270.1051542520492,1369.2707752520494,1099.165621,2020-11-20 00:00:00
412.775,270.1051542520492,1505.4925892520494,1235.387435,2020-11-20 01:00:00
268.691667,270.1051542520492,1355.2582912520493,1085.153137,2020-11-20 02:00:00
90.875,270.1051542520492,1323.2809112520492,1053.175757,2020-11-20 03:00:00
32.808333,270.1051542520492,1614.1812932520493,1344.076139,2020-11-20 04:00:00
17.691667,270.1051542520492,1543.1386142520494,1273.03346,2020-11-20 05:00:00
17.133333,270.1051542520492,1511.2083872520493,1241.103233,2020-11-20 06:00:00
16.375,270.1051542520492,1509.7736402520493,1239.668486,2020-11-20 07:00:00
17.216667,270.1051542520492,1500.7250922520493,1230.619938,2020-11-20 08:00:00
18.125,270.1051542520492,1317.5324072520493,1047.427253,2020-11-20 09:00:00
19.975,270.1051542520492,1338.1946862520492,1068.089532,2020-11-20 10:00:00
20.283333,270.1051542520492,2271.8511022520493,2001.745948,2020-11-20 11:00:00
20.033333,270.1051542520492,2216.230400252049,1946.125246,2020-11-20 12:00:00
20.341667,270.1051542520492,2106.314658252049,1836.209504,2020-11-20 13:00:00
18.108333,270.1051542520492,835.8712912520491,565.766137,2020-11-20 14:00:00
20.216667,270.1051542520492,704.7120812520492,434.606927,2020-11-20 15:00:00
21.825,270.1051542520492,777.1035802520491,506.998426,2020-11-20 16:00:00
23.575,270.1051542520492,796.4498022520493,526.344648,2020-11-20 17:00:00
36.175,270.1051542520492,862.7390462520491,592.633892,2020-11-20 18:00:00
75.858333,270.1051542520492,868.7389082520492,598.633754,2020-11-20 19:00:00
138.85,270.1051542520492,792.4864502520493,522.381296,2020-11-20 20:00:00
174.341667,270.1051542520492,830.1469172520492,560.041763,2020-11-20 21:00:00
169.191667,270.1051542520492,935.6561342520492,665.55098,2020-11-20 22:00:00
141.833333,270.1051542520492,865.5975172520491,595.492363,2020-11-20 23:00:00
124.308333,270.1051542520492,746.1068152520493,476.001661,2020-11-21 00:00:00
129.233333,270.1051542520492,754.7594832520492,484.654329,2020-11-21 01:00:00
115.258333,270.1051542520492,734.5068482520492,464.401694,2020-11-21 02:00:00
74.958333,270.1051542520492,743.8442102520492,473.739056,2020-11-21 03:00:00
45.925,270.1051542520492,966.1648272520492,696.059673,2020-11-21 04:00:00
38.108333,270.1051542520492,759.9182812520492,489.813127,2020-11-21 05:00:00
34.608333,270.1051542520492,888.1221462520491,618.016992,2020-11-21 06:00:00
32.441667,270.1051542520492,1030.4185502520493,760.313396,2020-11-21 07:00:00
26.891667,270.1051542520492,1030.4185502520493,760.313396,2020-11-21 08:00:00
20.875,270.1051542520492,630.2872462520493,360.182092,2020-11-21 09:00:00
20.1,270.1051542520492,559.1977582520492,289.092604,2020-11-21 10:00:00
19.266667,270.1051542520492,559.0288592520492,288.923705,2020-11-21 11:00:00
17.358333,270.1051542520492,559.0288592520492,288.923705,2020-11-21 12:00:00
22.758333,270.1051542520492,559.0288592520492,288.923705,2020-11-21 13:00:00
80.475,270.1051542520492,559.0288592520492,288.923705,2020-11-21 14:00:00
90.6,270.1051542520492,559.1977582520492,289.092604,2020-11-21 15:00:00
83.25,270.1051542520492,559.0288592520492,288.923705,2020-11-21 16:00:00
96.133333,270.1051542520492,559.0288592520492,288.923705,2020-11-21 17:00:00
154.833333,270.1051542520492,564.0500152520492,293.944861,2020-11-21 18:00:00
298.525,270.1051542520492,564.0500152520492,293.944861,2020-11-21 19:00:00
668.358333,270.1051542520492,727.4943852520491,457.389231,2020-11-21 20:00:00
559.166667,270.1051542520492,783.8245672520493,513.719413,2020-11-21 21:00:00
542.35,270.1051542520492,849.8908852520492,579.785731,2020-11-21 22:00:00
396.8,270.1051542520492,849.8908852520492,579.785731,2020-11-21 23:00:00
506.016667,270.1051542520492,743.2821782520492,473.177024,2020-11-22 00:00:00
767.641667,270.1051542520492,720.3658282520491,450.260674,2020-11-22 01:00:00
865.433333,270.1051542520492,720.3658282520491,450.260674,2020-11-22 02:00:00
876.7,270.1051542520492,719.5821852520492,449.477031,2020-11-22 03:00:00
921.333333,270.1051542520492,719.5821852520492,449.477031,2020-11-22 04:00:00
849.7,270.1051542520492,755.5070512520492,485.401897,2020-11-22 05:00:00
852.841667,270.1051542520492,632.2597002520492,362.154546,2020-11-22 06:00:00
1082.758333,270.1051542520492,629.6822462520493,359.577092,2020-11-22 07:00:00
1411.683333,270.1051542520492,564.7764572520492,294.671303,2020-11-22 08:00:00
1538.825,270.1051542520492,567.3487662520492,297.243612,2020-11-22 09:00:00
1579.958333,270.1051542520492,578.6148662520492,308.509712,2020-11-22 10:00:00
1479.133333,270.1051542520492,565.3883332520493,295.283179,2020-11-22 11:00:00
1394.658333,270.1051542520492,565.3883332520493,295.283179,2020-11-22 12:00:00
1523.575,270.1051542520492,565.5572322520492,295.452078,2020-11-22 13:00:00
1871.666667,270.1051542520492,565.3883332520493,295.283179,2020-11-22 14:00:00
2320.833333,270.1051542520492,835.6142362520493,565.509082,2020-11-22 15:00:00
2426.325,270.1051542520492,835.6142362520493,565.509082,2020-11-22 16:00:00
2459.833333,270.1051542520492,799.4659522520492,529.360798,2020-11-22 17:00:00
2463.216667,270.1051542520492,818.5277652520492,548.422611,2020-11-22 18:00:00
2460.416667,270.1051542520492,846.0868172520493,575.981663,2020-11-22 19:00:00
2457.608333,270.1051542520492,817.2078262520492,547.102672,2020-11-22 20:00:00
2450.108333,270.1051542520492,825.5423812520492,555.437227,2020-11-22 21:00:00
2432.925,270.1051542520492,811.0554742520492,540.95032,2020-11-22 22:00:00
2386.816667,270.1051542520492,836.6042872520493,566.499133,2020-11-22 23:00:00
2375.091667,270.1051542520492,815.9063102520493,545.801156,2020-11-23 00:00:00
2148.716667,270.1051542520492,831.7731932520492,561.668039,2020-11-23 01:00:00
2000.516667,270.1051542520492,787.3879322520493,517.282778,2020-11-23 02:00:00
1569.658333,270.1051542520492,757.8835792520492,487.778425,2020-11-23 03:00:00
1112.325,270.1051542520492,825.9862602520493,555.881106,2020-11-23 04:00:00
911.891667,270.1051542520492,895.7197712520492,625.614617,2020-11-23 05:00:00
791.033333,270.1051542520492,968.6967882520491,698.591634,2020-11-23 06:00:00
587.15,270.1051542520492,997.0600852520492,726.954931,2020-11-23 07:00:00
570.375,270.1051542520492,1033.8536612520493,763.748507,2020-11-23 08:00:00
293.958333,270.1051542520492,1537.9020572520492,1267.796903,2020-11-23 09:00:00
74.033333,270.1051542520492,1551.5801182520493,1281.474964,2020-11-23 10:00:00
36.566667,270.1051542520492,1556.4716432520493,1286.366489,2020-11-23 11:00:00
27.7,270.1051542520492,1689.0935722520492,1418.988418,2020-11-23 12:00:00
34.983333,270.1051542520492,1537.9020572520492,1267.796903,2020-11-23 13:00:00
51.516667,270.1051542520492,1353.1805982520493,1083.075444,2020-11-23 14:00:00
50.85,270.1051542520492,1118.9287432520491,848.823589,2020-11-23 15:00:00
63.458333,270.1051542520492,1734.9472722520493,1464.842118,2020-11-23 16:00:00
106.558333,270.1051542520492,1713.6105352520492,1443.505381,2020-11-23 17:00:00
194.75,270.1051542520492,1694.8415252520492,1424.736371,2020-11-23 18:00:00
344.808333,270.1051542520492,1694.8415252520492,1424.736371,2020-11-23 19:00:00
454.283333,270.1051542520492,1885.1605822520492,1615.055428,2020-11-23 20:00:00
420.658333,270.1051542520492,1588.5360922520492,1318.430938,2020-11-23 21:00:00
356.641667,270.1051542520492,1868.2441582520494,1598.139004,2020-11-23 22:00:00
307.725,270.1051542520492,1821.5105022520493,1551.405348,2020-11-23 23:00:00
307.966667,270.1051542520492,1596.7479002520492,1326.642746,2020-11-24 00:00:00
353.466667,270.1051542520492,1898.7827802520492,1628.677626,2020-11-24 01:00:00
501.608333,270.1051542520492,1527.7398762520493,1257.634722,2020-11-24 02:00:00
598.6,270.1051542520492,1513.0727512520493,1242.967597,2020-11-24 03:00:00
934.566667,270.1051542520492,1350.5884562520494,1080.483302,2020-11-24 04:00:00
1326.558333,270.1051542520492,1048.1863272520493,778.081173,2020-11-24 05:00:00
1333.033333,270.1051542520492,1137.2921012520492,867.186947,2020-11-24 06:00:00
991.241667,270.1051542520492,1052.9027912520492,782.797637,2020-11-24 07:00:00
578.158333,270.1051542520492,1172.7870192520493,902.681865,2020-11-24 08:00:00
660.291667,270.1051542520492,1337.9985392520493,1067.893385,2020-11-24 09:00:00
839.658333,270.1051542520492,1120.2530422520492,850.147888,2020-11-24 10:00:00
927.4,270.1051542520492,600.0464282520493,329.941274,2020-11-24 11:00:00
1045.991667,270.1051542520492,549.6658382520492,279.560684,2020-11-24 12:00:00
1423.825,270.1051542520492,549.6658382520492,279.560684,2020-11-24 13:00:00
1614.741667,270.1051542520492,564.0500152520492,293.944861,2020-11-24 14:00:00
1900.0,270.1051542520492,862.6359102520491,592.530756,2020-11-24 15:00:00
2097.525,270.1051542520492,803.7455502520493,533.640396,2020-11-24 16:00:00
2328.691667,270.1051542520492,958.9462412520493,688.841087,2020-11-24 17:00:00
2347.758333,270.1051542520492,962.8194222520492,692.714268,2020-11-24 18:00:00
2331.0,270.1051542520492,977.2613632520493,707.156209,2020-11-24 19:00:00
2416.458333,270.1051542520492,1034.1461672520493,764.041013,2020-11-24 20:00:00
2461.583333,270.1051542520492,1301.1202642520493,1031.01511,2020-11-24 21:00:00
2404.033333,270.1051542520492,1301.1202642520493,1031.01511,2020-11-24 22:00:00
1955.25,270.1051542520492,1040.2439462520492,770.138792,2020-11-24 23:00:00
1641.825,270.1051542520492,1034.1461672520493,764.041013,2020-11-25 00:00:00
1877.141667,270.1051542520492,1203.8749992520493,933.769845,2020-11-25 01:00:00
1945.683333,270.1051542520492,1145.9669222520492,875.861768,2020-11-25 02:00:00
1893.616667,270.1051542520492,1322.4524062520493,1052.347252,2020-11-25 03:00:00
1934.7,270.1051542520492,1095.973734252049,825.86858,2020-11-25 04:00:00
2365.091667,270.1051542520492,1146.3795962520492,876.274442,2020-11-25 05:00:00
2447.508333,270.1051542520492,931.2343632520492,661.129209,2020-11-25 06:00:00
2463.333333,270.1051542520492,893.2940882520493,623.188934,2020-11-25 07:00:00
2460.383333,270.1051542520492,1015.6657852520491,745.560631,2020-11-25 08:00:00
2453.425,270.1051542520492,1067.5765222520492,797.471368,2020-11-25 09:00:00
2431.308333,270.1051542520492,1068.1270782520492,798.021924,2020-11-25 10:00:00
2434.066667,270.1051542520492,967.3297842520492,697.22463,2020-11-25 11:00:00
2452.8,270.1051542520492,903.1635062520493,633.058352,2020-11-25 12:00:00
2409.608333,270.1051542520492,1151.0718562520492,880.966702,2020-11-25 13:00:00
2187.033333,270.1051542520492,1624.2430982520493,1354.137944,2020-11-25 14:00:00
2219.75,270.1051542520492,1673.6319772520492,1403.526823,2020-11-25 15:00:00
2113.216667,270.1051542520492,1392.8052792520493,1122.700125,2020-11-25 16:00:00
1913.183333,270.1051542520492,1027.501335252049,757.396181,2020-11-25 17:00:00
1875.725,270.1051542520492,1302.0592282520493,1031.954074,2020-11-25 18:00:00
1951.391667,270.1051542520492,1681.5018312520492,1411.396677,2020-11-25 19:00:00
1689.55,270.1051542520492,1868.8514942520492,1598.74634,2020-11-25 20:00:00
1741.916667,270.1051542520492,1849.8742512520494,1579.769097,2020-11-25 21:00:00
1966.941667,270.1051542520492,1650.4193832520493,1380.314229,2020-11-25 22:00:00
2167.725,270.1051542520492,1563.6993802520492,1293.594226,2020-11-25 23:00:00
2253.475,270.1051542520492,1216.9012952520493,946.796141,2020-11-26 00:00:00
2410.208333,270.1051542520492,1023.5009262520491,753.395772,2020-11-26 01:00:00
2419.233333,270.1051542520492,1137.2030052520493,867.097851,2020-11-26 02:00:00
2459.566667,270.1051542520492,1660.1377882520492,1390.032634,2020-11-26 03:00:00
2462.316667,270.1051542520492,1429.6221202520492,1159.516966,2020-11-26 04:00:00
2455.633333,270.1051542520492,1540.0067942520493,1269.90164,2020-11-26 05:00:00
2459.891667,270.1051542520492,1543.9280802520493,1273.822926,2020-11-26 06:00:00
2456.1,270.1051542520492,1647.9912682520492,1377.886114,2020-11-26 07:00:00
2452.616667,270.1051542520492,1909.3226072520492,1639.217453,2020-11-26 08:00:00
2382.041667,270.1051542520492,1902.2364242520493,1632.13127,2020-11-26 09:00:00
2307.683333,270.1051542520492,1847.0940592520492,1576.988905,2020-11-26 10:00:00
2329.566667,270.1051542520492,1488.4128982520492,1218.307744,2020-11-26 11:00:00
2073.808333,270.1051542520492,1261.5177282520492,991.412574,2020-11-26 12:00:00
1881.158333,270.1051542520492,1294.1723112520492,1024.067157,2020-11-26 13:00:00
1910.616667,270.1051542520492,1624.0624922520492,1353.957338,2020-11-26 14:00:00
1732.983333,270.1051542520492,1300.3625632520493,1030.257409,2020-11-26 15:00:00
1685.983333,270.1051542520492,1619.8890372520493,1349.783883,2020-11-26 16:00:00
1854.775,270.1051542520492,1114.2865562520492,844.181402,2020-11-26 17:00:00
2232.966667,270.1051542520492,1400.5916742520492,1130.48652,2020-11-26 18:00:00
2359.433333,270.1051542520492,1369.9892392520492,1099.884085,2020-11-26 19:00:00
2433.066667,270.1051542520492,1282.4132932520492,1012.308139,2020-11-26 20:00:00
2444.841667,270.1051542520492,1335.6847172520493,1065.579563,2020-11-26 21:00:00
2442.958333,270.1051542520492,1336.4543822520493,1066.349228,2020-11-26 22:00:00
2407.358333,270.1051542520492,1222.1080202520493,952.002866,2020-11-26 23:00:00
2310.775,270.1051542520492,1209.4255472520492,939.320393,2020-11-27 00:00:00
2418.225,270.1051542520492,1608.5051922520493,1338.400038,2020-11-27 01:00:00
2445.341667,270.1051542520492,1211.8169692520491,941.711815,2020-11-27 02:00:00
2452.775,270.1051542520492,1115.947976252049,845.842822,2020-11-27 03:00:00
2458.533333,270.1051542520492,1600.2279212520493,1330.122767,2020-11-27 04:00:00
2459.75,270.1051542520492,1404.8194622520493,1134.714308,2020-11-27 05:00:00
2463.783333,270.1051542520492,1621.1582542520493,1351.0531,2020-11-27 06:00:00
2466.25,270.1051542520492,1830.0160532520492,1559.910899,2020-11-27 07:00:00
2455.35,270.1051542520492,1881.1984102520494,1611.093256,2020-11-27 08:00:00
2394.683333,270.1051542520492,1567.1524162520493,1297.047262,2020-11-27 09:00:00
2407.233333,270.1051542520492,1791.8529102520492,1521.747756,2020-11-27 10:00:00
2340.916667,270.1051542520492,1884.2907682520492,1614.185614,2020-11-27 11:00:00
2198.533333,270.1051542520492,1793.7586552520493,1523.653501,2020-11-27 12:00:00
1943.233333,270.1051542520492,1307.7796192520493,1037.674465,2020-11-27 13:00:00
1944.15,270.1051542520492,1055.1828842520492,785.07773,2020-11-27 14:00:00
2019.191667,270.1051542520492,1055.0087292520493,784.903575,2020-11-27 15:00:00
2097.091667,270.1051542520492,1135.5682172520492,865.463063,2020-11-27 16:00:00
2164.083333,270.1051542520492,1268.9323692520493,998.827215,2020-11-27 17:00:00
2243.158333,270.1051542520492,1354.9807002520492,1084.875546,2020-11-27 18:00:00
2324.308333,270.1051542520492,1292.5327582520492,1022.427604,2020-11-27 19:00:00
2403.625,270.1051542520492,1434.0467042520493,1163.94155,2020-11-27 20:00:00
2422.758333,270.1051542520492,1234.9516532520493,964.846499,2020-11-27 21:00:00
2273.275,270.1051542520492,1198.4607442520492,928.35559,2020-11-27 22:00:00
2277.325,270.1051542520492,1604.4503832520493,1334.345229,2020-11-27 23:00:00
2088.841667,270.1051542520492,1127.989672252049,857.884518,2020-11-28 00:00:00
2101.466667,270.1051542520492,1860.5464062520493,1590.441252,2020-11-28 01:00:00
2088.841667,270.1051542520492,2134.946743252049,1864.841589,2020-11-28 02:00:00
1940.983333,270.1051542520492,2228.7799192520492,1958.674765,2020-11-28 03:00:00
1968.291667,270.1051542520492,2268.085889252049,1997.980735,2020-11-28 04:00:00
2112.608333,270.1051542520492,2268.085889252049,1997.980735,2020-11-28 05:00:00
2078.25,270.1051542520492,2268.085889252049,1997.980735,2020-11-28 06:00:00
2003.041667,270.1051542520492,2268.085889252049,1997.980735,2020-11-28 07:00:00
1883.566667,270.1051542520492,2268.085889252049,1997.980735,2020-11-28 08:00:00
1942.866667,270.1051542520492,2177.021644252049,1906.91649,2020-11-28 09:00:00
2094.916667,270.1051542520492,2006.9458302520493,1736.840676,2020-11-28 10:00:00
2179.383333,270.1051542520492,2006.9458302520493,1736.840676,2020-11-28 11:00:00
1938.016667,270.1051542520492,2013.1373302520492,1743.032176,2020-11-28 12:00:00
1765.675,270.1051542520492,1275.6782722520493,1005.573118,2020-11-28 13:00:00
1638.333333,270.1051542520492,1313.0361962520492,1042.931042,2020-11-28 14:00:00
1573.6,270.1051542520492,1375.1291632520492,1105.024009,2020-11-28 15:00:00
1553.325,270.1051542520492,1362.4648622520492,1092.359708,2020-11-28 16:00:00
1542.483333,270.1051542520492,1317.9499632520492,1047.844809,2020-11-28 17:00:00
1497.325,270.1051542520492,1454.8161182520494,1184.710964,2020-11-28 18:00:00
1386.291667,270.1051542520492,2013.1373302520492,1743.032176,2020-11-28 19:00:00
1180.675,270.1051542520492,2248.6456922520492,1978.540538,2020-11-28 20:00:00
972.283333,270.1051542520492,2242.4541922520493,1972.349038,2020-11-28 21:00:00
816.025,270.1051542520492,2228.7799192520492,1958.674765,2020-11-28 22:00:00
548.358333,270.1051542520492,2248.6456922520492,1978.540538,2020-11-28 23:00:00
407.8,270.1051542520492,2009.2774342520493,1739.17228,2020-11-29 00:00:00
523.833333,270.1051542520492,2036.5728682520491,1766.467714,2020-11-29 01:00:00
799.116667,270.1051542520492,2271.8511022520493,2001.745948,2020-11-29 02:00:00
1018.608333,270.1051542520492,2273.300565252049,2003.195411,2020-11-29 03:00:00
1096.383333,270.1051542520492,2273.300565252049,2003.195411,2020-11-29 04:00:00
1023.383333,270.1051542520492,2273.300565252049,2003.195411,2020-11-29 05:00:00
1109.566667,270.1051542520492,2273.300565252049,2003.195411,2020-11-29 06:00:00
1317.416667,270.1051542520492,2273.300565252049,2003.195411,2020-11-29 07:00:00
1416.858333,270.1051542520492,2273.300565252049,2003.195411,2020-11-29 08:00:00
1340.216667,270.1051542520492,1547.6437052520494,1277.538551,2020-11-29 09:00:00
1493.808333,270.1051542520492,2018.3899652520493,1748.284811,2020-11-29 10:00:00
1768.5,270.1051542520492,1344.7013772520493,1074.596223,2020-11-29 11:00:00
1787.95,270.1051542520492,1454.8161182520494,1184.710964,2020-11-29 12:00:00
2039.466667,270.1051542520492,1313.0361962520492,1042.931042,2020-11-29 13:00:00
2183.366667,270.1051542520492,1556.5584962520493,1286.453342,2020-11-29 14:00:00
2334.275,270.1051542520492,1726.9951072520494,1456.889953,2020-11-29 15:00:00
2437.591667,270.1051542520492,1714.3777992520493,1444.272645,2020-11-29 16:00:00
2461.025,270.1051542520492,1714.3777992520493,1444.272645,2020-11-29 17:00:00
2456.066667,270.1051542520492,1586.7936942520494,1316.68854,2020-11-29 18:00:00
2461.391667,270.1051542520492,1108.2604452520493,838.155291,2020-11-29 19:00:00
2465.808333,270.1051542520492,1050.2026122520492,780.097458,2020-11-29 20:00:00
2448.891667,270.1051542520492,1102.9687162520493,832.863562,2020-11-29 21:00:00
2410.358333,270.1051542520492,704.7120812520492,434.606927,2020-11-29 22:00:00
2403.05,270.1051542520492,760.4499972520492,490.344843,2020-11-29 23:00:00
2447.908333,270.1051542520492,794.2880182520491,524.182864,2020-11-30 00:00:00
2385.316667,270.1051542520492,768.5334252520493,498.428271,2020-11-30 01:00:00
2299.516667,270.1051542520492,760.1355932520491,490.030439,2020-11-30 02:00:00
2369.066667,270.1051542520492,745.9222152520492,475.817061,2020-11-30 03:00:00
2262.05,270.1051542520492,844.3282032520492,574.223049,2020-11-30 04:00:00
1952.891667,270.1051542520492,770.2409512520492,500.135797,2020-11-30 05:00:00
1954.891667,270.1051542520492,763.3616142520492,493.25646,2020-11-30 06:00:00
2214.908333,270.1051542520492,841.0395912520491,570.934437,2020-11-30 07:00:00
1751.908333,270.1051542520492,1197.9265282520491,927.821374,2020-11-30 08:00:00
1048.008333,270.1051542520492,1130.724000252049,860.618846,2020-11-30 09:00:00
1293.091667,270.1051542520492,1142.7384452520491,872.633291,2020-11-30 10:00:00
1352.616667,270.1051542520492,1514.3159752520492,1244.210821,2020-11-30 11:00:00
1347.258333,270.1051542520492,1477.0980842520491,1206.99293,2020-11-30 12:00:00
1392.716667,270.1051542520492,1566.6606862520493,1296.555532,2020-11-30 13:00:00
1538.508333,270.1051542520492,1221.061898252049,950.956744,2020-11-30 14:00:00
1712.016667,270.1051542520492,1442.2258562520492,1172.120702,2020-11-30 15:00:00
1872.633333,270.1051542520492,1453.8640232520493,1183.758869,2020-11-30 16:00:00
1965.925,270.1051542520492,1273.8505652520491,1003.745411,2020-11-30 17:00:00
2132.325,270.1051542520492,1351.6592492520492,1081.554095,2020-11-30 18:00:00
2160.216667,270.1051542520492,1294.1723112520492,1024.067157,2020-11-30 19:00:00
2169.533333,270.1051542520492,1275.5275242520493,1005.42237,2020-11-30 20:00:00
2125.375,270.1051542520492,1474.6417142520493,1204.53656,2020-11-30 21:00:00
2156.433333,270.1051542520492,1505.1277092520493,1235.022555,2020-11-30 22:00:00
2147.133333,270.1051542520492,1917.8656152520493,1647.760461,2020-11-30 23:00:00
2139.3,270.1051542520492,1544.5111162520493,1274.405962,2020-12-01 00:00:00
1982.275,270.1051542520492,1836.6543402520492,1566.549186,2020-12-01 01:00:00
1618.575,270.1051542520492,1800.4800132520493,1530.374859,2020-12-01 02:00:00
1450.725,270.1051542520492,1811.6954822520493,1541.590328,2020-12-01 03:00:00
1484.166667,270.1051542520492,1682.4087792520493,1412.303625,2020-12-01 04:00:00
1474.883333,270.1051542520492,1728.7847682520492,1458.679614,2020-12-01 05:00:00
1294.475,270.1051542520492,1509.1184102520492,1239.013256,2020-12-01 06:00:00
1439.483333,270.1051542520492,1325.8712502520493,1055.766096,2020-12-01 07:00:00
1678.608333,270.1051542520492,1352.7810912520492,1082.675937,2020-12-01 08:00:00
1502.966667,270.1051542520492,1114.5376522520492,844.432498,2020-12-01 09:00:00
1328.175,270.1051542520492,833.8477302520491,563.742576,2020-12-01 10:00:00
1141.5,270.1051542520492,1275.9834352520493,1005.878281,2020-12-01 11:00:00
822.375,270.1051542520492,1192.2907902520492,922.185636,2020-12-01 12:00:00
542.483333,270.1051542520492,1375.9154552520492,1105.810301,2020-12-01 13:00:00
457.0,270.1051542520492,1389.9255742520493,1119.82042,2020-12-01 14:00:00
407.416667,270.1051542520492,1696.9848152520492,1426.879661,2020-12-01 15:00:00
320.525,270.1051542520492,1856.8285912520494,1586.723437,2020-12-01 16:00:00
224.975,270.1051542520492,1941.9437402520493,1671.838586,2020-12-01 17:00:00
149.05,270.1051542520492,1889.8791862520493,1619.774032,2020-12-01 18:00:00
108.641667,270.1051542520492,1809.9999012520493,1539.894747,2020-12-01 19:00:00
84.9,270.1051542520492,1927.0794672520492,1656.974313,2020-12-01 20:00:00
68.275,270.1051542520492,1871.7482152520492,1601.643061,2020-12-01 21:00:00
57.616667,270.1051542520492,1462.0692302520492,1191.964076,2020-12-01 22:00:00
48.958333,270.1051542520492,1745.6841202520493,1475.578966,2020-12-01 23:00:00
39.433333,270.1051542520492,1870.0955042520493,1599.99035,2020-12-02 00:00:00
39.941667,270.1051542520492,1533.1609272520493,1263.055773,2020-12-02 01:00:00
40.525,270.1051542520492,1289.7977142520492,1019.69256,2020-12-02 02:00:00
37.633333,270.1051542520492,1184.8067922520493,914.701638,2020-12-02 03:00:00
27.05,270.1051542520492,1249.0006822520493,978.895528,2020-12-02 04:00:00
24.316667,270.1051542520492,1337.1599132520494,1067.054759,2020-12-02 05:00:00
23.408333,270.1051542520492,1337.1599132520494,1067.054759,2020-12-02 06:00:00
25.6,270.1051542520492,1075.4291592520492,805.324005,2020-12-02 07:00:00
28.508333,270.1051542520492,1196.528756252049,926.423602,2020-12-02 08:00:00
24.25,270.1051542520492,1272.5914092520493,1002.486255,2020-12-02 09:00:00
20.608333,270.1051542520492,1286.2727012520493,1016.167547,2020-12-02 10:00:00
18.75,270.1051542520492,1124.5319162520493,854.426762,2020-12-02 11:00:00
17.941667,270.1051542520492,1047.6266472520492,777.521493,2020-12-02 12:00:00
16.75,270.1051542520492,1085.9769392520493,815.871785,2020-12-02 13:00:00
19.0,270.1051542520492,1280.9839892520492,1010.878835,2020-12-02 14:00:00
32.808333,270.1051542520492,1293.0585442520492,1022.95339,2020-12-02 15:00:00
40.6,270.1051542520492,1344.0579372520492,1073.952783,2020-12-02 16:00:00
30.241667,270.1051542520492,1437.2213532520493,1167.116199,2020-12-02 17:00:00
23.783333,270.1051542520492,1353.6454772520492,1083.540323,2020-12-02 18:00:00
24.116667,270.1051542520492,1484.3000902520494,1214.194936,2020-12-02 19:00:00
28.983333,270.1051542520492,1319.6912372520492,1049.586083,2020-12-02 20:00:00
44.6,270.1051542520492,701.2055812520492,431.100427,2020-12-02 21:00:00
73.408333,270.1051542520492,1318.5672382520493,1048.462084,2020-12-02 22:00:00
165.9,270.1051542520492,1049.3337882520493,779.228634,2020-12-02 23:00:00
398.083333,270.1051542520492,1035.0901462520492,764.984992,2020-12-03 00:00:00
720.508333,270.1051542520492,671.6644032520492,401.559249,2020-12-03 01:00:00
996.15,270.1051542520492,625.1412992520492,355.036145,2020-12-03 02:00:00
1088.758333,270.1051542520492,610.8976572520492,340.792503,2020-12-03 03:00:00
1296.275,270.1051542520492,629.4014952520492,359.296341,2020-12-03 04:00:00
1719.483333,270.1051542520492,605.4379272520491,335.332773,2020-12-03 05:00:00
2269.525,270.1051542520492,605.4379272520491,335.332773,2020-12-03 06:00:00
2354.991667,270.1051542520492,605.4379272520491,335.332773,2020-12-03 07:00:00
2414.716667,270.1051542520492,605.4379272520491,335.332773,2020-12-03 08:00:00
2450.683333,270.1051542520492,605.4379272520491,335.332773,2020-12-03 09:00:00
2448.633333,270.1051542520492,605.4379272520491,335.332773,2020-12-03 10:00:00
2408.508333,270.1051542520492,605.4379272520491,335.332773,2020-12-03 11:00:00
2262.083333,270.1051542520492,601.7697612520492,331.664607,2020-12-03 12:00:00
1880.991667,270.1051542520492,601.7697612520492,331.664607,2020-12-03 13:00:00
1640.633333,270.1051542520492,599.5064122520491,329.401258,2020-12-03 14:00:00
1441.016667,270.1051542520492,604.1346592520492,334.029505,2020-12-03 15:00:00
1290.783333,270.1051542520492,604.1346592520492,334.029505,2020-12-03 16:00:00
1067.566667,270.1051542520492,598.9333842520492,328.82823,2020-12-03 17:00:00
979.091667,270.1051542520492,602.2563892520492,332.151235,2020-12-03 18:00:00
987.191667,270.1051542520492,602.2563892520492,332.151235,2020-12-03 19:00:00
793.733333,270.1051542520492,602.2563892520492,332.151235,2020-12-03 20:00:00
1067.375,270.1051542520492,602.2563892520492,332.151235,2020-12-03 21:00:00
1194.875,270.1051542520492,597.9961922520492,327.891038,2020-12-03 22:00:00
1074.85,270.1051542520492,879.3756162520492,609.270462,2020-12-03 23:00:00
930.616667,270.1051542520492,1124.3386112520493,854.233457,2020-12-04 00:00:00
282.233333,270.1051542520492,977.6022332520492,707.497079,2020-12-04 01:00:00
135.108333,270.1051542520492,931.3849942520492,661.27984,2020-12-04 02:00:00
374.416667,270.1051542520492,883.4510022520492,613.345848,2020-12-04 03:00:00
818.783333,270.1051542520492,836.2242462520492,566.119092,2020-12-04 04:00:00
752.291667,270.1051542520492,1058.7873672520493,788.682213,2020-12-04 05:00:00
672.125,270.1051542520492,1357.7296472520493,1087.624493,2020-12-04 06:00:00
607.275,270.1051542520492,1313.0080162520492,1042.902862,2020-12-04 07:00:00
681.091667,270.1051542520492,1318.6098412520494,1048.504687,2020-12-04 08:00:00
535.758333,270.1051542520492,1318.6098412520494,1048.504687,2020-12-04 09:00:00
275.758333,270.1051542520492,1330.5773202520493,1060.472166,2020-12-04 10:00:00
222.391667,270.1051542520492,1330.5773202520493,1060.472166,2020-12-04 11:00:00
221.375,270.1051542520492,1348.4353292520493,1078.330175,2020-12-04 12:00:00
249.5,270.1051542520492,1449.2183352520492,1179.113181,2020-12-04 13:00:00
183.883333,270.1051542520492,1366.8709762520493,1096.765822,2020-12-04 14:00:00
91.083333,270.1051542520492,1543.3715312520492,1273.266377,2020-12-04 15:00:00
102.958333,270.1051542520492,1526.1890432520493,1256.083889,2020-12-04 16:00:00
179.866667,270.1051542520492,1006.4763712520491,736.371217,2020-12-04 17:00:00
225.983333,270.1051542520492,863.6021452520492,593.496991,2020-12-04 18:00:00
213.941667,270.1051542520492,891.2071222520492,621.101968,2020-12-04 19:00:00
161.475,270.1051542520492,922.2940982520493,652.188944,2020-12-04 20:00:00
128.708333,270.1051542520492,883.4510022520492,613.345848,2020-12-04 21:00:00
110.116667,270.1051542520492,819.8991812520492,549.794027,2020-12-04 22:00:00
97.333333,270.1051542520492,1057.968917252049,787.863763,2020-12-04 23:00:00
61.658333,270.1051542520492,1185.7849522520492,915.679798,2020-12-05 00:00:00
39.958333,270.1051542520492,1340.8609412520493,1070.755787,2020-12-05 01:00:00
43.158333,270.1051542520492,827.4930372520491,557.387883,2020-12-05 02:00:00
32.325,270.1051542520492,566.6179992520492,296.512845,2020-12-05 03:00:00
34.35,270.1051542520492,830.1436202520492,560.038466,2020-12-05 04:00:00
20.75,270.1051542520492,1204.9802482520493,934.875094,2020-12-05 05:00:00
18.216667,270.1051542520492,1156.3759862520492,886.270832,2020-12-05 06:00:00
18.5,270.1051542520492,1161.7423112520491,891.637157,2020-12-05 07:00:00
17.8,270.1051542520492,1174.7499312520492,904.644777,2020-12-05 08:00:00
19.708333,270.1051542520492,1210.6383292520493,940.533175,2020-12-05 09:00:00
22.566667,270.1051542520492,1210.2941962520492,940.189042,2020-12-05 10:00:00
24.5,270.1051542520492,1357.2593562520492,1087.154202,2020-12-05 11:00:00
31.733333,270.1051542520492,1202.8790482520492,932.773894,2020-12-05 12:00:00
40.875,270.1051542520492,873.7716362520491,603.666482,2020-12-05 13:00:00
30.083333,270.1051542520492,899.9517712520492,629.846617,2020-12-05 14:00:00
27.716667,270.1051542520492,923.4475282520491,653.342374,2020-12-05 15:00:00
45.55,270.1051542520492,904.8035652520491,634.698411,2020-12-05 16:00:00
79.775,270.1051542520492,894.1446682520493,624.039514,2020-12-05 17:00:00
73.175,270.1051542520492,1147.6088922520491,877.503738,2020-12-05 18:00:00
54.558333,270.1051542520492,1085.1439552520492,815.038801,2020-12-05 19:00:00
51.308333,270.1051542520492,899.1875422520493,629.082388,2020-12-05 20:00:00
51.208333,270.1051542520492,642.0436922520491,371.938538,2020-12-05 21:00:00
39.683333,270.1051542520492,1148.2457432520491,878.140589,2020-12-05 22:00:00
35.558333,270.1051542520492,1140.2101642520493,870.10501,2020-12-05 23:00:00
27.483333,270.1051542520492,897.5085362520492,627.403382,2020-12-06 00:00:00
24.783333,270.1051542520492,643.0449942520493,372.93984,2020-12-06 01:00:00
23.008333,270.1051542520492,597.9961922520492,327.891038,2020-12-06 02:00:00
22.833333,270.1051542520492,599.8744632520493,329.769309,2020-12-06 03:00:00
22.375,270.1051542520492,604.1346592520492,334.029505,2020-12-06 04:00:00
21.941667,270.1051542520492,604.1346592520492,334.029505,2020-12-06 05:00:00
21.825,270.1051542520492,604.1346592520492,334.029505,2020-12-06 06:00:00
24.375,270.1051542520492,604.1346592520492,334.029505,2020-12-06 07:00:00
24.591667,270.1051542520492,604.1346592520492,334.029505,2020-12-06 08:00:00
24.966667,270.1051542520492,604.1346592520492,334.029505,2020-12-06 09:00:00
27.916667,270.1051542520492,604.1346592520492,334.029505,2020-12-06 10:00:00
30.216667,270.1051542520492,603.1935812520492,333.088427,2020-12-06 11:00:00
25.075,270.1051542520492,603.1935812520492,333.088427,2020-12-06 12:00:00
25.5,270.1051542520492,603.1935812520492,333.088427,2020-12-06 13:00:00
74.458333,270.1051542520492,597.9961922520492,327.891038,2020-12-06 14:00:00
128.383333,270.1051542520492,602.2563892520492,332.151235,2020-12-06 15:00:00
186.141667,270.1051542520492,602.2563892520492,332.151235,2020-12-06 16:00:00
225.35,270.1051542520492,638.2264132520493,368.121259,2020-12-06 17:00:00
209.491667,270.1051542520492,798.5572952520492,528.452141,2020-12-06 18:00:00
206.408333,270.1051542520492,798.5572952520492,528.452141,2020-12-06 19:00:00
232.233333,270.1051542520492,692.5502802520492,422.445126,2020-12-06 20:00:00
443.958333,270.1051542520492,709.9239882520492,439.818834,2020-12-06 21:00:00
185.891667,270.1051542520492,717.2002292520492,447.095075,2020-12-06 22:00:00
153.891667,270.1051542520492,698.5703852520492,428.465231,2020-12-06 23:00:00
318.066667,270.1051542520492,701.8010442520492,431.69589,2020-12-07 00:00:00
98.9,270.1051542520492,705.5454912520493,435.440337,2020-12-07 01:00:00
90.341667,270.1051542520492,705.5454912520493,435.440337,2020-12-07 02:00:00
105.091667,270.1051542520492,656.5802572520493,386.475103,2020-12-07 03:00:00
115.091667,270.1051542520492,656.5802572520493,386.475103,2020-12-07 04:00:00
178.95,270.1051542520492,669.0784262520492,398.973272,2020-12-07 05:00:00
218.208333,270.1051542520492,726.9689702520492,456.863816,2020-12-07 06:00:00
221.666667,270.1051542520492,726.9689702520492,456.863816,2020-12-07 07:00:00
155.383333,270.1051542520492,726.9689702520492,456.863816,2020-12-07 08:00:00
131.125,270.1051542520492,726.9689702520492,456.863816,2020-12-07 09:00:00
217.725,270.1051542520492,602.2563892520492,332.151235,2020-12-07 10:00:00
295.366667,270.1051542520492,602.2563892520492,332.151235,2020-12-07 11:00:00
436.825,270.1051542520492,602.2563892520492,332.151235,2020-12-07 12:00:00
489.0,270.1051542520492,602.2563892520492,332.151235,2020-12-07 13:00:00
515.558333,270.1051542520492,602.2563892520492,332.151235,2020-12-07 14:00:00
718.216667,270.1051542520492,1194.5790742520492,924.47392,2020-12-07 15:00:00
833.016667,270.1051542520492,766.3066372520492,496.201483,2020-12-07 16:00:00
973.825,270.1051542520492,641.0232292520492,370.918075,2020-12-07 17:00:00
1035.158333,270.1051542520492,747.6925152520491,477.587361,2020-12-07 18:00:00
1352.991667,270.1051542520492,745.3609612520493,475.255807,2020-12-07 19:00:00
1889.766667,270.1051542520492,639.3000362520493,369.194882,2020-12-07 20:00:00
1909.316667,270.1051542520492,745.3609612520493,475.255807,2020-12-07 21:00:00
1451.666667,270.1051542520492,951.9159262520493,681.810772,2020-12-07 22:00:00
1342.2,270.1051542520492,1147.8328872520492,877.727733,2020-12-07 23:00:00
1469.708333,270.1051542520492,724.7604332520492,454.655279,2020-12-08 00:00:00
1526.625,270.1051542520492,995.0826302520493,724.977476,2020-12-08 01:00:00
1529.191667,270.1051542520492,1317.0413222520492,1046.936168,2020-12-08 02:00:00
1458.741667,270.1051542520492,1285.4319452520492,1015.326791,2020-12-08 03:00:00
1381.533333,270.1051542520492,1329.0598852520493,1058.954731,2020-12-08 04:00:00
1284.725,270.1051542520492,1151.7518902520492,881.646736,2020-12-08 05:00:00
1171.2,270.1051542520492,1145.4966322520493,875.391478,2020-12-08 06:00:00
1078.658333,270.1051542520492,1116.3390952520492,846.233941,2020-12-08 07:00:00
840.025,270.1051542520492,974.5864602520492,704.481306,2020-12-08 08:00:00
711.433333,270.1051542520492,890.3363682520492,620.231214,2020-12-08 09:00:00
578.941667,270.1051542520492,856.8910552520492,586.785901,2020-12-08 10:00:00
290.683333,270.1051542520492,1038.5281792520493,768.423025,2020-12-08 11:00:00
130.525,270.1051542520492,1083.6963062520492,813.591152,2020-12-08 12:00:00
65.991667,270.1051542520492,1074.3524252520492,804.247271,2020-12-08 13:00:00
37.416667,270.1051542520492,1074.9649202520493,804.859766,2020-12-08 14:00:00
27.033333,270.1051542520492,832.7568292520491,562.651675,2020-12-08 15:00:00
24.741667,270.1051542520492,799.0099662520493,528.904812,2020-12-08 16:00:00
20.108333,270.1051542520492,803.8408682520492,533.735714,2020-12-08 17:00:00
19.483333,270.1051542520492,918.8261592520491,648.721005,2020-12-08 18:00:00
22.875,270.1051542520492,915.2764872520493,645.171333,2020-12-08 19:00:00
21.766667,270.1051542520492,919.2166302520493,649.111476,2020-12-08 20:00:00
29.508333,270.1051542520492,1431.3653872520492,1161.260233,2020-12-08 21:00:00
42.725,270.1051542520492,1104.3627342520492,834.25758,2020-12-08 22:00:00
38.391667,270.1051542520492,1001.8416782520492,731.736524,2020-12-08 23:00:00
37.491667,270.1051542520492,1008.4729872520493,738.367833,2020-12-09 00:00:00
37.508333,270.1051542520492,1174.979224252049,904.87407,2020-12-09 01:00:00
34.716667,270.1051542520492,1106.5030612520493,836.397907,2020-12-09 02:00:00
33.9,270.1051542520492,1283.7909132520492,1013.685759,2020-12-09 03:00:00
27.125,270.1051542520492,1274.3726702520491,1004.267516,2020-12-09 04:00:00
28.6,270.1051542520492,990.6287602520492,720.523606,2020-12-09 05:00:00
25.533333,270.1051542520492,933.2050522520492,663.099898,2020-12-09 06:00:00
27.491667,270.1051542520492,890.3081062520491,620.202952,2020-12-09 07:00:00
26.675,270.1051542520492,817.3718982520493,547.266744,2020-12-09 08:00:00
26.25,270.1051542520492,844.6467472520492,574.541593,2020-12-09 09:00:00
24.65,270.1051542520492,938.3221552520492,668.217001,2020-12-09 10:00:00
20.266667,270.1051542520492,1097.3725002520491,827.267346,2020-12-09 11:00:00
17.725,270.1051542520492,817.6763892520491,547.571235,2020-12-09 12:00:00
20.833333,270.1051542520492,742.4450262520493,472.339872,2020-12-09 13:00:00
107.6,270.1051542520492,742.4450262520493,472.339872,2020-12-09 14:00:00
136.8,270.1051542520492,709.6359402520492,439.530786,2020-12-09 15:00:00
126.291667,270.1051542520492,709.6359402520492,439.530786,2020-12-09 16:00:00
81.625,270.1051542520492,700.8574752520492,430.752321,2020-12-09 17:00:00
58.008333,270.1051542520492,700.8574752520492,430.752321,2020-12-09 18:00:00
46.191667,270.1051542520492,700.8574752520492,430.752321,2020-12-09 19:00:00
76.416667,270.1051542520492,700.8574752520492,430.752321,2020-12-09 20:00:00
70.925,270.1051542520492,700.8574752520492,430.752321,2020-12-09 21:00:00
76.825,270.1051542520492,700.8574752520492,430.752321,2020-12-09 22:00:00
101.075,270.1051542520492,693.6953862520493,423.590232,2020-12-09 23:00:00
238.925,270.1051542520492,693.6953862520493,423.590232,2020-12-10 00:00:00
285.741667,270.1051542520492,697.9555832520492,427.850429,2020-12-10 01:00:00
249.691667,270.1051542520492,697.9555832520492,427.850429,2020-12-10 02:00:00
298.8,270.1051542520492,700.8574752520492,430.752321,2020-12-10 03:00:00
219.066667,270.1051542520492,700.8574752520492,430.752321,2020-12-10 04:00:00
152.633333,270.1051542520492,700.8574752520492,430.752321,2020-12-10 05:00:00
106.891667,270.1051542520492,700.8574752520492,430.752321,2020-12-10 06:00:00
111.666667,270.1051542520492,700.8574752520492,430.752321,2020-12-10 07:00:00
209.933333,270.1051542520492,701.5761682520492,431.471014,2020-12-10 08:00:00
291.908333,270.1051542520492,701.5761682520492,431.471014,2020-12-10 09:00:00
226.091667,270.1051542520492,701.5761682520492,431.471014,2020-12-10 10:00:00
184.366667,270.1051542520492,701.5761682520492,431.471014,2020-12-10 11:00:00
178.575,270.1051542520492,697.3036732520492,427.198519,2020-12-10 12:00:00
173.566667,270.1051542520492,703.0893542520491,432.9842,2020-12-10 13:00:00
195.566667,270.1051542520492,697.4857202520492,427.380566,2020-12-10 14:00:00
227.916667,270.1051542520492,756.2544552520492,486.149301,2020-12-10 15:00:00
288.291667,270.1051542520492,756.2544552520492,486.149301,2020-12-10 16:00:00
362.316667,270.1051542520492,790.8375422520492,520.732388,2020-12-10 17:00:00
473.191667,270.1051542520492,840.6420472520492,570.536893,2020-12-10 18:00:00
561.241667,270.1051542520492,720.4095122520491,450.304358,2020-12-10 19:00:00
594.65,270.1051542520492,725.9976502520492,455.892496,2020-12-10 20:00:00
564.708333,270.1051542520492,765.9193702520492,495.814216,2020-12-10 21:00:00
566.041667,270.1051542520492,765.9193702520492,495.814216,2020-12-10 22:00:00
686.266667,270.1051542520492,760.9310752520491,490.825921,2020-12-10 23:00:00
739.308333,270.1051542520492,796.4217432520493,526.316589,2020-12-11 00:00:00
699.608333,270.1051542520492,926.6091762520491,656.504022,2020-12-11 01:00:00
703.433333,270.1051542520492,1105.1454032520492,835.040249,2020-12-11 02:00:00
784.208333,270.1051542520492,1038.6951342520492,768.58998,2020-12-11 03:00:00
921.8,270.1051542520492,1089.5529932520492,819.447839,2020-12-11 04:00:00
996.908333,270.1051542520492,974.5864602520492,704.481306,2020-12-11 05:00:00
1049.008333,270.1051542520492,1198.183118252049,928.077964,2020-12-11 06:00:00
1081.941667,270.1051542520492,1156.3239912520492,886.218837,2020-12-11 07:00:00
1109.383333,270.1051542520492,1156.3239912520492,886.218837,2020-12-11 08:00:00
1076.558333,270.1051542520492,820.8908542520492,550.7857,2020-12-11 09:00:00
967.316667,270.1051542520492,811.7128732520491,541.607719,2020-12-11 10:00:00
929.916667,270.1051542520492,1223.6148662520493,953.509712,2020-12-11 11:00:00
941.091667,270.1051542520492,1381.5150192520493,1111.409865,2020-12-11 12:00:00
1009.625,270.1051542520492,1158.2893252520491,888.184171,2020-12-11 13:00:00
1142.075,270.1051542520492,806.2201182520491,536.114964,2020-12-11 14:00:00
1287.466667,270.1051542520492,800.7042332520491,530.599079,2020-12-11 15:00:00
1394.3,270.1051542520492,985.8637982520493,715.758644,2020-12-11 16:00:00
1413.866667,270.1051542520492,1083.5734862520492,813.468332,2020-12-11 17:00:00
1272.816667,270.1051542520492,1176.7403122520493,906.635158,2020-12-11 18:00:00
1160.158333,270.1051542520492,1145.5835872520493,875.478433,2020-12-11 19:00:00
1076.8,270.1051542520492,1485.9650212520492,1215.859867,2020-12-11 20:00:00
1054.308333,270.1051542520492,1733.3149042520492,1463.20975,2020-12-11 21:00:00
1123.391667,270.1051542520492,1673.8734742520492,1403.76832,2020-12-11 22:00:00
1247.108333,270.1051542520492,1410.4368192520492,1140.331665,2020-12-11 23:00:00
1405.583333,270.1051542520492,1039.8225822520492,769.717428,2020-12-12 00:00:00
1526.958333,270.1051542520492,993.7176192520492,723.612465,2020-12-12 01:00:00
1511.133333,270.1051542520492,909.0829322520492,638.977778,2020-12-12 02:00:00
1360.483333,270.1051542520492,889.5252662520493,619.420112,2020-12-12 03:00:00
1025.475,270.1051542520492,970.5446362520493,700.439482,2020-12-12 04:00:00
1404.583333,270.1051542520492,874.7381572520492,604.633003,2020-12-12 05:00:00
1427.05,270.1051542520492,906.2760442520491,636.17089,2020-12-12 06:00:00
1253.683333,270.1051542520492,986.9787482520492,716.873594,2020-12-12 07:00:00
1159.125,270.1051542520492,882.3275482520492,612.222394,2020-12-12 08:00:00
1171.041667,270.1051542520492,979.6375772520491,709.532423,2020-12-12 09:00:00
1290.033333,270.1051542520492,932.9164502520491,662.811296,2020-12-12 10:00:00
1341.125,270.1051542520492,918.0050832520492,647.899929,2020-12-12 11:00:00
1447.641667,270.1051542520492,918.0050832520492,647.899929,2020-12-12 12:00:00
1288.466667,270.1051542520492,916.9837692520491,646.878615,2020-12-12 13:00:00
1146.708333,270.1051542520492,921.3189422520493,651.213788,2020-12-12 14:00:00
1069.208333,270.1051542520492,983.2376152520492,713.132461,2020-12-12 15:00:00
1029.466667,270.1051542520492,993.3947012520491,723.289547,2020-12-12 16:00:00
1002.183333,270.1051542520492,955.1062482520492,685.001094,2020-12-12 17:00:00
974.383333,270.1051542520492,957.2962582520493,687.191104,2020-12-12 18:00:00
1100.291667,270.1051542520492,954.3752242520493,684.27007,2020-12-12 19:00:00
1018.916667,270.1051542520492,956.4519252520493,686.346771,2020-12-12 20:00:00
1019.066667,270.1051542520492,953.7247892520493,683.619635,2020-12-12 21:00:00
1604.1,270.1051542520492,964.2431342520492,694.13798,2020-12-12 22:00:00
2191.858333,270.1051542520492,1102.8902602520493,832.785106,2020-12-12 23:00:00
2173.541667,270.1051542520492,1092.208559252049,822.103405,2020-12-13 00:00:00
1918.775,270.1051542520492,1048.8470442520493,778.74189,2020-12-13 01:00:00
1414.791667,270.1051542520492,1053.9410182520492,783.835864,2020-12-13 02:00:00
804.366667,270.1051542520492,1053.9410182520492,783.835864,2020-12-13 03:00:00
607.35,270.1051542520492,945.4291412520492,675.323987,2020-12-13 04:00:00
654.925,270.1051542520492,827.7449532520493,557.639799,2020-12-13 05:00:00
359.941667,270.1051542520492,762.7379022520493,492.632748,2020-12-13 06:00:00
209.991667,270.1051542520492,822.3236862520491,552.218532,2020-12-13 07:00:00
170.416667,270.1051542520492,805.9343702520491,535.829216,2020-12-13 08:00:00
215.8,270.1051542520492,824.4382722520493,554.333118,2020-12-13 09:00:00
355.658333,270.1051542520492,862.2640392520493,592.158885,2020-12-13 10:00:00
414.016667,270.1051542520492,866.8328782520491,596.727724,2020-12-13 11:00:00
632.166667,270.1051542520492,941.9483032520493,671.843149,2020-12-13 12:00:00
1252.658333,270.1051542520492,1038.0599482520493,767.954794,2020-12-13 13:00:00
1550.025,270.1051542520492,892.4285412520492,622.323387,2020-12-13 14:00:00
1974.441667,270.1051542520492,789.0086732520492,518.903519,2020-12-13 15:00:00
2308.0,270.1051542520492,859.2361452520493,589.130991,2020-12-13 16:00:00
2244.083333,270.1051542520492,846.7805602520491,576.675406,2020-12-13 17:00:00
2209.95,270.1051542520492,846.1863342520492,576.08118,2020-12-13 18:00:00
2045.883333,270.1051542520492,857.7863972520493,587.681243,2020-12-13 19:00:00
2132.625,270.1051542520492,863.1488382520492,593.043684,2020-12-13 20:00:00
1926.541667,270.1051542520492,868.7781842520492,598.67303,2020-12-13 21:00:00
1826.108333,270.1051542520492,862.4700382520491,592.364884,2020-12-13 22:00:00
1787.0,270.1051542520492,1142.2250262520492,872.119872,2020-12-13 23:00:00
1919.15,270.1051542520492,1140.8028972520492,870.697743,2020-12-14 00:00:00
1708.825,270.1051542520492,1423.7396232520493,1153.634469,2020-12-14 01:00:00
1729.366667,270.1051542520492,1256.3788682520492,986.273714,2020-12-14 02:00:00
1581.908333,270.1051542520492,818.2800932520493,548.174939,2020-12-14 03:00:00
1320.816667,270.1051542520492,861.6142652520491,591.509111,2020-12-14 04:00:00
1269.858333,270.1051542520492,752.0309112520492,481.925757,2020-12-14 05:00:00
1720.85,270.1051542520492,752.0309112520492,481.925757,2020-12-14 06:00:00
1934.441667,270.1051542520492,806.2340762520491,536.128922,2020-12-14 07:00:00
2085.7,270.1051542520492,922.9270512520493,652.821897,2020-12-14 08:00:00
2132.75,270.1051542520492,903.7877002520493,633.682546,2020-12-14 09:00:00
2153.35,270.1051542520492,894.8350492520492,624.729895,2020-12-14 10:00:00
2039.966667,270.1051542520492,802.9306432520491,532.825489,2020-12-14 11:00:00
2063.308333,270.1051542520492,797.1441202520491,527.038966,2020-12-14 12:00:00
2171.325,270.1051542520492,781.6852912520492,511.580137,2020-12-14 13:00:00
2308.183333,270.1051542520492,964.1164222520492,694.011268,2020-12-14 14:00:00
2426.491667,270.1051542520492,1060.085766252049,789.980612,2020-12-14 15:00:00
2409.091667,270.1051542520492,1105.4457362520493,835.340582,2020-12-14 16:00:00
2461.008333,270.1051542520492,1372.8007322520493,1102.695578,2020-12-14 17:00:00
2462.066667,270.1051542520492,1316.8112092520494,1046.706055,2020-12-14 18:00:00
2441.291667,270.1051542520492,1255.610978252049,985.505824,2020-12-14 19:00:00
2429.575,270.1051542520492,1080.1685022520492,810.063348,2020-12-14 20:00:00
2460.308333,270.1051542520492,1319.0827622520492,1048.977608,2020-12-14 21:00:00
2463.975,270.1051542520492,1286.2520212520492,1016.146867,2020-12-14 22:00:00
2463.616667,270.1051542520492,1654.2120252520492,1384.106871,2020-12-14 23:00:00
2464.575,270.1051542520492,1625.9524392520493,1355.847285,2020-12-15 00:00:00
2463.641667,270.1051542520492,1589.8583492520493,1319.753195,2020-12-15 01:00:00
2464.125,270.1051542520492,1136.4380782520493,866.332924,2020-12-15 02:00:00
2466.708333,270.1051542520492,1163.6634632520493,893.558309,2020-12-15 03:00:00
2463.075,270.1051542520492,1081.413038252049,811.307884,2020-12-15 04:00:00
2464.258333,270.1051542520492,993.4237512520492,723.318597,2020-12-15 05:00:00
2467.758333,270.1051542520492,961.9086172520492,691.803463,2020-12-15 06:00:00
2463.783333,270.1051542520492,905.5173712520493,635.412217,2020-12-15 07:00:00
2452.1,270.1051542520492,899.6027302520492,629.497576,2020-12-15 08:00:00
2457.6,270.1051542520492,869.6170132520492,599.511859,2020-12-15 09:00:00
2456.191667,270.1051542520492,1046.8925362520492,776.787382,2020-12-15 10:00:00
2385.716667,270.1051542520492,1180.8009672520493,910.695813,2020-12-15 11:00:00
2415.758333,270.1051542520492,1193.385656252049,923.280502,2020-12-15 12:00:00
2453.525,270.1051542520492,1264.0849552520492,993.979801,2020-12-15 13:00:00
2428.175,270.1051542520492,1378.2277982520493,1108.122644,2020-12-15 14:00:00
2387.591667,270.1051542520492,1578.9830652520493,1308.877911,2020-12-15 15:00:00
2346.908333,270.1051542520492,1728.3359332520492,1458.230779,2020-12-15 16:00:00
2315.666667,270.1051542520492,1660.2546702520492,1390.149516,2020-12-15 17:00:00
2304.366667,270.1051542520492,1702.5664632520493,1432.461309,2020-12-15 18:00:00
2336.391667,270.1051542520492,1779.1309922520493,1509.025838,2020-12-15 19:00:00
2381.316667,270.1051542520492,1631.6715312520494,1361.566377,2020-12-15 20:00:00
2377.033333,270.1051542520492,1626.2969312520493,1356.191777,2020-12-15 21:00:00
2345.125,270.1051542520492,1498.5949522520493,1228.489798,2020-12-15 22:00:00
2402.825,270.1051542520492,1540.0506962520492,1269.945542,2020-12-15 23:00:00
2284.933333,270.1051542520492,1498.5949522520493,1228.489798,2020-12-16 00:00:00
2396.108333,270.1051542520492,1623.0858252520493,1352.980671,2020-12-16 01:00:00
2462.816667,270.1051542520492,1615.4877922520493,1345.382638,2020-12-16 02:00:00
2464.525,270.1051542520492,1604.7646152520492,1334.659461,2020-12-16 03:00:00
2460.975,270.1051542520492,1714.4516782520493,1444.346524,2020-12-16 04:00:00
2467.9,270.1051542520492,1714.0401602520492,1443.935006,2020-12-16 05:00:00
2457.7,270.1051542520492,1637.6782802520493,1367.573126,2020-12-16 06:00:00
2455.741667,270.1051542520492,1633.6710872520493,1363.565933,2020-12-16 07:00:00
2462.2,270.1051542520492,1818.8332712520494,1548.728117,2020-12-16 08:00:00
2463.208333,270.1051542520492,1618.8913482520493,1348.786194,2020-12-16 09:00:00
2459.366667,270.1051542520492,1613.4927782520492,1343.387624,2020-12-16 10:00:00
2330.708333,270.1051542520492,1866.2943052520493,1596.189151,2020-12-16 11:00:00
2328.0,270.1051542520492,1779.7729402520492,1509.667786,2020-12-16 12:00:00
2340.733333,270.1051542520492,1828.6488482520492,1558.543694,2020-12-16 13:00:00
2347.266667,270.1051542520492,1852.5344202520494,1582.429266,2020-12-16 14:00:00
2361.716667,270.1051542520492,1888.9092532520492,1618.804099,2020-12-16 15:00:00
2433.45,270.1051542520492,1888.9092532520492,1618.804099,2020-12-16 16:00:00
2454.516667,270.1051542520492,2009.5929912520492,1739.487837,2020-12-16 17:00:00
2470.291667,270.1051542520492,2080.272604252049,1810.16745,2020-12-16 18:00:00
2466.408333,270.1051542520492,1888.9092532520492,1618.804099,2020-12-16 19:00:00
2465.983333,270.1051542520492,1888.9092532520492,1618.804099,2020-12-16 20:00:00
2462.808333,270.1051542520492,2009.5929912520492,1739.487837,2020-12-16 21:00:00
2426.891667,270.1051542520492,2080.389228252049,1810.284074,2020-12-16 22:00:00
2412.391667,270.1051542520492,2080.389228252049,1810.284074,2020-12-16 23:00:00
2433.95,270.1051542520492,2080.389228252049,1810.284074,2020-12-17 00:00:00
2274.041667,270.1051542520492,2071.770525252049,1801.665371,2020-12-17 01:00:00
2116.058333,270.1051542520492,2080.389228252049,1810.284074,2020-12-17 02:00:00
1553.25,270.1051542520492,2112.808166252049,1842.703012,2020-12-17 03:00:00
810.75,270.1051542520492,2107.410204252049,1837.30505,2020-12-17 04:00:00
326.6,270.1051542520492,2106.312970252049,1836.207816,2020-12-17 05:00:00
109.125,270.1051542520492,2107.410204252049,1837.30505,2020-12-17 06:00:00
39.583333,270.1051542520492,2106.312970252049,1836.207816,2020-12-17 07:00:00
48.241667,270.1051542520492,2077.4767872520492,1807.371633,2020-12-17 08:00:00
61.566667,270.1051542520492,2083.1940962520493,1813.088942,2020-12-17 09:00:00
74.666667,270.1051542520492,2083.1940962520493,1813.088942,2020-12-17 10:00:00
100.575,270.1051542520492,1894.4919812520493,1624.386827,2020-12-17 11:00:00
118.65,270.1051542520492,1888.9092532520492,1618.804099,2020-12-17 12:00:00
111.95,270.1051542520492,2004.5559982520492,1734.450844,2020-12-17 13:00:00
476.833333,270.1051542520492,1845.6813502520492,1575.576196,2020-12-17 14:00:00
666.058333,270.1051542520492,1791.6427522520491,1521.537598,2020-12-17 15:00:00
717.558333,270.1051542520492,1739.5761042520492,1469.47095,2020-12-17 16:00:00
999.058333,270.1051542520492,1788.4520122520494,1518.346858,2020-12-17 17:00:00
1678.641667,270.1051542520492,1852.5344202520494,1582.429266,2020-12-17 18:00:00
2179.141667,270.1051542520492,1872.8543992520492,1602.749245,2020-12-17 19:00:00
2323.575,270.1051542520492,1914.0848632520492,1643.979709,2020-12-17 20:00:00
2391.808333,270.1051542520492,1914.0848632520492,1643.979709,2020-12-17 21:00:00
2461.791667,270.1051542520492,1859.5933082520492,1589.488154,2020-12-17 22:00:00
2465.05,270.1051542520492,1889.0258772520492,1618.920723,2020-12-17 23:00:00
2464.45,270.1051542520492,1771.0194282520492,1500.914274,2020-12-18 00:00:00
2445.3,270.1051542520492,1857.7168742520494,1587.61172,2020-12-18 01:00:00
2453.266667,270.1051542520492,2043.7396142520493,1773.63446,2020-12-18 02:00:00
2451.458333,270.1051542520492,1689.5976222520492,1419.492468,2020-12-18 03:00:00
1806.983333,270.1051542520492,1892.8767362520493,1622.771582,2020-12-18 04:00:00
1050.775,270.1051542520492,1352.3926662520494,1082.287512,2020-12-18 05:00:00
162.425,270.1051542520492,807.9670202520492,537.861866,2020-12-18 06:00:00
127.608333,270.1051542520492,789.8794932520493,519.774339,2020-12-18 07:00:00
85.966667,270.1051542520492,910.0423022520492,639.937148,2020-12-18 08:00:00
502.916667,270.1051542520492,992.8575942520492,722.75244,2020-12-18 09:00:00
865.275,270.1051542520492,985.6943202520492,715.589166,2020-12-18 10:00:00
871.566667,270.1051542520492,857.9845362520491,587.879382,2020-12-18 11:00:00
883.683333,270.1051542520492,851.6258542520493,581.5207,2020-12-18 12:00:00
897.55,270.1051542520492,839.3472342520492,569.24208,2020-12-18 13:00:00
963.433333,270.1051542520492,839.3472342520492,569.24208,2020-12-18 14:00:00
1073.466667,270.1051542520492,863.5423572520492,593.437203,2020-12-18 15:00:00
1177.483333,270.1051542520492,1086.995524252049,816.89037,2020-12-18 16:00:00
1280.233333,270.1051542520492,1028.4028012520491,758.297647,2020-12-18 17:00:00
1383.65,270.1051542520492,1100.4072612520492,830.302107,2020-12-18 18:00:00
1483.591667,270.1051542520492,1630.4724112520494,1360.367257,2020-12-18 19:00:00
1576.666667,270.1051542520492,1899.5223852520492,1629.417231,2020-12-18 20:00:00
1477.466667,270.1051542520492,1930.8584462520494,1660.753292,2020-12-18 21:00:00
1132.066667,270.1051542520492,1764.1837742520493,1494.07862,2020-12-18 22:00:00
1560.95,270.1051542520492,1911.5916362520493,1641.486482,2020-12-18 23:00:00
1717.391667,270.1051542520492,1985.8260022520492,1715.720848,2020-12-19 00:00:00
1481.466667,270.1051542520492,1743.6757422520493,1473.570588,2020-12-19 01:00:00
1435.408333,270.1051542520492,1588.1366902520492,1318.031536,2020-12-19 02:00:00
1370.416667,270.1051542520492,1698.7157452520494,1428.610591,2020-12-19 03:00:00
1450.325,270.1051542520492,1896.3338112520494,1626.228657,2020-12-19 04:00:00
1533.766667,270.1051542520492,1030.3519042520493,760.24675,2020-12-19 05:00:00
1556.5,270.1051542520492,1189.5544002520492,919.449246,2020-12-19 06:00:00
1478.033333,270.1051542520492,812.7976202520492,542.692466,2020-12-19 07:00:00
1364.441667,270.1051542520492,777.4791022520492,507.373948,2020-12-19 08:00:00
1242.275,270.1051542520492,791.6506912520492,521.545537,2020-12-19 09:00:00
970.341667,270.1051542520492,1500.4252072520492,1230.320053,2020-12-19 10:00:00
806.208333,270.1051542520492,1204.634664252049,934.52951,2020-12-19 11:00:00
516.866667,270.1051542520492,1085.8114992520493,815.706345,2020-12-19 12:00:00
326.541667,270.1051542520492,1093.3754162520493,823.270262,2020-12-19 13:00:00
282.1,270.1051542520492,1022.5224052520491,752.417251,2020-12-19 14:00:00
321.25,270.1051542520492,1120.2657462520492,850.160592,2020-12-19 15:00:00
225.116667,270.1051542520492,1069.1868602520492,799.081706,2020-12-19 16:00:00
167.483333,270.1051542520492,1318.5560002520492,1048.450846,2020-12-19 17:00:00
96.008333,270.1051542520492,1410.4757422520493,1140.370588,2020-12-19 18:00:00
97.033333,270.1051542520492,1091.2534612520492,821.148307,2020-12-19 19:00:00
103.058333,270.1051542520492,1349.9633112520492,1079.858157,2020-12-19 20:00:00
108.241667,270.1051542520492,1424.8456542520494,1154.7405,2020-12-19 21:00:00
86.5,270.1051542520492,1711.9315392520493,1441.826385,2020-12-19 22:00:00
70.616667,270.1051542520492,930.8316712520491,660.726517,2020-12-19 23:00:00
81.1,270.1051542520492,1708.5541012520493,1438.448947,2020-12-20 00:00:00
103.533333,270.1051542520492,1689.9643692520492,1419.859215,2020-12-20 01:00:00
130.891667,270.1051542520492,1590.5741302520494,1320.468976,2020-12-20 02:00:00
208.025,270.1051542520492,1299.6066802520493,1029.501526,2020-12-20 03:00:00
218.675,270.1051542520492,1374.9818132520493,1104.876659,2020-12-20 04:00:00
231.091667,270.1051542520492,1392.0307522520493,1121.925598,2020-12-20 05:00:00
254.233333,270.1051542520492,1014.2557782520491,744.150624,2020-12-20 06:00:00
248.625,270.1051542520492,1081.2539552520493,811.148801,2020-12-20 07:00:00
141.5,270.1051542520492,1451.9047422520493,1181.799588,2020-12-20 08:00:00
75.008333,270.1051542520492,894.4083162520492,624.303162,2020-12-20 09:00:00
45.883333,270.1051542520492,1041.7228012520493,771.617647,2020-12-20 10:00:00
46.808333,270.1051542520492,1404.5807512520494,1134.475597,2020-12-20 11:00:00
53.091667,270.1051542520492,1354.8246642520492,1084.71951,2020-12-20 12:00:00
60.475,270.1051542520492,1286.3958242520491,1016.29067,2020-12-20 13:00:00
65.866667,270.1051542520492,1438.9722852520492,1168.867131,2020-12-20 14:00:00
61.766667,270.1051542520492,1199.1332892520493,929.028135,2020-12-20 15:00:00
62.308333,270.1051542520492,1137.1814132520492,867.076259,2020-12-20 16:00:00
58.833333,270.1051542520492,1015.3989002520493,745.293746,2020-12-20 17:00:00
55.666667,270.1051542520492,918.7565122520491,648.651358,2020-12-20 18:00:00
68.016667,270.1051542520492,931.6464892520492,661.541335,2020-12-20 19:00:00
72.916667,270.1051542520492,931.6464892520492,661.541335,2020-12-20 20:00:00
69.433333,270.1051542520492,925.0190352520492,654.913881,2020-12-20 21:00:00
60.008333,270.1051542520492,797.2820032520492,527.176849,2020-12-20 22:00:00
48.083333,270.1051542520492,1005.7665062520491,735.661352,2020-12-20 23:00:00
40.283333,270.1051542520492,1005.7665062520491,735.661352,2020-12-21 00:00:00
36.2,270.1051542520492,858.9958732520493,588.890719,2020-12-21 01:00:00
33.016667,270.1051542520492,811.5766462520492,541.471492,2020-12-21 02:00:00
29.666667,270.1051542520492,830.7944562520493,560.689302,2020-12-21 03:00:00
35.2,270.1051542520492,962.7528142520491,692.64766,2020-12-21 04:00:00
41.283333,270.1051542520492,962.7528142520491,692.64766,2020-12-21 05:00:00
40.408333,270.1051542520492,960.3318652520493,690.226711,2020-12-21 06:00:00
38.316667,270.1051542520492,919.3047352520491,649.199581,2020-12-21 07:00:00
37.633333,270.1051542520492,931.3165512520493,661.211397,2020-12-21 08:00:00
39.241667,270.1051542520492,793.4973262520491,523.392172,2020-12-21 09:00:00
35.408333,270.1051542520492,843.2559282520492,573.150774,2020-12-21 10:00:00
38.391667,270.1051542520492,757.3714122520491,487.266258,2020-12-21 11:00:00
48.291667,270.1051542520492,724.0055872520493,453.900433,2020-12-21 12:00:00
46.95,270.1051542520492,696.8227762520492,426.717622,2020-12-21 13:00:00
49.125,270.1051542520492,659.9906322520492,389.885478,2020-12-21 14:00:00
66.725,270.1051542520492,814.0802562520491,543.975102,2020-12-21 15:00:00
85.641667,270.1051542520492,657.9758602520492,387.870706,2020-12-21 16:00:00
59.116667,270.1051542520492,652.9742802520492,382.869126,2020-12-21 17:00:00
41.55,270.1051542520492,692.0747922520492,421.969638,2020-12-21 18:00:00
32.708333,270.1051542520492,692.0747922520492,421.969638,2020-12-21 19:00:00
27.55,270.1051542520492,879.3756162520492,609.270462,2020-12-21 20:00:00
30.025,270.1051542520492,825.5272372520492,555.422083,2020-12-21 21:00:00
28.166667,270.1051542520492,825.5272372520492,555.422083,2020-12-21 22:00:00
56.116667,270.1051542520492,658.1123612520491,388.007207,2020-12-21 23:00:00
34.75,270.1051542520492,638.2264132520493,368.121259,2020-12-22 00:00:00
21.183333,270.1051542520492,597.9961922520492,327.891038,2020-12-22 01:00:00
21.008333,270.1051542520492,602.2563892520492,332.151235,2020-12-22 02:00:00
18.241667,270.1051542520492,603.1935812520492,333.088427,2020-12-22 03:00:00
20.8,270.1051542520492,659.9116732520492,389.806519,2020-12-22 04:00:00
23.566667,270.1051542520492,659.9116732520492,389.806519,2020-12-22 05:00:00
20.158333,270.1051542520492,599.8744632520493,329.769309,2020-12-22 06:00:00
17.083333,270.1051542520492,598.9333842520492,328.82823,2020-12-22 07:00:00
16.975,270.1051542520492,597.9961922520492,327.891038,2020-12-22 08:00:00
26.05,270.1051542520492,602.2563892520492,332.151235,2020-12-22 09:00:00
27.158333,270.1051542520492,597.9961922520492,327.891038,2020-12-22 10:00:00
21.241667,270.1051542520492,602.2563892520492,332.151235,2020-12-22 11:00:00
29.291667,270.1051542520492,597.9961922520492,327.891038,2020-12-22 12:00:00
24.441667,270.1051542520492,692.0747922520492,421.969638,2020-12-22 13:00:00
17.925,270.1051542520492,703.8823492520492,433.777195,2020-12-22 14:00:00
15.791667,270.1051542520492,696.6699632520492,426.564809,2020-12-22 15:00:00
17.183333,270.1051542520492,1085.8433522520493,815.738198,2020-12-22 16:00:00
24.525,270.1051542520492,624.9150752520492,354.809921,2020-12-22 17:00:00
32.233333,270.1051542520492,598.3244752520492,328.219321,2020-12-22 18:00:00
34.925,270.1051542520492,601.2780312520492,331.172877,2020-12-22 19:00:00
24.783333,270.1051542520492,605.5382282520492,335.433074,2020-12-22 20:00:00
18.5,270.1051542520492,605.5382282520492,335.433074,2020-12-22 21:00:00
16.325,270.1051542520492,605.5382282520492,335.433074,2020-12-22 22:00:00
17.25,270.1051542520492,605.5382282520492,335.433074,2020-12-22 23:00:00
17.2,270.1051542520492,598.3244752520492,328.219321,2020-12-23 00:00:00
17.566667,270.1051542520492,605.5382282520492,335.433074,2020-12-23 01:00:00
15.866667,270.1051542520492,605.5382282520492,335.433074,2020-12-23 02:00:00
16.291667,270.1051542520492,605.5382282520492,335.433074,2020-12-23 03:00:00
16.808333,270.1051542520492,605.5382282520492,335.433074,2020-12-23 04:00:00
19.975,270.1051542520492,605.5382282520492,335.433074,2020-12-23 05:00:00
17.033333,270.1051542520492,605.5382282520492,335.433074,2020-12-23 06:00:00
16.433333,270.1051542520492,605.5382282520492,335.433074,2020-12-23 07:00:00
16.45,270.1051542520492,600.9099812520492,330.804827,2020-12-23 08:00:00
16.733333,270.1051542520492,600.9099812520492,330.804827,2020-12-23 09:00:00
16.208333,270.1051542520492,605.5382282520492,335.433074,2020-12-23 10:00:00
16.383333,270.1051542520492,605.5382282520492,335.433074,2020-12-23 11:00:00
18.958333,270.1051542520492,605.5382282520492,335.433074,2020-12-23 12:00:00
18.375,270.1051542520492,605.5382282520492,335.433074,2020-12-23 13:00:00
17.375,270.1051542520492,605.5382282520492,335.433074,2020-12-23 14:00:00
16.733333,270.1051542520492,605.5382282520492,335.433074,2020-12-23 15:00:00
16.625,270.1051542520492,600.9099812520492,330.804827,2020-12-23 16:00:00
25.533333,270.1051542520492,600.9099812520492,330.804827,2020-12-23 17:00:00
55.416667,270.1051542520492,602.2563892520492,332.151235,2020-12-23 18:00:00
133.658333,270.1051542520492,605.5382282520492,335.433074,2020-12-23 19:00:00
226.95,270.1051542520492,605.5382282520492,335.433074,2020-12-23 20:00:00
448.816667,270.1051542520492,605.5382282520492,335.433074,2020-12-23 21:00:00
801.125,270.1051542520492,605.5382282520492,335.433074,2020-12-23 22:00:00
1067.458333,270.1051542520492,600.9099812520492,330.804827,2020-12-23 23:00:00
1195.3,270.1051542520492,597.6281422520492,327.522988,2020-12-24 00:00:00
1176.15,270.1051542520492,606.4798042520492,336.37465,2020-12-24 01:00:00
1140.291667,270.1051542520492,611.1080512520492,341.002897,2020-12-24 02:00:00
1109.7,270.1051542520492,705.4714462520492,435.366292,2020-12-24 03:00:00
990.325,270.1051542520492,610.1263112520492,340.021157,2020-12-24 04:00:00
1138.966667,270.1051542520492,600.9099812520492,330.804827,2020-12-24 05:00:00
1716.833333,270.1051542520492,713.8448332520493,443.739679,2020-12-24 06:00:00
2128.808333,270.1051542520492,705.4714462520492,435.366292,2020-12-24 07:00:00
2123.1,270.1051542520492,705.4714462520492,435.366292,2020-12-24 08:00:00
1962.516667,270.1051542520492,600.9099812520492,330.804827,2020-12-24 09:00:00
2067.1,270.1051542520492,600.9099812520492,330.804827,2020-12-24 10:00:00
2115.875,270.1051542520492,606.4798042520492,336.37465,2020-12-24 11:00:00
2143.158333,270.1051542520492,600.9099812520492,330.804827,2020-12-24 12:00:00
2236.058333,270.1051542520492,605.5382282520492,335.433074,2020-12-24 13:00:00
2201.533333,270.1051542520492,713.8448332520493,443.739679,2020-12-24 14:00:00
2155.491667,270.1051542520492,704.8631902520492,434.758036,2020-12-24 15:00:00
2107.175,270.1051542520492,705.4714462520492,435.366292,2020-12-24 16:00:00
2054.466667,270.1051542520492,600.9099812520492,330.804827,2020-12-24 17:00:00
2003.591667,270.1051542520492,605.5382282520492,335.433074,2020-12-24 18:00:00
1944.675,270.1051542520492,611.4145572520492,341.309403,2020-12-24 19:00:00
1884.558333,270.1051542520492,714.5106822520493,444.405528,2020-12-24 20:00:00
1608.708333,270.1051542520492,1026.0859042520492,755.98075,2020-12-24 21:00:00
1732.8,270.1051542520492,1025.1923032520492,755.087149,2020-12-24 22:00:00
2042.958333,270.1051542520492,943.2860292520493,673.180875,2020-12-24 23:00:00
2365.325,270.1051542520492,896.9415382520492,626.836384,2020-12-25 00:00:00
2378.65,270.1051542520492,957.9009842520493,687.79583,2020-12-25 01:00:00
2380.083333,270.1051542520492,931.7046302520491,661.599476,2020-12-25 02:00:00
2386.475,270.1051542520492,1579.4920942520494,1309.38694,2020-12-25 03:00:00
2231.583333,270.1051542520492,1314.7715822520493,1044.666428,2020-12-25 04:00:00
1823.033333,270.1051542520492,967.8646852520492,697.759531,2020-12-25 05:00:00
1309.566667,270.1051542520492,995.1450932520493,725.039939,2020-12-25 06:00:00
630.675,270.1051542520492,895.7910552520491,625.685901,2020-12-25 07:00:00
359.325,270.1051542520492,853.6044102520491,583.499256,2020-12-25 08:00:00
156.216667,270.1051542520492,928.2530702520492,658.147916,2020-12-25 09:00:00
94.166667,270.1051542520492,965.6677232520492,695.562569,2020-12-25 10:00:00
99.65,270.1051542520492,959.3107972520493,689.205643,2020-12-25 11:00:00
98.425,270.1051542520492,919.8715442520493,649.76639,2020-12-25 12:00:00
50.025,270.1051542520492,942.2366912520492,672.131537,2020-12-25 13:00:00
20.341667,270.1051542520492,1368.0597402520493,1097.954586,2020-12-25 14:00:00
18.625,270.1051542520492,1512.2194162520493,1242.114262,2020-12-25 15:00:00
26.608333,270.1051542520492,1490.2038992520493,1220.098745,2020-12-25 16:00:00
53.141667,270.1051542520492,1615.5423082520492,1345.437154,2020-12-25 17:00:00
119.383333,270.1051542520492,1462.1226692520493,1192.017515,2020-12-25 18:00:00
153.916667,270.1051542520492,1081.0617292520492,810.956575,2020-12-25 19:00:00
158.016667,270.1051542520492,1177.6349512520492,907.529797,2020-12-25 20:00:00
147.875,270.1051542520492,1166.3383252520491,896.233171,2020-12-25 21:00:00
152.808333,270.1051542520492,1450.4243502520492,1180.319196,2020-12-25 22:00:00
222.375,270.1051542520492,1424.5072592520492,1154.402105,2020-12-25 23:00:00
290.1,270.1051542520492,1364.4717642520493,1094.36661,2020-12-26 00:00:00
376.508333,270.1051542520492,1623.3607412520494,1353.255587,2020-12-26 01:00:00
421.508333,270.1051542520492,1552.9919722520492,1282.886818,2020-12-26 02:00:00
545.525,270.1051542520492,1544.2119882520492,1274.106834,2020-12-26 03:00:00
626.591667,270.1051542520492,1914.5353882520492,1644.430234,2020-12-26 04:00:00
986.858333,270.1051542520492,1486.6693822520492,1216.564228,2020-12-26 05:00:00
1670.491667,270.1051542520492,1467.3006282520494,1197.195474,2020-12-26 06:00:00
1621.95,270.1051542520492,1581.9394822520492,1311.834328,2020-12-26 07:00:00
1595.466667,270.1051542520492,917.6034912520493,647.498337,2020-12-26 08:00:00
1675.15,270.1051542520492,923.8748232520493,653.769669,2020-12-26 09:00:00
1548.008333,270.1051542520492,875.8501962520493,605.745042,2020-12-26 10:00:00
1457.55,270.1051542520492,879.6139682520493,609.508814,2020-12-26 11:00:00
1657.666667,270.1051542520492,910.1877542520492,640.0826,2020-12-26 12:00:00
1992.283333,270.1051542520492,910.1877542520492,640.0826,2020-12-26 13:00:00
2066.683333,270.1051542520492,1082.5766282520492,812.471474,2020-12-26 14:00:00
1885.275,270.1051542520492,871.1206482520493,601.015494,2020-12-26 15:00:00
1731.733333,270.1051542520492,782.5597592520492,512.454605,2020-12-26 16:00:00
1733.675,270.1051542520492,782.5597592520492,512.454605,2020-12-26 17:00:00
1606.091667,270.1051542520492,809.9698502520491,539.864696,2020-12-26 18:00:00
1447.958333,270.1051542520492,766.8477112520492,496.742557,2020-12-26 19:00:00
1449.966667,270.1051542520492,774.4445962520492,504.339442,2020-12-26 20:00:00
1372.641667,270.1051542520492,799.7491552520491,529.644001,2020-12-26 21:00:00
1175.133333,270.1051542520492,904.9030352520492,634.797881,2020-12-26 22:00:00
1053.383333,270.1051542520492,877.0004292520491,606.895275,2020-12-26 23:00:00
901.533333,270.1051542520492,958.7567012520492,688.651547,2020-12-27 00:00:00
731.35,270.1051542520492,832.7163162520492,562.611162,2020-12-27 01:00:00
476.425,270.1051542520492,882.6690052520491,612.563851,2020-12-27 02:00:00
344.358333,270.1051542520492,868.9144242520492,598.80927,2020-12-27 03:00:00
228.233333,270.1051542520492,842.5326912520493,572.427537,2020-12-27 04:00:00
116.666667,270.1051542520492,940.1277232520492,670.022569,2020-12-27 05:00:00
48.691667,270.1051542520492,1246.4831332520491,976.377979,2020-12-27 06:00:00
25.333333,270.1051542520492,1162.9961352520493,892.890981,2020-12-27 07:00:00
30.65,270.1051542520492,1072.0841192520493,801.978965,2020-12-27 08:00:00
42.216667,270.1051542520492,899.6686722520492,629.563518,2020-12-27 09:00:00
82.158333,270.1051542520492,1338.3697332520492,1068.264579,2020-12-27 10:00:00
122.883333,270.1051542520492,1313.7217692520492,1043.616615,2020-12-27 11:00:00
141.891667,270.1051542520492,1190.7953092520493,920.690155,2020-12-27 12:00:00
286.416667,270.1051542520492,1248.0493592520493,977.944205,2020-12-27 13:00:00
550.066667,270.1051542520492,1100.6662632520492,830.561109,2020-12-27 14:00:00
842.025,270.1051542520492,1228.3380152520492,958.232861,2020-12-27 15:00:00
1199.583333,270.1051542520492,944.9840822520491,674.878928,2020-12-27 16:00:00
1414.183333,270.1051542520492,939.2395402520492,669.134386,2020-12-27 17:00:00
1601.875,270.1051542520492,947.6395002520492,677.534346,2020-12-27 18:00:00
2033.55,270.1051542520492,952.6931392520491,682.587985,2020-12-27 19:00:00
2320.833333,270.1051542520492,933.0833232520492,662.978169,2020-12-27 20:00:00
2291.483333,270.1051542520492,944.4084412520492,674.303287,2020-12-27 21:00:00
2051.583333,270.1051542520492,1036.7027332520493,766.597579,2020-12-27 22:00:00
1682.316667,270.1051542520492,1012.7205172520491,742.615363,2020-12-27 23:00:00
1820.3,270.1051542520492,1016.5427872520493,746.437633,2020-12-28 00:00:00
2194.358333,270.1051542520492,965.2521992520492,695.147045,2020-12-28 01:00:00
2351.516667,270.1051542520492,917.7603442520492,647.65519,2020-12-28 02:00:00
2324.058333,270.1051542520492,921.4021632520491,651.297009,2020-12-28 03:00:00
2390.641667,270.1051542520492,937.1549162520491,667.049762,2020-12-28 04:00:00
2405.2,270.1051542520492,934.6155982520493,664.510444,2020-12-28 05:00:00
2417.75,270.1051542520492,779.6434512520492,509.538297,2020-12-28 06:00:00
2318.25,270.1051542520492,737.4010612520492,467.295907,2020-12-28 07:00:00
2080.833333,270.1051542520492,700.8574752520492,430.752321,2020-12-28 08:00:00
1738.108333,270.1051542520492,700.8574752520492,430.752321,2020-12-28 09:00:00
1312.083333,270.1051542520492,693.6953862520493,423.590232,2020-12-28 10:00:00
1084.041667,270.1051542520492,755.1779662520491,485.072812,2020-12-28 11:00:00
903.225,270.1051542520492,745.8667902520492,475.761636,2020-12-28 12:00:00
918.791667,270.1051542520492,748.7897292520493,478.684575,2020-12-28 13:00:00
890.316667,270.1051542520492,894.2927712520493,624.187617,2020-12-28 14:00:00
722.683333,270.1051542520492,931.0209462520493,660.915792,2020-12-28 15:00:00
521.108333,270.1051542520492,1012.0520042520493,741.94685,2020-12-28 16:00:00
385.541667,270.1051542520492,1368.9607592520492,1098.855605,2020-12-28 17:00:00
219.941667,270.1051542520492,1115.5357522520492,845.430598,2020-12-28 18:00:00
62.341667,270.1051542520492,1152.1829872520493,882.077833,2020-12-28 19:00:00
19.341667,270.1051542520492,1158.0185712520492,887.913417,2020-12-28 20:00:00
15.866667,270.1051542520492,1479.1369282520493,1209.031774,2020-12-28 21:00:00
15.683333,270.1051542520492,1301.2989122520491,1031.193758,2020-12-28 22:00:00
17.833333,270.1051542520492,1090.6950562520492,820.589902,2020-12-28 23:00:00
20.433333,270.1051542520492,1128.1477472520492,858.042593,2020-12-29 00:00:00
25.55,270.1051542520492,1129.5006312520493,859.395477,2020-12-29 01:00:00
31.75,270.1051542520492,1200.7255442520493,930.62039,2020-12-29 02:00:00
35.558333,270.1051542520492,941.7643362520491,671.659182,2020-12-29 03:00:00
45.366667,270.1051542520492,928.7023482520492,658.597194,2020-12-29 04:00:00
76.616667,270.1051542520492,980.3746982520493,710.269544,2020-12-29 05:00:00
85.958333,270.1051542520492,1006.6726562520491,736.567502,2020-12-29 06:00:00
62.966667,270.1051542520492,1001.4063482520492,731.301194,2020-12-29 07:00:00
48.675,270.1051542520492,958.6312582520493,688.526104,2020-12-29 08:00:00
35.758333,270.1051542520492,875.9448252520492,605.839671,2020-12-29 09:00:00
50.383333,270.1051542520492,864.6085822520492,594.503428,2020-12-29 10:00:00
81.625,270.1051542520492,996.2891162520491,726.183962,2020-12-29 11:00:00
64.083333,270.1051542520492,964.1820852520491,694.076931,2020-12-29 12:00:00
70.675,270.1051542520492,974.1428802520493,704.037726,2020-12-29 13:00:00
263.8,270.1051542520492,950.5455112520492,680.440357,2020-12-29 14:00:00
147.325,270.1051542520492,951.2236612520492,681.118507,2020-12-29 15:00:00
180.658333,270.1051542520492,872.6551532520491,602.549999,2020-12-29 16:00:00
209.116667,270.1051542520492,851.3848192520493,581.279665,2020-12-29 17:00:00
325.916667,270.1051542520492,837.4650422520492,567.359888,2020-12-29 18:00:00
488.758333,270.1051542520492,803.5704572520492,533.465303,2020-12-29 19:00:00
523.783333,270.1051542520492,1001.2706812520491,731.165527,2020-12-29 20:00:00
681.108333,270.1051542520492,871.5640862520493,601.458932,2020-12-29 21:00:00
717.158333,270.1051542520492,788.5026812520491,518.397527,2020-12-29 22:00:00
687.166667,270.1051542520492,700.8574752520492,430.752321,2020-12-29 23:00:00
817.866667,270.1051542520492,700.8574752520492,430.752321,2020-12-30 00:00:00
623.8,270.1051542520492,871.5640862520493,601.458932,2020-12-30 01:00:00
571.725,270.1051542520492,871.5640862520493,601.458932,2020-12-30 02:00:00
639.358333,270.1051542520492,871.5640862520493,601.458932,2020-12-30 03:00:00
956.083333,270.1051542520492,871.5640862520493,601.458932,2020-12-30 04:00:00
1193.891667,270.1051542520492,864.4019972520491,594.296843,2020-12-30 05:00:00
1220.958333,270.1051542520492,744.5307942520492,474.42564,2020-12-30 06:00:00
1354.283333,270.1051542520492,800.5154092520493,530.410255,2020-12-30 07:00:00
1441.05,270.1051542520492,888.5367542520491,618.4316,2020-12-30 08:00:00
1884.575,270.1051542520492,742.6331132520493,472.527959,2020-12-30 09:00:00
1810.408333,270.1051542520492,700.8574752520492,430.752321,2020-12-30 10:00:00
1720.3,270.1051542520492,742.6331132520493,472.527959,2020-12-30 11:00:00
1570.825,270.1051542520492,805.0045972520493,534.899443,2020-12-30 12:00:00
1506.566667,270.1051542520492,804.2859032520491,534.180749,2020-12-30 13:00:00
1669.05,270.1051542520492,727.4016462520492,457.296492,2020-12-30 14:00:00
1645.625,270.1051542520492,920.6350172520492,650.529863,2020-12-30 15:00:00
1648.808333,270.1051542520492,842.5330392520491,572.427885,2020-12-30 16:00:00
1692.558333,270.1051542520492,800.4274272520493,530.322273,2020-12-30 17:00:00
1672.033333,270.1051542520492,856.1399242520492,586.03477,2020-12-30 18:00:00
1764.775,270.1051542520492,890.0732412520492,619.968087,2020-12-30 19:00:00
1863.208333,270.1051542520492,847.0868532520492,576.981699,2020-12-30 20:00:00
1981.191667,270.1051542520492,973.2734672520492,703.168313,2020-12-30 21:00:00
1938.675,270.1051542520492,969.3704022520492,699.265248,2020-12-30 22:00:00
2013.975,270.1051542520492,975.5652012520493,705.460047,2020-12-30 23:00:00
2181.358333,270.1051542520492,881.8305932520493,611.725439,2020-12-31 00:00:00
2030.391667,270.1051542520492,906.9462622520491,636.841108,2020-12-31 01:00:00
1671.125,270.1051542520492,891.8293972520491,621.724243,2020-12-31 02:00:00
1368.35,270.1051542520492,879.4975192520492,609.392365,2020-12-31 03:00:00
1155.941667,270.1051542520492,886.4861822520493,616.381028,2020-12-31 04:00:00
872.541667,270.1051542520492,892.3147372520491,622.209583,2020-12-31 05:00:00
689.958333,270.1051542520492,849.4852182520492,579.380064,2020-12-31 06:00:00
668.65,270.1051542520492,866.8373592520493,596.732205,2020-12-31 07:00:00
677.641667,270.1051542520492,813.8075152520491,543.702361,2020-12-31 08:00:00
666.3,270.1051542520492,778.9712702520492,508.866116,2020-12-31 09:00:00
730.35,270.1051542520492,775.4603672520492,505.355213,2020-12-31 10:00:00
472.725,270.1051542520492,732.6727852520492,462.567631,2020-12-31 11:00:00
239.641667,270.1051542520492,764.4495162520492,494.344362,2020-12-31 12:00:00
182.05,270.1051542520492,783.5265872520492,513.421433,2020-12-31 13:00:00
233.166667,270.1051542520492,762.0947022520493,491.989548,2020-12-31 14:00:00
253.808333,270.1051542520492,727.0714232520493,456.966269,2020-12-31 15:00:00
294.483333,270.1051542520492,729.4421842520492,459.33703,2020-12-31 16:00:00
277.533333,270.1051542520492,774.9263182520492,504.821164,2020-12-31 17:00:00
190.891667,270.1051542520492,1081.364719252049,811.259565,2020-12-31 18:00:00
149.875,270.1051542520492,1089.3333082520492,819.228154,2020-12-31 19:00:00
218.691667,270.1051542520492,1094.5604252520493,824.455271,2020-12-31 20:00:00
182.266667,270.1051542520492,1147.1818832520491,877.076729,2020-12-31 21:00:00
204.416667,270.1051542520492,1406.3457392520493,1136.240585,2020-12-31 22:00:00
257.716667,270.1051542520492,1393.5836932520492,1123.478539,2020-12-31 23:00:00
