experiment_id,target,horizon,model,fold,seed,train_samples,validation_samples,training_seconds,prediction_seconds,negative_prediction_count,negative_prediction_percentage,complexity,hyperparameters
LOAD-H1-LINEAR_REGRESSION-FULLV1-DET-F01,load,1,linear_regression,F01,DET,2735,744,0.03759239998180419,0.0015653999871574342,0,0.0,"{""coefficient_count"": 12}","{""fit_intercept"": true}"
LOAD-H1-RIDGE-FULLV1-DET-F01,load,1,ridge,F01,DET,2735,744,0.022821599966846406,0.002911199990194291,0,0.0,"{""coefficient_count"": 12}","{""alpha"": 1.0, ""fit_intercept"": true, ""scaling"": ""StandardScaler inside training-fold pipeline"", ""solver"": ""auto""}"
LOAD-H1-RANDOM_FOREST-FULLV1-S42-F01,load,1,random_forest,F01,42,2735,744,0.23501020000549033,0.041750999982468784,0,0.0,"{""estimator_count"": 50, ""max_tree_depth"": 12, ""mean_tree_depth"": 12.0}","{""max_depth"": 12, ""max_features"": 1.0, ""min_samples_leaf"": 2, ""min_samples_split"": 5, ""n_estimators"": 50, ""n_jobs"": -1}"
LOAD-H1-RANDOM_FOREST-FULLV1-S123-F01,load,1,random_forest,F01,123,2735,744,0.21959529997548088,0.04324050003197044,0,0.0,"{""estimator_count"": 50, ""max_tree_depth"": 12, ""mean_tree_depth"": 12.0}","{""max_depth"": 12, ""max_features"": 1.0, ""min_samples_leaf"": 2, ""min_samples_split"": 5, ""n_estimators"": 50, ""n_jobs"": -1}"
LOAD-H1-RANDOM_FOREST-FULLV1-S2020-F01,load,1,random_forest,F01,2020,2735,744,0.18287329998565838,0.040938899968750775,0,0.0,"{""estimator_count"": 50, ""max_tree_depth"": 12, ""mean_tree_depth"": 12.0}","{""max_depth"": 12, ""max_features"": 1.0, ""min_samples_leaf"": 2, ""min_samples_split"": 5, ""n_estimators"": 50, ""n_jobs"": -1}"
LOAD-H1-RANDOM_FOREST-FULLV1-S2025-F01,load,1,random_forest,F01,2025,2735,744,0.2070718999602832,0.041212900017853826,0,0.0,"{""estimator_count"": 50, ""max_tree_depth"": 12, ""mean_tree_depth"": 12.0}","{""max_depth"": 12, ""max_features"": 1.0, ""min_samples_leaf"": 2, ""min_samples_split"": 5, ""n_estimators"": 50, ""n_jobs"": -1}"
LOAD-H1-RANDOM_FOREST-FULLV1-S31415-F01,load,1,random_forest,F01,31415,2735,744,0.1795616999734193,0.03809200000250712,0,0.0,"{""estimator_count"": 50, ""max_tree_depth"": 12, ""mean_tree_depth"": 12.0}","{""max_depth"": 12, ""max_features"": 1.0, ""min_samples_leaf"": 2, ""min_samples_split"": 5, ""n_estimators"": 50, ""n_jobs"": -1}"
LOAD-H1-EXTRA_TREES-FULLV1-S42-F01,load,1,extra_trees,F01,42,2735,744,0.1175171000068076,0.037842499965336174,0,0.0,"{""estimator_count"": 50, ""max_tree_depth"": 12, ""mean_tree_depth"": 12.0}","{""max_depth"": 12, ""max_features"": 1.0, ""min_samples_leaf"": 2, ""min_samples_split"": 5, ""n_estimators"": 50, ""n_jobs"": -1}"
LOAD-H1-EXTRA_TREES-FULLV1-S123-F01,load,1,extra_trees,F01,123,2735,744,0.10497949999989942,0.03837510000448674,0,0.0,"{""estimator_count"": 50, ""max_tree_depth"": 12, ""mean_tree_depth"": 12.0}","{""max_depth"": 12, ""max_features"": 1.0, ""min_samples_leaf"": 2, ""min_samples_split"": 5, ""n_estimators"": 50, ""n_jobs"": -1}"
LOAD-H1-EXTRA_TREES-FULLV1-S2020-F01,load,1,extra_trees,F01,2020,2735,744,0.10309250000864267,0.03779560001567006,0,0.0,"{""estimator_count"": 50, ""max_tree_depth"": 12, ""mean_tree_depth"": 12.0}","{""max_depth"": 12, ""max_features"": 1.0, ""min_samples_leaf"": 2, ""min_samples_split"": 5, ""n_estimators"": 50, ""n_jobs"": -1}"
LOAD-H1-EXTRA_TREES-FULLV1-S2025-F01,load,1,extra_trees,F01,2025,2735,744,0.10147250001318753,0.04256779997376725,0,0.0,"{""estimator_count"": 50, ""max_tree_depth"": 12, ""mean_tree_depth"": 12.0}","{""max_depth"": 12, ""max_features"": 1.0, ""min_samples_leaf"": 2, ""min_samples_split"": 5, ""n_estimators"": 50, ""n_jobs"": -1}"
LOAD-H1-EXTRA_TREES-FULLV1-S31415-F01,load,1,extra_trees,F01,31415,2735,744,0.10917690000496805,0.04192330001387745,0,0.0,"{""estimator_count"": 50, ""max_tree_depth"": 12, ""mean_tree_depth"": 12.0}","{""max_depth"": 12, ""max_features"": 1.0, ""min_samples_leaf"": 2, ""min_samples_split"": 5, ""n_estimators"": 50, ""n_jobs"": -1}"
LOAD-H1-HIST_GRADIENT_BOOSTING-FULLV1-DET-F01,load,1,hist_gradient_boosting,F01,DET,2735,744,3.0981679999968037,0.011763199989218265,0,0.0,"{""iterations"": 200}","{""l2_regularization"": 0.1, ""learning_rate"": 0.08, ""max_depth"": null, ""max_iter"": 200, ""max_leaf_nodes"": 31}"
LOAD-H1-LINEAR_REGRESSION-FULLV1-DET-F02,load,1,linear_regression,F02,DET,3479,720,0.011024300009012222,0.0012864999589510262,0,0.0,"{""coefficient_count"": 12}","{""fit_intercept"": true}"
LOAD-H1-RIDGE-FULLV1-DET-F02,load,1,ridge,F02,DET,3479,720,0.021116500021889806,0.0021222999785095453,0,0.0,"{""coefficient_count"": 12}","{""alpha"": 1.0, ""fit_intercept"": true, ""scaling"": ""StandardScaler inside training-fold pipeline"", ""solver"": ""auto""}"
LOAD-H1-RANDOM_FOREST-FULLV1-S42-F02,load,1,random_forest,F02,42,3479,720,0.20969879999756813,0.039118300017435104,0,0.0,"{""estimator_count"": 50, ""max_tree_depth"": 12, ""mean_tree_depth"": 12.0}","{""max_depth"": 12, ""max_features"": 1.0, ""min_samples_leaf"": 2, ""min_samples_split"": 5, ""n_estimators"": 50, ""n_jobs"": -1}"
LOAD-H1-RANDOM_FOREST-FULLV1-S123-F02,load,1,random_forest,F02,123,3479,720,0.2622037000255659,0.041173099947627634,0,0.0,"{""estimator_count"": 50, ""max_tree_depth"": 12, ""mean_tree_depth"": 12.0}","{""max_depth"": 12, ""max_features"": 1.0, ""min_samples_leaf"": 2, ""min_samples_split"": 5, ""n_estimators"": 50, ""n_jobs"": -1}"
LOAD-H1-RANDOM_FOREST-FULLV1-S2020-F02,load,1,random_forest,F02,2020,3479,720,0.2265469000558369,0.04600850003771484,0,0.0,"{""estimator_count"": 50, ""max_tree_depth"": 12, ""mean_tree_depth"": 12.0}","{""max_depth"": 12, ""max_features"": 1.0, ""min_samples_leaf"": 2, ""min_samples_split"": 5, ""n_estimators"": 50, ""n_jobs"": -1}"
LOAD-H1-RANDOM_FOREST-FULLV1-S2025-F02,load,1,random_forest,F02,2025,3479,720,0.2338262999546714,0.04010690003633499,0,0.0,"{""estimator_count"": 50, ""max_tree_depth"": 12, ""mean_tree_depth"": 12.0}","{""max_depth"": 12, ""max_features"": 1.0, ""min_samples_leaf"": 2, ""min_samples_split"": 5, ""n_estimators"": 50, ""n_jobs"": -1}"
LOAD-H1-RANDOM_FOREST-FULLV1-S31415-F02,load,1,random_forest,F02,31415,3479,720,0.19072850001975894,0.0395213000010699,0,0.0,"{""estimator_count"": 50, ""max_tree_depth"": 12, ""mean_tree_depth"": 12.0}","{""max_depth"": 12, ""max_features"": 1.0, ""min_samples_leaf"": 2, ""min_samples_split"": 5, ""n_estimators"": 50, ""n_jobs"": -1}"
LOAD-H1-EXTRA_TREES-FULLV1-S42-F02,load,1,extra_trees,F02,42,3479,720,0.12282530002994463,0.03936609998345375,0,0.0,"{""estimator_count"": 50, ""max_tree_depth"": 12, ""mean_tree_depth"": 12.0}","{""max_depth"": 12, ""max_features"": 1.0, ""min_samples_leaf"": 2, ""min_samples_split"": 5, ""n_estimators"": 50, ""n_jobs"": -1}"
LOAD-H1-EXTRA_TREES-FULLV1-S123-F02,load,1,extra_trees,F02,123,3479,720,0.10145190003095195,0.04063760000281036,0,0.0,"{""estimator_count"": 50, ""max_tree_depth"": 12, ""mean_tree_depth"": 12.0}","{""max_depth"": 12, ""max_features"": 1.0, ""min_samples_leaf"": 2, ""min_samples_split"": 5, ""n_estimators"": 50, ""n_jobs"": -1}"
LOAD-H1-EXTRA_TREES-FULLV1-S2020-F02,load,1,extra_trees,F02,2020,3479,720,0.11995050002587959,0.04156199999852106,0,0.0,"{""estimator_count"": 50, ""max_tree_depth"": 12, ""mean_tree_depth"": 12.0}","{""max_depth"": 12, ""max_features"": 1.0, ""min_samples_leaf"": 2, ""min_samples_split"": 5, ""n_estimators"": 50, ""n_jobs"": -1}"
LOAD-H1-EXTRA_TREES-FULLV1-S2025-F02,load,1,extra_trees,F02,2025,3479,720,0.14379960001679137,0.04206999996677041,0,0.0,"{""estimator_count"": 50, ""max_tree_depth"": 12, ""mean_tree_depth"": 12.0}","{""max_depth"": 12, ""max_features"": 1.0, ""min_samples_leaf"": 2, ""min_samples_split"": 5, ""n_estimators"": 50, ""n_jobs"": -1}"
LOAD-H1-EXTRA_TREES-FULLV1-S31415-F02,load,1,extra_trees,F02,31415,3479,720,0.1050993999815546,0.03918289998546243,0,0.0,"{""estimator_count"": 50, ""max_tree_depth"": 12, ""mean_tree_depth"": 12.0}","{""max_depth"": 12, ""max_features"": 1.0, ""min_samples_leaf"": 2, ""min_samples_split"": 5, ""n_estimators"": 50, ""n_jobs"": -1}"
LOAD-H1-HIST_GRADIENT_BOOSTING-FULLV1-DET-F02,load,1,hist_gradient_boosting,F02,DET,3479,720,0.8166165999718942,0.01084539998555556,0,0.0,"{""iterations"": 200}","{""l2_regularization"": 0.1, ""learning_rate"": 0.08, ""max_depth"": null, ""max_iter"": 200, ""max_leaf_nodes"": 31}"
LOAD-H1-LINEAR_REGRESSION-FULLV1-DET-F03,load,1,linear_regression,F03,DET,4199,744,0.012480099976528436,0.0011314000003039837,0,0.0,"{""coefficient_count"": 12}","{""fit_intercept"": true}"
LOAD-H1-RIDGE-FULLV1-DET-F03,load,1,ridge,F03,DET,4199,744,0.022581600002013147,0.002594500023405999,0,0.0,"{""coefficient_count"": 12}","{""alpha"": 1.0, ""fit_intercept"": true, ""scaling"": ""StandardScaler inside training-fold pipeline"", ""solver"": ""auto""}"
LOAD-H1-RANDOM_FOREST-FULLV1-S42-F03,load,1,random_forest,F03,42,4199,744,0.25380279996898025,0.03901910001877695,0,0.0,"{""estimator_count"": 50, ""max_tree_depth"": 12, ""mean_tree_depth"": 12.0}","{""max_depth"": 12, ""max_features"": 1.0, ""min_samples_leaf"": 2, ""min_samples_split"": 5, ""n_estimators"": 50, ""n_jobs"": -1}"
LOAD-H1-RANDOM_FOREST-FULLV1-S123-F03,load,1,random_forest,F03,123,4199,744,0.2923859999864362,0.041497599973808974,0,0.0,"{""estimator_count"": 50, ""max_tree_depth"": 12, ""mean_tree_depth"": 12.0}","{""max_depth"": 12, ""max_features"": 1.0, ""min_samples_leaf"": 2, ""min_samples_split"": 5, ""n_estimators"": 50, ""n_jobs"": -1}"
LOAD-H1-RANDOM_FOREST-FULLV1-S2020-F03,load,1,random_forest,F03,2020,4199,744,0.2697895999881439,0.04112890001852065,0,0.0,"{""estimator_count"": 50, ""max_tree_depth"": 12, ""mean_tree_depth"": 12.0}","{""max_depth"": 12, ""max_features"": 1.0, ""min_samples_leaf"": 2, ""min_samples_split"": 5, ""n_estimators"": 50, ""n_jobs"": -1}"
LOAD-H1-RANDOM_FOREST-FULLV1-S2025-F03,load,1,random_forest,F03,2025,4199,744,0.3012130999704823,0.039744900015648454,0,0.0,"{""estimator_count"": 50, ""max_tree_depth"": 12, ""mean_tree_depth"": 12.0}","{""max_depth"": 12, ""max_features"": 1.0, ""min_samples_leaf"": 2, ""min_samples_split"": 5, ""n_estimators"": 50, ""n_jobs"": -1}"
LOAD-H1-RANDOM_FOREST-FULLV1-S31415-F03,load,1,random_forest,F03,31415,4199,744,0.2625363999977708,0.039750600000843406,0,0.0,"{""estimator_count"": 50, ""max_tree_depth"": 12, ""mean_tree_depth"": 12.0}","{""max_depth"": 12, ""max_features"": 1.0, ""min_samples_leaf"": 2, ""min_samples_split"": 5, ""n_estimators"": 50, ""n_jobs"": -1}"
LOAD-H1-EXTRA_TREES-FULLV1-S42-F03,load,1,extra_trees,F03,42,4199,744,0.12285109999356791,0.042018799984361976,0,0.0,"{""estimator_count"": 50, ""max_tree_depth"": 12, ""mean_tree_depth"": 12.0}","{""max_depth"": 12, ""max_features"": 1.0, ""min_samples_leaf"": 2, ""min_samples_split"": 5, ""n_estimators"": 50, ""n_jobs"": -1}"
LOAD-H1-EXTRA_TREES-FULLV1-S123-F03,load,1,extra_trees,F03,123,4199,744,0.11774740001419559,0.042571900004986674,0,0.0,"{""estimator_count"": 50, ""max_tree_depth"": 12, ""mean_tree_depth"": 12.0}","{""max_depth"": 12, ""max_features"": 1.0, ""min_samples_leaf"": 2, ""min_samples_split"": 5, ""n_estimators"": 50, ""n_jobs"": -1}"
LOAD-H1-EXTRA_TREES-FULLV1-S2020-F03,load,1,extra_trees,F03,2020,4199,744,0.10899430001154542,0.03883989999303594,0,0.0,"{""estimator_count"": 50, ""max_tree_depth"": 12, ""mean_tree_depth"": 12.0}","{""max_depth"": 12, ""max_features"": 1.0, ""min_samples_leaf"": 2, ""min_samples_split"": 5, ""n_estimators"": 50, ""n_jobs"": -1}"
LOAD-H1-EXTRA_TREES-FULLV1-S2025-F03,load,1,extra_trees,F03,2025,4199,744,0.12495239998679608,0.04040009999880567,0,0.0,"{""estimator_count"": 50, ""max_tree_depth"": 12, ""mean_tree_depth"": 12.0}","{""max_depth"": 12, ""max_features"": 1.0, ""min_samples_leaf"": 2, ""min_samples_split"": 5, ""n_estimators"": 50, ""n_jobs"": -1}"
LOAD-H1-EXTRA_TREES-FULLV1-S31415-F03,load,1,extra_trees,F03,31415,4199,744,0.1283801999525167,0.039796500001102686,0,0.0,"{""estimator_count"": 50, ""max_tree_depth"": 12, ""mean_tree_depth"": 12.0}","{""max_depth"": 12, ""max_features"": 1.0, ""min_samples_leaf"": 2, ""min_samples_split"": 5, ""n_estimators"": 50, ""n_jobs"": -1}"
LOAD-H1-HIST_GRADIENT_BOOSTING-FULLV1-DET-F03,load,1,hist_gradient_boosting,F03,DET,4199,744,0.9033215999952517,0.01188979996368289,0,0.0,"{""iterations"": 200}","{""l2_regularization"": 0.1, ""learning_rate"": 0.08, ""max_depth"": null, ""max_iter"": 200, ""max_leaf_nodes"": 31}"
LOAD-H1-LINEAR_REGRESSION-FULLV1-DET-F04,load,1,linear_regression,F04,DET,4943,744,0.01613050000742078,0.0011606999905779958,0,0.0,"{""coefficient_count"": 12}","{""fit_intercept"": true}"
LOAD-H1-RIDGE-FULLV1-DET-F04,load,1,ridge,F04,DET,4943,744,0.029951300006359816,0.002792100014630705,0,0.0,"{""coefficient_count"": 12}","{""alpha"": 1.0, ""fit_intercept"": true, ""scaling"": ""StandardScaler inside training-fold pipeline"", ""solver"": ""auto""}"
LOAD-H1-RANDOM_FOREST-FULLV1-S42-F04,load,1,random_forest,F04,42,4943,744,0.25909310003044084,0.040795299981255084,0,0.0,"{""estimator_count"": 50, ""max_tree_depth"": 12, ""mean_tree_depth"": 12.0}","{""max_depth"": 12, ""max_features"": 1.0, ""min_samples_leaf"": 2, ""min_samples_split"": 5, ""n_estimators"": 50, ""n_jobs"": -1}"
LOAD-H1-RANDOM_FOREST-FULLV1-S123-F04,load,1,random_forest,F04,123,4943,744,0.2847907000104897,0.0386282000108622,0,0.0,"{""estimator_count"": 50, ""max_tree_depth"": 12, ""mean_tree_depth"": 12.0}","{""max_depth"": 12, ""max_features"": 1.0, ""min_samples_leaf"": 2, ""min_samples_split"": 5, ""n_estimators"": 50, ""n_jobs"": -1}"
LOAD-H1-RANDOM_FOREST-FULLV1-S2020-F04,load,1,random_forest,F04,2020,4943,744,0.30640610004775226,0.03871149994665757,0,0.0,"{""estimator_count"": 50, ""max_tree_depth"": 12, ""mean_tree_depth"": 12.0}","{""max_depth"": 12, ""max_features"": 1.0, ""min_samples_leaf"": 2, ""min_samples_split"": 5, ""n_estimators"": 50, ""n_jobs"": -1}"
LOAD-H1-RANDOM_FOREST-FULLV1-S2025-F04,load,1,random_forest,F04,2025,4943,744,0.35278480005217716,0.04186840000329539,0,0.0,"{""estimator_count"": 50, ""max_tree_depth"": 12, ""mean_tree_depth"": 12.0}","{""max_depth"": 12, ""max_features"": 1.0, ""min_samples_leaf"": 2, ""min_samples_split"": 5, ""n_estimators"": 50, ""n_jobs"": -1}"
LOAD-H1-RANDOM_FOREST-FULLV1-S31415-F04,load,1,random_forest,F04,31415,4943,744,0.30763150000711903,0.04190900002140552,0,0.0,"{""estimator_count"": 50, ""max_tree_depth"": 12, ""mean_tree_depth"": 12.0}","{""max_depth"": 12, ""max_features"": 1.0, ""min_samples_leaf"": 2, ""min_samples_split"": 5, ""n_estimators"": 50, ""n_jobs"": -1}"
LOAD-H1-EXTRA_TREES-FULLV1-S42-F04,load,1,extra_trees,F04,42,4943,744,0.12450879998505116,0.0383301000110805,0,0.0,"{""estimator_count"": 50, ""max_tree_depth"": 12, ""mean_tree_depth"": 12.0}","{""max_depth"": 12, ""max_features"": 1.0, ""min_samples_leaf"": 2, ""min_samples_split"": 5, ""n_estimators"": 50, ""n_jobs"": -1}"
LOAD-H1-EXTRA_TREES-FULLV1-S123-F04,load,1,extra_trees,F04,123,4943,744,0.11470630002440885,0.03920349996769801,0,0.0,"{""estimator_count"": 50, ""max_tree_depth"": 12, ""mean_tree_depth"": 12.0}","{""max_depth"": 12, ""max_features"": 1.0, ""min_samples_leaf"": 2, ""min_samples_split"": 5, ""n_estimators"": 50, ""n_jobs"": -1}"
LOAD-H1-EXTRA_TREES-FULLV1-S2020-F04,load,1,extra_trees,F04,2020,4943,744,0.15159740002127364,0.040968600020278245,0,0.0,"{""estimator_count"": 50, ""max_tree_depth"": 12, ""mean_tree_depth"": 12.0}","{""max_depth"": 12, ""max_features"": 1.0, ""min_samples_leaf"": 2, ""min_samples_split"": 5, ""n_estimators"": 50, ""n_jobs"": -1}"
LOAD-H1-EXTRA_TREES-FULLV1-S2025-F04,load,1,extra_trees,F04,2025,4943,744,0.14400700002443045,0.05147649999707937,0,0.0,"{""estimator_count"": 50, ""max_tree_depth"": 12, ""mean_tree_depth"": 12.0}","{""max_depth"": 12, ""max_features"": 1.0, ""min_samples_leaf"": 2, ""min_samples_split"": 5, ""n_estimators"": 50, ""n_jobs"": -1}"
LOAD-H1-EXTRA_TREES-FULLV1-S31415-F04,load,1,extra_trees,F04,31415,4943,744,0.12707549997139722,0.03943880001315847,0,0.0,"{""estimator_count"": 50, ""max_tree_depth"": 12, ""mean_tree_depth"": 12.0}","{""max_depth"": 12, ""max_features"": 1.0, ""min_samples_leaf"": 2, ""min_samples_split"": 5, ""n_estimators"": 50, ""n_jobs"": -1}"
LOAD-H1-HIST_GRADIENT_BOOSTING-FULLV1-DET-F04,load,1,hist_gradient_boosting,F04,DET,4943,744,0.9003219999722205,0.011491200013551861,0,0.0,"{""iterations"": 200}","{""l2_regularization"": 0.1, ""learning_rate"": 0.08, ""max_depth"": null, ""max_iter"": 200, ""max_leaf_nodes"": 31}"
LOAD-H1-LINEAR_REGRESSION-FULLV1-DET-F05,load,1,linear_regression,F05,DET,5687,720,0.0180013999924995,0.002076099975965917,0,0.0,"{""coefficient_count"": 12}","{""fit_intercept"": true}"
LOAD-H1-RIDGE-FULLV1-DET-F05,load,1,ridge,F05,DET,5687,720,0.03995909995865077,0.003667500044684857,0,0.0,"{""coefficient_count"": 12}","{""alpha"": 1.0, ""fit_intercept"": true, ""scaling"": ""StandardScaler inside training-fold pipeline"", ""solver"": ""auto""}"
LOAD-H1-RANDOM_FOREST-FULLV1-S42-F05,load,1,random_forest,F05,42,5687,720,0.28596259996993467,0.03947389998938888,0,0.0,"{""estimator_count"": 50, ""max_tree_depth"": 12, ""mean_tree_depth"": 12.0}","{""max_depth"": 12, ""max_features"": 1.0, ""min_samples_leaf"": 2, ""min_samples_split"": 5, ""n_estimators"": 50, ""n_jobs"": -1}"
LOAD-H1-RANDOM_FOREST-FULLV1-S123-F05,load,1,random_forest,F05,123,5687,720,0.31918940000468865,0.04036300000734627,0,0.0,"{""estimator_count"": 50, ""max_tree_depth"": 12, ""mean_tree_depth"": 12.0}","{""max_depth"": 12, ""max_features"": 1.0, ""min_samples_leaf"": 2, ""min_samples_split"": 5, ""n_estimators"": 50, ""n_jobs"": -1}"
LOAD-H1-RANDOM_FOREST-FULLV1-S2020-F05,load,1,random_forest,F05,2020,5687,720,0.331209099967964,0.0382435999927111,0,0.0,"{""estimator_count"": 50, ""max_tree_depth"": 12, ""mean_tree_depth"": 12.0}","{""max_depth"": 12, ""max_features"": 1.0, ""min_samples_leaf"": 2, ""min_samples_split"": 5, ""n_estimators"": 50, ""n_jobs"": -1}"
LOAD-H1-RANDOM_FOREST-FULLV1-S2025-F05,load,1,random_forest,F05,2025,5687,720,0.32921699999133125,0.039846799976658076,0,0.0,"{""estimator_count"": 50, ""max_tree_depth"": 12, ""mean_tree_depth"": 12.0}","{""max_depth"": 12, ""max_features"": 1.0, ""min_samples_leaf"": 2, ""min_samples_split"": 5, ""n_estimators"": 50, ""n_jobs"": -1}"
LOAD-H1-RANDOM_FOREST-FULLV1-S31415-F05,load,1,random_forest,F05,31415,5687,720,0.3310073000029661,0.03977550001582131,0,0.0,"{""estimator_count"": 50, ""max_tree_depth"": 12, ""mean_tree_depth"": 12.0}","{""max_depth"": 12, ""max_features"": 1.0, ""min_samples_leaf"": 2, ""min_samples_split"": 5, ""n_estimators"": 50, ""n_jobs"": -1}"
LOAD-H1-EXTRA_TREES-FULLV1-S42-F05,load,1,extra_trees,F05,42,5687,720,0.15220479998970404,0.04330399999162182,0,0.0,"{""estimator_count"": 50, ""max_tree_depth"": 12, ""mean_tree_depth"": 12.0}","{""max_depth"": 12, ""max_features"": 1.0, ""min_samples_leaf"": 2, ""min_samples_split"": 5, ""n_estimators"": 50, ""n_jobs"": -1}"
LOAD-H1-EXTRA_TREES-FULLV1-S123-F05,load,1,extra_trees,F05,123,5687,720,0.13500230002682656,0.04024780000327155,0,0.0,"{""estimator_count"": 50, ""max_tree_depth"": 12, ""mean_tree_depth"": 12.0}","{""max_depth"": 12, ""max_features"": 1.0, ""min_samples_leaf"": 2, ""min_samples_split"": 5, ""n_estimators"": 50, ""n_jobs"": -1}"
LOAD-H1-EXTRA_TREES-FULLV1-S2020-F05,load,1,extra_trees,F05,2020,5687,720,0.17537970002740622,0.041079599992372096,0,0.0,"{""estimator_count"": 50, ""max_tree_depth"": 12, ""mean_tree_depth"": 12.0}","{""max_depth"": 12, ""max_features"": 1.0, ""min_samples_leaf"": 2, ""min_samples_split"": 5, ""n_estimators"": 50, ""n_jobs"": -1}"
LOAD-H1-EXTRA_TREES-FULLV1-S2025-F05,load,1,extra_trees,F05,2025,5687,720,0.15447050001239404,0.04060050001135096,0,0.0,"{""estimator_count"": 50, ""max_tree_depth"": 12, ""mean_tree_depth"": 12.0}","{""max_depth"": 12, ""max_features"": 1.0, ""min_samples_leaf"": 2, ""min_samples_split"": 5, ""n_estimators"": 50, ""n_jobs"": -1}"
LOAD-H1-EXTRA_TREES-FULLV1-S31415-F05,load,1,extra_trees,F05,31415,5687,720,0.14358570001786575,0.04430869995849207,0,0.0,"{""estimator_count"": 50, ""max_tree_depth"": 12, ""mean_tree_depth"": 12.0}","{""max_depth"": 12, ""max_features"": 1.0, ""min_samples_leaf"": 2, ""min_samples_split"": 5, ""n_estimators"": 50, ""n_jobs"": -1}"
LOAD-H1-HIST_GRADIENT_BOOSTING-FULLV1-DET-F05,load,1,hist_gradient_boosting,F05,DET,5687,720,0.9078809000202455,0.011371200031135231,0,0.0,"{""iterations"": 200}","{""l2_regularization"": 0.1, ""learning_rate"": 0.08, ""max_depth"": null, ""max_iter"": 200, ""max_leaf_nodes"": 31}"
LOAD-H1-LINEAR_REGRESSION-FULLV1-DET-F06,load,1,linear_regression,F06,DET,6407,744,0.0177659000037238,0.0019316000398248434,0,0.0,"{""coefficient_count"": 12}","{""fit_intercept"": true}"
LOAD-H1-RIDGE-FULLV1-DET-F06,load,1,ridge,F06,DET,6407,744,0.042595200007781386,0.002990499953739345,0,0.0,"{""coefficient_count"": 12}","{""alpha"": 1.0, ""fit_intercept"": true, ""scaling"": ""StandardScaler inside training-fold pipeline"", ""solver"": ""auto""}"
LOAD-H1-RANDOM_FOREST-FULLV1-S42-F06,load,1,random_forest,F06,42,6407,744,0.32538320001913235,0.03797760000452399,0,0.0,"{""estimator_count"": 50, ""max_tree_depth"": 12, ""mean_tree_depth"": 12.0}","{""max_depth"": 12, ""max_features"": 1.0, ""min_samples_leaf"": 2, ""min_samples_split"": 5, ""n_estimators"": 50, ""n_jobs"": -1}"
LOAD-H1-RANDOM_FOREST-FULLV1-S123-F06,load,1,random_forest,F06,123,6407,744,0.33104049996472895,0.04113070003222674,0,0.0,"{""estimator_count"": 50, ""max_tree_depth"": 12, ""mean_tree_depth"": 12.0}","{""max_depth"": 12, ""max_features"": 1.0, ""min_samples_leaf"": 2, ""min_samples_split"": 5, ""n_estimators"": 50, ""n_jobs"": -1}"
LOAD-H1-RANDOM_FOREST-FULLV1-S2020-F06,load,1,random_forest,F06,2020,6407,744,0.3613306999905035,0.04083439998794347,0,0.0,"{""estimator_count"": 50, ""max_tree_depth"": 12, ""mean_tree_depth"": 12.0}","{""max_depth"": 12, ""max_features"": 1.0, ""min_samples_leaf"": 2, ""min_samples_split"": 5, ""n_estimators"": 50, ""n_jobs"": -1}"
LOAD-H1-RANDOM_FOREST-FULLV1-S2025-F06,load,1,random_forest,F06,2025,6407,744,0.3211083000060171,0.03992579999612644,0,0.0,"{""estimator_count"": 50, ""max_tree_depth"": 12, ""mean_tree_depth"": 12.0}","{""max_depth"": 12, ""max_features"": 1.0, ""min_samples_leaf"": 2, ""min_samples_split"": 5, ""n_estimators"": 50, ""n_jobs"": -1}"
LOAD-H1-RANDOM_FOREST-FULLV1-S31415-F06,load,1,random_forest,F06,31415,6407,744,0.32309359998907894,0.051502700021956116,0,0.0,"{""estimator_count"": 50, ""max_tree_depth"": 12, ""mean_tree_depth"": 12.0}","{""max_depth"": 12, ""max_features"": 1.0, ""min_samples_leaf"": 2, ""min_samples_split"": 5, ""n_estimators"": 50, ""n_jobs"": -1}"
LOAD-H1-EXTRA_TREES-FULLV1-S42-F06,load,1,extra_trees,F06,42,6407,744,0.15131360001396388,0.04143429995747283,0,0.0,"{""estimator_count"": 50, ""max_tree_depth"": 12, ""mean_tree_depth"": 12.0}","{""max_depth"": 12, ""max_features"": 1.0, ""min_samples_leaf"": 2, ""min_samples_split"": 5, ""n_estimators"": 50, ""n_jobs"": -1}"
LOAD-H1-EXTRA_TREES-FULLV1-S123-F06,load,1,extra_trees,F06,123,6407,744,0.1797624999890104,0.04029630002332851,0,0.0,"{""estimator_count"": 50, ""max_tree_depth"": 12, ""mean_tree_depth"": 12.0}","{""max_depth"": 12, ""max_features"": 1.0, ""min_samples_leaf"": 2, ""min_samples_split"": 5, ""n_estimators"": 50, ""n_jobs"": -1}"
LOAD-H1-EXTRA_TREES-FULLV1-S2020-F06,load,1,extra_trees,F06,2020,6407,744,0.13954849995207042,0.04121400002622977,0,0.0,"{""estimator_count"": 50, ""max_tree_depth"": 12, ""mean_tree_depth"": 12.0}","{""max_depth"": 12, ""max_features"": 1.0, ""min_samples_leaf"": 2, ""min_samples_split"": 5, ""n_estimators"": 50, ""n_jobs"": -1}"
LOAD-H1-EXTRA_TREES-FULLV1-S2025-F06,load,1,extra_trees,F06,2025,6407,744,0.14708769996650517,0.03894360002595931,0,0.0,"{""estimator_count"": 50, ""max_tree_depth"": 12, ""mean_tree_depth"": 12.0}","{""max_depth"": 12, ""max_features"": 1.0, ""min_samples_leaf"": 2, ""min_samples_split"": 5, ""n_estimators"": 50, ""n_jobs"": -1}"
LOAD-H1-EXTRA_TREES-FULLV1-S31415-F06,load,1,extra_trees,F06,31415,6407,744,0.14209049998316914,0.042745100043248385,0,0.0,"{""estimator_count"": 50, ""max_tree_depth"": 12, ""mean_tree_depth"": 12.0}","{""max_depth"": 12, ""max_features"": 1.0, ""min_samples_leaf"": 2, ""min_samples_split"": 5, ""n_estimators"": 50, ""n_jobs"": -1}"
LOAD-H1-HIST_GRADIENT_BOOSTING-FULLV1-DET-F06,load,1,hist_gradient_boosting,F06,DET,6407,744,0.9184216999565251,0.011855099990498275,0,0.0,"{""iterations"": 200}","{""l2_regularization"": 0.1, ""learning_rate"": 0.08, ""max_depth"": null, ""max_iter"": 200, ""max_leaf_nodes"": 31}"
LOAD-H24-LINEAR_REGRESSION-FULLV1-DET-F01,load,24,linear_regression,F01,DET,2712,744,0.006830900034401566,0.0012392000062391162,0,0.0,"{""coefficient_count"": 12}","{""fit_intercept"": true}"
LOAD-H24-RIDGE-FULLV1-DET-F01,load,24,ridge,F01,DET,2712,744,0.012723000021651387,0.002233400009572506,0,0.0,"{""coefficient_count"": 12}","{""alpha"": 1.0, ""fit_intercept"": true, ""scaling"": ""StandardScaler inside training-fold pipeline"", ""solver"": ""auto""}"
LOAD-H24-RANDOM_FOREST-FULLV1-S42-F01,load,24,random_forest,F01,42,2712,744,0.1682336999801919,0.040756599977612495,0,0.0,"{""estimator_count"": 50, ""max_tree_depth"": 12, ""mean_tree_depth"": 12.0}","{""max_depth"": 12, ""max_features"": 1.0, ""min_samples_leaf"": 2, ""min_samples_split"": 5, ""n_estimators"": 50, ""n_jobs"": -1}"
LOAD-H24-RANDOM_FOREST-FULLV1-S123-F01,load,24,random_forest,F01,123,2712,744,0.17700530000729486,0.04034830001182854,0,0.0,"{""estimator_count"": 50, ""max_tree_depth"": 12, ""mean_tree_depth"": 12.0}","{""max_depth"": 12, ""max_features"": 1.0, ""min_samples_leaf"": 2, ""min_samples_split"": 5, ""n_estimators"": 50, ""n_jobs"": -1}"
LOAD-H24-RANDOM_FOREST-FULLV1-S2020-F01,load,24,random_forest,F01,2020,2712,744,0.17323070002021268,0.05273019999731332,0,0.0,"{""estimator_count"": 50, ""max_tree_depth"": 12, ""mean_tree_depth"": 12.0}","{""max_depth"": 12, ""max_features"": 1.0, ""min_samples_leaf"": 2, ""min_samples_split"": 5, ""n_estimators"": 50, ""n_jobs"": -1}"
LOAD-H24-RANDOM_FOREST-FULLV1-S2025-F01,load,24,random_forest,F01,2025,2712,744,0.21146789996419102,0.04276899999240413,0,0.0,"{""estimator_count"": 50, ""max_tree_depth"": 12, ""mean_tree_depth"": 12.0}","{""max_depth"": 12, ""max_features"": 1.0, ""min_samples_leaf"": 2, ""min_samples_split"": 5, ""n_estimators"": 50, ""n_jobs"": -1}"
LOAD-H24-RANDOM_FOREST-FULLV1-S31415-F01,load,24,random_forest,F01,31415,2712,744,0.1711310999817215,0.03999459999613464,0,0.0,"{""estimator_count"": 50, ""max_tree_depth"": 12, ""mean_tree_depth"": 12.0}","{""max_depth"": 12, ""max_features"": 1.0, ""min_samples_leaf"": 2, ""min_samples_split"": 5, ""n_estimators"": 50, ""n_jobs"": -1}"
LOAD-H24-EXTRA_TREES-FULLV1-S42-F01,load,24,extra_trees,F01,42,2712,744,0.11457729997346178,0.038239400018937886,0,0.0,"{""estimator_count"": 50, ""max_tree_depth"": 12, ""mean_tree_depth"": 12.0}","{""max_depth"": 12, ""max_features"": 1.0, ""min_samples_leaf"": 2, ""min_samples_split"": 5, ""n_estimators"": 50, ""n_jobs"": -1}"
LOAD-H24-EXTRA_TREES-FULLV1-S123-F01,load,24,extra_trees,F01,123,2712,744,0.1029143999912776,0.03938820003531873,0,0.0,"{""estimator_count"": 50, ""max_tree_depth"": 12, ""mean_tree_depth"": 12.0}","{""max_depth"": 12, ""max_features"": 1.0, ""min_samples_leaf"": 2, ""min_samples_split"": 5, ""n_estimators"": 50, ""n_jobs"": -1}"
LOAD-H24-EXTRA_TREES-FULLV1-S2020-F01,load,24,extra_trees,F01,2020,2712,744,0.10395250003784895,0.03888929996173829,0,0.0,"{""estimator_count"": 50, ""max_tree_depth"": 12, ""mean_tree_depth"": 12.0}","{""max_depth"": 12, ""max_features"": 1.0, ""min_samples_leaf"": 2, ""min_samples_split"": 5, ""n_estimators"": 50, ""n_jobs"": -1}"
LOAD-H24-EXTRA_TREES-FULLV1-S2025-F01,load,24,extra_trees,F01,2025,2712,744,0.12319079996086657,0.0461609999765642,0,0.0,"{""estimator_count"": 50, ""max_tree_depth"": 12, ""mean_tree_depth"": 12.0}","{""max_depth"": 12, ""max_features"": 1.0, ""min_samples_leaf"": 2, ""min_samples_split"": 5, ""n_estimators"": 50, ""n_jobs"": -1}"
LOAD-H24-EXTRA_TREES-FULLV1-S31415-F01,load,24,extra_trees,F01,31415,2712,744,0.1093239999609068,0.04091120004886761,0,0.0,"{""estimator_count"": 50, ""max_tree_depth"": 12, ""mean_tree_depth"": 12.0}","{""max_depth"": 12, ""max_features"": 1.0, ""min_samples_leaf"": 2, ""min_samples_split"": 5, ""n_estimators"": 50, ""n_jobs"": -1}"
LOAD-H24-HIST_GRADIENT_BOOSTING-FULLV1-DET-F01,load,24,hist_gradient_boosting,F01,DET,2712,744,0.7860324999783188,0.01086749997921288,0,0.0,"{""iterations"": 200}","{""l2_regularization"": 0.1, ""learning_rate"": 0.08, ""max_depth"": null, ""max_iter"": 200, ""max_leaf_nodes"": 31}"
LOAD-H24-LINEAR_REGRESSION-FULLV1-DET-F02,load,24,linear_regression,F02,DET,3456,720,0.010813000029884279,0.0016270999913103878,0,0.0,"{""coefficient_count"": 12}","{""fit_intercept"": true}"
LOAD-H24-RIDGE-FULLV1-DET-F02,load,24,ridge,F02,DET,3456,720,0.018787099979817867,0.003762100008316338,0,0.0,"{""coefficient_count"": 12}","{""alpha"": 1.0, ""fit_intercept"": true, ""scaling"": ""StandardScaler inside training-fold pipeline"", ""solver"": ""auto""}"
LOAD-H24-RANDOM_FOREST-FULLV1-S42-F02,load,24,random_forest,F02,42,3456,720,0.21064920001663268,0.05316619999939576,0,0.0,"{""estimator_count"": 50, ""max_tree_depth"": 12, ""mean_tree_depth"": 12.0}","{""max_depth"": 12, ""max_features"": 1.0, ""min_samples_leaf"": 2, ""min_samples_split"": 5, ""n_estimators"": 50, ""n_jobs"": -1}"
LOAD-H24-RANDOM_FOREST-FULLV1-S123-F02,load,24,random_forest,F02,123,3456,720,0.20540550001896918,0.039758099999744445,0,0.0,"{""estimator_count"": 50, ""max_tree_depth"": 12, ""mean_tree_depth"": 12.0}","{""max_depth"": 12, ""max_features"": 1.0, ""min_samples_leaf"": 2, ""min_samples_split"": 5, ""n_estimators"": 50, ""n_jobs"": -1}"
LOAD-H24-RANDOM_FOREST-FULLV1-S2020-F02,load,24,random_forest,F02,2020,3456,720,0.18951399996876717,0.03873610001755878,0,0.0,"{""estimator_count"": 50, ""max_tree_depth"": 12, ""mean_tree_depth"": 12.0}","{""max_depth"": 12, ""max_features"": 1.0, ""min_samples_leaf"": 2, ""min_samples_split"": 5, ""n_estimators"": 50, ""n_jobs"": -1}"
LOAD-H24-RANDOM_FOREST-FULLV1-S2025-F02,load,24,random_forest,F02,2025,3456,720,0.2210719000431709,0.04331409995211288,0,0.0,"{""estimator_count"": 50, ""max_tree_depth"": 12, ""mean_tree_depth"": 12.0}","{""max_depth"": 12, ""max_features"": 1.0, ""min_samples_leaf"": 2, ""min_samples_split"": 5, ""n_estimators"": 50, ""n_jobs"": -1}"
LOAD-H24-RANDOM_FOREST-FULLV1-S31415-F02,load,24,random_forest,F02,31415,3456,720,0.22242510004434735,0.04122989997267723,0,0.0,"{""estimator_count"": 50, ""max_tree_depth"": 12, ""mean_tree_depth"": 12.0}","{""max_depth"": 12, ""max_features"": 1.0, ""min_samples_leaf"": 2, ""min_samples_split"": 5, ""n_estimators"": 50, ""n_jobs"": -1}"
LOAD-H24-EXTRA_TREES-FULLV1-S42-F02,load,24,extra_trees,F02,42,3456,720,0.14198159996885806,0.04509249998955056,0,0.0,"{""estimator_count"": 50, ""max_tree_depth"": 12, ""mean_tree_depth"": 12.0}","{""max_depth"": 12, ""max_features"": 1.0, ""min_samples_leaf"": 2, ""min_samples_split"": 5, ""n_estimators"": 50, ""n_jobs"": -1}"
LOAD-H24-EXTRA_TREES-FULLV1-S123-F02,load,24,extra_trees,F02,123,3456,720,0.10522110003512353,0.04132590000517666,0,0.0,"{""estimator_count"": 50, ""max_tree_depth"": 12, ""mean_tree_depth"": 12.0}","{""max_depth"": 12, ""max_features"": 1.0, ""min_samples_leaf"": 2, ""min_samples_split"": 5, ""n_estimators"": 50, ""n_jobs"": -1}"
LOAD-H24-EXTRA_TREES-FULLV1-S2020-F02,load,24,extra_trees,F02,2020,3456,720,0.10129469999810681,0.03882079996401444,0,0.0,"{""estimator_count"": 50, ""max_tree_depth"": 12, ""mean_tree_depth"": 12.0}","{""max_depth"": 12, ""max_features"": 1.0, ""min_samples_leaf"": 2, ""min_samples_split"": 5, ""n_estimators"": 50, ""n_jobs"": -1}"
LOAD-H24-EXTRA_TREES-FULLV1-S2025-F02,load,24,extra_trees,F02,2025,3456,720,0.10244429996237159,0.040161200042348355,0,0.0,"{""estimator_count"": 50, ""max_tree_depth"": 12, ""mean_tree_depth"": 12.0}","{""max_depth"": 12, ""max_features"": 1.0, ""min_samples_leaf"": 2, ""min_samples_split"": 5, ""n_estimators"": 50, ""n_jobs"": -1}"
LOAD-H24-EXTRA_TREES-FULLV1-S31415-F02,load,24,extra_trees,F02,31415,3456,720,0.10900999995646998,0.03995100001338869,0,0.0,"{""estimator_count"": 50, ""max_tree_depth"": 12, ""mean_tree_depth"": 12.0}","{""max_depth"": 12, ""max_features"": 1.0, ""min_samples_leaf"": 2, ""min_samples_split"": 5, ""n_estimators"": 50, ""n_jobs"": -1}"
LOAD-H24-HIST_GRADIENT_BOOSTING-FULLV1-DET-F02,load,24,hist_gradient_boosting,F02,DET,3456,720,0.8053922000108287,0.010590000019874424,0,0.0,"{""iterations"": 200}","{""l2_regularization"": 0.1, ""learning_rate"": 0.08, ""max_depth"": null, ""max_iter"": 200, ""max_leaf_nodes"": 31}"
LOAD-H24-LINEAR_REGRESSION-FULLV1-DET-F03,load,24,linear_regression,F03,DET,4176,744,0.012795299990102649,0.0019477000460028648,0,0.0,"{""coefficient_count"": 12}","{""fit_intercept"": true}"
LOAD-H24-RIDGE-FULLV1-DET-F03,load,24,ridge,F03,DET,4176,744,0.02660639997338876,0.0036903000436723232,0,0.0,"{""coefficient_count"": 12}","{""alpha"": 1.0, ""fit_intercept"": true, ""scaling"": ""StandardScaler inside training-fold pipeline"", ""solver"": ""auto""}"
LOAD-H24-RANDOM_FOREST-FULLV1-S42-F03,load,24,random_forest,F03,42,4176,744,0.2325158000458032,0.04324029997223988,0,0.0,"{""estimator_count"": 50, ""max_tree_depth"": 12, ""mean_tree_depth"": 12.0}","{""max_depth"": 12, ""max_features"": 1.0, ""min_samples_leaf"": 2, ""min_samples_split"": 5, ""n_estimators"": 50, ""n_jobs"": -1}"
LOAD-H24-RANDOM_FOREST-FULLV1-S123-F03,load,24,random_forest,F03,123,4176,744,0.24279189994558692,0.03975420002825558,0,0.0,"{""estimator_count"": 50, ""max_tree_depth"": 12, ""mean_tree_depth"": 12.0}","{""max_depth"": 12, ""max_features"": 1.0, ""min_samples_leaf"": 2, ""min_samples_split"": 5, ""n_estimators"": 50, ""n_jobs"": -1}"
LOAD-H24-RANDOM_FOREST-FULLV1-S2020-F03,load,24,random_forest,F03,2020,4176,744,0.2555900000152178,0.04017059999750927,0,0.0,"{""estimator_count"": 50, ""max_tree_depth"": 12, ""mean_tree_depth"": 12.0}","{""max_depth"": 12, ""max_features"": 1.0, ""min_samples_leaf"": 2, ""min_samples_split"": 5, ""n_estimators"": 50, ""n_jobs"": -1}"
LOAD-H24-RANDOM_FOREST-FULLV1-S2025-F03,load,24,random_forest,F03,2025,4176,744,0.26995639997767285,0.04179029999068007,0,0.0,"{""estimator_count"": 50, ""max_tree_depth"": 12, ""mean_tree_depth"": 12.0}","{""max_depth"": 12, ""max_features"": 1.0, ""min_samples_leaf"": 2, ""min_samples_split"": 5, ""n_estimators"": 50, ""n_jobs"": -1}"
LOAD-H24-RANDOM_FOREST-FULLV1-S31415-F03,load,24,random_forest,F03,31415,4176,744,0.27208989998325706,0.039861699973698705,0,0.0,"{""estimator_count"": 50, ""max_tree_depth"": 12, ""mean_tree_depth"": 12.0}","{""max_depth"": 12, ""max_features"": 1.0, ""min_samples_leaf"": 2, ""min_samples_split"": 5, ""n_estimators"": 50, ""n_jobs"": -1}"
LOAD-H24-EXTRA_TREES-FULLV1-S42-F03,load,24,extra_trees,F03,42,4176,744,0.10817289998522028,0.03957209998043254,0,0.0,"{""estimator_count"": 50, ""max_tree_depth"": 12, ""mean_tree_depth"": 12.0}","{""max_depth"": 12, ""max_features"": 1.0, ""min_samples_leaf"": 2, ""min_samples_split"": 5, ""n_estimators"": 50, ""n_jobs"": -1}"
LOAD-H24-EXTRA_TREES-FULLV1-S123-F03,load,24,extra_trees,F03,123,4176,744,0.12549169996054843,0.04038590000709519,0,0.0,"{""estimator_count"": 50, ""max_tree_depth"": 12, ""mean_tree_depth"": 12.0}","{""max_depth"": 12, ""max_features"": 1.0, ""min_samples_leaf"": 2, ""min_samples_split"": 5, ""n_estimators"": 50, ""n_jobs"": -1}"
LOAD-H24-EXTRA_TREES-FULLV1-S2020-F03,load,24,extra_trees,F03,2020,4176,744,0.1147923999815248,0.03889329999219626,0,0.0,"{""estimator_count"": 50, ""max_tree_depth"": 12, ""mean_tree_depth"": 12.0}","{""max_depth"": 12, ""max_features"": 1.0, ""min_samples_leaf"": 2, ""min_samples_split"": 5, ""n_estimators"": 50, ""n_jobs"": -1}"
LOAD-H24-EXTRA_TREES-FULLV1-S2025-F03,load,24,extra_trees,F03,2025,4176,744,0.12252479995368049,0.039846900035627186,0,0.0,"{""estimator_count"": 50, ""max_tree_depth"": 12, ""mean_tree_depth"": 12.0}","{""max_depth"": 12, ""max_features"": 1.0, ""min_samples_leaf"": 2, ""min_samples_split"": 5, ""n_estimators"": 50, ""n_jobs"": -1}"
LOAD-H24-EXTRA_TREES-FULLV1-S31415-F03,load,24,extra_trees,F03,31415,4176,744,0.14095029997406527,0.03952140000183135,0,0.0,"{""estimator_count"": 50, ""max_tree_depth"": 12, ""mean_tree_depth"": 12.0}","{""max_depth"": 12, ""max_features"": 1.0, ""min_samples_leaf"": 2, ""min_samples_split"": 5, ""n_estimators"": 50, ""n_jobs"": -1}"
LOAD-H24-HIST_GRADIENT_BOOSTING-FULLV1-DET-F03,load,24,hist_gradient_boosting,F03,DET,4176,744,0.8300045999931172,0.011295499978587031,0,0.0,"{""iterations"": 200}","{""l2_regularization"": 0.1, ""learning_rate"": 0.08, ""max_depth"": null, ""max_iter"": 200, ""max_leaf_nodes"": 31}"
LOAD-H24-LINEAR_REGRESSION-FULLV1-DET-F04,load,24,linear_regression,F04,DET,4920,744,0.015831299999263138,0.0019502000068314373,0,0.0,"{""coefficient_count"": 12}","{""fit_intercept"": true}"
LOAD-H24-RIDGE-FULLV1-DET-F04,load,24,ridge,F04,DET,4920,744,0.029388500028289855,0.0040491000399924815,0,0.0,"{""coefficient_count"": 12}","{""alpha"": 1.0, ""fit_intercept"": true, ""scaling"": ""StandardScaler inside training-fold pipeline"", ""solver"": ""auto""}"
LOAD-H24-RANDOM_FOREST-FULLV1-S42-F04,load,24,random_forest,F04,42,4920,744,0.2538217999972403,0.038738700037356466,0,0.0,"{""estimator_count"": 50, ""max_tree_depth"": 12, ""mean_tree_depth"": 12.0}","{""max_depth"": 12, ""max_features"": 1.0, ""min_samples_leaf"": 2, ""min_samples_split"": 5, ""n_estimators"": 50, ""n_jobs"": -1}"
LOAD-H24-RANDOM_FOREST-FULLV1-S123-F04,load,24,random_forest,F04,123,4920,744,0.25226340000517666,0.04293090000282973,0,0.0,"{""estimator_count"": 50, ""max_tree_depth"": 12, ""mean_tree_depth"": 12.0}","{""max_depth"": 12, ""max_features"": 1.0, ""min_samples_leaf"": 2, ""min_samples_split"": 5, ""n_estimators"": 50, ""n_jobs"": -1}"
LOAD-H24-RANDOM_FOREST-FULLV1-S2020-F04,load,24,random_forest,F04,2020,4920,744,0.25420090003171936,0.04135749995475635,0,0.0,"{""estimator_count"": 50, ""max_tree_depth"": 12, ""mean_tree_depth"": 12.0}","{""max_depth"": 12, ""max_features"": 1.0, ""min_samples_leaf"": 2, ""min_samples_split"": 5, ""n_estimators"": 50, ""n_jobs"": -1}"
LOAD-H24-RANDOM_FOREST-FULLV1-S2025-F04,load,24,random_forest,F04,2025,4920,744,0.26552240003366023,0.05143819999648258,0,0.0,"{""estimator_count"": 50, ""max_tree_depth"": 12, ""mean_tree_depth"": 12.0}","{""max_depth"": 12, ""max_features"": 1.0, ""min_samples_leaf"": 2, ""min_samples_split"": 5, ""n_estimators"": 50, ""n_jobs"": -1}"
LOAD-H24-RANDOM_FOREST-FULLV1-S31415-F04,load,24,random_forest,F04,31415,4920,744,0.25429800001438707,0.03936150000663474,0,0.0,"{""estimator_count"": 50, ""max_tree_depth"": 12, ""mean_tree_depth"": 12.0}","{""max_depth"": 12, ""max_features"": 1.0, ""min_samples_leaf"": 2, ""min_samples_split"": 5, ""n_estimators"": 50, ""n_jobs"": -1}"
LOAD-H24-EXTRA_TREES-FULLV1-S42-F04,load,24,extra_trees,F04,42,4920,744,0.15610389999346808,0.03984959999797866,0,0.0,"{""estimator_count"": 50, ""max_tree_depth"": 12, ""mean_tree_depth"": 12.0}","{""max_depth"": 12, ""max_features"": 1.0, ""min_samples_leaf"": 2, ""min_samples_split"": 5, ""n_estimators"": 50, ""n_jobs"": -1}"
LOAD-H24-EXTRA_TREES-FULLV1-S123-F04,load,24,extra_trees,F04,123,4920,744,0.12123150000115857,0.04161379998549819,0,0.0,"{""estimator_count"": 50, ""max_tree_depth"": 12, ""mean_tree_depth"": 12.0}","{""max_depth"": 12, ""max_features"": 1.0, ""min_samples_leaf"": 2, ""min_samples_split"": 5, ""n_estimators"": 50, ""n_jobs"": -1}"
LOAD-H24-EXTRA_TREES-FULLV1-S2020-F04,load,24,extra_trees,F04,2020,4920,744,0.12573049997445196,0.05215130001306534,0,0.0,"{""estimator_count"": 50, ""max_tree_depth"": 12, ""mean_tree_depth"": 12.0}","{""max_depth"": 12, ""max_features"": 1.0, ""min_samples_leaf"": 2, ""min_samples_split"": 5, ""n_estimators"": 50, ""n_jobs"": -1}"
LOAD-H24-EXTRA_TREES-FULLV1-S2025-F04,load,24,extra_trees,F04,2025,4920,744,0.124572700005956,0.038692999980412424,0,0.0,"{""estimator_count"": 50, ""max_tree_depth"": 12, ""mean_tree_depth"": 12.0}","{""max_depth"": 12, ""max_features"": 1.0, ""min_samples_leaf"": 2, ""min_samples_split"": 5, ""n_estimators"": 50, ""n_jobs"": -1}"
LOAD-H24-EXTRA_TREES-FULLV1-S31415-F04,load,24,extra_trees,F04,31415,4920,744,0.1312041999772191,0.05190959997707978,0,0.0,"{""estimator_count"": 50, ""max_tree_depth"": 12, ""mean_tree_depth"": 12.0}","{""max_depth"": 12, ""max_features"": 1.0, ""min_samples_leaf"": 2, ""min_samples_split"": 5, ""n_estimators"": 50, ""n_jobs"": -1}"
LOAD-H24-HIST_GRADIENT_BOOSTING-FULLV1-DET-F04,load,24,hist_gradient_boosting,F04,DET,4920,744,0.8319128000293858,0.011278300022240728,0,0.0,"{""iterations"": 200}","{""l2_regularization"": 0.1, ""learning_rate"": 0.08, ""max_depth"": null, ""max_iter"": 200, ""max_leaf_nodes"": 31}"
LOAD-H24-LINEAR_REGRESSION-FULLV1-DET-F05,load,24,linear_regression,F05,DET,5664,720,0.01688449998619035,0.0019373999675735831,0,0.0,"{""coefficient_count"": 12}","{""fit_intercept"": true}"
LOAD-H24-RIDGE-FULLV1-DET-F05,load,24,ridge,F05,DET,5664,720,0.03889379999600351,0.0036014000070281327,0,0.0,"{""coefficient_count"": 12}","{""alpha"": 1.0, ""fit_intercept"": true, ""scaling"": ""StandardScaler inside training-fold pipeline"", ""solver"": ""auto""}"
LOAD-H24-RANDOM_FOREST-FULLV1-S42-F05,load,24,random_forest,F05,42,5664,720,0.39723329996922985,0.039161199994850904,0,0.0,"{""estimator_count"": 50, ""max_tree_depth"": 12, ""mean_tree_depth"": 12.0}","{""max_depth"": 12, ""max_features"": 1.0, ""min_samples_leaf"": 2, ""min_samples_split"": 5, ""n_estimators"": 50, ""n_jobs"": -1}"
LOAD-H24-RANDOM_FOREST-FULLV1-S123-F05,load,24,random_forest,F05,123,5664,720,0.31911060004495084,0.042422200029250234,0,0.0,"{""estimator_count"": 50, ""max_tree_depth"": 12, ""mean_tree_depth"": 12.0}","{""max_depth"": 12, ""max_features"": 1.0, ""min_samples_leaf"": 2, ""min_samples_split"": 5, ""n_estimators"": 50, ""n_jobs"": -1}"
LOAD-H24-RANDOM_FOREST-FULLV1-S2020-F05,load,24,random_forest,F05,2020,5664,720,0.3256291000288911,0.03837759996531531,0,0.0,"{""estimator_count"": 50, ""max_tree_depth"": 12, ""mean_tree_depth"": 12.0}","{""max_depth"": 12, ""max_features"": 1.0, ""min_samples_leaf"": 2, ""min_samples_split"": 5, ""n_estimators"": 50, ""n_jobs"": -1}"
LOAD-H24-RANDOM_FOREST-FULLV1-S2025-F05,load,24,random_forest,F05,2025,5664,720,0.3299381000106223,0.039620299998205155,0,0.0,"{""estimator_count"": 50, ""max_tree_depth"": 12, ""mean_tree_depth"": 12.0}","{""max_depth"": 12, ""max_features"": 1.0, ""min_samples_leaf"": 2, ""min_samples_split"": 5, ""n_estimators"": 50, ""n_jobs"": -1}"
LOAD-H24-RANDOM_FOREST-FULLV1-S31415-F05,load,24,random_forest,F05,31415,5664,720,0.3170160999870859,0.041299099975731224,0,0.0,"{""estimator_count"": 50, ""max_tree_depth"": 12, ""mean_tree_depth"": 12.0}","{""max_depth"": 12, ""max_features"": 1.0, ""min_samples_leaf"": 2, ""min_samples_split"": 5, ""n_estimators"": 50, ""n_jobs"": -1}"
LOAD-H24-EXTRA_TREES-FULLV1-S42-F05,load,24,extra_trees,F05,42,5664,720,0.15777150000212714,0.041023399971891195,0,0.0,"{""estimator_count"": 50, ""max_tree_depth"": 12, ""mean_tree_depth"": 12.0}","{""max_depth"": 12, ""max_features"": 1.0, ""min_samples_leaf"": 2, ""min_samples_split"": 5, ""n_estimators"": 50, ""n_jobs"": -1}"
LOAD-H24-EXTRA_TREES-FULLV1-S123-F05,load,24,extra_trees,F05,123,5664,720,0.13220190000720322,0.038535699946805835,0,0.0,"{""estimator_count"": 50, ""max_tree_depth"": 12, ""mean_tree_depth"": 12.0}","{""max_depth"": 12, ""max_features"": 1.0, ""min_samples_leaf"": 2, ""min_samples_split"": 5, ""n_estimators"": 50, ""n_jobs"": -1}"
LOAD-H24-EXTRA_TREES-FULLV1-S2020-F05,load,24,extra_trees,F05,2020,5664,720,0.13326380000216886,0.04302440001629293,0,0.0,"{""estimator_count"": 50, ""max_tree_depth"": 12, ""mean_tree_depth"": 12.0}","{""max_depth"": 12, ""max_features"": 1.0, ""min_samples_leaf"": 2, ""min_samples_split"": 5, ""n_estimators"": 50, ""n_jobs"": -1}"
LOAD-H24-EXTRA_TREES-FULLV1-S2025-F05,load,24,extra_trees,F05,2025,5664,720,0.14421699999365956,0.04269659996498376,0,0.0,"{""estimator_count"": 50, ""max_tree_depth"": 12, ""mean_tree_depth"": 12.0}","{""max_depth"": 12, ""max_features"": 1.0, ""min_samples_leaf"": 2, ""min_samples_split"": 5, ""n_estimators"": 50, ""n_jobs"": -1}"
LOAD-H24-EXTRA_TREES-FULLV1-S31415-F05,load,24,extra_trees,F05,31415,5664,720,0.16232089995173737,0.03905970003688708,0,0.0,"{""estimator_count"": 50, ""max_tree_depth"": 12, ""mean_tree_depth"": 12.0}","{""max_depth"": 12, ""max_features"": 1.0, ""min_samples_leaf"": 2, ""min_samples_split"": 5, ""n_estimators"": 50, ""n_jobs"": -1}"
LOAD-H24-HIST_GRADIENT_BOOSTING-FULLV1-DET-F05,load,24,hist_gradient_boosting,F05,DET,5664,720,0.8613628000020981,0.012140100006945431,0,0.0,"{""iterations"": 200}","{""l2_regularization"": 0.1, ""learning_rate"": 0.08, ""max_depth"": null, ""max_iter"": 200, ""max_leaf_nodes"": 31}"
LOAD-H24-LINEAR_REGRESSION-FULLV1-DET-F06,load,24,linear_regression,F06,DET,6384,744,0.019722299999557436,0.0019668000168167055,0,0.0,"{""coefficient_count"": 12}","{""fit_intercept"": true}"
LOAD-H24-RIDGE-FULLV1-DET-F06,load,24,ridge,F06,DET,6384,744,0.041374400025233626,0.0028046999941579998,0,0.0,"{""coefficient_count"": 12}","{""alpha"": 1.0, ""fit_intercept"": true, ""scaling"": ""StandardScaler inside training-fold pipeline"", ""solver"": ""auto""}"
LOAD-H24-RANDOM_FOREST-FULLV1-S42-F06,load,24,random_forest,F06,42,6384,744,0.3176911000045948,0.0402104000095278,0,0.0,"{""estimator_count"": 50, ""max_tree_depth"": 12, ""mean_tree_depth"": 12.0}","{""max_depth"": 12, ""max_features"": 1.0, ""min_samples_leaf"": 2, ""min_samples_split"": 5, ""n_estimators"": 50, ""n_jobs"": -1}"
LOAD-H24-RANDOM_FOREST-FULLV1-S123-F06,load,24,random_forest,F06,123,6384,744,0.2995204000035301,0.0417860999586992,0,0.0,"{""estimator_count"": 50, ""max_tree_depth"": 12, ""mean_tree_depth"": 12.0}","{""max_depth"": 12, ""max_features"": 1.0, ""min_samples_leaf"": 2, ""min_samples_split"": 5, ""n_estimators"": 50, ""n_jobs"": -1}"
LOAD-H24-RANDOM_FOREST-FULLV1-S2020-F06,load,24,random_forest,F06,2020,6384,744,0.30983850004849955,0.0386162000359036,0,0.0,"{""estimator_count"": 50, ""max_tree_depth"": 12, ""mean_tree_depth"": 12.0}","{""max_depth"": 12, ""max_features"": 1.0, ""min_samples_leaf"": 2, ""min_samples_split"": 5, ""n_estimators"": 50, ""n_jobs"": -1}"
LOAD-H24-RANDOM_FOREST-FULLV1-S2025-F06,load,24,random_forest,F06,2025,6384,744,0.31632569996872917,0.03893370000878349,0,0.0,"{""estimator_count"": 50, ""max_tree_depth"": 12, ""mean_tree_depth"": 12.0}","{""max_depth"": 12, ""max_features"": 1.0, ""min_samples_leaf"": 2, ""min_samples_split"": 5, ""n_estimators"": 50, ""n_jobs"": -1}"
LOAD-H24-RANDOM_FOREST-FULLV1-S31415-F06,load,24,random_forest,F06,31415,6384,744,0.34943469997961074,0.03992290003225207,0,0.0,"{""estimator_count"": 50, ""max_tree_depth"": 12, ""mean_tree_depth"": 12.0}","{""max_depth"": 12, ""max_features"": 1.0, ""min_samples_leaf"": 2, ""min_samples_split"": 5, ""n_estimators"": 50, ""n_jobs"": -1}"
LOAD-H24-EXTRA_TREES-FULLV1-S42-F06,load,24,extra_trees,F06,42,6384,744,0.1636947999941185,0.0427176000084728,0,0.0,"{""estimator_count"": 50, ""max_tree_depth"": 12, ""mean_tree_depth"": 12.0}","{""max_depth"": 12, ""max_features"": 1.0, ""min_samples_leaf"": 2, ""min_samples_split"": 5, ""n_estimators"": 50, ""n_jobs"": -1}"
LOAD-H24-EXTRA_TREES-FULLV1-S123-F06,load,24,extra_trees,F06,123,6384,744,0.13643279997631907,0.04140780004672706,0,0.0,"{""estimator_count"": 50, ""max_tree_depth"": 12, ""mean_tree_depth"": 12.0}","{""max_depth"": 12, ""max_features"": 1.0, ""min_samples_leaf"": 2, ""min_samples_split"": 5, ""n_estimators"": 50, ""n_jobs"": -1}"
LOAD-H24-EXTRA_TREES-FULLV1-S2020-F06,load,24,extra_trees,F06,2020,6384,744,0.20439209998585284,0.038725399994291365,0,0.0,"{""estimator_count"": 50, ""max_tree_depth"": 12, ""mean_tree_depth"": 12.0}","{""max_depth"": 12, ""max_features"": 1.0, ""min_samples_leaf"": 2, ""min_samples_split"": 5, ""n_estimators"": 50, ""n_jobs"": -1}"
LOAD-H24-EXTRA_TREES-FULLV1-S2025-F06,load,24,extra_trees,F06,2025,6384,744,0.13579180004308,0.04031330003635958,0,0.0,"{""estimator_count"": 50, ""max_tree_depth"": 12, ""mean_tree_depth"": 12.0}","{""max_depth"": 12, ""max_features"": 1.0, ""min_samples_leaf"": 2, ""min_samples_split"": 5, ""n_estimators"": 50, ""n_jobs"": -1}"
LOAD-H24-EXTRA_TREES-FULLV1-S31415-F06,load,24,extra_trees,F06,31415,6384,744,0.17080419999547303,0.040614400000777096,0,0.0,"{""estimator_count"": 50, ""max_tree_depth"": 12, ""mean_tree_depth"": 12.0}","{""max_depth"": 12, ""max_features"": 1.0, ""min_samples_leaf"": 2, ""min_samples_split"": 5, ""n_estimators"": 50, ""n_jobs"": -1}"
LOAD-H24-HIST_GRADIENT_BOOSTING-FULLV1-DET-F06,load,24,hist_gradient_boosting,F06,DET,6384,744,0.8734896999667399,0.01125280000269413,0,0.0,"{""iterations"": 200}","{""l2_regularization"": 0.1, ""learning_rate"": 0.08, ""max_depth"": null, ""max_iter"": 200, ""max_leaf_nodes"": 31}"
WIND-H1-LINEAR_REGRESSION-FULLV1-DET-F01,wind,1,linear_regression,F01,DET,2735,744,0.00612210005056113,0.0011696000001393259,5,0.6720430107526881,"{""coefficient_count"": 12}","{""fit_intercept"": true}"
WIND-H1-RIDGE-FULLV1-DET-F01,wind,1,ridge,F01,DET,2735,744,0.013104200013913214,0.0021940000005997717,5,0.6720430107526881,"{""coefficient_count"": 12}","{""alpha"": 1.0, ""fit_intercept"": true, ""scaling"": ""StandardScaler inside training-fold pipeline"", ""solver"": ""auto""}"
WIND-H1-RANDOM_FOREST-FULLV1-S42-F01,wind,1,random_forest,F01,42,2735,744,0.22925279999617487,0.03893959999550134,0,0.0,"{""estimator_count"": 50, ""max_tree_depth"": 12, ""mean_tree_depth"": 12.0}","{""max_depth"": 12, ""max_features"": 1.0, ""min_samples_leaf"": 2, ""min_samples_split"": 5, ""n_estimators"": 50, ""n_jobs"": -1}"
WIND-H1-RANDOM_FOREST-FULLV1-S123-F01,wind,1,random_forest,F01,123,2735,744,0.16509929997846484,0.03866189997643232,0,0.0,"{""estimator_count"": 50, ""max_tree_depth"": 12, ""mean_tree_depth"": 12.0}","{""max_depth"": 12, ""max_features"": 1.0, ""min_samples_leaf"": 2, ""min_samples_split"": 5, ""n_estimators"": 50, ""n_jobs"": -1}"
WIND-H1-RANDOM_FOREST-FULLV1-S2020-F01,wind,1,random_forest,F01,2020,2735,744,0.16934919997584075,0.03907719999551773,0,0.0,"{""estimator_count"": 50, ""max_tree_depth"": 12, ""mean_tree_depth"": 12.0}","{""max_depth"": 12, ""max_features"": 1.0, ""min_samples_leaf"": 2, ""min_samples_split"": 5, ""n_estimators"": 50, ""n_jobs"": -1}"
WIND-H1-RANDOM_FOREST-FULLV1-S2025-F01,wind,1,random_forest,F01,2025,2735,744,0.19182730000466108,0.03939299995545298,0,0.0,"{""estimator_count"": 50, ""max_tree_depth"": 12, ""mean_tree_depth"": 12.0}","{""max_depth"": 12, ""max_features"": 1.0, ""min_samples_leaf"": 2, ""min_samples_split"": 5, ""n_estimators"": 50, ""n_jobs"": -1}"
WIND-H1-RANDOM_FOREST-FULLV1-S31415-F01,wind,1,random_forest,F01,31415,2735,744,0.19573390000732616,0.03863259998615831,0,0.0,"{""estimator_count"": 50, ""max_tree_depth"": 12, ""mean_tree_depth"": 12.0}","{""max_depth"": 12, ""max_features"": 1.0, ""min_samples_leaf"": 2, ""min_samples_split"": 5, ""n_estimators"": 50, ""n_jobs"": -1}"
WIND-H1-EXTRA_TREES-FULLV1-S42-F01,wind,1,extra_trees,F01,42,2735,744,0.09455229999730363,0.041454399994108826,0,0.0,"{""estimator_count"": 50, ""max_tree_depth"": 12, ""mean_tree_depth"": 12.0}","{""max_depth"": 12, ""max_features"": 1.0, ""min_samples_leaf"": 2, ""min_samples_split"": 5, ""n_estimators"": 50, ""n_jobs"": -1}"
WIND-H1-EXTRA_TREES-FULLV1-S123-F01,wind,1,extra_trees,F01,123,2735,744,0.09456200001295656,0.040619099978357553,0,0.0,"{""estimator_count"": 50, ""max_tree_depth"": 12, ""mean_tree_depth"": 12.0}","{""max_depth"": 12, ""max_features"": 1.0, ""min_samples_leaf"": 2, ""min_samples_split"": 5, ""n_estimators"": 50, ""n_jobs"": -1}"
WIND-H1-EXTRA_TREES-FULLV1-S2020-F01,wind,1,extra_trees,F01,2020,2735,744,0.09613019996322691,0.040198000031523407,0,0.0,"{""estimator_count"": 50, ""max_tree_depth"": 12, ""mean_tree_depth"": 12.0}","{""max_depth"": 12, ""max_features"": 1.0, ""min_samples_leaf"": 2, ""min_samples_split"": 5, ""n_estimators"": 50, ""n_jobs"": -1}"
WIND-H1-EXTRA_TREES-FULLV1-S2025-F01,wind,1,extra_trees,F01,2025,2735,744,0.10202930000377819,0.0383680000086315,0,0.0,"{""estimator_count"": 50, ""max_tree_depth"": 12, ""mean_tree_depth"": 12.0}","{""max_depth"": 12, ""max_features"": 1.0, ""min_samples_leaf"": 2, ""min_samples_split"": 5, ""n_estimators"": 50, ""n_jobs"": -1}"
WIND-H1-EXTRA_TREES-FULLV1-S31415-F01,wind,1,extra_trees,F01,31415,2735,744,0.1180449000094086,0.04184199997689575,0,0.0,"{""estimator_count"": 50, ""max_tree_depth"": 12, ""mean_tree_depth"": 12.0}","{""max_depth"": 12, ""max_features"": 1.0, ""min_samples_leaf"": 2, ""min_samples_split"": 5, ""n_estimators"": 50, ""n_jobs"": -1}"
WIND-H1-HIST_GRADIENT_BOOSTING-FULLV1-DET-F01,wind,1,hist_gradient_boosting,F01,DET,2735,744,0.8046163000399247,0.011336399998981506,0,0.0,"{""iterations"": 200}","{""l2_regularization"": 0.1, ""learning_rate"": 0.08, ""max_depth"": null, ""max_iter"": 200, ""max_leaf_nodes"": 31}"
WIND-H1-LINEAR_REGRESSION-FULLV1-DET-F02,wind,1,linear_regression,F02,DET,3479,720,0.011159999994561076,0.001552900008391589,2,0.2777777777777778,"{""coefficient_count"": 12}","{""fit_intercept"": true}"
WIND-H1-RIDGE-FULLV1-DET-F02,wind,1,ridge,F02,DET,3479,720,0.026273600000422448,0.0036289000418037176,2,0.2777777777777778,"{""coefficient_count"": 12}","{""alpha"": 1.0, ""fit_intercept"": true, ""scaling"": ""StandardScaler inside training-fold pipeline"", ""solver"": ""auto""}"
WIND-H1-RANDOM_FOREST-FULLV1-S42-F02,wind,1,random_forest,F02,42,3479,720,0.266808399988804,0.043256300035864115,0,0.0,"{""estimator_count"": 50, ""max_tree_depth"": 12, ""mean_tree_depth"": 12.0}","{""max_depth"": 12, ""max_features"": 1.0, ""min_samples_leaf"": 2, ""min_samples_split"": 5, ""n_estimators"": 50, ""n_jobs"": -1}"
WIND-H1-RANDOM_FOREST-FULLV1-S123-F02,wind,1,random_forest,F02,123,3479,720,0.20731219998560846,0.038377100019715726,0,0.0,"{""estimator_count"": 50, ""max_tree_depth"": 12, ""mean_tree_depth"": 12.0}","{""max_depth"": 12, ""max_features"": 1.0, ""min_samples_leaf"": 2, ""min_samples_split"": 5, ""n_estimators"": 50, ""n_jobs"": -1}"
WIND-H1-RANDOM_FOREST-FULLV1-S2020-F02,wind,1,random_forest,F02,2020,3479,720,0.288944200030528,0.039928399957716465,0,0.0,"{""estimator_count"": 50, ""max_tree_depth"": 12, ""mean_tree_depth"": 12.0}","{""max_depth"": 12, ""max_features"": 1.0, ""min_samples_leaf"": 2, ""min_samples_split"": 5, ""n_estimators"": 50, ""n_jobs"": -1}"
WIND-H1-RANDOM_FOREST-FULLV1-S2025-F02,wind,1,random_forest,F02,2025,3479,720,0.19074809999438003,0.043227899994235486,0,0.0,"{""estimator_count"": 50, ""max_tree_depth"": 12, ""mean_tree_depth"": 12.0}","{""max_depth"": 12, ""max_features"": 1.0, ""min_samples_leaf"": 2, ""min_samples_split"": 5, ""n_estimators"": 50, ""n_jobs"": -1}"
WIND-H1-RANDOM_FOREST-FULLV1-S31415-F02,wind,1,random_forest,F02,31415,3479,720,0.21994490001816303,0.04005200002575293,0,0.0,"{""estimator_count"": 50, ""max_tree_depth"": 12, ""mean_tree_depth"": 12.0}","{""max_depth"": 12, ""max_features"": 1.0, ""min_samples_leaf"": 2, ""min_samples_split"": 5, ""n_estimators"": 50, ""n_jobs"": -1}"
WIND-H1-EXTRA_TREES-FULLV1-S42-F02,wind,1,extra_trees,F02,42,3479,720,0.11938950000330806,0.04162809997797012,0,0.0,"{""estimator_count"": 50, ""max_tree_depth"": 12, ""mean_tree_depth"": 12.0}","{""max_depth"": 12, ""max_features"": 1.0, ""min_samples_leaf"": 2, ""min_samples_split"": 5, ""n_estimators"": 50, ""n_jobs"": -1}"
WIND-H1-EXTRA_TREES-FULLV1-S123-F02,wind,1,extra_trees,F02,123,3479,720,0.1254402999766171,0.03980480000609532,0,0.0,"{""estimator_count"": 50, ""max_tree_depth"": 12, ""mean_tree_depth"": 12.0}","{""max_depth"": 12, ""max_features"": 1.0, ""min_samples_leaf"": 2, ""min_samples_split"": 5, ""n_estimators"": 50, ""n_jobs"": -1}"
WIND-H1-EXTRA_TREES-FULLV1-S2020-F02,wind,1,extra_trees,F02,2020,3479,720,0.10607149999123067,0.03895110002486035,0,0.0,"{""estimator_count"": 50, ""max_tree_depth"": 12, ""mean_tree_depth"": 12.0}","{""max_depth"": 12, ""max_features"": 1.0, ""min_samples_leaf"": 2, ""min_samples_split"": 5, ""n_estimators"": 50, ""n_jobs"": -1}"
WIND-H1-EXTRA_TREES-FULLV1-S2025-F02,wind,1,extra_trees,F02,2025,3479,720,0.12708209996344522,0.0427740000304766,0,0.0,"{""estimator_count"": 50, ""max_tree_depth"": 12, ""mean_tree_depth"": 12.0}","{""max_depth"": 12, ""max_features"": 1.0, ""min_samples_leaf"": 2, ""min_samples_split"": 5, ""n_estimators"": 50, ""n_jobs"": -1}"
WIND-H1-EXTRA_TREES-FULLV1-S31415-F02,wind,1,extra_trees,F02,31415,3479,720,0.10395690001314506,0.04165810003178194,0,0.0,"{""estimator_count"": 50, ""max_tree_depth"": 12, ""mean_tree_depth"": 12.0}","{""max_depth"": 12, ""max_features"": 1.0, ""min_samples_leaf"": 2, ""min_samples_split"": 5, ""n_estimators"": 50, ""n_jobs"": -1}"
WIND-H1-HIST_GRADIENT_BOOSTING-FULLV1-DET-F02,wind,1,hist_gradient_boosting,F02,DET,3479,720,0.8275616999599151,0.011467200005427003,0,0.0,"{""iterations"": 200}","{""l2_regularization"": 0.1, ""learning_rate"": 0.08, ""max_depth"": null, ""max_iter"": 200, ""max_leaf_nodes"": 31}"
WIND-H1-LINEAR_REGRESSION-FULLV1-DET-F03,wind,1,linear_regression,F03,DET,4199,744,0.013878399971872568,0.002154999994672835,4,0.5376344086021505,"{""coefficient_count"": 12}","{""fit_intercept"": true}"
WIND-H1-RIDGE-FULLV1-DET-F03,wind,1,ridge,F03,DET,4199,744,0.030020600010175258,0.0037287999875843525,4,0.5376344086021505,"{""coefficient_count"": 12}","{""alpha"": 1.0, ""fit_intercept"": true, ""scaling"": ""StandardScaler inside training-fold pipeline"", ""solver"": ""auto""}"
WIND-H1-RANDOM_FOREST-FULLV1-S42-F03,wind,1,random_forest,F03,42,4199,744,0.23843530000885949,0.03973700001370162,0,0.0,"{""estimator_count"": 50, ""max_tree_depth"": 12, ""mean_tree_depth"": 12.0}","{""max_depth"": 12, ""max_features"": 1.0, ""min_samples_leaf"": 2, ""min_samples_split"": 5, ""n_estimators"": 50, ""n_jobs"": -1}"
WIND-H1-RANDOM_FOREST-FULLV1-S123-F03,wind,1,random_forest,F03,123,4199,744,0.23825090000173077,0.03902990004280582,0,0.0,"{""estimator_count"": 50, ""max_tree_depth"": 12, ""mean_tree_depth"": 12.0}","{""max_depth"": 12, ""max_features"": 1.0, ""min_samples_leaf"": 2, ""min_samples_split"": 5, ""n_estimators"": 50, ""n_jobs"": -1}"
WIND-H1-RANDOM_FOREST-FULLV1-S2020-F03,wind,1,random_forest,F03,2020,4199,744,0.2960274000070058,0.044756899995263666,0,0.0,"{""estimator_count"": 50, ""max_tree_depth"": 12, ""mean_tree_depth"": 12.0}","{""max_depth"": 12, ""max_features"": 1.0, ""min_samples_leaf"": 2, ""min_samples_split"": 5, ""n_estimators"": 50, ""n_jobs"": -1}"
WIND-H1-RANDOM_FOREST-FULLV1-S2025-F03,wind,1,random_forest,F03,2025,4199,744,0.27641239995136857,0.04173669998999685,0,0.0,"{""estimator_count"": 50, ""max_tree_depth"": 12, ""mean_tree_depth"": 12.0}","{""max_depth"": 12, ""max_features"": 1.0, ""min_samples_leaf"": 2, ""min_samples_split"": 5, ""n_estimators"": 50, ""n_jobs"": -1}"
WIND-H1-RANDOM_FOREST-FULLV1-S31415-F03,wind,1,random_forest,F03,31415,4199,744,0.22103220003191382,0.041989199991803616,0,0.0,"{""estimator_count"": 50, ""max_tree_depth"": 12, ""mean_tree_depth"": 12.0}","{""max_depth"": 12, ""max_features"": 1.0, ""min_samples_leaf"": 2, ""min_samples_split"": 5, ""n_estimators"": 50, ""n_jobs"": -1}"
WIND-H1-EXTRA_TREES-FULLV1-S42-F03,wind,1,extra_trees,F03,42,4199,744,0.12804330000653863,0.04137839999748394,0,0.0,"{""estimator_count"": 50, ""max_tree_depth"": 12, ""mean_tree_depth"": 12.0}","{""max_depth"": 12, ""max_features"": 1.0, ""min_samples_leaf"": 2, ""min_samples_split"": 5, ""n_estimators"": 50, ""n_jobs"": -1}"
WIND-H1-EXTRA_TREES-FULLV1-S123-F03,wind,1,extra_trees,F03,123,4199,744,0.11208589997841045,0.04287060000933707,0,0.0,"{""estimator_count"": 50, ""max_tree_depth"": 12, ""mean_tree_depth"": 12.0}","{""max_depth"": 12, ""max_features"": 1.0, ""min_samples_leaf"": 2, ""min_samples_split"": 5, ""n_estimators"": 50, ""n_jobs"": -1}"
WIND-H1-EXTRA_TREES-FULLV1-S2020-F03,wind,1,extra_trees,F03,2020,4199,744,0.14429679996101186,0.05223010003101081,0,0.0,"{""estimator_count"": 50, ""max_tree_depth"": 12, ""mean_tree_depth"": 12.0}","{""max_depth"": 12, ""max_features"": 1.0, ""min_samples_leaf"": 2, ""min_samples_split"": 5, ""n_estimators"": 50, ""n_jobs"": -1}"
WIND-H1-EXTRA_TREES-FULLV1-S2025-F03,wind,1,extra_trees,F03,2025,4199,744,0.1646401999751106,0.04310990002704784,0,0.0,"{""estimator_count"": 50, ""max_tree_depth"": 12, ""mean_tree_depth"": 12.0}","{""max_depth"": 12, ""max_features"": 1.0, ""min_samples_leaf"": 2, ""min_samples_split"": 5, ""n_estimators"": 50, ""n_jobs"": -1}"
WIND-H1-EXTRA_TREES-FULLV1-S31415-F03,wind,1,extra_trees,F03,31415,4199,744,0.11263220000546426,0.04114009998738766,0,0.0,"{""estimator_count"": 50, ""max_tree_depth"": 12, ""mean_tree_depth"": 12.0}","{""max_depth"": 12, ""max_features"": 1.0, ""min_samples_leaf"": 2, ""min_samples_split"": 5, ""n_estimators"": 50, ""n_jobs"": -1}"
WIND-H1-HIST_GRADIENT_BOOSTING-FULLV1-DET-F03,wind,1,hist_gradient_boosting,F03,DET,4199,744,0.8097857999964617,0.013026500004343688,0,0.0,"{""iterations"": 200}","{""l2_regularization"": 0.1, ""learning_rate"": 0.08, ""max_depth"": null, ""max_iter"": 200, ""max_leaf_nodes"": 31}"
WIND-H1-LINEAR_REGRESSION-FULLV1-DET-F04,wind,1,linear_regression,F04,DET,4943,744,0.015181199996732175,0.001533699978608638,3,0.4032258064516129,"{""coefficient_count"": 12}","{""fit_intercept"": true}"
WIND-H1-RIDGE-FULLV1-DET-F04,wind,1,ridge,F04,DET,4943,744,0.03058199997758493,0.00296770001295954,3,0.4032258064516129,"{""coefficient_count"": 12}","{""alpha"": 1.0, ""fit_intercept"": true, ""scaling"": ""StandardScaler inside training-fold pipeline"", ""solver"": ""auto""}"
WIND-H1-RANDOM_FOREST-FULLV1-S42-F04,wind,1,random_forest,F04,42,4943,744,0.2853906999807805,0.040941899991594255,0,0.0,"{""estimator_count"": 50, ""max_tree_depth"": 12, ""mean_tree_depth"": 12.0}","{""max_depth"": 12, ""max_features"": 1.0, ""min_samples_leaf"": 2, ""min_samples_split"": 5, ""n_estimators"": 50, ""n_jobs"": -1}"
WIND-H1-RANDOM_FOREST-FULLV1-S123-F04,wind,1,random_forest,F04,123,4943,744,0.2926669000298716,0.0450826000305824,0,0.0,"{""estimator_count"": 50, ""max_tree_depth"": 12, ""mean_tree_depth"": 12.0}","{""max_depth"": 12, ""max_features"": 1.0, ""min_samples_leaf"": 2, ""min_samples_split"": 5, ""n_estimators"": 50, ""n_jobs"": -1}"
WIND-H1-RANDOM_FOREST-FULLV1-S2020-F04,wind,1,random_forest,F04,2020,4943,744,0.2837085000355728,0.04097189998719841,0,0.0,"{""estimator_count"": 50, ""max_tree_depth"": 12, ""mean_tree_depth"": 12.0}","{""max_depth"": 12, ""max_features"": 1.0, ""min_samples_leaf"": 2, ""min_samples_split"": 5, ""n_estimators"": 50, ""n_jobs"": -1}"
WIND-H1-RANDOM_FOREST-FULLV1-S2025-F04,wind,1,random_forest,F04,2025,4943,744,0.34684730001026765,0.0433074000175111,0,0.0,"{""estimator_count"": 50, ""max_tree_depth"": 12, ""mean_tree_depth"": 12.0}","{""max_depth"": 12, ""max_features"": 1.0, ""min_samples_leaf"": 2, ""min_samples_split"": 5, ""n_estimators"": 50, ""n_jobs"": -1}"
WIND-H1-RANDOM_FOREST-FULLV1-S31415-F04,wind,1,random_forest,F04,31415,4943,744,0.2763544000335969,0.0394281999906525,0,0.0,"{""estimator_count"": 50, ""max_tree_depth"": 12, ""mean_tree_depth"": 12.0}","{""max_depth"": 12, ""max_features"": 1.0, ""min_samples_leaf"": 2, ""min_samples_split"": 5, ""n_estimators"": 50, ""n_jobs"": -1}"
WIND-H1-EXTRA_TREES-FULLV1-S42-F04,wind,1,extra_trees,F04,42,4943,744,0.15503020002506673,0.04408710001735017,0,0.0,"{""estimator_count"": 50, ""max_tree_depth"": 12, ""mean_tree_depth"": 12.0}","{""max_depth"": 12, ""max_features"": 1.0, ""min_samples_leaf"": 2, ""min_samples_split"": 5, ""n_estimators"": 50, ""n_jobs"": -1}"
WIND-H1-EXTRA_TREES-FULLV1-S123-F04,wind,1,extra_trees,F04,123,4943,744,0.12732160004088655,0.04116369999246672,0,0.0,"{""estimator_count"": 50, ""max_tree_depth"": 12, ""mean_tree_depth"": 12.0}","{""max_depth"": 12, ""max_features"": 1.0, ""min_samples_leaf"": 2, ""min_samples_split"": 5, ""n_estimators"": 50, ""n_jobs"": -1}"
WIND-H1-EXTRA_TREES-FULLV1-S2020-F04,wind,1,extra_trees,F04,2020,4943,744,0.11608099995646626,0.03939900000113994,0,0.0,"{""estimator_count"": 50, ""max_tree_depth"": 12, ""mean_tree_depth"": 12.0}","{""max_depth"": 12, ""max_features"": 1.0, ""min_samples_leaf"": 2, ""min_samples_split"": 5, ""n_estimators"": 50, ""n_jobs"": -1}"
WIND-H1-EXTRA_TREES-FULLV1-S2025-F04,wind,1,extra_trees,F04,2025,4943,744,0.16119780001463369,0.05114519997732714,0,0.0,"{""estimator_count"": 50, ""max_tree_depth"": 12, ""mean_tree_depth"": 12.0}","{""max_depth"": 12, ""max_features"": 1.0, ""min_samples_leaf"": 2, ""min_samples_split"": 5, ""n_estimators"": 50, ""n_jobs"": -1}"
WIND-H1-EXTRA_TREES-FULLV1-S31415-F04,wind,1,extra_trees,F04,31415,4943,744,0.11572449997765943,0.04189509997377172,0,0.0,"{""estimator_count"": 50, ""max_tree_depth"": 12, ""mean_tree_depth"": 12.0}","{""max_depth"": 12, ""max_features"": 1.0, ""min_samples_leaf"": 2, ""min_samples_split"": 5, ""n_estimators"": 50, ""n_jobs"": -1}"
WIND-H1-HIST_GRADIENT_BOOSTING-FULLV1-DET-F04,wind,1,hist_gradient_boosting,F04,DET,4943,744,0.8250164000201039,0.010940500011201948,0,0.0,"{""iterations"": 200}","{""l2_regularization"": 0.1, ""learning_rate"": 0.08, ""max_depth"": null, ""max_iter"": 200, ""max_leaf_nodes"": 31}"
WIND-H1-LINEAR_REGRESSION-FULLV1-DET-F05,wind,1,linear_regression,F05,DET,5687,720,0.016981000022497028,0.0018054000101983547,3,0.4166666666666667,"{""coefficient_count"": 12}","{""fit_intercept"": true}"
WIND-H1-RIDGE-FULLV1-DET-F05,wind,1,ridge,F05,DET,5687,720,0.03864789998624474,0.0027267999830655754,3,0.4166666666666667,"{""coefficient_count"": 12}","{""alpha"": 1.0, ""fit_intercept"": true, ""scaling"": ""StandardScaler inside training-fold pipeline"", ""solver"": ""auto""}"
WIND-H1-RANDOM_FOREST-FULLV1-S42-F05,wind,1,random_forest,F05,42,5687,720,0.302752599993255,0.04221440001856536,0,0.0,"{""estimator_count"": 50, ""max_tree_depth"": 12, ""mean_tree_depth"": 12.0}","{""max_depth"": 12, ""max_features"": 1.0, ""min_samples_leaf"": 2, ""min_samples_split"": 5, ""n_estimators"": 50, ""n_jobs"": -1}"
WIND-H1-RANDOM_FOREST-FULLV1-S123-F05,wind,1,random_forest,F05,123,5687,720,0.27617129997815937,0.04059920000145212,0,0.0,"{""estimator_count"": 50, ""max_tree_depth"": 12, ""mean_tree_depth"": 12.0}","{""max_depth"": 12, ""max_features"": 1.0, ""min_samples_leaf"": 2, ""min_samples_split"": 5, ""n_estimators"": 50, ""n_jobs"": -1}"
WIND-H1-RANDOM_FOREST-FULLV1-S2020-F05,wind,1,random_forest,F05,2020,5687,720,0.28802430001087487,0.04058739996980876,0,0.0,"{""estimator_count"": 50, ""max_tree_depth"": 12, ""mean_tree_depth"": 12.0}","{""max_depth"": 12, ""max_features"": 1.0, ""min_samples_leaf"": 2, ""min_samples_split"": 5, ""n_estimators"": 50, ""n_jobs"": -1}"
WIND-H1-RANDOM_FOREST-FULLV1-S2025-F05,wind,1,random_forest,F05,2025,5687,720,0.35455709998495877,0.04245110001647845,0,0.0,"{""estimator_count"": 50, ""max_tree_depth"": 12, ""mean_tree_depth"": 12.0}","{""max_depth"": 12, ""max_features"": 1.0, ""min_samples_leaf"": 2, ""min_samples_split"": 5, ""n_estimators"": 50, ""n_jobs"": -1}"
WIND-H1-RANDOM_FOREST-FULLV1-S31415-F05,wind,1,random_forest,F05,31415,5687,720,0.2829228999908082,0.039289899985305965,0,0.0,"{""estimator_count"": 50, ""max_tree_depth"": 12, ""mean_tree_depth"": 12.0}","{""max_depth"": 12, ""max_features"": 1.0, ""min_samples_leaf"": 2, ""min_samples_split"": 5, ""n_estimators"": 50, ""n_jobs"": -1}"
WIND-H1-EXTRA_TREES-FULLV1-S42-F05,wind,1,extra_trees,F05,42,5687,720,0.16708639997523278,0.03909109998494387,0,0.0,"{""estimator_count"": 50, ""max_tree_depth"": 12, ""mean_tree_depth"": 12.0}","{""max_depth"": 12, ""max_features"": 1.0, ""min_samples_leaf"": 2, ""min_samples_split"": 5, ""n_estimators"": 50, ""n_jobs"": -1}"
WIND-H1-EXTRA_TREES-FULLV1-S123-F05,wind,1,extra_trees,F05,123,5687,720,0.14024209999479353,0.0427915999898687,0,0.0,"{""estimator_count"": 50, ""max_tree_depth"": 12, ""mean_tree_depth"": 12.0}","{""max_depth"": 12, ""max_features"": 1.0, ""min_samples_leaf"": 2, ""min_samples_split"": 5, ""n_estimators"": 50, ""n_jobs"": -1}"
WIND-H1-EXTRA_TREES-FULLV1-S2020-F05,wind,1,extra_trees,F05,2020,5687,720,0.13779649999924004,0.04275799996685237,0,0.0,"{""estimator_count"": 50, ""max_tree_depth"": 12, ""mean_tree_depth"": 12.0}","{""max_depth"": 12, ""max_features"": 1.0, ""min_samples_leaf"": 2, ""min_samples_split"": 5, ""n_estimators"": 50, ""n_jobs"": -1}"
WIND-H1-EXTRA_TREES-FULLV1-S2025-F05,wind,1,extra_trees,F05,2025,5687,720,0.15093760000308976,0.04570859996601939,0,0.0,"{""estimator_count"": 50, ""max_tree_depth"": 12, ""mean_tree_depth"": 12.0}","{""max_depth"": 12, ""max_features"": 1.0, ""min_samples_leaf"": 2, ""min_samples_split"": 5, ""n_estimators"": 50, ""n_jobs"": -1}"
WIND-H1-EXTRA_TREES-FULLV1-S31415-F05,wind,1,extra_trees,F05,31415,5687,720,0.15642650000518188,0.03794059995561838,0,0.0,"{""estimator_count"": 50, ""max_tree_depth"": 12, ""mean_tree_depth"": 12.0}","{""max_depth"": 12, ""max_features"": 1.0, ""min_samples_leaf"": 2, ""min_samples_split"": 5, ""n_estimators"": 50, ""n_jobs"": -1}"
WIND-H1-HIST_GRADIENT_BOOSTING-FULLV1-DET-F05,wind,1,hist_gradient_boosting,F05,DET,5687,720,0.8421065000002272,0.011084099998697639,0,0.0,"{""iterations"": 200}","{""l2_regularization"": 0.1, ""learning_rate"": 0.08, ""max_depth"": null, ""max_iter"": 200, ""max_leaf_nodes"": 31}"
WIND-H1-LINEAR_REGRESSION-FULLV1-DET-F06,wind,1,linear_regression,F06,DET,6407,744,0.01760730001842603,0.001221399987116456,0,0.0,"{""coefficient_count"": 12}","{""fit_intercept"": true}"
WIND-H1-RIDGE-FULLV1-DET-F06,wind,1,ridge,F06,DET,6407,744,0.04226229997584596,0.0038480000221170485,0,0.0,"{""coefficient_count"": 12}","{""alpha"": 1.0, ""fit_intercept"": true, ""scaling"": ""StandardScaler inside training-fold pipeline"", ""solver"": ""auto""}"
WIND-H1-RANDOM_FOREST-FULLV1-S42-F06,wind,1,random_forest,F06,42,6407,744,0.30636190000222996,0.03917040000669658,0,0.0,"{""estimator_count"": 50, ""max_tree_depth"": 12, ""mean_tree_depth"": 12.0}","{""max_depth"": 12, ""max_features"": 1.0, ""min_samples_leaf"": 2, ""min_samples_split"": 5, ""n_estimators"": 50, ""n_jobs"": -1}"
WIND-H1-RANDOM_FOREST-FULLV1-S123-F06,wind,1,random_forest,F06,123,6407,744,0.31531959999119863,0.040965499996673316,0,0.0,"{""estimator_count"": 50, ""max_tree_depth"": 12, ""mean_tree_depth"": 12.0}","{""max_depth"": 12, ""max_features"": 1.0, ""min_samples_leaf"": 2, ""min_samples_split"": 5, ""n_estimators"": 50, ""n_jobs"": -1}"
WIND-H1-RANDOM_FOREST-FULLV1-S2020-F06,wind,1,random_forest,F06,2020,6407,744,0.34514489996945485,0.04345100000500679,0,0.0,"{""estimator_count"": 50, ""max_tree_depth"": 12, ""mean_tree_depth"": 12.0}","{""max_depth"": 12, ""max_features"": 1.0, ""min_samples_leaf"": 2, ""min_samples_split"": 5, ""n_estimators"": 50, ""n_jobs"": -1}"
WIND-H1-RANDOM_FOREST-FULLV1-S2025-F06,wind,1,random_forest,F06,2025,6407,744,0.338882600015495,0.04117799998493865,0,0.0,"{""estimator_count"": 50, ""max_tree_depth"": 12, ""mean_tree_depth"": 12.0}","{""max_depth"": 12, ""max_features"": 1.0, ""min_samples_leaf"": 2, ""min_samples_split"": 5, ""n_estimators"": 50, ""n_jobs"": -1}"
WIND-H1-RANDOM_FOREST-FULLV1-S31415-F06,wind,1,random_forest,F06,31415,6407,744,0.34095939999679103,0.042249999998603016,0,0.0,"{""estimator_count"": 50, ""max_tree_depth"": 12, ""mean_tree_depth"": 12.0}","{""max_depth"": 12, ""max_features"": 1.0, ""min_samples_leaf"": 2, ""min_samples_split"": 5, ""n_estimators"": 50, ""n_jobs"": -1}"
WIND-H1-EXTRA_TREES-FULLV1-S42-F06,wind,1,extra_trees,F06,42,6407,744,0.18281799997203052,0.04023410001536831,0,0.0,"{""estimator_count"": 50, ""max_tree_depth"": 12, ""mean_tree_depth"": 12.0}","{""max_depth"": 12, ""max_features"": 1.0, ""min_samples_leaf"": 2, ""min_samples_split"": 5, ""n_estimators"": 50, ""n_jobs"": -1}"
WIND-H1-EXTRA_TREES-FULLV1-S123-F06,wind,1,extra_trees,F06,123,6407,744,0.14784579997649416,0.03921110002556816,0,0.0,"{""estimator_count"": 50, ""max_tree_depth"": 12, ""mean_tree_depth"": 12.0}","{""max_depth"": 12, ""max_features"": 1.0, ""min_samples_leaf"": 2, ""min_samples_split"": 5, ""n_estimators"": 50, ""n_jobs"": -1}"
WIND-H1-EXTRA_TREES-FULLV1-S2020-F06,wind,1,extra_trees,F06,2020,6407,744,0.2021324000088498,0.043093200016301125,0,0.0,"{""estimator_count"": 50, ""max_tree_depth"": 12, ""mean_tree_depth"": 12.0}","{""max_depth"": 12, ""max_features"": 1.0, ""min_samples_leaf"": 2, ""min_samples_split"": 5, ""n_estimators"": 50, ""n_jobs"": -1}"
WIND-H1-EXTRA_TREES-FULLV1-S2025-F06,wind,1,extra_trees,F06,2025,6407,744,0.13894630002323538,0.04139709996525198,0,0.0,"{""estimator_count"": 50, ""max_tree_depth"": 12, ""mean_tree_depth"": 12.0}","{""max_depth"": 12, ""max_features"": 1.0, ""min_samples_leaf"": 2, ""min_samples_split"": 5, ""n_estimators"": 50, ""n_jobs"": -1}"
WIND-H1-EXTRA_TREES-FULLV1-S31415-F06,wind,1,extra_trees,F06,31415,6407,744,0.15085350000299513,0.03849639999680221,0,0.0,"{""estimator_count"": 50, ""max_tree_depth"": 12, ""mean_tree_depth"": 12.0}","{""max_depth"": 12, ""max_features"": 1.0, ""min_samples_leaf"": 2, ""min_samples_split"": 5, ""n_estimators"": 50, ""n_jobs"": -1}"
WIND-H1-HIST_GRADIENT_BOOSTING-FULLV1-DET-F06,wind,1,hist_gradient_boosting,F06,DET,6407,744,0.8612733000190929,0.011572599993087351,0,0.0,"{""iterations"": 200}","{""l2_regularization"": 0.1, ""learning_rate"": 0.08, ""max_depth"": null, ""max_iter"": 200, ""max_leaf_nodes"": 31}"
WIND-H24-LINEAR_REGRESSION-FULLV1-DET-F01,wind,24,linear_regression,F01,DET,2712,744,0.006469900021329522,0.0011424999684095383,15,2.0161290322580645,"{""coefficient_count"": 12}","{""fit_intercept"": true}"
WIND-H24-RIDGE-FULLV1-DET-F01,wind,24,ridge,F01,DET,2712,744,0.014158500009216368,0.0028709000325761735,15,2.0161290322580645,"{""coefficient_count"": 12}","{""alpha"": 1.0, ""fit_intercept"": true, ""scaling"": ""StandardScaler inside training-fold pipeline"", ""solver"": ""auto""}"
WIND-H24-RANDOM_FOREST-FULLV1-S42-F01,wind,24,random_forest,F01,42,2712,744,0.18383799999719486,0.039279800024814904,0,0.0,"{""estimator_count"": 50, ""max_tree_depth"": 12, ""mean_tree_depth"": 12.0}","{""max_depth"": 12, ""max_features"": 1.0, ""min_samples_leaf"": 2, ""min_samples_split"": 5, ""n_estimators"": 50, ""n_jobs"": -1}"
WIND-H24-RANDOM_FOREST-FULLV1-S123-F01,wind,24,random_forest,F01,123,2712,744,0.16088589996797964,0.03970680001657456,0,0.0,"{""estimator_count"": 50, ""max_tree_depth"": 12, ""mean_tree_depth"": 12.0}","{""max_depth"": 12, ""max_features"": 1.0, ""min_samples_leaf"": 2, ""min_samples_split"": 5, ""n_estimators"": 50, ""n_jobs"": -1}"
WIND-H24-RANDOM_FOREST-FULLV1-S2020-F01,wind,24,random_forest,F01,2020,2712,744,0.1887105000205338,0.04104819998610765,0,0.0,"{""estimator_count"": 50, ""max_tree_depth"": 12, ""mean_tree_depth"": 12.0}","{""max_depth"": 12, ""max_features"": 1.0, ""min_samples_leaf"": 2, ""min_samples_split"": 5, ""n_estimators"": 50, ""n_jobs"": -1}"
WIND-H24-RANDOM_FOREST-FULLV1-S2025-F01,wind,24,random_forest,F01,2025,2712,744,0.18431260000215843,0.03855290001956746,0,0.0,"{""estimator_count"": 50, ""max_tree_depth"": 12, ""mean_tree_depth"": 12.0}","{""max_depth"": 12, ""max_features"": 1.0, ""min_samples_leaf"": 2, ""min_samples_split"": 5, ""n_estimators"": 50, ""n_jobs"": -1}"
WIND-H24-RANDOM_FOREST-FULLV1-S31415-F01,wind,24,random_forest,F01,31415,2712,744,0.17124679998960346,0.03942689998075366,0,0.0,"{""estimator_count"": 50, ""max_tree_depth"": 12, ""mean_tree_depth"": 12.0}","{""max_depth"": 12, ""max_features"": 1.0, ""min_samples_leaf"": 2, ""min_samples_split"": 5, ""n_estimators"": 50, ""n_jobs"": -1}"
WIND-H24-EXTRA_TREES-FULLV1-S42-F01,wind,24,extra_trees,F01,42,2712,744,0.1259993000421673,0.04030579997925088,0,0.0,"{""estimator_count"": 50, ""max_tree_depth"": 12, ""mean_tree_depth"": 12.0}","{""max_depth"": 12, ""max_features"": 1.0, ""min_samples_leaf"": 2, ""min_samples_split"": 5, ""n_estimators"": 50, ""n_jobs"": -1}"
WIND-H24-EXTRA_TREES-FULLV1-S123-F01,wind,24,extra_trees,F01,123,2712,744,0.10309119999874383,0.04084219998912886,0,0.0,"{""estimator_count"": 50, ""max_tree_depth"": 12, ""mean_tree_depth"": 12.0}","{""max_depth"": 12, ""max_features"": 1.0, ""min_samples_leaf"": 2, ""min_samples_split"": 5, ""n_estimators"": 50, ""n_jobs"": -1}"
WIND-H24-EXTRA_TREES-FULLV1-S2020-F01,wind,24,extra_trees,F01,2020,2712,744,0.1000415000016801,0.0397948999889195,0,0.0,"{""estimator_count"": 50, ""max_tree_depth"": 12, ""mean_tree_depth"": 12.0}","{""max_depth"": 12, ""max_features"": 1.0, ""min_samples_leaf"": 2, ""min_samples_split"": 5, ""n_estimators"": 50, ""n_jobs"": -1}"
WIND-H24-EXTRA_TREES-FULLV1-S2025-F01,wind,24,extra_trees,F01,2025,2712,744,0.10323199996491894,0.041555200004950166,0,0.0,"{""estimator_count"": 50, ""max_tree_depth"": 12, ""mean_tree_depth"": 12.0}","{""max_depth"": 12, ""max_features"": 1.0, ""min_samples_leaf"": 2, ""min_samples_split"": 5, ""n_estimators"": 50, ""n_jobs"": -1}"
WIND-H24-EXTRA_TREES-FULLV1-S31415-F01,wind,24,extra_trees,F01,31415,2712,744,0.10237260005669668,0.03890350001165643,0,0.0,"{""estimator_count"": 50, ""max_tree_depth"": 12, ""mean_tree_depth"": 12.0}","{""max_depth"": 12, ""max_features"": 1.0, ""min_samples_leaf"": 2, ""min_samples_split"": 5, ""n_estimators"": 50, ""n_jobs"": -1}"
WIND-H24-HIST_GRADIENT_BOOSTING-FULLV1-DET-F01,wind,24,hist_gradient_boosting,F01,DET,2712,744,0.8568138999980874,0.012095299956854433,22,2.956989247311828,"{""iterations"": 200}","{""l2_regularization"": 0.1, ""learning_rate"": 0.08, ""max_depth"": null, ""max_iter"": 200, ""max_leaf_nodes"": 31}"
WIND-H24-LINEAR_REGRESSION-FULLV1-DET-F02,wind,24,linear_regression,F02,DET,3456,720,0.009322799975052476,0.001125000009778887,0,0.0,"{""coefficient_count"": 12}","{""fit_intercept"": true}"
WIND-H24-RIDGE-FULLV1-DET-F02,wind,24,ridge,F02,DET,3456,720,0.024696399981621653,0.002395500021521002,0,0.0,"{""coefficient_count"": 12}","{""alpha"": 1.0, ""fit_intercept"": true, ""scaling"": ""StandardScaler inside training-fold pipeline"", ""solver"": ""auto""}"
WIND-H24-RANDOM_FOREST-FULLV1-S42-F02,wind,24,random_forest,F02,42,3456,720,0.20185179996769875,0.03921920002903789,0,0.0,"{""estimator_count"": 50, ""max_tree_depth"": 12, ""mean_tree_depth"": 12.0}","{""max_depth"": 12, ""max_features"": 1.0, ""min_samples_leaf"": 2, ""min_samples_split"": 5, ""n_estimators"": 50, ""n_jobs"": -1}"
WIND-H24-RANDOM_FOREST-FULLV1-S123-F02,wind,24,random_forest,F02,123,3456,720,0.22588769998401403,0.04092820000369102,0,0.0,"{""estimator_count"": 50, ""max_tree_depth"": 12, ""mean_tree_depth"": 12.0}","{""max_depth"": 12, ""max_features"": 1.0, ""min_samples_leaf"": 2, ""min_samples_split"": 5, ""n_estimators"": 50, ""n_jobs"": -1}"
WIND-H24-RANDOM_FOREST-FULLV1-S2020-F02,wind,24,random_forest,F02,2020,3456,720,0.22999179997714236,0.04439669998828322,0,0.0,"{""estimator_count"": 50, ""max_tree_depth"": 12, ""mean_tree_depth"": 12.0}","{""max_depth"": 12, ""max_features"": 1.0, ""min_samples_leaf"": 2, ""min_samples_split"": 5, ""n_estimators"": 50, ""n_jobs"": -1}"
WIND-H24-RANDOM_FOREST-FULLV1-S2025-F02,wind,24,random_forest,F02,2025,3456,720,0.20035850000567734,0.03888330003246665,0,0.0,"{""estimator_count"": 50, ""max_tree_depth"": 12, ""mean_tree_depth"": 12.0}","{""max_depth"": 12, ""max_features"": 1.0, ""min_samples_leaf"": 2, ""min_samples_split"": 5, ""n_estimators"": 50, ""n_jobs"": -1}"
WIND-H24-RANDOM_FOREST-FULLV1-S31415-F02,wind,24,random_forest,F02,31415,3456,720,0.20538579998537898,0.03961189999245107,0,0.0,"{""estimator_count"": 50, ""max_tree_depth"": 12, ""mean_tree_depth"": 12.0}","{""max_depth"": 12, ""max_features"": 1.0, ""min_samples_leaf"": 2, ""min_samples_split"": 5, ""n_estimators"": 50, ""n_jobs"": -1}"
WIND-H24-EXTRA_TREES-FULLV1-S42-F02,wind,24,extra_trees,F02,42,3456,720,0.09703499998431653,0.04011760000139475,0,0.0,"{""estimator_count"": 50, ""max_tree_depth"": 12, ""mean_tree_depth"": 12.0}","{""max_depth"": 12, ""max_features"": 1.0, ""min_samples_leaf"": 2, ""min_samples_split"": 5, ""n_estimators"": 50, ""n_jobs"": -1}"
WIND-H24-EXTRA_TREES-FULLV1-S123-F02,wind,24,extra_trees,F02,123,3456,720,0.11695509997662157,0.04092340002534911,0,0.0,"{""estimator_count"": 50, ""max_tree_depth"": 12, ""mean_tree_depth"": 12.0}","{""max_depth"": 12, ""max_features"": 1.0, ""min_samples_leaf"": 2, ""min_samples_split"": 5, ""n_estimators"": 50, ""n_jobs"": -1}"
WIND-H24-EXTRA_TREES-FULLV1-S2020-F02,wind,24,extra_trees,F02,2020,3456,720,0.12217729998519644,0.040133000002242625,0,0.0,"{""estimator_count"": 50, ""max_tree_depth"": 12, ""mean_tree_depth"": 12.0}","{""max_depth"": 12, ""max_features"": 1.0, ""min_samples_leaf"": 2, ""min_samples_split"": 5, ""n_estimators"": 50, ""n_jobs"": -1}"
WIND-H24-EXTRA_TREES-FULLV1-S2025-F02,wind,24,extra_trees,F02,2025,3456,720,0.11295330000575632,0.04041620000498369,0,0.0,"{""estimator_count"": 50, ""max_tree_depth"": 12, ""mean_tree_depth"": 12.0}","{""max_depth"": 12, ""max_features"": 1.0, ""min_samples_leaf"": 2, ""min_samples_split"": 5, ""n_estimators"": 50, ""n_jobs"": -1}"
WIND-H24-EXTRA_TREES-FULLV1-S31415-F02,wind,24,extra_trees,F02,31415,3456,720,0.13046380004379898,0.040954000025521964,0,0.0,"{""estimator_count"": 50, ""max_tree_depth"": 12, ""mean_tree_depth"": 12.0}","{""max_depth"": 12, ""max_features"": 1.0, ""min_samples_leaf"": 2, ""min_samples_split"": 5, ""n_estimators"": 50, ""n_jobs"": -1}"
WIND-H24-HIST_GRADIENT_BOOSTING-FULLV1-DET-F02,wind,24,hist_gradient_boosting,F02,DET,3456,720,0.8727744999923743,0.011032300011720508,0,0.0,"{""iterations"": 200}","{""l2_regularization"": 0.1, ""learning_rate"": 0.08, ""max_depth"": null, ""max_iter"": 200, ""max_leaf_nodes"": 31}"
WIND-H24-LINEAR_REGRESSION-FULLV1-DET-F03,wind,24,linear_regression,F03,DET,4176,744,0.011849400005303323,0.0011220000451430678,0,0.0,"{""coefficient_count"": 12}","{""fit_intercept"": true}"
WIND-H24-RIDGE-FULLV1-DET-F03,wind,24,ridge,F03,DET,4176,744,0.028875700023490936,0.0037884999765083194,0,0.0,"{""coefficient_count"": 12}","{""alpha"": 1.0, ""fit_intercept"": true, ""scaling"": ""StandardScaler inside training-fold pipeline"", ""solver"": ""auto""}"
WIND-H24-RANDOM_FOREST-FULLV1-S42-F03,wind,24,random_forest,F03,42,4176,744,0.2334366999566555,0.040048499999102205,0,0.0,"{""estimator_count"": 50, ""max_tree_depth"": 12, ""mean_tree_depth"": 12.0}","{""max_depth"": 12, ""max_features"": 1.0, ""min_samples_leaf"": 2, ""min_samples_split"": 5, ""n_estimators"": 50, ""n_jobs"": -1}"
WIND-H24-RANDOM_FOREST-FULLV1-S123-F03,wind,24,random_forest,F03,123,4176,744,0.2927210000343621,0.038949099951423705,0,0.0,"{""estimator_count"": 50, ""max_tree_depth"": 12, ""mean_tree_depth"": 12.0}","{""max_depth"": 12, ""max_features"": 1.0, ""min_samples_leaf"": 2, ""min_samples_split"": 5, ""n_estimators"": 50, ""n_jobs"": -1}"
WIND-H24-RANDOM_FOREST-FULLV1-S2020-F03,wind,24,random_forest,F03,2020,4176,744,0.22877359995618463,0.04395060002570972,0,0.0,"{""estimator_count"": 50, ""max_tree_depth"": 12, ""mean_tree_depth"": 12.0}","{""max_depth"": 12, ""max_features"": 1.0, ""min_samples_leaf"": 2, ""min_samples_split"": 5, ""n_estimators"": 50, ""n_jobs"": -1}"
WIND-H24-RANDOM_FOREST-FULLV1-S2025-F03,wind,24,random_forest,F03,2025,4176,744,0.2605047999531962,0.039627699996344745,0,0.0,"{""estimator_count"": 50, ""max_tree_depth"": 12, ""mean_tree_depth"": 12.0}","{""max_depth"": 12, ""max_features"": 1.0, ""min_samples_leaf"": 2, ""min_samples_split"": 5, ""n_estimators"": 50, ""n_jobs"": -1}"
WIND-H24-RANDOM_FOREST-FULLV1-S31415-F03,wind,24,random_forest,F03,31415,4176,744,0.21597950003342703,0.040008599986322224,0,0.0,"{""estimator_count"": 50, ""max_tree_depth"": 12, ""mean_tree_depth"": 12.0}","{""max_depth"": 12, ""max_features"": 1.0, ""min_samples_leaf"": 2, ""min_samples_split"": 5, ""n_estimators"": 50, ""n_jobs"": -1}"
WIND-H24-EXTRA_TREES-FULLV1-S42-F03,wind,24,extra_trees,F03,42,4176,744,0.11731470003724098,0.03998980001779273,0,0.0,"{""estimator_count"": 50, ""max_tree_depth"": 12, ""mean_tree_depth"": 12.0}","{""max_depth"": 12, ""max_features"": 1.0, ""min_samples_leaf"": 2, ""min_samples_split"": 5, ""n_estimators"": 50, ""n_jobs"": -1}"
WIND-H24-EXTRA_TREES-FULLV1-S123-F03,wind,24,extra_trees,F03,123,4176,744,0.11806800001068041,0.039118500018958,0,0.0,"{""estimator_count"": 50, ""max_tree_depth"": 12, ""mean_tree_depth"": 12.0}","{""max_depth"": 12, ""max_features"": 1.0, ""min_samples_leaf"": 2, ""min_samples_split"": 5, ""n_estimators"": 50, ""n_jobs"": -1}"
WIND-H24-EXTRA_TREES-FULLV1-S2020-F03,wind,24,extra_trees,F03,2020,4176,744,0.11185300000943244,0.0437779999920167,0,0.0,"{""estimator_count"": 50, ""max_tree_depth"": 12, ""mean_tree_depth"": 12.0}","{""max_depth"": 12, ""max_features"": 1.0, ""min_samples_leaf"": 2, ""min_samples_split"": 5, ""n_estimators"": 50, ""n_jobs"": -1}"
WIND-H24-EXTRA_TREES-FULLV1-S2025-F03,wind,24,extra_trees,F03,2025,4176,744,0.16862079995917156,0.0428731000283733,0,0.0,"{""estimator_count"": 50, ""max_tree_depth"": 12, ""mean_tree_depth"": 12.0}","{""max_depth"": 12, ""max_features"": 1.0, ""min_samples_leaf"": 2, ""min_samples_split"": 5, ""n_estimators"": 50, ""n_jobs"": -1}"
WIND-H24-EXTRA_TREES-FULLV1-S31415-F03,wind,24,extra_trees,F03,31415,4176,744,0.12065560003975406,0.03941039997152984,0,0.0,"{""estimator_count"": 50, ""max_tree_depth"": 12, ""mean_tree_depth"": 12.0}","{""max_depth"": 12, ""max_features"": 1.0, ""min_samples_leaf"": 2, ""min_samples_split"": 5, ""n_estimators"": 50, ""n_jobs"": -1}"
WIND-H24-HIST_GRADIENT_BOOSTING-FULLV1-DET-F03,wind,24,hist_gradient_boosting,F03,DET,4176,744,0.8042789999744855,0.010538200032897294,3,0.4032258064516129,"{""iterations"": 200}","{""l2_regularization"": 0.1, ""learning_rate"": 0.08, ""max_depth"": null, ""max_iter"": 200, ""max_leaf_nodes"": 31}"
WIND-H24-LINEAR_REGRESSION-FULLV1-DET-F04,wind,24,linear_regression,F04,DET,4920,744,0.012465999985579401,0.0016027999809011817,0,0.0,"{""coefficient_count"": 12}","{""fit_intercept"": true}"
WIND-H24-RIDGE-FULLV1-DET-F04,wind,24,ridge,F04,DET,4920,744,0.03353800001787022,0.003582000033929944,0,0.0,"{""coefficient_count"": 12}","{""alpha"": 1.0, ""fit_intercept"": true, ""scaling"": ""StandardScaler inside training-fold pipeline"", ""solver"": ""auto""}"
WIND-H24-RANDOM_FOREST-FULLV1-S42-F04,wind,24,random_forest,F04,42,4920,744,0.2607228999841027,0.03945099998963997,0,0.0,"{""estimator_count"": 50, ""max_tree_depth"": 12, ""mean_tree_depth"": 12.0}","{""max_depth"": 12, ""max_features"": 1.0, ""min_samples_leaf"": 2, ""min_samples_split"": 5, ""n_estimators"": 50, ""n_jobs"": -1}"
WIND-H24-RANDOM_FOREST-FULLV1-S123-F04,wind,24,random_forest,F04,123,4920,744,0.2472457999829203,0.046723300009034574,0,0.0,"{""estimator_count"": 50, ""max_tree_depth"": 12, ""mean_tree_depth"": 12.0}","{""max_depth"": 12, ""max_features"": 1.0, ""min_samples_leaf"": 2, ""min_samples_split"": 5, ""n_estimators"": 50, ""n_jobs"": -1}"
WIND-H24-RANDOM_FOREST-FULLV1-S2020-F04,wind,24,random_forest,F04,2020,4920,744,0.2817281999741681,0.03947159997187555,0,0.0,"{""estimator_count"": 50, ""max_tree_depth"": 12, ""mean_tree_depth"": 12.0}","{""max_depth"": 12, ""max_features"": 1.0, ""min_samples_leaf"": 2, ""min_samples_split"": 5, ""n_estimators"": 50, ""n_jobs"": -1}"
WIND-H24-RANDOM_FOREST-FULLV1-S2025-F04,wind,24,random_forest,F04,2025,4920,744,0.3159694000496529,0.04196670005330816,0,0.0,"{""estimator_count"": 50, ""max_tree_depth"": 12, ""mean_tree_depth"": 12.0}","{""max_depth"": 12, ""max_features"": 1.0, ""min_samples_leaf"": 2, ""min_samples_split"": 5, ""n_estimators"": 50, ""n_jobs"": -1}"
WIND-H24-RANDOM_FOREST-FULLV1-S31415-F04,wind,24,random_forest,F04,31415,4920,744,0.2869819999905303,0.04191109997918829,0,0.0,"{""estimator_count"": 50, ""max_tree_depth"": 12, ""mean_tree_depth"": 12.0}","{""max_depth"": 12, ""max_features"": 1.0, ""min_samples_leaf"": 2, ""min_samples_split"": 5, ""n_estimators"": 50, ""n_jobs"": -1}"
WIND-H24-EXTRA_TREES-FULLV1-S42-F04,wind,24,extra_trees,F04,42,4920,744,0.12028040003497154,0.04092319996561855,0,0.0,"{""estimator_count"": 50, ""max_tree_depth"": 12, ""mean_tree_depth"": 12.0}","{""max_depth"": 12, ""max_features"": 1.0, ""min_samples_leaf"": 2, ""min_samples_split"": 5, ""n_estimators"": 50, ""n_jobs"": -1}"
WIND-H24-EXTRA_TREES-FULLV1-S123-F04,wind,24,extra_trees,F04,123,4920,744,0.14219779998529702,0.03991110000060871,0,0.0,"{""estimator_count"": 50, ""max_tree_depth"": 12, ""mean_tree_depth"": 12.0}","{""max_depth"": 12, ""max_features"": 1.0, ""min_samples_leaf"": 2, ""min_samples_split"": 5, ""n_estimators"": 50, ""n_jobs"": -1}"
WIND-H24-EXTRA_TREES-FULLV1-S2020-F04,wind,24,extra_trees,F04,2020,4920,744,0.1258661999600008,0.037581800017505884,0,0.0,"{""estimator_count"": 50, ""max_tree_depth"": 12, ""mean_tree_depth"": 12.0}","{""max_depth"": 12, ""max_features"": 1.0, ""min_samples_leaf"": 2, ""min_samples_split"": 5, ""n_estimators"": 50, ""n_jobs"": -1}"
WIND-H24-EXTRA_TREES-FULLV1-S2025-F04,wind,24,extra_trees,F04,2025,4920,744,0.1156312000239268,0.038679399993270636,0,0.0,"{""estimator_count"": 50, ""max_tree_depth"": 12, ""mean_tree_depth"": 12.0}","{""max_depth"": 12, ""max_features"": 1.0, ""min_samples_leaf"": 2, ""min_samples_split"": 5, ""n_estimators"": 50, ""n_jobs"": -1}"
WIND-H24-EXTRA_TREES-FULLV1-S31415-F04,wind,24,extra_trees,F04,31415,4920,744,0.19734800001606345,0.04642109997803345,0,0.0,"{""estimator_count"": 50, ""max_tree_depth"": 12, ""mean_tree_depth"": 12.0}","{""max_depth"": 12, ""max_features"": 1.0, ""min_samples_leaf"": 2, ""min_samples_split"": 5, ""n_estimators"": 50, ""n_jobs"": -1}"
WIND-H24-HIST_GRADIENT_BOOSTING-FULLV1-DET-F04,wind,24,hist_gradient_boosting,F04,DET,4920,744,0.8538540999870747,0.011342599987983704,0,0.0,"{""iterations"": 200}","{""l2_regularization"": 0.1, ""learning_rate"": 0.08, ""max_depth"": null, ""max_iter"": 200, ""max_leaf_nodes"": 31}"
WIND-H24-LINEAR_REGRESSION-FULLV1-DET-F05,wind,24,linear_regression,F05,DET,5664,720,0.014517600007820874,0.0019898999598808587,0,0.0,"{""coefficient_count"": 12}","{""fit_intercept"": true}"
WIND-H24-RIDGE-FULLV1-DET-F05,wind,24,ridge,F05,DET,5664,720,0.034759200003463775,0.003888299979735166,0,0.0,"{""coefficient_count"": 12}","{""alpha"": 1.0, ""fit_intercept"": true, ""scaling"": ""StandardScaler inside training-fold pipeline"", ""solver"": ""auto""}"
WIND-H24-RANDOM_FOREST-FULLV1-S42-F05,wind,24,random_forest,F05,42,5664,720,0.3089534000027925,0.04254540003603324,0,0.0,"{""estimator_count"": 50, ""max_tree_depth"": 12, ""mean_tree_depth"": 12.0}","{""max_depth"": 12, ""max_features"": 1.0, ""min_samples_leaf"": 2, ""min_samples_split"": 5, ""n_estimators"": 50, ""n_jobs"": -1}"
WIND-H24-RANDOM_FOREST-FULLV1-S123-F05,wind,24,random_forest,F05,123,5664,720,0.28244640002958477,0.039661599963437766,0,0.0,"{""estimator_count"": 50, ""max_tree_depth"": 12, ""mean_tree_depth"": 12.0}","{""max_depth"": 12, ""max_features"": 1.0, ""min_samples_leaf"": 2, ""min_samples_split"": 5, ""n_estimators"": 50, ""n_jobs"": -1}"
WIND-H24-RANDOM_FOREST-FULLV1-S2020-F05,wind,24,random_forest,F05,2020,5664,720,0.30372119997628033,0.04136070003733039,0,0.0,"{""estimator_count"": 50, ""max_tree_depth"": 12, ""mean_tree_depth"": 12.0}","{""max_depth"": 12, ""max_features"": 1.0, ""min_samples_leaf"": 2, ""min_samples_split"": 5, ""n_estimators"": 50, ""n_jobs"": -1}"
WIND-H24-RANDOM_FOREST-FULLV1-S2025-F05,wind,24,random_forest,F05,2025,5664,720,0.3113381000002846,0.04625439998926595,0,0.0,"{""estimator_count"": 50, ""max_tree_depth"": 12, ""mean_tree_depth"": 12.0}","{""max_depth"": 12, ""max_features"": 1.0, ""min_samples_leaf"": 2, ""min_samples_split"": 5, ""n_estimators"": 50, ""n_jobs"": -1}"
WIND-H24-RANDOM_FOREST-FULLV1-S31415-F05,wind,24,random_forest,F05,31415,5664,720,0.2957970999996178,0.04250280000269413,0,0.0,"{""estimator_count"": 50, ""max_tree_depth"": 12, ""mean_tree_depth"": 12.0}","{""max_depth"": 12, ""max_features"": 1.0, ""min_samples_leaf"": 2, ""min_samples_split"": 5, ""n_estimators"": 50, ""n_jobs"": -1}"
WIND-H24-EXTRA_TREES-FULLV1-S42-F05,wind,24,extra_trees,F05,42,5664,720,0.15587689995300025,0.053138600022066385,0,0.0,"{""estimator_count"": 50, ""max_tree_depth"": 12, ""mean_tree_depth"": 12.0}","{""max_depth"": 12, ""max_features"": 1.0, ""min_samples_leaf"": 2, ""min_samples_split"": 5, ""n_estimators"": 50, ""n_jobs"": -1}"
WIND-H24-EXTRA_TREES-FULLV1-S123-F05,wind,24,extra_trees,F05,123,5664,720,0.14839829999255016,0.052235899958759546,0,0.0,"{""estimator_count"": 50, ""max_tree_depth"": 12, ""mean_tree_depth"": 12.0}","{""max_depth"": 12, ""max_features"": 1.0, ""min_samples_leaf"": 2, ""min_samples_split"": 5, ""n_estimators"": 50, ""n_jobs"": -1}"
WIND-H24-EXTRA_TREES-FULLV1-S2020-F05,wind,24,extra_trees,F05,2020,5664,720,0.16688330000033602,0.04169550002552569,0,0.0,"{""estimator_count"": 50, ""max_tree_depth"": 12, ""mean_tree_depth"": 12.0}","{""max_depth"": 12, ""max_features"": 1.0, ""min_samples_leaf"": 2, ""min_samples_split"": 5, ""n_estimators"": 50, ""n_jobs"": -1}"
WIND-H24-EXTRA_TREES-FULLV1-S2025-F05,wind,24,extra_trees,F05,2025,5664,720,0.16799379995791242,0.05437979998532683,0,0.0,"{""estimator_count"": 50, ""max_tree_depth"": 12, ""mean_tree_depth"": 12.0}","{""max_depth"": 12, ""max_features"": 1.0, ""min_samples_leaf"": 2, ""min_samples_split"": 5, ""n_estimators"": 50, ""n_jobs"": -1}"
WIND-H24-EXTRA_TREES-FULLV1-S31415-F05,wind,24,extra_trees,F05,31415,5664,720,0.15186220000032336,0.05332000000635162,0,0.0,"{""estimator_count"": 50, ""max_tree_depth"": 12, ""mean_tree_depth"": 12.0}","{""max_depth"": 12, ""max_features"": 1.0, ""min_samples_leaf"": 2, ""min_samples_split"": 5, ""n_estimators"": 50, ""n_jobs"": -1}"
WIND-H24-HIST_GRADIENT_BOOSTING-FULLV1-DET-F05,wind,24,hist_gradient_boosting,F05,DET,5664,720,0.9581294999807142,0.013184199982788414,17,2.361111111111111,"{""iterations"": 200}","{""l2_regularization"": 0.1, ""learning_rate"": 0.08, ""max_depth"": null, ""max_iter"": 200, ""max_leaf_nodes"": 31}"
WIND-H24-LINEAR_REGRESSION-FULLV1-DET-F06,wind,24,linear_regression,F06,DET,6384,744,0.017080799967516214,0.0017038999940268695,0,0.0,"{""coefficient_count"": 12}","{""fit_intercept"": true}"
WIND-H24-RIDGE-FULLV1-DET-F06,wind,24,ridge,F06,DET,6384,744,0.042632500000763685,0.004388200002722442,0,0.0,"{""coefficient_count"": 12}","{""alpha"": 1.0, ""fit_intercept"": true, ""scaling"": ""StandardScaler inside training-fold pipeline"", ""solver"": ""auto""}"
WIND-H24-RANDOM_FOREST-FULLV1-S42-F06,wind,24,random_forest,F06,42,6384,744,0.3353826000238769,0.05428399995435029,0,0.0,"{""estimator_count"": 50, ""max_tree_depth"": 12, ""mean_tree_depth"": 12.0}","{""max_depth"": 12, ""max_features"": 1.0, ""min_samples_leaf"": 2, ""min_samples_split"": 5, ""n_estimators"": 50, ""n_jobs"": -1}"
WIND-H24-RANDOM_FOREST-FULLV1-S123-F06,wind,24,random_forest,F06,123,6384,744,0.3116493999841623,0.041328900028020144,0,0.0,"{""estimator_count"": 50, ""max_tree_depth"": 12, ""mean_tree_depth"": 12.0}","{""max_depth"": 12, ""max_features"": 1.0, ""min_samples_leaf"": 2, ""min_samples_split"": 5, ""n_estimators"": 50, ""n_jobs"": -1}"
WIND-H24-RANDOM_FOREST-FULLV1-S2020-F06,wind,24,random_forest,F06,2020,6384,744,0.3266999999759719,0.04451300000073388,0,0.0,"{""estimator_count"": 50, ""max_tree_depth"": 12, ""mean_tree_depth"": 12.0}","{""max_depth"": 12, ""max_features"": 1.0, ""min_samples_leaf"": 2, ""min_samples_split"": 5, ""n_estimators"": 50, ""n_jobs"": -1}"
WIND-H24-RANDOM_FOREST-FULLV1-S2025-F06,wind,24,random_forest,F06,2025,6384,744,0.3042966999928467,0.04006119997939095,0,0.0,"{""estimator_count"": 50, ""max_tree_depth"": 12, ""mean_tree_depth"": 12.0}","{""max_depth"": 12, ""max_features"": 1.0, ""min_samples_leaf"": 2, ""min_samples_split"": 5, ""n_estimators"": 50, ""n_jobs"": -1}"
WIND-H24-RANDOM_FOREST-FULLV1-S31415-F06,wind,24,random_forest,F06,31415,6384,744,0.29705519997514784,0.038799500034656376,0,0.0,"{""estimator_count"": 50, ""max_tree_depth"": 12, ""mean_tree_depth"": 12.0}","{""max_depth"": 12, ""max_features"": 1.0, ""min_samples_leaf"": 2, ""min_samples_split"": 5, ""n_estimators"": 50, ""n_jobs"": -1}"
WIND-H24-EXTRA_TREES-FULLV1-S42-F06,wind,24,extra_trees,F06,42,6384,744,0.13327600003685802,0.039214700052980334,0,0.0,"{""estimator_count"": 50, ""max_tree_depth"": 12, ""mean_tree_depth"": 12.0}","{""max_depth"": 12, ""max_features"": 1.0, ""min_samples_leaf"": 2, ""min_samples_split"": 5, ""n_estimators"": 50, ""n_jobs"": -1}"
WIND-H24-EXTRA_TREES-FULLV1-S123-F06,wind,24,extra_trees,F06,123,6384,744,0.1826829999918118,0.040495999972335994,0,0.0,"{""estimator_count"": 50, ""max_tree_depth"": 12, ""mean_tree_depth"": 12.0}","{""max_depth"": 12, ""max_features"": 1.0, ""min_samples_leaf"": 2, ""min_samples_split"": 5, ""n_estimators"": 50, ""n_jobs"": -1}"
WIND-H24-EXTRA_TREES-FULLV1-S2020-F06,wind,24,extra_trees,F06,2020,6384,744,0.22267610003473237,0.04339159996015951,0,0.0,"{""estimator_count"": 50, ""max_tree_depth"": 12, ""mean_tree_depth"": 12.0}","{""max_depth"": 12, ""max_features"": 1.0, ""min_samples_leaf"": 2, ""min_samples_split"": 5, ""n_estimators"": 50, ""n_jobs"": -1}"
WIND-H24-EXTRA_TREES-FULLV1-S2025-F06,wind,24,extra_trees,F06,2025,6384,744,0.1381604999769479,0.03938720002770424,0,0.0,"{""estimator_count"": 50, ""max_tree_depth"": 12, ""mean_tree_depth"": 12.0}","{""max_depth"": 12, ""max_features"": 1.0, ""min_samples_leaf"": 2, ""min_samples_split"": 5, ""n_estimators"": 50, ""n_jobs"": -1}"
WIND-H24-EXTRA_TREES-FULLV1-S31415-F06,wind,24,extra_trees,F06,31415,6384,744,0.19861610000953078,0.03995920001761988,0,0.0,"{""estimator_count"": 50, ""max_tree_depth"": 12, ""mean_tree_depth"": 12.0}","{""max_depth"": 12, ""max_features"": 1.0, ""min_samples_leaf"": 2, ""min_samples_split"": 5, ""n_estimators"": 50, ""n_jobs"": -1}"
WIND-H24-HIST_GRADIENT_BOOSTING-FULLV1-DET-F06,wind,24,hist_gradient_boosting,F06,DET,6384,744,0.8693621000275016,0.011193999962415546,0,0.0,"{""iterations"": 200}","{""l2_regularization"": 0.1, ""learning_rate"": 0.08, ""max_depth"": null, ""max_iter"": 200, ""max_leaf_nodes"": 31}"
PV-H1-LINEAR_REGRESSION-FULLV1-DET-F01,pv,1,linear_regression,F01,DET,2735,744,0.006821600021794438,0.0011350999702699482,132,17.741935483870968,"{""coefficient_count"": 12}","{""fit_intercept"": true}"
PV-H1-RIDGE-FULLV1-DET-F01,pv,1,ridge,F01,DET,2735,744,0.01292260002810508,0.0022127999691292644,132,17.741935483870968,"{""coefficient_count"": 12}","{""alpha"": 1.0, ""fit_intercept"": true, ""scaling"": ""StandardScaler inside training-fold pipeline"", ""solver"": ""auto""}"
PV-H1-RANDOM_FOREST-FULLV1-S42-F01,pv,1,random_forest,F01,42,2735,744,0.1721364000113681,0.04239050002070144,0,0.0,"{""estimator_count"": 50, ""max_tree_depth"": 12, ""mean_tree_depth"": 12.0}","{""max_depth"": 12, ""max_features"": 1.0, ""min_samples_leaf"": 2, ""min_samples_split"": 5, ""n_estimators"": 50, ""n_jobs"": -1}"
PV-H1-RANDOM_FOREST-FULLV1-S123-F01,pv,1,random_forest,F01,123,2735,744,0.16758229996776208,0.039146099996287376,0,0.0,"{""estimator_count"": 50, ""max_tree_depth"": 12, ""mean_tree_depth"": 12.0}","{""max_depth"": 12, ""max_features"": 1.0, ""min_samples_leaf"": 2, ""min_samples_split"": 5, ""n_estimators"": 50, ""n_jobs"": -1}"
PV-H1-RANDOM_FOREST-FULLV1-S2020-F01,pv,1,random_forest,F01,2020,2735,744,0.18112069997005165,0.04128659999696538,0,0.0,"{""estimator_count"": 50, ""max_tree_depth"": 12, ""mean_tree_depth"": 12.0}","{""max_depth"": 12, ""max_features"": 1.0, ""min_samples_leaf"": 2, ""min_samples_split"": 5, ""n_estimators"": 50, ""n_jobs"": -1}"
PV-H1-RANDOM_FOREST-FULLV1-S2025-F01,pv,1,random_forest,F01,2025,2735,744,0.1930036999983713,0.03881170001113787,0,0.0,"{""estimator_count"": 50, ""max_tree_depth"": 12, ""mean_tree_depth"": 12.0}","{""max_depth"": 12, ""max_features"": 1.0, ""min_samples_leaf"": 2, ""min_samples_split"": 5, ""n_estimators"": 50, ""n_jobs"": -1}"
PV-H1-RANDOM_FOREST-FULLV1-S31415-F01,pv,1,random_forest,F01,31415,2735,744,0.150267300021369,0.040649799979291856,0,0.0,"{""estimator_count"": 50, ""max_tree_depth"": 12, ""mean_tree_depth"": 12.0}","{""max_depth"": 12, ""max_features"": 1.0, ""min_samples_leaf"": 2, ""min_samples_split"": 5, ""n_estimators"": 50, ""n_jobs"": -1}"
PV-H1-EXTRA_TREES-FULLV1-S42-F01,pv,1,extra_trees,F01,42,2735,744,0.10237630002666265,0.041593800007831305,0,0.0,"{""estimator_count"": 50, ""max_tree_depth"": 12, ""mean_tree_depth"": 12.0}","{""max_depth"": 12, ""max_features"": 1.0, ""min_samples_leaf"": 2, ""min_samples_split"": 5, ""n_estimators"": 50, ""n_jobs"": -1}"
PV-H1-EXTRA_TREES-FULLV1-S123-F01,pv,1,extra_trees,F01,123,2735,744,0.09898539999267086,0.04371790000004694,0,0.0,"{""estimator_count"": 50, ""max_tree_depth"": 12, ""mean_tree_depth"": 12.0}","{""max_depth"": 12, ""max_features"": 1.0, ""min_samples_leaf"": 2, ""min_samples_split"": 5, ""n_estimators"": 50, ""n_jobs"": -1}"
PV-H1-EXTRA_TREES-FULLV1-S2020-F01,pv,1,extra_trees,F01,2020,2735,744,0.09599920001346618,0.03916210000170395,0,0.0,"{""estimator_count"": 50, ""max_tree_depth"": 12, ""mean_tree_depth"": 12.0}","{""max_depth"": 12, ""max_features"": 1.0, ""min_samples_leaf"": 2, ""min_samples_split"": 5, ""n_estimators"": 50, ""n_jobs"": -1}"
PV-H1-EXTRA_TREES-FULLV1-S2025-F01,pv,1,extra_trees,F01,2025,2735,744,0.09364560001995414,0.038082299986854196,0,0.0,"{""estimator_count"": 50, ""max_tree_depth"": 12, ""mean_tree_depth"": 12.0}","{""max_depth"": 12, ""max_features"": 1.0, ""min_samples_leaf"": 2, ""min_samples_split"": 5, ""n_estimators"": 50, ""n_jobs"": -1}"
PV-H1-EXTRA_TREES-FULLV1-S31415-F01,pv,1,extra_trees,F01,31415,2735,744,0.09225779998814687,0.03947620000690222,0,0.0,"{""estimator_count"": 50, ""max_tree_depth"": 12, ""mean_tree_depth"": 12.0}","{""max_depth"": 12, ""max_features"": 1.0, ""min_samples_leaf"": 2, ""min_samples_split"": 5, ""n_estimators"": 50, ""n_jobs"": -1}"
PV-H1-HIST_GRADIENT_BOOSTING-FULLV1-DET-F01,pv,1,hist_gradient_boosting,F01,DET,2735,744,0.8004943000269122,0.02445099997567013,230,30.913978494623656,"{""iterations"": 200}","{""l2_regularization"": 0.1, ""learning_rate"": 0.08, ""max_depth"": null, ""max_iter"": 200, ""max_leaf_nodes"": 31}"
PV-H1-LINEAR_REGRESSION-FULLV1-DET-F02,pv,1,linear_regression,F02,DET,3479,720,0.009441900008823723,0.0019259999971836805,140,19.444444444444443,"{""coefficient_count"": 12}","{""fit_intercept"": true}"
PV-H1-RIDGE-FULLV1-DET-F02,pv,1,ridge,F02,DET,3479,720,0.023905200010631233,0.002938399964477867,140,19.444444444444443,"{""coefficient_count"": 12}","{""alpha"": 1.0, ""fit_intercept"": true, ""scaling"": ""StandardScaler inside training-fold pipeline"", ""solver"": ""auto""}"
PV-H1-RANDOM_FOREST-FULLV1-S42-F02,pv,1,random_forest,F02,42,3479,720,0.1901130999904126,0.05180879996623844,0,0.0,"{""estimator_count"": 50, ""max_tree_depth"": 12, ""mean_tree_depth"": 12.0}","{""max_depth"": 12, ""max_features"": 1.0, ""min_samples_leaf"": 2, ""min_samples_split"": 5, ""n_estimators"": 50, ""n_jobs"": -1}"
PV-H1-RANDOM_FOREST-FULLV1-S123-F02,pv,1,random_forest,F02,123,3479,720,0.20475679996889085,0.05442780000157654,0,0.0,"{""estimator_count"": 50, ""max_tree_depth"": 12, ""mean_tree_depth"": 12.0}","{""max_depth"": 12, ""max_features"": 1.0, ""min_samples_leaf"": 2, ""min_samples_split"": 5, ""n_estimators"": 50, ""n_jobs"": -1}"
PV-H1-RANDOM_FOREST-FULLV1-S2020-F02,pv,1,random_forest,F02,2020,3479,720,0.18287350004538894,0.042813400039449334,0,0.0,"{""estimator_count"": 50, ""max_tree_depth"": 12, ""mean_tree_depth"": 12.0}","{""max_depth"": 12, ""max_features"": 1.0, ""min_samples_leaf"": 2, ""min_samples_split"": 5, ""n_estimators"": 50, ""n_jobs"": -1}"
PV-H1-RANDOM_FOREST-FULLV1-S2025-F02,pv,1,random_forest,F02,2025,3479,720,0.18679949996294454,0.04184489999897778,0,0.0,"{""estimator_count"": 50, ""max_tree_depth"": 12, ""mean_tree_depth"": 12.0}","{""max_depth"": 12, ""max_features"": 1.0, ""min_samples_leaf"": 2, ""min_samples_split"": 5, ""n_estimators"": 50, ""n_jobs"": -1}"
PV-H1-RANDOM_FOREST-FULLV1-S31415-F02,pv,1,random_forest,F02,31415,3479,720,0.22326560004148632,0.04165869997814298,0,0.0,"{""estimator_count"": 50, ""max_tree_depth"": 12, ""mean_tree_depth"": 12.0}","{""max_depth"": 12, ""max_features"": 1.0, ""min_samples_leaf"": 2, ""min_samples_split"": 5, ""n_estimators"": 50, ""n_jobs"": -1}"
PV-H1-EXTRA_TREES-FULLV1-S42-F02,pv,1,extra_trees,F02,42,3479,720,0.09498049999820068,0.04163870000047609,0,0.0,"{""estimator_count"": 50, ""max_tree_depth"": 12, ""mean_tree_depth"": 12.0}","{""max_depth"": 12, ""max_features"": 1.0, ""min_samples_leaf"": 2, ""min_samples_split"": 5, ""n_estimators"": 50, ""n_jobs"": -1}"
PV-H1-EXTRA_TREES-FULLV1-S123-F02,pv,1,extra_trees,F02,123,3479,720,0.103195300034713,0.04050579998875037,0,0.0,"{""estimator_count"": 50, ""max_tree_depth"": 12, ""mean_tree_depth"": 12.0}","{""max_depth"": 12, ""max_features"": 1.0, ""min_samples_leaf"": 2, ""min_samples_split"": 5, ""n_estimators"": 50, ""n_jobs"": -1}"
PV-H1-EXTRA_TREES-FULLV1-S2020-F02,pv,1,extra_trees,F02,2020,3479,720,0.10561359999701381,0.043724399991333485,0,0.0,"{""estimator_count"": 50, ""max_tree_depth"": 12, ""mean_tree_depth"": 12.0}","{""max_depth"": 12, ""max_features"": 1.0, ""min_samples_leaf"": 2, ""min_samples_split"": 5, ""n_estimators"": 50, ""n_jobs"": -1}"
PV-H1-EXTRA_TREES-FULLV1-S2025-F02,pv,1,extra_trees,F02,2025,3479,720,0.10556090000318363,0.03981240000575781,0,0.0,"{""estimator_count"": 50, ""max_tree_depth"": 12, ""mean_tree_depth"": 12.0}","{""max_depth"": 12, ""max_features"": 1.0, ""min_samples_leaf"": 2, ""min_samples_split"": 5, ""n_estimators"": 50, ""n_jobs"": -1}"
PV-H1-EXTRA_TREES-FULLV1-S31415-F02,pv,1,extra_trees,F02,31415,3479,720,0.11482459999388084,0.04180529998848215,0,0.0,"{""estimator_count"": 50, ""max_tree_depth"": 12, ""mean_tree_depth"": 12.0}","{""max_depth"": 12, ""max_features"": 1.0, ""min_samples_leaf"": 2, ""min_samples_split"": 5, ""n_estimators"": 50, ""n_jobs"": -1}"
PV-H1-HIST_GRADIENT_BOOSTING-FULLV1-DET-F02,pv,1,hist_gradient_boosting,F02,DET,3479,720,0.8360671999980696,0.010831499996129423,194,26.944444444444443,"{""iterations"": 200}","{""l2_regularization"": 0.1, ""learning_rate"": 0.08, ""max_depth"": null, ""max_iter"": 200, ""max_leaf_nodes"": 31}"
PV-H1-LINEAR_REGRESSION-FULLV1-DET-F03,pv,1,linear_regression,F03,DET,4199,744,0.012632799975108355,0.002029100025538355,209,28.091397849462364,"{""coefficient_count"": 12}","{""fit_intercept"": true}"
PV-H1-RIDGE-FULLV1-DET-F03,pv,1,ridge,F03,DET,4199,744,0.024355300003662705,0.0037264000275172293,209,28.091397849462364,"{""coefficient_count"": 12}","{""alpha"": 1.0, ""fit_intercept"": true, ""scaling"": ""StandardScaler inside training-fold pipeline"", ""solver"": ""auto""}"
PV-H1-RANDOM_FOREST-FULLV1-S42-F03,pv,1,random_forest,F03,42,4199,744,0.20099919999483973,0.03860460000578314,0,0.0,"{""estimator_count"": 50, ""max_tree_depth"": 12, ""mean_tree_depth"": 12.0}","{""max_depth"": 12, ""max_features"": 1.0, ""min_samples_leaf"": 2, ""min_samples_split"": 5, ""n_estimators"": 50, ""n_jobs"": -1}"
PV-H1-RANDOM_FOREST-FULLV1-S123-F03,pv,1,random_forest,F03,123,4199,744,0.20176299999002367,0.03894410002976656,0,0.0,"{""estimator_count"": 50, ""max_tree_depth"": 12, ""mean_tree_depth"": 12.0}","{""max_depth"": 12, ""max_features"": 1.0, ""min_samples_leaf"": 2, ""min_samples_split"": 5, ""n_estimators"": 50, ""n_jobs"": -1}"
PV-H1-RANDOM_FOREST-FULLV1-S2020-F03,pv,1,random_forest,F03,2020,4199,744,0.186352499993518,0.040937599958851933,0,0.0,"{""estimator_count"": 50, ""max_tree_depth"": 12, ""mean_tree_depth"": 12.0}","{""max_depth"": 12, ""max_features"": 1.0, ""min_samples_leaf"": 2, ""min_samples_split"": 5, ""n_estimators"": 50, ""n_jobs"": -1}"
PV-H1-RANDOM_FOREST-FULLV1-S2025-F03,pv,1,random_forest,F03,2025,4199,744,0.19227279996266589,0.04113280004821718,0,0.0,"{""estimator_count"": 50, ""max_tree_depth"": 12, ""mean_tree_depth"": 12.0}","{""max_depth"": 12, ""max_features"": 1.0, ""min_samples_leaf"": 2, ""min_samples_split"": 5, ""n_estimators"": 50, ""n_jobs"": -1}"
PV-H1-RANDOM_FOREST-FULLV1-S31415-F03,pv,1,random_forest,F03,31415,4199,744,0.27287689998047426,0.03991389996372163,0,0.0,"{""estimator_count"": 50, ""max_tree_depth"": 12, ""mean_tree_depth"": 12.0}","{""max_depth"": 12, ""max_features"": 1.0, ""min_samples_leaf"": 2, ""min_samples_split"": 5, ""n_estimators"": 50, ""n_jobs"": -1}"
PV-H1-EXTRA_TREES-FULLV1-S42-F03,pv,1,extra_trees,F03,42,4199,744,0.09867279999889433,0.04211919999215752,0,0.0,"{""estimator_count"": 50, ""max_tree_depth"": 12, ""mean_tree_depth"": 12.0}","{""max_depth"": 12, ""max_features"": 1.0, ""min_samples_leaf"": 2, ""min_samples_split"": 5, ""n_estimators"": 50, ""n_jobs"": -1}"
PV-H1-EXTRA_TREES-FULLV1-S123-F03,pv,1,extra_trees,F03,123,4199,744,0.10494360001757741,0.040916499972809106,0,0.0,"{""estimator_count"": 50, ""max_tree_depth"": 12, ""mean_tree_depth"": 12.0}","{""max_depth"": 12, ""max_features"": 1.0, ""min_samples_leaf"": 2, ""min_samples_split"": 5, ""n_estimators"": 50, ""n_jobs"": -1}"
PV-H1-EXTRA_TREES-FULLV1-S2020-F03,pv,1,extra_trees,F03,2020,4199,744,0.10567019996233284,0.03958799998508766,0,0.0,"{""estimator_count"": 50, ""max_tree_depth"": 12, ""mean_tree_depth"": 12.0}","{""max_depth"": 12, ""max_features"": 1.0, ""min_samples_leaf"": 2, ""min_samples_split"": 5, ""n_estimators"": 50, ""n_jobs"": -1}"
PV-H1-EXTRA_TREES-FULLV1-S2025-F03,pv,1,extra_trees,F03,2025,4199,744,0.1152703000116162,0.04105120000895113,0,0.0,"{""estimator_count"": 50, ""max_tree_depth"": 12, ""mean_tree_depth"": 12.0}","{""max_depth"": 12, ""max_features"": 1.0, ""min_samples_leaf"": 2, ""min_samples_split"": 5, ""n_estimators"": 50, ""n_jobs"": -1}"
PV-H1-EXTRA_TREES-FULLV1-S31415-F03,pv,1,extra_trees,F03,31415,4199,744,0.11474079999607056,0.04034280002815649,0,0.0,"{""estimator_count"": 50, ""max_tree_depth"": 12, ""mean_tree_depth"": 12.0}","{""max_depth"": 12, ""max_features"": 1.0, ""min_samples_leaf"": 2, ""min_samples_split"": 5, ""n_estimators"": 50, ""n_jobs"": -1}"
PV-H1-HIST_GRADIENT_BOOSTING-FULLV1-DET-F03,pv,1,hist_gradient_boosting,F03,DET,4199,744,0.8333482000161894,0.010756100004073232,271,36.424731182795696,"{""iterations"": 200}","{""l2_regularization"": 0.1, ""learning_rate"": 0.08, ""max_depth"": null, ""max_iter"": 200, ""max_leaf_nodes"": 31}"
PV-H1-LINEAR_REGRESSION-FULLV1-DET-F04,pv,1,linear_regression,F04,DET,4943,744,0.014557499962393194,0.0017770000267773867,179,24.059139784946236,"{""coefficient_count"": 12}","{""fit_intercept"": true}"
PV-H1-RIDGE-FULLV1-DET-F04,pv,1,ridge,F04,DET,4943,744,0.03329569997731596,0.0035457999911159277,179,24.059139784946236,"{""coefficient_count"": 12}","{""alpha"": 1.0, ""fit_intercept"": true, ""scaling"": ""StandardScaler inside training-fold pipeline"", ""solver"": ""auto""}"
PV-H1-RANDOM_FOREST-FULLV1-S42-F04,pv,1,random_forest,F04,42,4943,744,0.22171169996727258,0.04690200003096834,0,0.0,"{""estimator_count"": 50, ""max_tree_depth"": 12, ""mean_tree_depth"": 12.0}","{""max_depth"": 12, ""max_features"": 1.0, ""min_samples_leaf"": 2, ""min_samples_split"": 5, ""n_estimators"": 50, ""n_jobs"": -1}"
PV-H1-RANDOM_FOREST-FULLV1-S123-F04,pv,1,random_forest,F04,123,4943,744,0.2703089999849908,0.04182310000760481,0,0.0,"{""estimator_count"": 50, ""max_tree_depth"": 12, ""mean_tree_depth"": 12.0}","{""max_depth"": 12, ""max_features"": 1.0, ""min_samples_leaf"": 2, ""min_samples_split"": 5, ""n_estimators"": 50, ""n_jobs"": -1}"
PV-H1-RANDOM_FOREST-FULLV1-S2020-F04,pv,1,random_forest,F04,2020,4943,744,0.20623700000578538,0.040996900002937764,0,0.0,"{""estimator_count"": 50, ""max_tree_depth"": 12, ""mean_tree_depth"": 12.0}","{""max_depth"": 12, ""max_features"": 1.0, ""min_samples_leaf"": 2, ""min_samples_split"": 5, ""n_estimators"": 50, ""n_jobs"": -1}"
PV-H1-RANDOM_FOREST-FULLV1-S2025-F04,pv,1,random_forest,F04,2025,4943,744,0.21136109996587038,0.04093630000716075,0,0.0,"{""estimator_count"": 50, ""max_tree_depth"": 12, ""mean_tree_depth"": 12.0}","{""max_depth"": 12, ""max_features"": 1.0, ""min_samples_leaf"": 2, ""min_samples_split"": 5, ""n_estimators"": 50, ""n_jobs"": -1}"
PV-H1-RANDOM_FOREST-FULLV1-S31415-F04,pv,1,random_forest,F04,31415,4943,744,0.23570309998467565,0.03785550000611693,0,0.0,"{""estimator_count"": 50, ""max_tree_depth"": 12, ""mean_tree_depth"": 12.0}","{""max_depth"": 12, ""max_features"": 1.0, ""min_samples_leaf"": 2, ""min_samples_split"": 5, ""n_estimators"": 50, ""n_jobs"": -1}"
PV-H1-EXTRA_TREES-FULLV1-S42-F04,pv,1,extra_trees,F04,42,4943,744,0.10536549997050315,0.03885350003838539,0,0.0,"{""estimator_count"": 50, ""max_tree_depth"": 12, ""mean_tree_depth"": 12.0}","{""max_depth"": 12, ""max_features"": 1.0, ""min_samples_leaf"": 2, ""min_samples_split"": 5, ""n_estimators"": 50, ""n_jobs"": -1}"
PV-H1-EXTRA_TREES-FULLV1-S123-F04,pv,1,extra_trees,F04,123,4943,744,0.12552489998051897,0.05362830002559349,0,0.0,"{""estimator_count"": 50, ""max_tree_depth"": 12, ""mean_tree_depth"": 12.0}","{""max_depth"": 12, ""max_features"": 1.0, ""min_samples_leaf"": 2, ""min_samples_split"": 5, ""n_estimators"": 50, ""n_jobs"": -1}"
PV-H1-EXTRA_TREES-FULLV1-S2020-F04,pv,1,extra_trees,F04,2020,4943,744,0.12150780000956729,0.040048700000625104,0,0.0,"{""estimator_count"": 50, ""max_tree_depth"": 12, ""mean_tree_depth"": 12.0}","{""max_depth"": 12, ""max_features"": 1.0, ""min_samples_leaf"": 2, ""min_samples_split"": 5, ""n_estimators"": 50, ""n_jobs"": -1}"
PV-H1-EXTRA_TREES-FULLV1-S2025-F04,pv,1,extra_trees,F04,2025,4943,744,0.14939490001415834,0.03750849998323247,0,0.0,"{""estimator_count"": 50, ""max_tree_depth"": 12, ""mean_tree_depth"": 12.0}","{""max_depth"": 12, ""max_features"": 1.0, ""min_samples_leaf"": 2, ""min_samples_split"": 5, ""n_estimators"": 50, ""n_jobs"": -1}"
PV-H1-EXTRA_TREES-FULLV1-S31415-F04,pv,1,extra_trees,F04,31415,4943,744,0.10329759999876842,0.043208799965213984,0,0.0,"{""estimator_count"": 50, ""max_tree_depth"": 12, ""mean_tree_depth"": 12.0}","{""max_depth"": 12, ""max_features"": 1.0, ""min_samples_leaf"": 2, ""min_samples_split"": 5, ""n_estimators"": 50, ""n_jobs"": -1}"
PV-H1-HIST_GRADIENT_BOOSTING-FULLV1-DET-F04,pv,1,hist_gradient_boosting,F04,DET,4943,744,0.8481615000055172,0.011618999997153878,16,2.150537634408602,"{""iterations"": 200}","{""l2_regularization"": 0.1, ""learning_rate"": 0.08, ""max_depth"": null, ""max_iter"": 200, ""max_leaf_nodes"": 31}"
PV-H1-LINEAR_REGRESSION-FULLV1-DET-F05,pv,1,linear_regression,F05,DET,5687,720,0.016218699980527163,0.0019644999993033707,187,25.97222222222222,"{""coefficient_count"": 12}","{""fit_intercept"": true}"
PV-H1-RIDGE-FULLV1-DET-F05,pv,1,ridge,F05,DET,5687,720,0.03359819995239377,0.003645499993581325,187,25.97222222222222,"{""coefficient_count"": 12}","{""alpha"": 1.0, ""fit_intercept"": true, ""scaling"": ""StandardScaler inside training-fold pipeline"", ""solver"": ""auto""}"
PV-H1-RANDOM_FOREST-FULLV1-S42-F05,pv,1,random_forest,F05,42,5687,720,0.23651920002885163,0.03966809995472431,0,0.0,"{""estimator_count"": 50, ""max_tree_depth"": 12, ""mean_tree_depth"": 12.0}","{""max_depth"": 12, ""max_features"": 1.0, ""min_samples_leaf"": 2, ""min_samples_split"": 5, ""n_estimators"": 50, ""n_jobs"": -1}"
PV-H1-RANDOM_FOREST-FULLV1-S123-F05,pv,1,random_forest,F05,123,5687,720,0.26274009997723624,0.04030550003517419,0,0.0,"{""estimator_count"": 50, ""max_tree_depth"": 12, ""mean_tree_depth"": 12.0}","{""max_depth"": 12, ""max_features"": 1.0, ""min_samples_leaf"": 2, ""min_samples_split"": 5, ""n_estimators"": 50, ""n_jobs"": -1}"
PV-H1-RANDOM_FOREST-FULLV1-S2020-F05,pv,1,random_forest,F05,2020,5687,720,0.2585209000390023,0.04063040000619367,0,0.0,"{""estimator_count"": 50, ""max_tree_depth"": 12, ""mean_tree_depth"": 12.0}","{""max_depth"": 12, ""max_features"": 1.0, ""min_samples_leaf"": 2, ""min_samples_split"": 5, ""n_estimators"": 50, ""n_jobs"": -1}"
PV-H1-RANDOM_FOREST-FULLV1-S2025-F05,pv,1,random_forest,F05,2025,5687,720,0.30554319999646395,0.038977299991529435,0,0.0,"{""estimator_count"": 50, ""max_tree_depth"": 12, ""mean_tree_depth"": 12.0}","{""max_depth"": 12, ""max_features"": 1.0, ""min_samples_leaf"": 2, ""min_samples_split"": 5, ""n_estimators"": 50, ""n_jobs"": -1}"
PV-H1-RANDOM_FOREST-FULLV1-S31415-F05,pv,1,random_forest,F05,31415,5687,720,0.2651952999876812,0.043167399999219924,0,0.0,"{""estimator_count"": 50, ""max_tree_depth"": 12, ""mean_tree_depth"": 12.0}","{""max_depth"": 12, ""max_features"": 1.0, ""min_samples_leaf"": 2, ""min_samples_split"": 5, ""n_estimators"": 50, ""n_jobs"": -1}"
PV-H1-EXTRA_TREES-FULLV1-S42-F05,pv,1,extra_trees,F05,42,5687,720,0.13544499996351078,0.04308700002729893,0,0.0,"{""estimator_count"": 50, ""max_tree_depth"": 12, ""mean_tree_depth"": 12.0}","{""max_depth"": 12, ""max_features"": 1.0, ""min_samples_leaf"": 2, ""min_samples_split"": 5, ""n_estimators"": 50, ""n_jobs"": -1}"
PV-H1-EXTRA_TREES-FULLV1-S123-F05,pv,1,extra_trees,F05,123,5687,720,0.12664659996517003,0.03898650000337511,0,0.0,"{""estimator_count"": 50, ""max_tree_depth"": 12, ""mean_tree_depth"": 12.0}","{""max_depth"": 12, ""max_features"": 1.0, ""min_samples_leaf"": 2, ""min_samples_split"": 5, ""n_estimators"": 50, ""n_jobs"": -1}"
PV-H1-EXTRA_TREES-FULLV1-S2020-F05,pv,1,extra_trees,F05,2020,5687,720,0.11442369996802881,0.04016020003473386,0,0.0,"{""estimator_count"": 50, ""max_tree_depth"": 12, ""mean_tree_depth"": 12.0}","{""max_depth"": 12, ""max_features"": 1.0, ""min_samples_leaf"": 2, ""min_samples_split"": 5, ""n_estimators"": 50, ""n_jobs"": -1}"
PV-H1-EXTRA_TREES-FULLV1-S2025-F05,pv,1,extra_trees,F05,2025,5687,720,0.16132150002522394,0.04310740000801161,0,0.0,"{""estimator_count"": 50, ""max_tree_depth"": 12, ""mean_tree_depth"": 12.0}","{""max_depth"": 12, ""max_features"": 1.0, ""min_samples_leaf"": 2, ""min_samples_split"": 5, ""n_estimators"": 50, ""n_jobs"": -1}"
PV-H1-EXTRA_TREES-FULLV1-S31415-F05,pv,1,extra_trees,F05,31415,5687,720,0.11223559995414689,0.04008780000731349,0,0.0,"{""estimator_count"": 50, ""max_tree_depth"": 12, ""mean_tree_depth"": 12.0}","{""max_depth"": 12, ""max_features"": 1.0, ""min_samples_leaf"": 2, ""min_samples_split"": 5, ""n_estimators"": 50, ""n_jobs"": -1}"
PV-H1-HIST_GRADIENT_BOOSTING-FULLV1-DET-F05,pv,1,hist_gradient_boosting,F05,DET,5687,720,0.816781000001356,0.009196899947710335,325,45.138888888888886,"{""iterations"": 200}","{""l2_regularization"": 0.1, ""learning_rate"": 0.08, ""max_depth"": null, ""max_iter"": 200, ""max_leaf_nodes"": 31}"
PV-H1-LINEAR_REGRESSION-FULLV1-DET-F06,pv,1,linear_regression,F06,DET,6407,744,0.018593900022096932,0.0021353999618440866,225,30.241935483870968,"{""coefficient_count"": 12}","{""fit_intercept"": true}"
PV-H1-RIDGE-FULLV1-DET-F06,pv,1,ridge,F06,DET,6407,744,0.03988940000999719,0.003740199957974255,225,30.241935483870968,"{""coefficient_count"": 12}","{""alpha"": 1.0, ""fit_intercept"": true, ""scaling"": ""StandardScaler inside training-fold pipeline"", ""solver"": ""auto""}"
PV-H1-RANDOM_FOREST-FULLV1-S42-F06,pv,1,random_forest,F06,42,6407,744,0.2808163000154309,0.05481459997827187,0,0.0,"{""estimator_count"": 50, ""max_tree_depth"": 12, ""mean_tree_depth"": 12.0}","{""max_depth"": 12, ""max_features"": 1.0, ""min_samples_leaf"": 2, ""min_samples_split"": 5, ""n_estimators"": 50, ""n_jobs"": -1}"
PV-H1-RANDOM_FOREST-FULLV1-S123-F06,pv,1,random_forest,F06,123,6407,744,0.2760596000007354,0.041214399971067905,0,0.0,"{""estimator_count"": 50, ""max_tree_depth"": 12, ""mean_tree_depth"": 12.0}","{""max_depth"": 12, ""max_features"": 1.0, ""min_samples_leaf"": 2, ""min_samples_split"": 5, ""n_estimators"": 50, ""n_jobs"": -1}"
PV-H1-RANDOM_FOREST-FULLV1-S2020-F06,pv,1,random_forest,F06,2020,6407,744,0.30004449997795746,0.03877390001434833,0,0.0,"{""estimator_count"": 50, ""max_tree_depth"": 12, ""mean_tree_depth"": 12.0}","{""max_depth"": 12, ""max_features"": 1.0, ""min_samples_leaf"": 2, ""min_samples_split"": 5, ""n_estimators"": 50, ""n_jobs"": -1}"
PV-H1-RANDOM_FOREST-FULLV1-S2025-F06,pv,1,random_forest,F06,2025,6407,744,0.3878994000260718,0.038629400019999593,0,0.0,"{""estimator_count"": 50, ""max_tree_depth"": 12, ""mean_tree_depth"": 12.0}","{""max_depth"": 12, ""max_features"": 1.0, ""min_samples_leaf"": 2, ""min_samples_split"": 5, ""n_estimators"": 50, ""n_jobs"": -1}"
PV-H1-RANDOM_FOREST-FULLV1-S31415-F06,pv,1,random_forest,F06,31415,6407,744,0.28801479999674484,0.039421599998604506,0,0.0,"{""estimator_count"": 50, ""max_tree_depth"": 12, ""mean_tree_depth"": 12.0}","{""max_depth"": 12, ""max_features"": 1.0, ""min_samples_leaf"": 2, ""min_samples_split"": 5, ""n_estimators"": 50, ""n_jobs"": -1}"
PV-H1-EXTRA_TREES-FULLV1-S42-F06,pv,1,extra_trees,F06,42,6407,744,0.15915590000804514,0.041875199996866286,0,0.0,"{""estimator_count"": 50, ""max_tree_depth"": 12, ""mean_tree_depth"": 12.0}","{""max_depth"": 12, ""max_features"": 1.0, ""min_samples_leaf"": 2, ""min_samples_split"": 5, ""n_estimators"": 50, ""n_jobs"": -1}"
PV-H1-EXTRA_TREES-FULLV1-S123-F06,pv,1,extra_trees,F06,123,6407,744,0.1253497000434436,0.039753699966240674,0,0.0,"{""estimator_count"": 50, ""max_tree_depth"": 12, ""mean_tree_depth"": 12.0}","{""max_depth"": 12, ""max_features"": 1.0, ""min_samples_leaf"": 2, ""min_samples_split"": 5, ""n_estimators"": 50, ""n_jobs"": -1}"
PV-H1-EXTRA_TREES-FULLV1-S2020-F06,pv,1,extra_trees,F06,2020,6407,744,0.12682830000994727,0.042451799963600934,0,0.0,"{""estimator_count"": 50, ""max_tree_depth"": 12, ""mean_tree_depth"": 12.0}","{""max_depth"": 12, ""max_features"": 1.0, ""min_samples_leaf"": 2, ""min_samples_split"": 5, ""n_estimators"": 50, ""n_jobs"": -1}"
PV-H1-EXTRA_TREES-FULLV1-S2025-F06,pv,1,extra_trees,F06,2025,6407,744,0.16938889998709783,0.04369879997102544,0,0.0,"{""estimator_count"": 50, ""max_tree_depth"": 12, ""mean_tree_depth"": 12.0}","{""max_depth"": 12, ""max_features"": 1.0, ""min_samples_leaf"": 2, ""min_samples_split"": 5, ""n_estimators"": 50, ""n_jobs"": -1}"
PV-H1-EXTRA_TREES-FULLV1-S31415-F06,pv,1,extra_trees,F06,31415,6407,744,0.12181630003033206,0.039813100011087954,0,0.0,"{""estimator_count"": 50, ""max_tree_depth"": 12, ""mean_tree_depth"": 12.0}","{""max_depth"": 12, ""max_features"": 1.0, ""min_samples_leaf"": 2, ""min_samples_split"": 5, ""n_estimators"": 50, ""n_jobs"": -1}"
PV-H1-HIST_GRADIENT_BOOSTING-FULLV1-DET-F06,pv,1,hist_gradient_boosting,F06,DET,6407,744,0.8586253999965265,0.010821399977430701,252,33.87096774193548,"{""iterations"": 200}","{""l2_regularization"": 0.1, ""learning_rate"": 0.08, ""max_depth"": null, ""max_iter"": 200, ""max_leaf_nodes"": 31}"
PV-H24-LINEAR_REGRESSION-FULLV1-DET-F01,pv,24,linear_regression,F01,DET,2712,744,0.006058500031940639,0.0010709999478422105,79,10.618279569892474,"{""coefficient_count"": 12}","{""fit_intercept"": true}"
PV-H24-RIDGE-FULLV1-DET-F01,pv,24,ridge,F01,DET,2712,744,0.012199999997392297,0.002120100019965321,80,10.75268817204301,"{""coefficient_count"": 12}","{""alpha"": 1.0, ""fit_intercept"": true, ""scaling"": ""StandardScaler inside training-fold pipeline"", ""solver"": ""auto""}"
PV-H24-RANDOM_FOREST-FULLV1-S42-F01,pv,24,random_forest,F01,42,2712,744,0.17908249999163672,0.03911309997783974,0,0.0,"{""estimator_count"": 50, ""max_tree_depth"": 12, ""mean_tree_depth"": 12.0}","{""max_depth"": 12, ""max_features"": 1.0, ""min_samples_leaf"": 2, ""min_samples_split"": 5, ""n_estimators"": 50, ""n_jobs"": -1}"
PV-H24-RANDOM_FOREST-FULLV1-S123-F01,pv,24,random_forest,F01,123,2712,744,0.1470969999791123,0.040472400025464594,0,0.0,"{""estimator_count"": 50, ""max_tree_depth"": 12, ""mean_tree_depth"": 12.0}","{""max_depth"": 12, ""max_features"": 1.0, ""min_samples_leaf"": 2, ""min_samples_split"": 5, ""n_estimators"": 50, ""n_jobs"": -1}"
PV-H24-RANDOM_FOREST-FULLV1-S2020-F01,pv,24,random_forest,F01,2020,2712,744,0.18859410000732169,0.0405200999812223,0,0.0,"{""estimator_count"": 50, ""max_tree_depth"": 12, ""mean_tree_depth"": 12.0}","{""max_depth"": 12, ""max_features"": 1.0, ""min_samples_leaf"": 2, ""min_samples_split"": 5, ""n_estimators"": 50, ""n_jobs"": -1}"
PV-H24-RANDOM_FOREST-FULLV1-S2025-F01,pv,24,random_forest,F01,2025,2712,744,0.15605960000539199,0.039511999988462776,0,0.0,"{""estimator_count"": 50, ""max_tree_depth"": 12, ""mean_tree_depth"": 12.0}","{""max_depth"": 12, ""max_features"": 1.0, ""min_samples_leaf"": 2, ""min_samples_split"": 5, ""n_estimators"": 50, ""n_jobs"": -1}"
PV-H24-RANDOM_FOREST-FULLV1-S31415-F01,pv,24,random_forest,F01,31415,2712,744,0.15365639998344705,0.041441400011535734,0,0.0,"{""estimator_count"": 50, ""max_tree_depth"": 12, ""mean_tree_depth"": 12.0}","{""max_depth"": 12, ""max_features"": 1.0, ""min_samples_leaf"": 2, ""min_samples_split"": 5, ""n_estimators"": 50, ""n_jobs"": -1}"
PV-H24-EXTRA_TREES-FULLV1-S42-F01,pv,24,extra_trees,F01,42,2712,744,0.1050816000206396,0.041499099985230714,0,0.0,"{""estimator_count"": 50, ""max_tree_depth"": 12, ""mean_tree_depth"": 12.0}","{""max_depth"": 12, ""max_features"": 1.0, ""min_samples_leaf"": 2, ""min_samples_split"": 5, ""n_estimators"": 50, ""n_jobs"": -1}"
PV-H24-EXTRA_TREES-FULLV1-S123-F01,pv,24,extra_trees,F01,123,2712,744,0.09736110002268106,0.03824449999956414,0,0.0,"{""estimator_count"": 50, ""max_tree_depth"": 12, ""mean_tree_depth"": 12.0}","{""max_depth"": 12, ""max_features"": 1.0, ""min_samples_leaf"": 2, ""min_samples_split"": 5, ""n_estimators"": 50, ""n_jobs"": -1}"
PV-H24-EXTRA_TREES-FULLV1-S2020-F01,pv,24,extra_trees,F01,2020,2712,744,0.10601669998141006,0.03935490001458675,0,0.0,"{""estimator_count"": 50, ""max_tree_depth"": 12, ""mean_tree_depth"": 12.0}","{""max_depth"": 12, ""max_features"": 1.0, ""min_samples_leaf"": 2, ""min_samples_split"": 5, ""n_estimators"": 50, ""n_jobs"": -1}"
PV-H24-EXTRA_TREES-FULLV1-S2025-F01,pv,24,extra_trees,F01,2025,2712,744,0.10483939998084679,0.04663070000242442,0,0.0,"{""estimator_count"": 50, ""max_tree_depth"": 12, ""mean_tree_depth"": 12.0}","{""max_depth"": 12, ""max_features"": 1.0, ""min_samples_leaf"": 2, ""min_samples_split"": 5, ""n_estimators"": 50, ""n_jobs"": -1}"
PV-H24-EXTRA_TREES-FULLV1-S31415-F01,pv,24,extra_trees,F01,31415,2712,744,0.10952719999477267,0.04043009999440983,0,0.0,"{""estimator_count"": 50, ""max_tree_depth"": 12, ""mean_tree_depth"": 12.0}","{""max_depth"": 12, ""max_features"": 1.0, ""min_samples_leaf"": 2, ""min_samples_split"": 5, ""n_estimators"": 50, ""n_jobs"": -1}"
PV-H24-HIST_GRADIENT_BOOSTING-FULLV1-DET-F01,pv,24,hist_gradient_boosting,F01,DET,2712,744,0.7570811999612488,0.012242800032254308,340,45.69892473118279,"{""iterations"": 200}","{""l2_regularization"": 0.1, ""learning_rate"": 0.08, ""max_depth"": null, ""max_iter"": 200, ""max_leaf_nodes"": 31}"
PV-H24-LINEAR_REGRESSION-FULLV1-DET-F02,pv,24,linear_regression,F02,DET,3456,720,0.008459300035610795,0.0015063000028021634,77,10.694444444444445,"{""coefficient_count"": 12}","{""fit_intercept"": true}"
PV-H24-RIDGE-FULLV1-DET-F02,pv,24,ridge,F02,DET,3456,720,0.024867900006938726,0.0019795999978668988,77,10.694444444444445,"{""coefficient_count"": 12}","{""alpha"": 1.0, ""fit_intercept"": true, ""scaling"": ""StandardScaler inside training-fold pipeline"", ""solver"": ""auto""}"
PV-H24-RANDOM_FOREST-FULLV1-S42-F02,pv,24,random_forest,F02,42,3456,720,0.18894619995262474,0.038731600041501224,0,0.0,"{""estimator_count"": 50, ""max_tree_depth"": 12, ""mean_tree_depth"": 12.0}","{""max_depth"": 12, ""max_features"": 1.0, ""min_samples_leaf"": 2, ""min_samples_split"": 5, ""n_estimators"": 50, ""n_jobs"": -1}"
PV-H24-RANDOM_FOREST-FULLV1-S123-F02,pv,24,random_forest,F02,123,3456,720,0.19961489998968318,0.03964500001166016,0,0.0,"{""estimator_count"": 50, ""max_tree_depth"": 12, ""mean_tree_depth"": 12.0}","{""max_depth"": 12, ""max_features"": 1.0, ""min_samples_leaf"": 2, ""min_samples_split"": 5, ""n_estimators"": 50, ""n_jobs"": -1}"
PV-H24-RANDOM_FOREST-FULLV1-S2020-F02,pv,24,random_forest,F02,2020,3456,720,0.1632866999716498,0.040397999982815236,0,0.0,"{""estimator_count"": 50, ""max_tree_depth"": 12, ""mean_tree_depth"": 12.0}","{""max_depth"": 12, ""max_features"": 1.0, ""min_samples_leaf"": 2, ""min_samples_split"": 5, ""n_estimators"": 50, ""n_jobs"": -1}"
PV-H24-RANDOM_FOREST-FULLV1-S2025-F02,pv,24,random_forest,F02,2025,3456,720,0.17078559997025877,0.05212780000874773,0,0.0,"{""estimator_count"": 50, ""max_tree_depth"": 12, ""mean_tree_depth"": 12.0}","{""max_depth"": 12, ""max_features"": 1.0, ""min_samples_leaf"": 2, ""min_samples_split"": 5, ""n_estimators"": 50, ""n_jobs"": -1}"
PV-H24-RANDOM_FOREST-FULLV1-S31415-F02,pv,24,random_forest,F02,31415,3456,720,0.16986569995060563,0.04170120001072064,0,0.0,"{""estimator_count"": 50, ""max_tree_depth"": 12, ""mean_tree_depth"": 12.0}","{""max_depth"": 12, ""max_features"": 1.0, ""min_samples_leaf"": 2, ""min_samples_split"": 5, ""n_estimators"": 50, ""n_jobs"": -1}"
PV-H24-EXTRA_TREES-FULLV1-S42-F02,pv,24,extra_trees,F02,42,3456,720,0.1275107999681495,0.04336020001210272,0,0.0,"{""estimator_count"": 50, ""max_tree_depth"": 12, ""mean_tree_depth"": 12.0}","{""max_depth"": 12, ""max_features"": 1.0, ""min_samples_leaf"": 2, ""min_samples_split"": 5, ""n_estimators"": 50, ""n_jobs"": -1}"
PV-H24-EXTRA_TREES-FULLV1-S123-F02,pv,24,extra_trees,F02,123,3456,720,0.10003189998678863,0.039118200016673654,0,0.0,"{""estimator_count"": 50, ""max_tree_depth"": 12, ""mean_tree_depth"": 12.0}","{""max_depth"": 12, ""max_features"": 1.0, ""min_samples_leaf"": 2, ""min_samples_split"": 5, ""n_estimators"": 50, ""n_jobs"": -1}"
PV-H24-EXTRA_TREES-FULLV1-S2020-F02,pv,24,extra_trees,F02,2020,3456,720,0.10446910001337528,0.03830259997630492,0,0.0,"{""estimator_count"": 50, ""max_tree_depth"": 12, ""mean_tree_depth"": 12.0}","{""max_depth"": 12, ""max_features"": 1.0, ""min_samples_leaf"": 2, ""min_samples_split"": 5, ""n_estimators"": 50, ""n_jobs"": -1}"
PV-H24-EXTRA_TREES-FULLV1-S2025-F02,pv,24,extra_trees,F02,2025,3456,720,0.1287663000402972,0.04318410000996664,0,0.0,"{""estimator_count"": 50, ""max_tree_depth"": 12, ""mean_tree_depth"": 12.0}","{""max_depth"": 12, ""max_features"": 1.0, ""min_samples_leaf"": 2, ""min_samples_split"": 5, ""n_estimators"": 50, ""n_jobs"": -1}"
PV-H24-EXTRA_TREES-FULLV1-S31415-F02,pv,24,extra_trees,F02,31415,3456,720,0.11534670001128688,0.039669299963861704,0,0.0,"{""estimator_count"": 50, ""max_tree_depth"": 12, ""mean_tree_depth"": 12.0}","{""max_depth"": 12, ""max_features"": 1.0, ""min_samples_leaf"": 2, ""min_samples_split"": 5, ""n_estimators"": 50, ""n_jobs"": -1}"
PV-H24-HIST_GRADIENT_BOOSTING-FULLV1-DET-F02,pv,24,hist_gradient_boosting,F02,DET,3456,720,0.762620399997104,0.012102600012440234,66,9.166666666666666,"{""iterations"": 200}","{""l2_regularization"": 0.1, ""learning_rate"": 0.08, ""max_depth"": null, ""max_iter"": 200, ""max_leaf_nodes"": 31}"
PV-H24-LINEAR_REGRESSION-FULLV1-DET-F03,pv,24,linear_regression,F03,DET,4176,744,0.010773799964226782,0.0019151000306010246,122,16.397849462365592,"{""coefficient_count"": 12}","{""fit_intercept"": true}"
PV-H24-RIDGE-FULLV1-DET-F03,pv,24,ridge,F03,DET,4176,744,0.028485900023952127,0.003282699966803193,122,16.397849462365592,"{""coefficient_count"": 12}","{""alpha"": 1.0, ""fit_intercept"": true, ""scaling"": ""StandardScaler inside training-fold pipeline"", ""solver"": ""auto""}"
PV-H24-RANDOM_FOREST-FULLV1-S42-F03,pv,24,random_forest,F03,42,4176,744,0.19908799999393523,0.03972150001209229,0,0.0,"{""estimator_count"": 50, ""max_tree_depth"": 12, ""mean_tree_depth"": 12.0}","{""max_depth"": 12, ""max_features"": 1.0, ""min_samples_leaf"": 2, ""min_samples_split"": 5, ""n_estimators"": 50, ""n_jobs"": -1}"
PV-H24-RANDOM_FOREST-FULLV1-S123-F03,pv,24,random_forest,F03,123,4176,744,0.24485899996943772,0.04389879998052493,0,0.0,"{""estimator_count"": 50, ""max_tree_depth"": 12, ""mean_tree_depth"": 12.0}","{""max_depth"": 12, ""max_features"": 1.0, ""min_samples_leaf"": 2, ""min_samples_split"": 5, ""n_estimators"": 50, ""n_jobs"": -1}"
PV-H24-RANDOM_FOREST-FULLV1-S2020-F03,pv,24,random_forest,F03,2020,4176,744,0.2309880999964662,0.040490199986379594,0,0.0,"{""estimator_count"": 50, ""max_tree_depth"": 12, ""mean_tree_depth"": 12.0}","{""max_depth"": 12, ""max_features"": 1.0, ""min_samples_leaf"": 2, ""min_samples_split"": 5, ""n_estimators"": 50, ""n_jobs"": -1}"
PV-H24-RANDOM_FOREST-FULLV1-S2025-F03,pv,24,random_forest,F03,2025,4176,744,0.22039400000358,0.04005670000333339,0,0.0,"{""estimator_count"": 50, ""max_tree_depth"": 12, ""mean_tree_depth"": 12.0}","{""max_depth"": 12, ""max_features"": 1.0, ""min_samples_leaf"": 2, ""min_samples_split"": 5, ""n_estimators"": 50, ""n_jobs"": -1}"
PV-H24-RANDOM_FOREST-FULLV1-S31415-F03,pv,24,random_forest,F03,31415,4176,744,0.19050650001736358,0.03983490000246093,0,0.0,"{""estimator_count"": 50, ""max_tree_depth"": 12, ""mean_tree_depth"": 12.0}","{""max_depth"": 12, ""max_features"": 1.0, ""min_samples_leaf"": 2, ""min_samples_split"": 5, ""n_estimators"": 50, ""n_jobs"": -1}"
PV-H24-EXTRA_TREES-FULLV1-S42-F03,pv,24,extra_trees,F03,42,4176,744,0.14949810004327446,0.03868189995409921,0,0.0,"{""estimator_count"": 50, ""max_tree_depth"": 12, ""mean_tree_depth"": 12.0}","{""max_depth"": 12, ""max_features"": 1.0, ""min_samples_leaf"": 2, ""min_samples_split"": 5, ""n_estimators"": 50, ""n_jobs"": -1}"
PV-H24-EXTRA_TREES-FULLV1-S123-F03,pv,24,extra_trees,F03,123,4176,744,0.10509570001158863,0.040778999973554164,0,0.0,"{""estimator_count"": 50, ""max_tree_depth"": 12, ""mean_tree_depth"": 12.0}","{""max_depth"": 12, ""max_features"": 1.0, ""min_samples_leaf"": 2, ""min_samples_split"": 5, ""n_estimators"": 50, ""n_jobs"": -1}"
PV-H24-EXTRA_TREES-FULLV1-S2020-F03,pv,24,extra_trees,F03,2020,4176,744,0.11669070000061765,0.0419668999966234,0,0.0,"{""estimator_count"": 50, ""max_tree_depth"": 12, ""mean_tree_depth"": 12.0}","{""max_depth"": 12, ""max_features"": 1.0, ""min_samples_leaf"": 2, ""min_samples_split"": 5, ""n_estimators"": 50, ""n_jobs"": -1}"
PV-H24-EXTRA_TREES-FULLV1-S2025-F03,pv,24,extra_trees,F03,2025,4176,744,0.11385649995645508,0.04042080004001036,0,0.0,"{""estimator_count"": 50, ""max_tree_depth"": 12, ""mean_tree_depth"": 12.0}","{""max_depth"": 12, ""max_features"": 1.0, ""min_samples_leaf"": 2, ""min_samples_split"": 5, ""n_estimators"": 50, ""n_jobs"": -1}"
PV-H24-EXTRA_TREES-FULLV1-S31415-F03,pv,24,extra_trees,F03,31415,4176,744,0.10276280000107363,0.04169499996351078,0,0.0,"{""estimator_count"": 50, ""max_tree_depth"": 12, ""mean_tree_depth"": 12.0}","{""max_depth"": 12, ""max_features"": 1.0, ""min_samples_leaf"": 2, ""min_samples_split"": 5, ""n_estimators"": 50, ""n_jobs"": -1}"
PV-H24-HIST_GRADIENT_BOOSTING-FULLV1-DET-F03,pv,24,hist_gradient_boosting,F03,DET,4176,744,0.7881054999888875,0.011954499990679324,167,22.446236559139784,"{""iterations"": 200}","{""l2_regularization"": 0.1, ""learning_rate"": 0.08, ""max_depth"": null, ""max_iter"": 200, ""max_leaf_nodes"": 31}"
PV-H24-LINEAR_REGRESSION-FULLV1-DET-F04,pv,24,linear_regression,F04,DET,4920,744,0.01421890000347048,0.0019370000227354467,284,38.17204301075269,"{""coefficient_count"": 12}","{""fit_intercept"": true}"
PV-H24-RIDGE-FULLV1-DET-F04,pv,24,ridge,F04,DET,4920,744,0.027719999954570085,0.0036546000046655536,284,38.17204301075269,"{""coefficient_count"": 12}","{""alpha"": 1.0, ""fit_intercept"": true, ""scaling"": ""StandardScaler inside training-fold pipeline"", ""solver"": ""auto""}"
PV-H24-RANDOM_FOREST-FULLV1-S42-F04,pv,24,random_forest,F04,42,4920,744,0.2816010999958962,0.04118320002453402,0,0.0,"{""estimator_count"": 50, ""max_tree_depth"": 12, ""mean_tree_depth"": 12.0}","{""max_depth"": 12, ""max_features"": 1.0, ""min_samples_leaf"": 2, ""min_samples_split"": 5, ""n_estimators"": 50, ""n_jobs"": -1}"
PV-H24-RANDOM_FOREST-FULLV1-S123-F04,pv,24,random_forest,F04,123,4920,744,0.26375799998641014,0.03913380001904443,0,0.0,"{""estimator_count"": 50, ""max_tree_depth"": 12, ""mean_tree_depth"": 12.0}","{""max_depth"": 12, ""max_features"": 1.0, ""min_samples_leaf"": 2, ""min_samples_split"": 5, ""n_estimators"": 50, ""n_jobs"": -1}"
PV-H24-RANDOM_FOREST-FULLV1-S2020-F04,pv,24,random_forest,F04,2020,4920,744,0.31037150003248826,0.03906649997225031,0,0.0,"{""estimator_count"": 50, ""max_tree_depth"": 12, ""mean_tree_depth"": 12.0}","{""max_depth"": 12, ""max_features"": 1.0, ""min_samples_leaf"": 2, ""min_samples_split"": 5, ""n_estimators"": 50, ""n_jobs"": -1}"
PV-H24-RANDOM_FOREST-FULLV1-S2025-F04,pv,24,random_forest,F04,2025,4920,744,0.22611960000358522,0.04738359997281805,0,0.0,"{""estimator_count"": 50, ""max_tree_depth"": 12, ""mean_tree_depth"": 12.0}","{""max_depth"": 12, ""max_features"": 1.0, ""min_samples_leaf"": 2, ""min_samples_split"": 5, ""n_estimators"": 50, ""n_jobs"": -1}"
PV-H24-RANDOM_FOREST-FULLV1-S31415-F04,pv,24,random_forest,F04,31415,4920,744,0.2356040999875404,0.03953319997526705,0,0.0,"{""estimator_count"": 50, ""max_tree_depth"": 12, ""mean_tree_depth"": 12.0}","{""max_depth"": 12, ""max_features"": 1.0, ""min_samples_leaf"": 2, ""min_samples_split"": 5, ""n_estimators"": 50, ""n_jobs"": -1}"
PV-H24-EXTRA_TREES-FULLV1-S42-F04,pv,24,extra_trees,F04,42,4920,744,0.17265359999146312,0.046059500018600374,0,0.0,"{""estimator_count"": 50, ""max_tree_depth"": 12, ""mean_tree_depth"": 12.0}","{""max_depth"": 12, ""max_features"": 1.0, ""min_samples_leaf"": 2, ""min_samples_split"": 5, ""n_estimators"": 50, ""n_jobs"": -1}"
PV-H24-EXTRA_TREES-FULLV1-S123-F04,pv,24,extra_trees,F04,123,4920,744,0.12773329997435212,0.038827800017315894,0,0.0,"{""estimator_count"": 50, ""max_tree_depth"": 12, ""mean_tree_depth"": 12.0}","{""max_depth"": 12, ""max_features"": 1.0, ""min_samples_leaf"": 2, ""min_samples_split"": 5, ""n_estimators"": 50, ""n_jobs"": -1}"
PV-H24-EXTRA_TREES-FULLV1-S2020-F04,pv,24,extra_trees,F04,2020,4920,744,0.11167600000044331,0.04028279997874051,0,0.0,"{""estimator_count"": 50, ""max_tree_depth"": 12, ""mean_tree_depth"": 12.0}","{""max_depth"": 12, ""max_features"": 1.0, ""min_samples_leaf"": 2, ""min_samples_split"": 5, ""n_estimators"": 50, ""n_jobs"": -1}"
PV-H24-EXTRA_TREES-FULLV1-S2025-F04,pv,24,extra_trees,F04,2025,4920,744,0.12433259998215362,0.04213880002498627,0,0.0,"{""estimator_count"": 50, ""max_tree_depth"": 12, ""mean_tree_depth"": 12.0}","{""max_depth"": 12, ""max_features"": 1.0, ""min_samples_leaf"": 2, ""min_samples_split"": 5, ""n_estimators"": 50, ""n_jobs"": -1}"
PV-H24-EXTRA_TREES-FULLV1-S31415-F04,pv,24,extra_trees,F04,31415,4920,744,0.14534510002704337,0.040107699984218925,0,0.0,"{""estimator_count"": 50, ""max_tree_depth"": 12, ""mean_tree_depth"": 12.0}","{""max_depth"": 12, ""max_features"": 1.0, ""min_samples_leaf"": 2, ""min_samples_split"": 5, ""n_estimators"": 50, ""n_jobs"": -1}"
PV-H24-HIST_GRADIENT_BOOSTING-FULLV1-DET-F04,pv,24,hist_gradient_boosting,F04,DET,4920,744,0.8318701999960467,0.01154899998800829,0,0.0,"{""iterations"": 200}","{""l2_regularization"": 0.1, ""learning_rate"": 0.08, ""max_depth"": null, ""max_iter"": 200, ""max_leaf_nodes"": 31}"
PV-H24-LINEAR_REGRESSION-FULLV1-DET-F05,pv,24,linear_regression,F05,DET,5664,720,0.016959000029601157,0.0018851999775506556,241,33.47222222222222,"{""coefficient_count"": 12}","{""fit_intercept"": true}"
PV-H24-RIDGE-FULLV1-DET-F05,pv,24,ridge,F05,DET,5664,720,0.038464900047983974,0.00365949998376891,240,33.333333333333336,"{""coefficient_count"": 12}","{""alpha"": 1.0, ""fit_intercept"": true, ""scaling"": ""StandardScaler inside training-fold pipeline"", ""solver"": ""auto""}"
PV-H24-RANDOM_FOREST-FULLV1-S42-F05,pv,24,random_forest,F05,42,5664,720,0.2879929000046104,0.040146099985577166,0,0.0,"{""estimator_count"": 50, ""max_tree_depth"": 12, ""mean_tree_depth"": 12.0}","{""max_depth"": 12, ""max_features"": 1.0, ""min_samples_leaf"": 2, ""min_samples_split"": 5, ""n_estimators"": 50, ""n_jobs"": -1}"
PV-H24-RANDOM_FOREST-FULLV1-S123-F05,pv,24,random_forest,F05,123,5664,720,0.32873080001445487,0.04059450002387166,0,0.0,"{""estimator_count"": 50, ""max_tree_depth"": 12, ""mean_tree_depth"": 12.0}","{""max_depth"": 12, ""max_features"": 1.0, ""min_samples_leaf"": 2, ""min_samples_split"": 5, ""n_estimators"": 50, ""n_jobs"": -1}"
PV-H24-RANDOM_FOREST-FULLV1-S2020-F05,pv,24,random_forest,F05,2020,5664,720,0.24100640002870932,0.042863599956035614,0,0.0,"{""estimator_count"": 50, ""max_tree_depth"": 12, ""mean_tree_depth"": 12.0}","{""max_depth"": 12, ""max_features"": 1.0, ""min_samples_leaf"": 2, ""min_samples_split"": 5, ""n_estimators"": 50, ""n_jobs"": -1}"
PV-H24-RANDOM_FOREST-FULLV1-S2025-F05,pv,24,random_forest,F05,2025,5664,720,0.24211120000109076,0.04259309999179095,0,0.0,"{""estimator_count"": 50, ""max_tree_depth"": 12, ""mean_tree_depth"": 12.0}","{""max_depth"": 12, ""max_features"": 1.0, ""min_samples_leaf"": 2, ""min_samples_split"": 5, ""n_estimators"": 50, ""n_jobs"": -1}"
PV-H24-RANDOM_FOREST-FULLV1-S31415-F05,pv,24,random_forest,F05,31415,5664,720,0.25835459999507293,0.03856030001770705,0,0.0,"{""estimator_count"": 50, ""max_tree_depth"": 12, ""mean_tree_depth"": 12.0}","{""max_depth"": 12, ""max_features"": 1.0, ""min_samples_leaf"": 2, ""min_samples_split"": 5, ""n_estimators"": 50, ""n_jobs"": -1}"
PV-H24-EXTRA_TREES-FULLV1-S42-F05,pv,24,extra_trees,F05,42,5664,720,0.15492669999366626,0.039941700000781566,0,0.0,"{""estimator_count"": 50, ""max_tree_depth"": 12, ""mean_tree_depth"": 12.0}","{""max_depth"": 12, ""max_features"": 1.0, ""min_samples_leaf"": 2, ""min_samples_split"": 5, ""n_estimators"": 50, ""n_jobs"": -1}"
PV-H24-EXTRA_TREES-FULLV1-S123-F05,pv,24,extra_trees,F05,123,5664,720,0.13747940002940595,0.04189110000152141,0,0.0,"{""estimator_count"": 50, ""max_tree_depth"": 12, ""mean_tree_depth"": 12.0}","{""max_depth"": 12, ""max_features"": 1.0, ""min_samples_leaf"": 2, ""min_samples_split"": 5, ""n_estimators"": 50, ""n_jobs"": -1}"
PV-H24-EXTRA_TREES-FULLV1-S2020-F05,pv,24,extra_trees,F05,2020,5664,720,0.12646449997555465,0.040985899977386,0,0.0,"{""estimator_count"": 50, ""max_tree_depth"": 12, ""mean_tree_depth"": 12.0}","{""max_depth"": 12, ""max_features"": 1.0, ""min_samples_leaf"": 2, ""min_samples_split"": 5, ""n_estimators"": 50, ""n_jobs"": -1}"
PV-H24-EXTRA_TREES-FULLV1-S2025-F05,pv,24,extra_trees,F05,2025,5664,720,0.16549410001607612,0.038898799975868315,0,0.0,"{""estimator_count"": 50, ""max_tree_depth"": 12, ""mean_tree_depth"": 12.0}","{""max_depth"": 12, ""max_features"": 1.0, ""min_samples_leaf"": 2, ""min_samples_split"": 5, ""n_estimators"": 50, ""n_jobs"": -1}"
PV-H24-EXTRA_TREES-FULLV1-S31415-F05,pv,24,extra_trees,F05,31415,5664,720,0.1349400000181049,0.050854000030085444,0,0.0,"{""estimator_count"": 50, ""max_tree_depth"": 12, ""mean_tree_depth"": 12.0}","{""max_depth"": 12, ""max_features"": 1.0, ""min_samples_leaf"": 2, ""min_samples_split"": 5, ""n_estimators"": 50, ""n_jobs"": -1}"
PV-H24-HIST_GRADIENT_BOOSTING-FULLV1-DET-F05,pv,24,hist_gradient_boosting,F05,DET,5664,720,0.8307386999949813,0.01178330002585426,157,21.805555555555557,"{""iterations"": 200}","{""l2_regularization"": 0.1, ""learning_rate"": 0.08, ""max_depth"": null, ""max_iter"": 200, ""max_leaf_nodes"": 31}"
PV-H24-LINEAR_REGRESSION-FULLV1-DET-F06,pv,24,linear_regression,F06,DET,6384,744,0.018763499974738806,0.001720600004773587,185,24.865591397849464,"{""coefficient_count"": 12}","{""fit_intercept"": true}"
PV-H24-RIDGE-FULLV1-DET-F06,pv,24,ridge,F06,DET,6384,744,0.043210199975874275,0.0030793999903835356,184,24.731182795698924,"{""coefficient_count"": 12}","{""alpha"": 1.0, ""fit_intercept"": true, ""scaling"": ""StandardScaler inside training-fold pipeline"", ""solver"": ""auto""}"
PV-H24-RANDOM_FOREST-FULLV1-S42-F06,pv,24,random_forest,F06,42,6384,744,0.27412389998789877,0.039867800020147115,0,0.0,"{""estimator_count"": 50, ""max_tree_depth"": 12, ""mean_tree_depth"": 12.0}","{""max_depth"": 12, ""max_features"": 1.0, ""min_samples_leaf"": 2, ""min_samples_split"": 5, ""n_estimators"": 50, ""n_jobs"": -1}"
PV-H24-RANDOM_FOREST-FULLV1-S123-F06,pv,24,random_forest,F06,123,6384,744,0.25619530002586544,0.043632399989292026,0,0.0,"{""estimator_count"": 50, ""max_tree_depth"": 12, ""mean_tree_depth"": 12.0}","{""max_depth"": 12, ""max_features"": 1.0, ""min_samples_leaf"": 2, ""min_samples_split"": 5, ""n_estimators"": 50, ""n_jobs"": -1}"
PV-H24-RANDOM_FOREST-FULLV1-S2020-F06,pv,24,random_forest,F06,2020,6384,744,0.3033061000169255,0.041329899977426976,0,0.0,"{""estimator_count"": 50, ""max_tree_depth"": 12, ""mean_tree_depth"": 12.0}","{""max_depth"": 12, ""max_features"": 1.0, ""min_samples_leaf"": 2, ""min_samples_split"": 5, ""n_estimators"": 50, ""n_jobs"": -1}"
PV-H24-RANDOM_FOREST-FULLV1-S2025-F06,pv,24,random_forest,F06,2025,6384,744,0.2663419999880716,0.03820730000734329,0,0.0,"{""estimator_count"": 50, ""max_tree_depth"": 12, ""mean_tree_depth"": 12.0}","{""max_depth"": 12, ""max_features"": 1.0, ""min_samples_leaf"": 2, ""min_samples_split"": 5, ""n_estimators"": 50, ""n_jobs"": -1}"
PV-H24-RANDOM_FOREST-FULLV1-S31415-F06,pv,24,random_forest,F06,31415,6384,744,0.30045300000347197,0.04135050001787022,0,0.0,"{""estimator_count"": 50, ""max_tree_depth"": 12, ""mean_tree_depth"": 12.0}","{""max_depth"": 12, ""max_features"": 1.0, ""min_samples_leaf"": 2, ""min_samples_split"": 5, ""n_estimators"": 50, ""n_jobs"": -1}"
PV-H24-EXTRA_TREES-FULLV1-S42-F06,pv,24,extra_trees,F06,42,6384,744,0.16629840002860874,0.04013759997906163,0,0.0,"{""estimator_count"": 50, ""max_tree_depth"": 12, ""mean_tree_depth"": 12.0}","{""max_depth"": 12, ""max_features"": 1.0, ""min_samples_leaf"": 2, ""min_samples_split"": 5, ""n_estimators"": 50, ""n_jobs"": -1}"
PV-H24-EXTRA_TREES-FULLV1-S123-F06,pv,24,extra_trees,F06,123,6384,744,0.1293485999922268,0.04051610000897199,0,0.0,"{""estimator_count"": 50, ""max_tree_depth"": 12, ""mean_tree_depth"": 12.0}","{""max_depth"": 12, ""max_features"": 1.0, ""min_samples_leaf"": 2, ""min_samples_split"": 5, ""n_estimators"": 50, ""n_jobs"": -1}"
PV-H24-EXTRA_TREES-FULLV1-S2020-F06,pv,24,extra_trees,F06,2020,6384,744,0.1806786999804899,0.03877530002500862,0,0.0,"{""estimator_count"": 50, ""max_tree_depth"": 12, ""mean_tree_depth"": 12.0}","{""max_depth"": 12, ""max_features"": 1.0, ""min_samples_leaf"": 2, ""min_samples_split"": 5, ""n_estimators"": 50, ""n_jobs"": -1}"
PV-H24-EXTRA_TREES-FULLV1-S2025-F06,pv,24,extra_trees,F06,2025,6384,744,0.134579700010363,0.03988080000272021,0,0.0,"{""estimator_count"": 50, ""max_tree_depth"": 12, ""mean_tree_depth"": 12.0}","{""max_depth"": 12, ""max_features"": 1.0, ""min_samples_leaf"": 2, ""min_samples_split"": 5, ""n_estimators"": 50, ""n_jobs"": -1}"
PV-H24-EXTRA_TREES-FULLV1-S31415-F06,pv,24,extra_trees,F06,31415,6384,744,0.1342222000239417,0.04356929997447878,0,0.0,"{""estimator_count"": 50, ""max_tree_depth"": 12, ""mean_tree_depth"": 12.0}","{""max_depth"": 12, ""max_features"": 1.0, ""min_samples_leaf"": 2, ""min_samples_split"": 5, ""n_estimators"": 50, ""n_jobs"": -1}"
PV-H24-HIST_GRADIENT_BOOSTING-FULLV1-DET-F06,pv,24,hist_gradient_boosting,F06,DET,6384,744,0.834674600046128,0.012677099963184446,342,45.96774193548387,"{""iterations"": 200}","{""l2_regularization"": 0.1, ""learning_rate"": 0.08, ""max_depth"": null, ""max_iter"": 200, ""max_leaf_nodes"": 31}"
